unit_number,cycle,operating_regime,predicted_rul,actual_rul
1,36,2,127.60555,125.0
1,37,1,130.5592,125.0
1,38,0,130.15182,125.0
1,39,1,118.262245,125.0
1,40,3,121.371056,125.0
1,41,0,111.93811,125.0
1,42,2,122.69068,125.0
1,43,4,125.18549,125.0
1,44,2,125.47837,125.0
1,45,2,124.310616,125.0
1,46,4,127.284584,125.0
1,47,1,120.54218,125.0
1,48,2,119.59782,125.0
1,49,2,118.339645,125.0
1,50,2,118.00306,125.0
1,51,0,101.23233,125.0
1,52,2,101.09202,125.0
1,53,3,113.850655,125.0
1,54,3,101.864555,125.0
1,55,0,87.87349,125.0
1,56,3,94.81475,125.0
1,57,0,92.95403,125.0
1,58,3,82.12556,125.0
1,59,5,118.513664,125.0
1,60,0,95.24786,125.0
1,61,0,91.34087,125.0
1,62,1,108.51824,125.0
1,63,1,117.140915,125.0
1,64,5,123.69343,125.0
1,65,4,119.993126,125.0
1,66,0,125.64914,125.0
1,67,1,115.778175,125.0
1,68,2,124.547966,125.0
1,69,1,120.29533,125.0
1,70,5,122.93724,125.0
1,71,4,120.14295,125.0
1,72,4,102.91306,125.0
1,73,1,120.58044,125.0
1,74,4,118.10354,125.0
1,75,4,118.79292,125.0
1,76,4,127.722305,125.0
1,77,1,121.58662,125.0
1,78,1,118.595024,125.0
1,79,4,111.708954,125.0
1,80,4,118.02561,125.0
1,81,4,101.050545,125.0
1,82,3,111.89646,125.0
1,83,2,112.19137,125.0
1,84,4,93.4482,125.0
1,85,1,105.35001,125.0
1,86,2,102.50825,125.0
1,87,0,103.99151,125.0
1,88,5,122.76829,125.0
1,89,1,115.60319,125.0
1,90,5,117.34812,125.0
1,91,2,115.082016,125.0
1,92,4,123.6199,125.0
1,93,1,126.587166,125.0
1,94,5,121.70146,125.0
1,95,0,120.94346,125.0
1,96,4,111.68893,125.0
1,97,5,124.027534,125.0
1,98,0,122.09756,125.0
1,99,4,123.028725,125.0
1,100,5,103.18489,125.0
1,101,3,104.97822,125.0
1,102,3,89.37272,125.0
1,103,2,105.52873,125.0
1,104,2,111.25236,125.0
1,105,3,125.49729,125.0
1,106,0,90.84451,125.0
1,107,3,68.255745,125.0
1,108,1,89.436195,125.0
1,109,2,105.61614,125.0
1,110,1,120.37824,125.0
1,111,1,114.357506,125.0
1,112,4,121.57122,125.0
1,113,5,127.68987,125.0
1,114,5,124.8723,125.0
1,115,0,122.67038,125.0
1,116,3,126.081085,125.0
1,117,0,122.53393,125.0
1,118,2,123.27972,125.0
1,119,5,114.52979,125.0
1,120,4,122.3756,125.0
1,121,0,121.50357,125.0
1,122,2,120.46844,125.0
1,123,2,118.73699,125.0
1,124,0,123.46812,125.0
1,125,0,116.166176,125.0
1,126,5,120.19747,125.0
1,127,4,108.5705,125.0
1,128,5,119.08469,125.0
1,129,1,115.024895,125.0
1,130,0,106.750824,125.0
1,131,5,118.272934,125.0
1,132,4,121.965836,125.0
1,133,1,116.71749,125.0
1,134,3,120.80514,125.0
1,135,0,122.120285,125.0
1,136,0,120.54184,125.0
1,137,2,121.964195,125.0
1,138,5,119.94521,125.0
1,139,1,100.596085,125.0
1,140,4,111.980705,125.0
1,141,2,115.4909,125.0
1,142,2,107.001854,125.0
1,143,0,121.621086,125.0
1,144,4,113.8534,125.0
1,145,5,112.565605,125.0
1,146,2,121.88267,125.0
1,147,0,115.17332,125.0
1,148,4,124.317116,125.0
1,149,0,123.9032,125.0
1,150,4,123.99543,125.0
1,151,5,120.62051,125.0
1,152,0,122.76426,125.0
1,153,3,112.13346,124.0
1,154,3,109.19503,123.0
1,155,4,121.407326,122.0
1,156,1,112.58871,121.0
1,157,2,107.16573,120.0
1,158,3,113.42215,119.0
1,159,3,105.15654,118.0
1,160,1,107.79265,117.0
1,161,4,111.992714,116.0
1,162,2,108.97146,115.0
1,163,3,101.75531,114.0
1,164,1,111.79226,113.0
1,165,0,100.72486,112.0
1,166,1,96.48492,111.0
1,167,2,109.71851,110.0
1,168,2,100.11863,109.0
1,169,5,102.4398,108.0
1,170,0,105.14631,107.0
1,171,4,106.87051,106.0
1,172,4,103.90769,105.0
1,173,0,109.52709,104.0
1,174,0,105.001564,103.0
1,175,1,116.61756,102.0
1,176,4,113.386925,101.0
1,177,5,114.4428,100.0
1,178,2,108.317894,99.0
1,179,2,104.202095,98.0
1,180,0,101.939995,97.0
1,181,2,104.09135,96.0
1,182,5,103.79458,95.0
1,183,2,95.80384,94.0
1,184,5,90.756966,93.0
1,185,5,97.11912,92.0
1,186,4,92.795296,91.0
1,187,2,97.74319,90.0
1,188,4,85.47927,89.0
1,189,4,97.33172,88.0
1,190,0,90.12812,87.0
1,191,4,74.385216,86.0
1,192,3,88.26089,85.0
1,193,1,73.1117,84.0
1,194,1,82.13763,83.0
1,195,1,72.13609,82.0
1,196,1,74.402504,81.0
1,197,1,86.6211,80.0
1,198,5,95.99093,79.0
1,199,4,87.58967,78.0
1,200,1,82.00359,77.0
1,201,2,88.63593,76.0
1,202,2,102.65347,75.0
1,203,4,84.31808,74.0
1,204,5,81.93895,73.0
1,205,2,93.69215,72.0
1,206,3,91.1265,71.0
1,207,0,80.50091,70.0
1,208,3,81.760475,69.0
1,209,1,81.74778,68.0
1,210,3,88.65804,67.0
1,211,1,79.31582,66.0
1,212,3,84.20519,65.0
1,213,2,97.74725,64.0
1,214,2,92.17309,63.0
1,215,3,75.385086,62.0
1,216,2,81.48993,61.0
1,217,5,95.40719,60.0
1,218,1,80.57933,59.0
1,219,3,79.01182,58.0
1,220,2,64.75261,57.0
1,221,4,57.85203,56.0
1,222,2,57.44847,55.0
1,223,4,56.33206,54.0
1,224,4,50.991806,53.0
1,225,3,52.67873,52.0
1,226,0,47.29254,51.0
1,227,2,46.356655,50.0
1,228,2,46.5036,49.0
1,229,1,43.768417,48.0
1,230,3,31.588623,47.0
1,231,4,32.98209,46.0
1,232,3,27.572521,45.0
1,233,1,26.221931,44.0
2,36,0,124.61808,125.0
2,37,3,123.479675,125.0
2,38,5,123.741356,125.0
2,39,4,122.615685,125.0
2,40,2,119.53684,125.0
2,41,0,117.21227,125.0
2,42,3,120.48943,125.0
2,43,0,112.3377,125.0
2,44,2,98.89922,125.0
2,45,5,114.33986,125.0
2,46,0,111.15147,125.0
2,47,2,109.695045,125.0
2,48,2,111.8951,125.0
2,49,5,113.23808,125.0
2,50,2,122.81384,125.0
2,51,0,127.616295,124.0
2,52,4,121.752716,123.0
2,53,4,125.83386,122.0
2,54,5,123.11432,121.0
2,55,0,115.645,120.0
2,56,2,122.32485,119.0
2,57,0,108.82259,118.0
2,58,5,103.50888,117.0
2,59,3,125.37811,116.0
2,60,2,118.69565,115.0
2,61,0,111.76445,114.0
2,62,4,113.74791,113.0
2,63,4,118.61737,112.0
2,64,1,118.36472,111.0
2,65,0,120.50113,110.0
2,66,4,119.88215,109.0
2,67,2,119.14347,108.0
2,68,4,125.10676,107.0
2,69,2,116.41601,106.0
2,70,3,118.28415,105.0
2,71,1,104.80215,104.0
2,72,3,119.196365,103.0
2,73,4,112.55807,102.0
2,74,1,120.84255,101.0
2,75,3,107.631355,100.0
2,76,0,113.83036,99.0
2,77,4,97.99368,98.0
2,78,2,111.90063,97.0
2,79,2,122.19673,96.0
2,80,5,119.68882,95.0
2,81,5,118.83109,94.0
2,82,0,120.446266,93.0
2,83,1,120.947716,92.0
2,84,0,120.944214,91.0
2,85,3,121.42803,90.0
2,86,5,119.831116,89.0
2,87,1,115.63101,88.0
2,88,5,121.34882,87.0
2,89,4,122.30296,86.0
2,90,5,123.36008,85.0
2,91,0,125.18627,84.0
2,92,1,112.36106,83.0
2,93,0,114.8021,82.0
2,94,2,120.936615,81.0
2,95,4,116.82043,80.0
2,96,2,93.0947,79.0
2,97,0,100.945656,78.0
2,98,0,100.09992,77.0
2,99,2,109.60186,76.0
2,100,0,106.9639,75.0
2,101,5,93.34231,74.0
2,102,5,86.382286,73.0
2,103,1,73.98353,72.0
2,104,3,84.902016,71.0
2,105,4,85.41281,70.0
2,106,4,73.76162,69.0
2,107,1,58.887184,68.0
2,108,2,90.850685,67.0
2,109,3,76.78767,66.0
2,110,0,69.15484,65.0
2,111,5,82.69187,64.0
2,112,4,87.30665,63.0
2,113,1,80.76234,62.0
2,114,5,83.028595,61.0
2,115,4,96.086525,60.0
2,116,5,70.69118,59.0
2,117,0,78.09687,58.0
2,118,4,48.97715,57.0
2,119,0,57.296066,56.0
2,120,1,49.073925,55.0
2,121,5,63.103317,54.0
2,122,2,50.874794,53.0
2,123,3,48.65961,52.0
2,124,2,61.05295,51.0
3,36,1,122.15713,125.0
3,37,5,119.83188,125.0
3,38,4,121.5515,125.0
3,39,5,127.13315,125.0
3,40,2,130.42035,125.0
3,41,1,127.45169,125.0
3,42,0,128.32892,125.0
3,43,2,124.49492,125.0
3,44,0,121.67094,125.0
3,45,2,119.92592,125.0
3,46,2,127.1546,125.0
3,47,1,126.092606,125.0
3,48,1,124.67093,125.0
3,49,1,126.757774,125.0
3,50,4,118.52087,125.0
3,51,5,98.77647,125.0
3,52,4,104.424286,125.0
3,53,1,115.31509,125.0
3,54,3,101.963295,125.0
3,55,2,109.731094,125.0
3,56,4,103.78009,125.0
3,57,1,123.016655,125.0
3,58,4,121.880226,125.0
3,59,2,123.616905,125.0
3,60,4,124.58164,125.0
3,61,4,115.11806,125.0
3,62,4,121.46432,125.0
3,63,2,126.72936,125.0
3,64,5,122.44076,125.0
3,65,1,122.41955,125.0
3,66,3,122.50085,125.0
3,67,1,127.45895,125.0
3,68,2,125.24583,125.0
3,69,1,122.47823,125.0
3,70,3,125.00292,125.0
3,71,5,121.609474,125.0
3,72,2,121.44956,125.0
3,73,5,121.493645,125.0
3,74,4,124.40598,125.0
3,75,3,121.40129,125.0
3,76,2,122.80313,125.0
3,77,3,115.04083,125.0
3,78,1,123.11068,125.0
3,79,5,113.49061,125.0
3,80,0,77.50509,125.0
3,81,2,115.740555,125.0
3,82,2,105.10802,125.0
3,83,5,94.84238,125.0
3,84,1,96.883934,125.0
3,85,3,83.693535,125.0
3,86,3,96.242165,125.0
3,87,2,97.90248,125.0
3,88,3,92.58173,125.0
3,89,4,89.11397,125.0
3,90,0,114.64518,125.0
3,91,1,100.81478,125.0
3,92,1,117.3843,125.0
3,93,5,116.27117,125.0
3,94,1,118.13303,125.0
3,95,5,117.47941,125.0
3,96,3,123.41341,125.0
3,97,1,118.519035,125.0
3,98,5,119.71639,125.0
3,99,0,106.15717,125.0
3,100,1,112.94573,125.0
3,101,0,116.98939,125.0
3,102,4,117.2913,125.0
3,103,2,119.82179,125.0
3,104,5,124.17187,125.0
3,105,5,124.69468,125.0
3,106,0,123.108055,125.0
3,107,0,126.003265,125.0
3,108,1,119.71262,125.0
3,109,0,120.786896,125.0
3,110,5,113.65032,125.0
3,111,0,115.96948,125.0
3,112,1,119.90071,125.0
3,113,1,117.24412,125.0
3,114,2,119.8128,125.0
3,115,0,120.93159,125.0
3,116,5,120.36236,125.0
3,117,0,118.08604,125.0
3,118,4,112.80656,125.0
3,119,1,110.40261,125.0
3,120,1,118.40643,125.0
3,121,1,112.974464,125.0
3,122,0,125.45623,125.0
3,123,0,124.02475,125.0
3,124,2,122.99831,125.0
3,125,2,108.36063,125.0
3,126,4,120.610176,125.0
3,127,3,119.60502,125.0
3,128,5,117.99846,125.0
3,129,2,120.08046,125.0
3,130,2,114.76476,125.0
3,131,5,124.084656,125.0
3,132,2,107.526215,125.0
3,133,0,116.20528,125.0
3,134,5,111.23677,125.0
3,135,3,114.80696,125.0
3,136,5,108.44072,125.0
3,137,3,109.23453,124.0
3,138,2,117.20193,123.0
3,139,2,116.91642,122.0
3,140,0,118.950485,121.0
3,141,0,112.26986,120.0
3,142,5,115.87191,119.0
3,143,3,78.632454,118.0
3,144,1,103.99381,117.0
3,145,4,116.057106,116.0
3,146,2,100.36963,115.0
3,147,3,78.25707,114.0
3,148,4,77.134415,113.0
3,149,4,65.92717,112.0
3,150,2,98.18914,111.0
3,151,1,103.063774,110.0
3,152,4,95.01009,109.0
3,153,3,95.869965,108.0
3,154,1,82.13154,107.0
3,155,0,76.80129,106.0
3,156,3,77.61799,105.0
3,157,1,79.6878,104.0
3,158,1,71.40891,103.0
3,159,4,88.255714,102.0
3,160,3,112.204475,101.0
3,161,2,109.51321,100.0
3,162,2,104.66598,99.0
3,163,4,101.48536,98.0
3,164,1,114.643196,97.0
3,165,5,113.89895,96.0
3,166,5,102.6513,95.0
3,167,1,106.9336,94.0
3,168,4,99.78101,93.0
3,169,4,108.640816,92.0
3,170,3,101.60856,91.0
3,171,3,107.3259,90.0
3,172,0,104.17258,89.0
3,173,0,102.57781,88.0
3,174,4,100.26774,87.0
3,175,0,101.954,86.0
3,176,1,96.594124,85.0
3,177,0,105.31697,84.0
3,178,3,92.920685,83.0
3,179,1,86.13224,82.0
3,180,1,100.7417,81.0
3,181,4,97.16303,80.0
3,182,5,88.45727,79.0
3,183,0,99.89359,78.0
3,184,1,90.015205,77.0
3,185,2,89.541756,76.0
3,186,0,84.81372,75.0
3,187,1,88.71753,74.0
3,188,2,77.07503,73.0
3,189,4,88.90615,72.0
3,190,4,74.64928,71.0
3,191,3,79.49186,70.0
3,192,4,61.802338,69.0
3,193,4,70.75225,68.0
3,194,0,67.40247,67.0
3,195,0,58.242767,66.0
3,196,3,86.21232,65.0
3,197,5,76.26776,64.0
3,198,1,76.29335,63.0
3,199,2,76.271355,62.0
3,200,1,81.14739,61.0
3,201,4,68.44632,60.0
3,202,2,65.301056,59.0
3,203,3,57.90416,58.0
3,204,4,54.461395,57.0
3,205,4,61.908596,56.0
3,206,2,50.25616,55.0
3,207,3,60.080643,54.0
3,208,5,72.144066,53.0
3,209,0,67.42865,52.0
3,210,1,63.27156,51.0
3,211,2,55.500404,50.0
3,212,0,65.06476,49.0
3,213,2,66.36888,48.0
3,214,4,61.545746,47.0
3,215,0,52.601654,46.0
3,216,1,48.90836,45.0
3,217,1,49.45807,44.0
3,218,3,50.425735,43.0
3,219,0,43.4746,42.0
3,220,0,34.03968,41.0
3,221,1,41.971107,40.0
3,222,4,47.25106,39.0
3,223,1,40.627922,38.0
3,224,0,39.339783,37.0
3,225,1,31.094082,36.0
3,226,2,24.309425,35.0
3,227,5,21.792048,34.0
3,228,5,22.114357,33.0
3,229,0,33.250565,32.0
3,230,2,31.190361,31.0
3,231,4,21.66511,30.0
3,232,4,33.17384,29.0
3,233,3,34.59548,28.0
3,234,0,46.996193,27.0
4,36,1,111.724686,125.0
4,37,2,114.00431,125.0
4,38,0,119.74156,125.0
4,39,0,115.34333,125.0
4,40,0,115.44808,125.0
4,41,4,124.61195,125.0
4,42,2,104.15482,125.0
4,43,0,96.11677,125.0
4,44,3,111.11402,125.0
4,45,4,99.3146,125.0
4,46,1,114.472885,125.0
4,47,4,121.33433,125.0
4,48,3,117.902824,125.0
4,49,4,118.37383,125.0
4,50,1,124.98487,125.0
4,51,4,123.08173,125.0
4,52,0,123.92562,125.0
4,53,4,126.91782,125.0
4,54,0,125.69021,125.0
4,55,1,125.88766,125.0
4,56,1,123.775276,125.0
4,57,0,114.41581,125.0
4,58,2,121.06926,125.0
4,59,0,115.57662,125.0
4,60,3,118.3679,125.0
4,61,2,119.3479,125.0
4,62,5,121.1667,125.0
4,63,3,123.66415,125.0
4,64,0,121.571945,124.0
4,65,4,122.928505,123.0
4,66,1,116.92133,122.0
4,67,5,121.46809,121.0
4,68,2,116.9054,120.0
5,36,1,105.033295,125.0
5,37,3,95.30717,125.0
5,38,3,106.6133,125.0
5,39,3,111.032845,125.0
5,40,1,126.13418,125.0
5,41,2,111.55679,125.0
5,42,5,118.617836,125.0
5,43,3,101.7086,125.0
5,44,5,116.71838,125.0
5,45,4,119.064415,125.0
5,46,3,118.50308,125.0
5,47,0,116.077774,125.0
5,48,0,127.09782,125.0
5,49,2,126.43696,125.0
5,50,2,125.87988,125.0
5,51,4,125.76952,125.0
5,52,0,125.12459,125.0
5,53,1,122.90283,125.0
5,54,2,127.43952,125.0
5,55,2,128.2924,125.0
5,56,1,124.31364,125.0
5,57,0,120.04128,125.0
5,58,1,112.8072,125.0
5,59,2,95.03503,125.0
5,60,5,116.31405,125.0
5,61,0,110.87879,125.0
5,62,0,113.02499,125.0
5,63,4,98.94251,125.0
5,64,2,113.399666,125.0
5,65,5,109.91162,125.0
5,66,1,113.431206,125.0
5,67,5,108.56608,125.0
5,68,0,124.78745,125.0
5,69,0,128.66241,125.0
5,70,0,130.73721,125.0
5,71,5,122.62887,125.0
5,72,1,126.19535,125.0
5,73,4,129.62125,125.0
5,74,4,131.82335,125.0
5,75,4,119.459435,125.0
5,76,4,123.239746,125.0
5,77,4,122.84908,125.0
5,78,4,120.17792,125.0
5,79,3,124.38009,125.0
5,80,2,115.33802,125.0
5,81,2,111.04034,125.0
5,82,5,90.87981,125.0
5,83,2,92.40605,125.0
5,84,0,65.621574,125.0
5,85,4,95.39753,125.0
5,86,3,113.64515,125.0
5,87,0,101.94196,125.0
5,88,0,83.19007,125.0
5,89,2,94.997345,125.0
5,90,0,97.86448,125.0
5,91,1,118.22271,125.0
5,92,4,113.22782,125.0
5,93,4,90.721954,125.0
5,94,1,85.80187,125.0
5,95,5,114.93482,125.0
5,96,5,123.41681,125.0
5,97,2,120.54565,125.0
5,98,3,123.06951,125.0
5,99,0,101.55302,125.0
5,100,4,115.80817,125.0
5,101,1,102.124825,125.0
5,102,5,104.560905,125.0
5,103,4,98.351234,125.0
5,104,0,89.13871,125.0
5,105,3,97.55613,125.0
5,106,3,98.834724,125.0
5,107,0,115.986824,125.0
5,108,3,99.76027,125.0
5,109,5,86.76479,125.0
5,110,3,81.38682,125.0
5,111,4,75.712875,125.0
5,112,1,80.61356,125.0
5,113,5,56.583534,125.0
5,114,0,79.302826,125.0
5,115,5,93.81924,124.0
5,116,5,92.7797,123.0
5,117,3,76.846,122.0
5,118,2,69.79597,121.0
5,119,2,96.92792,120.0
5,120,2,99.71062,119.0
5,121,5,96.265526,118.0
5,122,3,113.560326,117.0
5,123,2,120.28445,116.0
5,124,0,116.59117,115.0
5,125,2,119.37751,114.0
5,126,0,105.18248,113.0
5,127,2,110.91788,112.0
5,128,2,98.063835,111.0
5,129,4,73.507286,110.0
5,130,4,92.62324,109.0
5,131,0,80.188736,108.0
5,132,2,76.72399,107.0
5,133,2,98.43929,106.0
5,134,2,97.097664,105.0
5,135,3,101.50478,104.0
5,136,3,107.355606,103.0
5,137,2,110.10314,102.0
5,138,0,107.88335,101.0
6,36,2,118.632256,125.0
6,37,3,122.851906,125.0
6,38,4,118.997826,125.0
6,39,3,122.79982,124.0
6,40,3,113.54856,123.0
6,41,2,120.23435,122.0
6,42,4,119.93101,121.0
6,43,3,121.06315,120.0
6,44,4,113.60987,119.0
6,45,0,123.78774,118.0
6,46,0,121.99847,117.0
6,47,2,125.096756,116.0
6,48,3,121.2459,115.0
6,49,0,125.0154,114.0
6,50,1,127.795166,113.0
6,51,4,126.2818,112.0
6,52,5,126.20603,111.0
6,53,3,125.28741,110.0
6,54,2,124.929344,109.0
6,55,1,127.60265,108.0
6,56,2,126.34378,107.0
6,57,2,125.19739,106.0
6,58,5,126.90891,105.0
6,59,0,127.69224,104.0
6,60,3,128.1281,103.0
6,61,0,121.92603,102.0
6,62,4,123.798515,101.0
6,63,2,122.35951,100.0
6,64,5,123.7449,99.0
7,36,1,115.76728,125.0
7,37,4,121.38583,125.0
7,38,0,120.8587,125.0
7,39,3,119.40458,125.0
7,40,1,123.47123,125.0
7,41,4,124.745255,125.0
7,42,3,128.61197,125.0
7,43,3,122.950356,125.0
7,44,4,120.919334,125.0
7,45,3,122.79405,125.0
7,46,5,123.14854,125.0
7,47,0,122.64854,125.0
7,48,2,122.67611,125.0
7,49,5,125.171234,125.0
7,50,5,124.48664,125.0
7,51,4,123.62054,125.0
7,52,1,127.16091,125.0
7,53,3,125.34977,125.0
7,54,4,122.27972,125.0
7,55,3,128.36122,125.0
7,56,2,122.926926,125.0
7,57,0,126.47592,125.0
7,58,1,125.371956,125.0
7,59,2,122.335594,125.0
7,60,2,125.447876,125.0
7,61,2,121.91918,125.0
7,62,3,120.359604,125.0
7,63,0,123.14898,125.0
7,64,1,123.470825,125.0
7,65,2,114.926796,125.0
7,66,1,122.845924,125.0
7,67,2,125.33489,125.0
7,68,0,126.15462,125.0
7,69,4,116.679794,125.0
7,70,5,122.041115,125.0
7,71,4,122.4975,125.0
7,72,3,122.76191,125.0
7,73,4,119.99268,125.0
7,74,0,116.47971,125.0
7,75,2,109.78248,125.0
7,76,4,109.80646,125.0
7,77,5,107.23559,125.0
7,78,4,113.92617,125.0
7,79,1,107.05974,125.0
7,80,3,116.94266,125.0
7,81,4,106.19482,125.0
7,82,3,103.17638,125.0
7,83,3,113.48553,125.0
7,84,1,119.89545,125.0
7,85,3,115.67007,125.0
7,86,2,108.2084,125.0
7,87,0,100.43235,125.0
7,88,3,93.92988,125.0
7,89,2,109.93813,125.0
7,90,2,122.61214,125.0
7,91,4,124.89258,125.0
7,92,2,119.197784,125.0
7,93,0,115.13664,125.0
7,94,2,121.56127,125.0
7,95,4,123.397575,125.0
7,96,2,124.104225,125.0
7,97,1,114.99807,125.0
7,98,4,109.055695,125.0
7,99,4,93.72529,125.0
7,100,0,119.74288,125.0
7,101,2,118.13676,125.0
7,102,1,102.03163,125.0
7,103,5,100.01397,125.0
7,104,3,112.590385,125.0
7,105,4,114.6442,124.0
7,106,4,116.767525,123.0
7,107,1,114.50422,122.0
7,108,0,125.75378,121.0
7,109,2,114.003944,120.0
7,110,1,118.38894,119.0
7,111,0,120.498405,118.0
7,112,0,121.46676,117.0
7,113,0,117.389565,116.0
7,114,1,109.07194,115.0
7,115,5,108.30254,114.0
7,116,2,109.83535,113.0
7,117,2,106.621956,112.0
7,118,2,92.71019,111.0
7,119,5,120.79948,110.0
7,120,3,111.04552,109.0
7,121,4,107.65826,108.0
7,122,4,119.979805,107.0
7,123,4,123.6808,106.0
7,124,1,121.9103,105.0
7,125,5,114.34908,104.0
7,126,1,110.395325,103.0
7,127,2,121.98162,102.0
7,128,1,118.1926,101.0
7,129,0,118.15643,100.0
7,130,3,123.23564,99.0
7,131,4,121.65583,98.0
7,132,2,118.32156,97.0
7,133,1,114.51021,96.0
7,134,0,110.06745,95.0
7,135,5,120.524284,94.0
7,136,2,112.644135,93.0
7,137,2,122.27032,92.0
7,138,1,125.63024,91.0
7,139,5,119.685005,90.0
7,140,4,106.24001,89.0
7,141,2,109.30169,88.0
7,142,2,124.215355,87.0
7,143,3,124.13402,86.0
7,144,3,119.25198,85.0
7,145,1,120.59318,84.0
7,146,3,120.095955,83.0
7,147,0,114.25604,82.0
7,148,2,115.03121,81.0
7,149,2,122.06165,80.0
7,150,4,106.2703,79.0
7,151,2,82.58467,78.0
7,152,4,75.93951,77.0
7,153,3,56.084743,76.0
7,154,3,64.27856,75.0
7,155,0,66.809746,74.0
7,156,2,55.282257,73.0
7,157,1,59.205482,72.0
7,158,0,71.7683,71.0
8,36,1,120.7898,125.0
8,37,2,113.286095,125.0
8,38,0,99.88926,125.0
8,39,2,97.40415,125.0
8,40,1,113.0209,125.0
8,41,5,113.218376,125.0
8,42,1,109.500916,125.0
8,43,5,119.19007,125.0
8,44,5,119.336655,125.0
8,45,0,118.84571,125.0
8,46,5,123.218895,125.0
8,47,3,116.521996,125.0
8,48,1,125.49057,125.0
8,49,1,113.955574,125.0
8,50,0,111.127525,125.0
8,51,0,111.62919,125.0
8,52,4,121.018425,125.0
8,53,0,125.01374,125.0
8,54,1,125.206825,125.0
8,55,4,119.3446,125.0
8,56,1,123.481926,125.0
8,57,4,125.093834,125.0
8,58,3,127.95146,125.0
8,59,2,127.86758,125.0
8,60,1,126.566765,125.0
8,61,2,121.7053,125.0
8,62,0,124.82328,125.0
8,63,1,126.96858,125.0
8,64,1,119.69619,125.0
8,65,0,123.01539,125.0
8,66,5,127.603645,125.0
8,67,5,117.79474,125.0
8,68,2,111.615425,125.0
8,69,3,121.06651,125.0
8,70,1,124.43799,125.0
8,71,3,125.915,125.0
8,72,1,116.37623,125.0
8,73,0,121.87379,125.0
8,74,2,126.06852,125.0
8,75,4,127.07743,125.0
8,76,5,126.99218,125.0
8,77,1,126.78881,125.0
8,78,5,125.70149,125.0
8,79,3,123.44898,125.0
8,80,0,125.20559,125.0
8,81,5,123.15502,125.0
8,82,4,125.15473,125.0
8,83,1,123.217995,125.0
8,84,4,128.11269,125.0
8,85,1,122.13548,125.0
8,86,5,118.98758,125.0
8,87,3,109.13001,125.0
8,88,3,109.19964,125.0
8,89,1,120.45568,125.0
8,90,0,122.974556,125.0
8,91,2,119.46718,125.0
8,92,5,109.03801,125.0
8,93,0,123.91439,125.0
8,94,1,119.439354,125.0
8,95,5,115.94174,125.0
8,96,1,124.276985,125.0
8,97,5,111.14898,125.0
8,98,2,120.556145,125.0
8,99,5,123.37063,125.0
8,100,0,107.10924,125.0
8,101,2,124.38828,125.0
8,102,1,117.91708,125.0
8,103,2,119.93871,125.0
8,104,0,121.29298,125.0
8,105,0,122.042656,125.0
8,106,3,121.53474,125.0
8,107,5,123.28501,125.0
8,108,1,122.12839,125.0
8,109,0,125.98542,125.0
8,110,2,127.58038,125.0
8,111,0,127.12761,125.0
8,112,3,128.91855,125.0
8,113,3,123.76592,125.0
8,114,3,93.63392,125.0
8,115,5,113.67365,125.0
8,116,0,105.37405,125.0
8,117,2,105.032616,125.0
8,118,1,119.85698,125.0
8,119,2,112.720604,125.0
8,120,5,122.83109,125.0
8,121,2,124.20101,125.0
8,122,3,122.18051,125.0
8,123,0,127.43136,124.0
8,124,0,124.55924,123.0
8,125,2,125.74593,122.0
8,126,0,119.69795,121.0
8,127,1,113.61017,120.0
8,128,3,125.51249,119.0
8,129,1,122.24847,118.0
8,130,5,123.08497,117.0
8,131,1,121.191826,116.0
8,132,0,123.26364,115.0
8,133,4,123.919556,114.0
8,134,3,120.689476,113.0
8,135,4,113.03161,112.0
8,136,3,112.87226,111.0
8,137,4,117.02621,110.0
8,138,3,116.4835,109.0
8,139,0,124.19477,108.0
8,140,5,126.02953,107.0
8,141,2,121.02618,106.0
8,142,0,120.064384,105.0
8,143,3,124.992775,104.0
8,144,4,118.10145,103.0
8,145,2,107.4467,102.0
8,146,5,107.83303,101.0
8,147,0,94.65005,100.0
8,148,2,106.39515,99.0
8,149,2,110.038376,98.0
8,150,5,102.49739,97.0
8,151,0,106.976944,96.0
8,152,3,90.1435,95.0
8,153,4,104.33824,94.0
8,154,2,100.211426,93.0
8,155,0,109.88198,92.0
8,156,4,101.799995,91.0
8,157,3,125.73727,90.0
8,158,4,97.652016,89.0
8,159,4,89.02599,88.0
8,160,3,97.93157,87.0
8,161,5,56.29975,86.0
8,162,1,75.834656,85.0
8,163,1,50.525402,84.0
8,164,1,88.54004,83.0
8,165,4,64.56437,82.0
8,166,0,71.803185,81.0
8,167,0,64.27687,80.0
8,168,1,74.08186,79.0
8,169,2,100.79184,78.0
8,170,2,88.569984,77.0
8,171,1,88.012886,76.0
8,172,3,79.25417,75.0
8,173,1,73.75703,74.0
8,174,0,88.326805,73.0
8,175,4,83.246506,72.0
8,176,4,84.39626,71.0
8,177,5,48.653465,70.0
8,178,0,101.12632,69.0
8,179,1,97.20368,68.0
8,180,1,115.02012,67.0
8,181,1,96.6852,66.0
8,182,0,109.91851,65.0
8,183,5,98.216194,64.0
8,184,2,121.35328,63.0
8,185,5,116.233116,62.0
8,186,5,77.11375,61.0
8,187,2,79.16707,60.0
8,188,3,108.5613,59.0
8,189,2,88.47159,58.0
8,190,0,72.21453,57.0
8,191,2,79.75321,56.0
8,192,4,85.08575,55.0
9,36,3,126.13589,125.0
9,37,5,125.316505,125.0
9,38,0,125.3413,125.0
9,39,2,126.078545,125.0
9,40,5,125.50521,125.0
9,41,5,129.06288,125.0
9,42,0,127.32824,125.0
9,43,2,126.56738,125.0
9,44,0,128.01816,125.0
9,45,0,123.92547,125.0
9,46,5,120.33612,125.0
9,47,5,123.230644,125.0
9,48,4,122.017456,125.0
9,49,4,125.62899,125.0
9,50,5,128.22401,125.0
9,51,4,126.335045,125.0
9,52,0,123.28606,125.0
9,53,2,128.97287,125.0
9,54,2,124.64452,125.0
9,55,1,118.48347,125.0
9,56,5,127.208046,125.0
9,57,3,117.12594,125.0
9,58,2,125.03533,125.0
9,59,5,124.80425,125.0
9,60,2,127.94576,125.0
9,61,2,121.57899,125.0
9,62,4,123.321556,125.0
9,63,2,128.13332,125.0
9,64,2,125.269875,125.0
9,65,0,129.03091,125.0
9,66,3,120.07185,125.0
9,67,1,120.08831,125.0
9,68,4,101.281044,125.0
9,69,5,111.53137,125.0
9,70,3,105.53765,125.0
9,71,1,103.7162,125.0
9,72,2,116.49407,125.0
9,73,3,111.50448,125.0
9,74,2,118.35976,125.0
9,75,2,114.5255,125.0
9,76,2,120.602776,125.0
9,77,4,119.665,125.0
9,78,4,103.56176,125.0
9,79,3,116.42948,125.0
9,80,4,92.33282,125.0
9,81,2,113.24571,125.0
9,82,1,120.33459,125.0
9,83,1,117.113106,125.0
9,84,5,115.93518,125.0
9,85,5,114.13711,125.0
9,86,5,112.88952,125.0
9,87,1,107.24694,125.0
9,88,2,121.50101,125.0
9,89,3,121.80506,125.0
9,90,0,119.30621,125.0
9,91,4,126.06676,125.0
9,92,4,120.606544,125.0
9,93,4,124.326485,125.0
9,94,5,122.556435,125.0
9,95,1,125.64072,125.0
9,96,5,106.05072,125.0
9,97,4,119.82957,125.0
9,98,0,119.50629,125.0
9,99,0,115.22466,125.0
9,100,0,114.59243,125.0
9,101,2,101.63723,125.0
9,102,4,125.53239,125.0
9,103,4,125.691284,125.0
9,104,3,124.11801,125.0
9,105,1,118.12813,125.0
9,106,0,116.247765,125.0
9,107,0,109.51256,125.0
9,108,4,111.45717,125.0
9,109,1,121.80357,125.0
9,110,1,122.6638,125.0
9,111,4,116.13994,125.0
9,112,4,109.745895,125.0
9,113,1,112.63892,125.0
9,114,1,91.80592,125.0
9,115,0,99.115265,125.0
9,116,5,107.51808,125.0
9,117,2,124.384605,125.0
9,118,2,111.41166,125.0
9,119,3,121.50376,125.0
9,120,3,109.72814,125.0
9,121,1,125.02497,125.0
9,122,2,127.41599,125.0
9,123,4,130.30656,125.0
9,124,3,124.277336,125.0
9,125,3,126.0769,125.0
9,126,2,122.29226,125.0
9,127,3,119.63817,125.0
9,128,5,124.43666,125.0
9,129,4,122.82081,125.0
9,130,4,115.21283,125.0
9,131,4,115.95367,125.0
9,132,2,125.58137,125.0
9,133,1,125.42785,125.0
9,134,2,119.881256,125.0
9,135,2,115.83714,125.0
9,136,0,109.78608,125.0
9,137,1,115.84597,125.0
9,138,4,117.437126,125.0
9,139,3,120.76601,125.0
9,140,1,93.80642,125.0
9,141,2,114.70093,125.0
9,142,5,116.1734,125.0
9,143,3,100.86985,125.0
9,144,4,111.23139,125.0
9,145,3,103.51185,125.0
9,146,0,110.567726,125.0
9,147,2,116.84713,125.0
9,148,3,122.10731,125.0
9,149,0,109.51896,125.0
9,150,3,109.41721,125.0
9,151,0,104.59931,125.0
9,152,2,118.810295,125.0
9,153,1,121.761116,125.0
9,154,4,120.44434,125.0
9,155,2,98.37942,125.0
9,156,0,96.14164,125.0
9,157,3,112.17899,125.0
9,158,2,92.3046,125.0
9,159,5,93.84542,125.0
9,160,1,109.4086,125.0
9,161,5,94.201294,125.0
9,162,2,86.74322,125.0
9,163,0,92.26903,125.0
9,164,2,83.44779,125.0
9,165,5,75.825066,125.0
9,166,5,77.82603,125.0
9,167,1,75.67846,125.0
9,168,1,97.64463,125.0
9,169,2,99.09778,124.0
9,170,5,111.51102,123.0
9,171,2,104.9919,122.0
9,172,4,106.04027,121.0
9,173,1,102.07571,120.0
9,174,5,108.077354,119.0
9,175,2,118.62566,118.0
9,176,2,118.74995,117.0
9,177,1,121.46647,116.0
9,178,3,125.39423,115.0
9,179,0,123.59591,114.0
9,180,1,122.173584,113.0
9,181,4,121.96832,112.0
9,182,4,121.16421,111.0
9,183,3,105.54203,110.0
9,184,1,112.26049,109.0
9,185,0,103.88897,108.0
9,186,4,101.94219,107.0
9,187,4,123.09591,106.0
9,188,5,112.89031,105.0
9,189,0,122.67361,104.0
9,190,0,119.65507,103.0
9,191,2,111.9308,102.0
9,192,4,122.9921,101.0
9,193,4,122.85042,100.0
9,194,4,121.49187,99.0
9,195,5,114.9896,98.0
9,196,2,121.83457,97.0
9,197,5,121.11077,96.0
9,198,2,117.96056,95.0
9,199,5,104.18436,94.0
9,200,0,110.86746,93.0
9,201,2,119.81562,92.0
9,202,4,108.404366,91.0
9,203,0,97.357475,90.0
9,204,0,95.41154,89.0
9,205,2,108.285736,88.0
9,206,4,88.7178,87.0
9,207,5,81.283806,86.0
9,208,4,86.270584,85.0
9,209,5,102.160225,84.0
9,210,1,92.540306,83.0
9,211,5,95.21732,82.0
9,212,4,87.2299,81.0
9,213,3,94.864265,80.0
9,214,4,80.23846,79.0
9,215,0,88.417,78.0
9,216,4,63.07421,77.0
9,217,3,77.46747,76.0
9,218,4,70.08517,75.0
9,219,2,44.617588,74.0
9,220,4,65.664406,73.0
9,221,3,65.759636,72.0
9,222,3,69.95902,71.0
9,223,0,87.25329,70.0
9,224,1,87.77776,69.0
9,225,2,69.98533,68.0
9,226,1,80.924576,67.0
9,227,4,73.01902,66.0
9,228,4,36.024063,65.0
9,229,0,54.01063,64.0
9,230,2,43.672997,63.0
9,231,0,54.024345,62.0
9,232,5,47.28468,61.0
9,233,4,40.42201,60.0
9,234,1,57.694695,59.0
9,235,0,43.65576,58.0
9,236,0,45.23874,57.0
9,237,0,65.11939,56.0
9,238,3,62.859104,55.0
10,36,0,127.77073,125.0
10,37,2,127.70168,125.0
10,38,3,130.01059,125.0
10,39,2,127.35154,125.0
10,40,2,132.4176,125.0
10,41,1,120.74148,125.0
10,42,1,124.29021,125.0
10,43,1,128.31589,125.0
10,44,5,127.52652,125.0
10,45,1,122.31748,125.0
10,46,2,121.540825,125.0
10,47,0,127.59879,125.0
10,48,5,120.33913,125.0
10,49,1,126.94708,125.0
10,50,2,126.14068,125.0
10,51,5,133.30249,125.0
10,52,0,131.39288,125.0
10,53,0,126.536224,125.0
10,54,5,126.82905,125.0
10,55,0,118.56978,125.0
10,56,3,119.95585,125.0
10,57,2,118.82692,125.0
10,58,2,126.14407,125.0
10,59,4,121.45156,125.0
10,60,2,121.81115,125.0
10,61,2,123.78542,125.0
10,62,0,115.42762,125.0
10,63,3,119.513985,125.0
10,64,4,121.335464,125.0
10,65,5,117.12083,125.0
10,66,1,122.36936,125.0
10,67,4,125.96795,125.0
10,68,3,123.27889,125.0
10,69,0,126.170204,125.0
10,70,4,122.181595,125.0
10,71,3,123.904366,125.0
10,72,0,121.53981,125.0
10,73,1,117.02852,124.0
10,74,5,124.89997,123.0
10,75,0,124.56872,122.0
10,76,2,124.996376,121.0
10,77,4,123.03939,120.0
10,78,0,117.01954,119.0
10,79,0,118.930275,118.0
10,80,0,118.61321,117.0
10,81,3,116.83969,116.0
10,82,5,114.05482,115.0
10,83,1,112.79823,114.0
10,84,3,119.11766,113.0
10,85,0,121.703125,112.0
10,86,2,112.76016,111.0
10,87,0,113.4356,110.0
10,88,0,115.205215,109.0
10,89,4,113.00998,108.0
10,90,1,112.57772,107.0
10,91,5,117.37916,106.0
10,92,1,109.49946,105.0
10,93,3,117.32758,104.0
10,94,5,121.76647,103.0
10,95,5,97.94312,102.0
10,96,0,98.974915,101.0
10,97,2,76.399376,100.0
10,98,1,88.33156,99.0
10,99,1,89.39518,98.0
10,100,3,105.40975,97.0
10,101,3,104.22288,96.0
10,102,2,96.22351,95.0
10,103,0,111.67257,94.0
10,104,3,112.9571,93.0
10,105,3,94.20497,92.0
10,106,1,111.01782,91.0
10,107,4,114.83231,90.0
10,108,1,91.2556,89.0
10,109,5,97.80598,88.0
10,110,1,104.74703,87.0
10,111,2,110.85934,86.0
10,112,5,92.208786,85.0
10,113,2,109.80247,84.0
10,114,2,115.41958,83.0
10,115,5,113.06728,82.0
10,116,2,85.009796,81.0
10,117,3,98.21118,80.0
10,118,5,123.528984,79.0
10,119,1,93.06862,78.0
10,120,2,98.15531,77.0
10,121,5,105.86972,76.0
10,122,2,84.18093,75.0
10,123,2,96.548744,74.0
10,124,2,108.31251,73.0
10,125,0,100.48075,72.0
10,126,5,96.85793,71.0
10,127,2,98.22433,70.0
10,128,1,112.40189,69.0
10,129,3,98.151955,68.0
10,130,0,77.35197,67.0
10,131,1,74.68202,66.0
11,36,1,122.621376,125.0
11,37,3,119.683464,125.0
11,38,4,122.77792,125.0
11,39,2,123.103065,125.0
11,40,3,129.22952,125.0
11,41,1,128.34094,125.0
11,42,1,125.08054,125.0
11,43,0,117.96376,125.0
11,44,4,122.134026,125.0
11,45,1,122.276825,125.0
11,46,5,117.538155,125.0
11,47,2,126.184715,125.0
11,48,3,123.83208,125.0
11,49,3,122.43656,125.0
11,50,4,124.03097,125.0
11,51,1,116.526024,125.0
11,52,4,119.813484,125.0
11,53,0,123.72749,125.0
11,54,4,125.25684,125.0
11,55,4,114.08166,125.0
11,56,1,120.67459,124.0
11,57,4,124.379814,123.0
11,58,3,121.06421,122.0
11,59,1,125.16788,121.0
11,60,1,128.12418,120.0
11,61,5,126.95815,119.0
11,62,3,122.63462,118.0
11,63,5,123.02889,117.0
11,64,1,122.396324,116.0
11,65,2,120.53355,115.0
11,66,0,121.53869,114.0
11,67,4,119.54962,113.0
11,68,1,118.37607,112.0
11,69,2,112.03466,111.0
11,70,4,119.69399,110.0
11,71,0,104.34011,109.0
11,72,5,119.15977,108.0
11,73,1,118.50565,107.0
11,74,3,118.59351,106.0
11,75,1,119.667076,105.0
11,76,3,126.58872,104.0
11,77,1,119.29254,103.0
11,78,3,123.13432,102.0
11,79,2,111.42266,101.0
11,80,2,103.292465,100.0
11,81,3,107.93534,99.0
11,82,1,119.05028,98.0
11,83,2,119.149506,97.0
11,84,3,121.66025,96.0
11,85,1,118.90282,95.0
11,86,5,120.39489,94.0
11,87,4,118.842476,93.0
11,88,3,122.72625,92.0
11,89,0,129.85626,91.0
11,90,0,125.782776,90.0
11,91,3,122.94645,89.0
11,92,5,122.36036,88.0
11,93,5,117.16379,87.0
11,94,0,110.96076,86.0
11,95,1,101.99186,85.0
11,96,0,113.78992,84.0
11,97,1,115.7007,83.0
11,98,0,114.644646,82.0
11,99,4,102.673294,81.0
11,100,3,107.37891,80.0
11,101,3,93.392555,79.0
11,102,3,106.68131,78.0
11,103,0,76.86045,77.0
12,36,0,95.84611,125.0
12,37,2,117.948555,125.0
12,38,5,97.77752,125.0
12,39,5,97.092354,125.0
12,40,5,96.36569,125.0
12,41,2,119.36816,125.0
12,42,0,129.36104,125.0
12,43,1,122.400764,125.0
12,44,3,122.16681,125.0
12,45,3,125.06313,125.0
12,46,2,132.59781,125.0
12,47,2,131.35754,125.0
12,48,0,130.20624,125.0
12,49,5,129.55789,125.0
12,50,4,131.33475,125.0
12,51,3,129.45935,125.0
12,52,1,128.235,125.0
12,53,1,127.89525,125.0
12,54,1,117.71824,125.0
12,55,5,125.08168,125.0
12,56,2,130.81842,125.0
12,57,5,122.51494,125.0
12,58,0,126.93409,125.0
12,59,4,123.3026,125.0
12,60,3,118.50537,125.0
12,61,2,121.609024,125.0
12,62,0,126.81736,125.0
12,63,2,127.4109,125.0
12,64,3,123.9225,125.0
12,65,2,124.89877,125.0
12,66,0,124.831795,125.0
12,67,2,122.52838,125.0
12,68,3,122.83485,125.0
12,69,3,120.8879,125.0
12,70,1,122.20592,125.0
12,71,0,112.265205,125.0
12,72,3,116.28358,125.0
12,73,0,117.195335,125.0
12,74,4,112.1985,125.0
12,75,5,120.65543,125.0
12,76,2,121.15095,125.0
12,77,3,118.692345,125.0
12,78,3,124.54594,125.0
12,79,4,114.19501,125.0
12,80,2,122.064156,125.0
12,81,1,122.6462,125.0
12,82,3,131.2544,125.0
12,83,4,129.05902,125.0
12,84,4,129.6984,125.0
12,85,4,126.53104,125.0
12,86,1,124.05024,125.0
12,87,3,124.047646,125.0
12,88,2,123.80056,125.0
12,89,2,124.72577,125.0
12,90,1,121.65982,125.0
12,91,2,125.60944,125.0
12,92,0,125.578514,125.0
12,93,3,126.19388,125.0
12,94,4,120.32795,125.0
12,95,4,116.38928,125.0
12,96,1,124.7581,125.0
12,97,0,123.20666,125.0
12,98,0,121.73506,125.0
12,99,1,123.41242,125.0
12,100,0,117.20971,125.0
12,101,1,119.15052,125.0
12,102,4,119.552284,125.0
12,103,1,120.146645,125.0
12,104,5,119.43006,125.0
12,105,1,125.63104,125.0
12,106,1,117.49439,125.0
12,107,3,117.16855,125.0
12,108,0,115.37849,125.0
12,109,2,114.432686,125.0
12,110,4,108.96635,125.0
12,111,2,111.66002,125.0
12,112,2,92.19373,125.0
12,113,3,112.0037,125.0
12,114,0,99.30329,125.0
12,115,3,89.59633,125.0
12,116,2,104.21395,125.0
12,117,3,98.28401,125.0
12,118,0,107.88329,125.0
12,119,4,122.83817,125.0
12,120,0,125.55833,125.0
12,121,4,118.90335,125.0
12,122,4,127.60473,125.0
12,123,0,126.06573,125.0
12,124,2,122.59945,125.0
12,125,2,119.16741,125.0
12,126,0,119.62321,125.0
12,127,4,121.32467,125.0
12,128,2,118.831215,125.0
12,129,1,115.65249,125.0
12,130,4,103.45925,125.0
12,131,0,111.94444,125.0
12,132,3,117.9385,125.0
12,133,4,127.01321,125.0
12,134,2,123.83694,125.0
12,135,3,122.009796,125.0
12,136,3,127.02465,125.0
12,137,3,121.85425,124.0
12,138,3,125.03957,123.0
12,139,4,122.75563,122.0
12,140,1,123.73586,121.0
12,141,3,126.41859,120.0
12,142,1,124.339485,119.0
12,143,1,116.18658,118.0
12,144,5,113.2555,117.0
12,145,0,122.567055,116.0
12,146,1,117.26752,115.0
13,36,3,120.03638,125.0
13,37,4,123.30296,125.0
13,38,1,118.486565,125.0
13,39,5,103.03265,125.0
13,40,1,117.40934,125.0
13,41,2,120.85228,125.0
13,42,2,113.75977,125.0
13,43,3,122.30171,125.0
13,44,2,114.59556,125.0
13,45,3,120.230606,125.0
13,46,4,121.8713,125.0
13,47,2,116.6802,125.0
13,48,2,117.23267,125.0
13,49,2,119.18923,125.0
13,50,2,120.15443,125.0
13,51,3,122.90026,125.0
13,52,0,124.882164,125.0
13,53,3,126.36153,125.0
13,54,3,121.43763,125.0
13,55,5,121.73421,125.0
13,56,1,124.87235,124.0
13,57,2,123.72907,123.0
13,58,5,124.33738,122.0
13,59,4,121.46768,121.0
13,60,1,124.22842,120.0
13,61,0,125.41754,119.0
13,62,0,119.93047,118.0
13,63,3,97.380745,117.0
13,64,4,106.08439,116.0
13,65,4,120.32267,115.0
14,36,4,126.62953,125.0
14,37,0,125.84243,125.0
14,38,5,123.08238,125.0
14,39,1,126.08366,125.0
14,40,2,121.97529,125.0
14,41,2,127.47671,125.0
14,42,0,129.87997,125.0
14,43,5,117.42695,125.0
14,44,3,120.406395,125.0
14,45,0,113.656906,125.0
14,46,2,126.18333,125.0
14,47,3,123.99619,125.0
14,48,4,125.09093,125.0
14,49,1,120.64776,125.0
14,50,1,123.10759,125.0
14,51,2,125.77373,125.0
14,52,3,124.36473,125.0
14,53,1,121.367714,125.0
14,54,0,125.333725,125.0
14,55,5,127.13558,125.0
14,56,1,126.63386,125.0
14,57,5,121.95205,125.0
14,58,0,118.80207,125.0
14,59,2,125.418526,125.0
14,60,4,122.74203,125.0
14,61,0,118.52305,125.0
14,62,5,122.47764,125.0
14,63,5,114.15792,125.0
14,64,0,132.666,125.0
14,65,2,128.02335,125.0
14,66,0,122.05656,125.0
14,67,2,119.26106,125.0
14,68,4,122.24329,125.0
14,69,0,121.96703,125.0
14,70,0,126.91012,125.0
14,71,0,124.48792,125.0
14,72,0,123.38824,125.0
14,73,2,122.55151,125.0
14,74,0,114.391304,125.0
14,75,4,123.19555,125.0
14,76,0,114.63935,124.0
14,77,3,112.10819,123.0
14,78,1,113.70728,122.0
14,79,0,110.74151,121.0
14,80,3,100.14527,120.0
14,81,1,119.60485,119.0
14,82,1,88.28222,118.0
14,83,3,81.817696,117.0
14,84,0,90.15289,116.0
14,85,0,94.92308,115.0
14,86,0,104.8225,114.0
14,87,5,93.62708,113.0
14,88,5,105.12004,112.0
14,89,0,99.41692,111.0
14,90,3,97.658356,110.0
14,91,4,77.74248,109.0
14,92,2,107.11498,108.0
14,93,5,101.74286,107.0
14,94,5,103.5779,106.0
14,95,4,106.3243,105.0
14,96,0,104.67829,104.0
14,97,3,120.957466,103.0
14,98,4,116.060135,102.0
14,99,2,110.88332,101.0
14,100,0,108.57847,100.0
14,101,5,103.82318,99.0
14,102,3,103.15042,98.0
14,103,2,109.99814,97.0
14,104,3,112.80095,96.0
14,105,2,121.02584,95.0
14,106,5,115.23551,94.0
14,107,4,102.36533,93.0
14,108,5,114.75088,92.0
14,109,1,125.84696,91.0
14,110,0,110.77768,90.0
14,111,0,111.097435,89.0
14,112,4,119.59992,88.0
14,113,0,116.92005,87.0
14,114,0,116.30432,86.0
14,115,2,117.27839,85.0
14,116,2,109.193214,84.0
14,117,2,105.39568,83.0
14,118,3,111.769005,82.0
14,119,3,118.324524,81.0
14,120,1,121.701195,80.0
14,121,0,117.51898,79.0
14,122,2,104.80431,78.0
14,123,0,118.62391,77.0
14,124,4,104.69628,76.0
14,125,5,109.50703,75.0
14,126,1,89.575005,74.0
14,127,0,72.686165,73.0
14,128,5,70.49532,72.0
14,129,3,72.05939,71.0
14,130,4,97.770424,70.0
14,131,1,91.34144,69.0
14,132,5,75.65578,68.0
14,133,2,112.94257,67.0
14,134,0,96.403786,66.0
14,135,5,67.24321,65.0
14,136,0,80.4129,64.0
14,137,4,78.89283,63.0
14,138,0,110.14628,62.0
14,139,4,94.72288,61.0
14,140,3,85.10027,60.0
14,141,0,95.56194,59.0
14,142,0,69.387024,58.0
14,143,5,87.691,57.0
14,144,5,88.06252,56.0
14,145,1,100.459694,55.0
14,146,3,88.726746,54.0
14,147,4,102.88561,53.0
14,148,1,102.10592,52.0
14,149,3,105.697845,51.0
14,150,0,121.290504,50.0
14,151,1,116.188835,49.0
14,152,0,109.59955,48.0
14,153,0,121.9842,47.0
14,154,1,116.507645,46.0
14,155,1,107.34441,45.0
14,156,3,116.51931,44.0
14,157,3,106.24462,43.0
14,158,3,109.20968,42.0
14,159,4,101.39121,41.0
14,160,2,106.21084,40.0
14,161,5,86.107,39.0
14,162,2,66.16973,38.0
14,163,1,55.645084,37.0
14,164,5,57.058376,36.0
14,165,1,40.82128,35.0
14,166,0,64.43946,34.0
14,167,3,54.817184,33.0
14,168,5,43.063824,32.0
14,169,5,52.955444,31.0
15,36,4,115.99461,125.0
15,37,1,118.88743,125.0
15,38,5,120.260284,125.0
15,39,2,127.049736,125.0
15,40,3,120.53579,125.0
15,41,2,121.944115,125.0
15,42,1,129.43954,125.0
15,43,2,129.3727,125.0
15,44,5,129.80594,125.0
15,45,2,124.9389,125.0
15,46,4,128.1625,125.0
15,47,2,127.34464,125.0
15,48,5,128.64343,125.0
15,49,0,126.371956,125.0
15,50,2,133.41997,125.0
15,51,1,130.58704,125.0
15,52,4,126.231865,125.0
15,53,3,131.67436,125.0
15,54,1,127.10015,125.0
15,55,4,127.41102,125.0
15,56,0,129.97989,125.0
15,57,2,130.46294,125.0
15,58,4,126.72588,125.0
15,59,1,120.32423,125.0
15,60,1,126.12508,125.0
15,61,4,118.2794,125.0
15,62,5,127.536156,125.0
15,63,4,126.64596,125.0
15,64,0,127.7282,125.0
15,65,1,127.97698,125.0
15,66,5,123.30386,125.0
15,67,2,129.15697,125.0
15,68,4,118.57528,125.0
15,69,5,120.24488,125.0
15,70,1,116.478905,125.0
15,71,0,114.62181,125.0
15,72,0,117.1193,125.0
15,73,1,116.88813,125.0
15,74,4,122.57125,125.0
15,75,3,110.57652,125.0
15,76,0,125.39157,125.0
15,77,2,100.79931,125.0
15,78,2,109.67916,125.0
15,79,3,115.74246,125.0
15,80,4,124.27427,125.0
15,81,1,126.87284,125.0
15,82,0,121.6964,125.0
15,83,5,124.88188,125.0
15,84,2,123.728966,125.0
15,85,5,123.4273,125.0
15,86,1,118.89601,125.0
15,87,1,120.9105,125.0
15,88,3,122.075645,125.0
15,89,0,129.07112,125.0
15,90,4,129.35205,125.0
15,91,4,126.68308,125.0
15,92,4,121.003845,125.0
15,93,4,119.04411,125.0
15,94,2,118.561554,125.0
15,95,3,119.77635,125.0
15,96,0,113.187904,124.0
15,97,0,120.781746,123.0
15,98,2,100.44404,122.0
15,99,5,114.80019,121.0
15,100,3,109.48143,120.0
15,101,1,118.077446,119.0
15,102,2,95.19395,118.0
15,103,4,117.93594,117.0
15,104,3,113.08908,116.0
15,105,5,115.63827,115.0
15,106,2,104.47991,114.0
15,107,4,105.50052,113.0
15,108,2,112.7512,112.0
15,109,2,97.064995,111.0
15,110,3,107.90005,110.0
15,111,1,111.00057,109.0
15,112,3,104.03509,108.0
16,36,0,96.37774,125.0
16,37,3,91.5877,125.0
16,38,2,119.05724,125.0
16,39,0,115.919495,125.0
16,40,3,87.63156,125.0
16,41,0,106.24374,125.0
16,42,4,107.81826,125.0
16,43,1,111.62267,125.0
16,44,3,125.32647,125.0
16,45,0,126.93491,125.0
16,46,4,126.2583,125.0
16,47,5,121.910286,125.0
16,48,4,126.47849,125.0
16,49,0,117.13552,125.0
16,50,4,111.04981,125.0
16,51,1,99.49067,125.0
16,52,4,107.78169,125.0
16,53,1,118.40987,125.0
16,54,1,113.43934,125.0
16,55,2,90.156364,125.0
16,56,4,117.5803,125.0
16,57,1,118.8793,125.0
16,58,0,110.420845,124.0
16,59,0,119.529495,123.0
16,60,1,119.28634,122.0
16,61,5,120.60161,121.0
16,62,1,123.32484,120.0
16,63,4,120.0954,119.0
16,64,1,124.87806,118.0
16,65,2,122.25426,117.0
16,66,4,124.09673,116.0
16,67,0,120.76299,115.0
16,68,2,120.52935,114.0
16,69,1,120.11716,113.0
16,70,3,126.13473,112.0
16,71,1,125.32261,111.0
16,72,0,122.383064,110.0
16,73,0,95.65183,109.0
16,74,3,119.35209,108.0
16,75,4,113.63961,107.0
16,76,2,94.94573,106.0
16,77,3,100.38464,105.0
16,78,1,100.63659,104.0
16,79,0,126.4072,103.0
16,80,4,119.01569,102.0
16,81,1,114.381645,101.0
16,82,4,119.54877,100.0
16,83,1,99.576675,99.0
16,84,1,79.178795,98.0
16,85,5,63.53779,97.0
16,86,5,55.27611,96.0
16,87,3,56.87163,95.0
16,88,2,64.749016,94.0
16,89,4,68.531784,93.0
16,90,3,72.75564,92.0
16,91,2,58.400646,91.0
16,92,2,71.23606,90.0
16,93,0,59.03878,89.0
16,94,2,49.469597,88.0
16,95,3,79.411415,87.0
16,96,3,53.658813,86.0
16,97,1,76.007164,85.0
16,98,4,83.730446,84.0
16,99,4,90.91593,83.0
16,100,4,64.17323,82.0
16,101,3,93.907974,81.0
16,102,5,82.74784,80.0
16,103,4,114.191124,79.0
16,104,4,98.024635,78.0
16,105,3,117.39654,77.0
16,106,2,120.719154,76.0
16,107,4,119.23226,75.0
16,108,2,111.50643,74.0
16,109,4,109.9098,73.0
16,110,1,98.25736,72.0
16,111,4,100.95726,71.0
16,112,4,74.049355,70.0
16,113,4,65.6569,69.0
16,114,1,45.370945,68.0
16,115,0,31.88993,67.0
16,116,1,34.385944,66.0
16,117,2,18.892334,65.0
16,118,5,32.17808,64.0
16,119,1,38.22438,63.0
16,120,0,40.642723,62.0
16,121,3,51.47205,61.0
16,122,3,30.452072,60.0
16,123,4,39.52839,59.0
16,124,2,42.557274,58.0
16,125,2,41.10609,57.0
16,126,4,47.252174,56.0
17,36,2,125.81847,125.0
17,37,3,121.14741,125.0
17,38,4,122.39721,125.0
17,39,5,126.014,125.0
17,40,0,123.40708,125.0
17,41,4,122.944176,125.0
17,42,2,122.6805,125.0
17,43,3,119.25242,125.0
17,44,5,114.441025,125.0
17,45,2,113.11399,125.0
17,46,4,115.95313,125.0
17,47,4,120.80749,125.0
17,48,1,124.59672,125.0
17,49,3,121.618095,125.0
17,50,0,119.85609,125.0
17,51,0,119.04409,125.0
17,52,5,120.65001,125.0
17,53,3,115.52353,125.0
17,54,2,119.70839,125.0
17,55,0,118.22507,125.0
17,56,5,122.21103,125.0
17,57,3,109.77311,125.0
17,58,2,114.02894,125.0
17,59,3,110.18074,125.0
17,60,1,95.96778,125.0
17,61,0,99.218155,125.0
17,62,3,101.04332,125.0
17,63,0,112.39985,125.0
17,64,2,116.29197,125.0
17,65,3,99.50566,125.0
17,66,0,119.812096,125.0
17,67,2,120.96868,125.0
17,68,2,121.657425,125.0
17,69,2,128.41037,125.0
17,70,2,114.400085,125.0
17,71,4,123.41917,125.0
17,72,2,120.54899,125.0
17,73,0,114.47555,125.0
17,74,0,107.21305,125.0
17,75,0,119.84658,125.0
17,76,3,114.66754,125.0
17,77,0,120.25787,125.0
17,78,4,120.49827,125.0
17,79,5,118.50498,125.0
17,80,3,120.0313,125.0
17,81,4,123.396736,125.0
17,82,0,115.614265,125.0
17,83,4,119.97474,125.0
17,84,5,121.273415,125.0
17,85,2,120.024086,125.0
17,86,3,116.2271,125.0
17,87,0,124.15507,125.0
17,88,2,124.34634,125.0
17,89,4,123.77609,125.0
17,90,2,122.54751,125.0
17,91,1,122.45331,125.0
17,92,0,121.61791,125.0
17,93,5,123.184456,125.0
17,94,1,127.02303,125.0
17,95,4,123.65258,125.0
17,96,1,114.48373,125.0
17,97,3,121.372215,125.0
17,98,0,123.02506,125.0
17,99,1,123.532486,125.0
17,100,3,118.951225,125.0
17,101,2,122.664314,125.0
17,102,2,120.92475,125.0
17,103,5,124.15623,125.0
17,104,4,123.31222,125.0
17,105,4,126.337364,125.0
17,106,3,126.752846,125.0
17,107,3,126.929245,125.0
17,108,1,125.17524,125.0
17,109,5,126.573845,125.0
17,110,2,123.34681,125.0
17,111,3,122.47717,125.0
17,112,3,124.174965,125.0
17,113,2,126.96955,125.0
17,114,4,131.24582,125.0
17,115,0,127.36043,125.0
17,116,1,126.00231,125.0
17,117,2,126.46581,125.0
17,118,0,124.496735,125.0
17,119,3,124.01473,125.0
17,120,2,124.71521,125.0
17,121,0,128.52783,125.0
17,122,4,126.147156,125.0
17,123,4,125.34404,125.0
17,124,2,126.49555,125.0
17,125,0,128.11415,125.0
17,126,1,129.22467,125.0
17,127,4,128.34314,125.0
17,128,3,122.0478,125.0
17,129,1,122.88933,125.0
17,130,1,116.823296,125.0
17,131,4,122.96285,125.0
17,132,3,128.35022,125.0
17,133,3,122.44407,125.0
17,134,0,122.026955,125.0
17,135,2,122.492065,125.0
17,136,4,123.82627,125.0
17,137,4,126.88782,125.0
17,138,5,120.722305,125.0
17,139,1,123.46723,125.0
17,140,2,117.2481,125.0
17,141,0,124.42788,125.0
17,142,1,121.51661,125.0
17,143,2,121.39678,125.0
17,144,2,121.76407,125.0
17,145,4,124.90745,125.0
17,146,4,123.19666,125.0
17,147,3,117.09982,125.0
17,148,3,126.25779,125.0
17,149,3,125.300125,125.0
17,150,1,121.57508,125.0
17,151,3,121.56245,125.0
17,152,3,120.12916,125.0
17,153,2,124.53768,125.0
17,154,4,127.39944,125.0
17,155,5,113.7819,125.0
17,156,5,111.394684,125.0
17,157,0,103.18839,125.0
17,158,5,114.47225,125.0
17,159,1,126.951836,125.0
17,160,3,113.42526,125.0
17,161,1,111.31057,125.0
17,162,3,121.112625,125.0
17,163,5,127.03701,125.0
17,164,3,122.92523,125.0
17,165,4,127.23017,125.0
17,166,2,125.91819,125.0
17,167,4,124.25448,125.0
17,168,5,125.51065,125.0
17,169,3,116.78816,125.0
17,170,2,122.810905,125.0
17,171,2,124.270325,125.0
17,172,3,120.96563,125.0
17,173,2,123.3559,125.0
17,174,2,110.04264,125.0
17,175,1,128.12056,125.0
17,176,2,116.06754,125.0
17,177,4,110.832344,125.0
17,178,1,121.9282,125.0
17,179,4,106.57398,125.0
17,180,4,114.63774,125.0
17,181,0,115.84426,125.0
17,182,0,105.520004,125.0
17,183,5,101.25419,125.0
17,184,0,108.12689,125.0
17,185,4,114.64439,125.0
17,186,2,112.60097,125.0
17,187,5,112.02506,125.0
17,188,3,120.22652,125.0
17,189,4,122.821526,125.0
17,190,2,119.36841,125.0
17,191,3,117.53665,125.0
17,192,0,117.47545,125.0
17,193,3,120.39817,125.0
17,194,2,117.007256,125.0
17,195,5,122.83733,125.0
17,196,5,123.26769,125.0
17,197,0,120.85737,125.0
17,198,1,124.777916,125.0
17,199,4,118.06655,125.0
17,200,4,125.1545,125.0
17,201,3,122.089745,125.0
17,202,1,122.263145,125.0
17,203,5,125.97465,125.0
17,204,3,120.749626,125.0
17,205,5,114.13691,125.0
17,206,2,116.442604,125.0
17,207,5,105.58729,125.0
17,208,4,103.58556,125.0
17,209,5,113.85861,125.0
17,210,0,113.56775,125.0
17,211,0,124.22648,125.0
17,212,2,126.18845,125.0
17,213,3,123.49927,125.0
17,214,3,122.11207,125.0
17,215,0,119.01613,125.0
17,216,2,117.86816,125.0
17,217,5,114.15821,125.0
17,218,0,120.713745,125.0
17,219,1,116.00814,125.0
17,220,4,111.08828,125.0
17,221,3,109.11324,125.0
17,222,0,109.67991,125.0
17,223,5,94.68018,125.0
17,224,4,100.25757,125.0
17,225,1,117.58403,125.0
17,226,2,102.857704,125.0
17,227,0,99.54368,125.0
17,228,4,98.99203,125.0
17,229,4,88.40716,125.0
17,230,4,91.60796,125.0
18,36,0,132.50201,125.0
18,37,3,121.04836,125.0
18,38,0,124.57535,125.0
18,39,2,110.88064,125.0
18,40,3,121.83703,125.0
18,41,4,127.772514,125.0
18,42,2,125.09086,125.0
18,43,1,127.19392,125.0
18,44,5,128.49423,125.0
18,45,3,126.446754,125.0
18,46,0,127.06774,125.0
18,47,5,128.38034,125.0
18,48,0,125.439,125.0
18,49,4,125.9216,125.0
18,50,1,117.201164,125.0
18,51,5,124.81108,125.0
18,52,4,115.82799,125.0
18,53,4,120.152054,125.0
18,54,3,124.1139,125.0
18,55,2,114.274895,125.0
18,56,0,127.820206,125.0
18,57,4,128.65942,125.0
18,58,3,124.63197,125.0
18,59,3,118.77187,125.0
18,60,0,117.0191,125.0
18,61,3,123.15135,125.0
18,62,4,126.506325,125.0
18,63,0,123.25109,125.0
18,64,1,127.84687,125.0
18,65,4,125.51746,125.0
18,66,4,122.58144,125.0
18,67,3,123.201294,125.0
18,68,0,130.463,125.0
18,69,1,131.54945,125.0
18,70,2,126.56626,125.0
18,71,2,126.234924,125.0
18,72,5,128.35167,125.0
18,73,1,124.90072,125.0
18,74,1,119.8446,125.0
18,75,4,123.95707,125.0
18,76,0,124.54788,125.0
18,77,1,117.34379,125.0
18,78,2,115.69024,125.0
18,79,1,113.56692,125.0
18,80,1,105.28862,125.0
18,81,2,94.25657,125.0
18,82,1,119.44267,125.0
18,83,4,123.63793,125.0
18,84,0,124.71998,125.0
18,85,2,116.08871,125.0
18,86,2,88.6804,125.0
18,87,5,113.42624,125.0
18,88,4,128.97583,125.0
18,89,4,121.65862,125.0
18,90,3,126.842674,125.0
18,91,4,128.85687,125.0
18,92,0,134.40936,125.0
18,93,1,131.73187,125.0
18,94,3,124.05115,125.0
18,95,3,119.35995,125.0
18,96,4,122.04456,125.0
18,97,4,119.59849,125.0
18,98,5,123.0881,125.0
18,99,5,114.593254,125.0
18,100,0,125.38169,125.0
18,101,5,113.396576,125.0
18,102,1,128.62277,125.0
18,103,4,117.956566,125.0
18,104,0,121.99296,125.0
18,105,3,123.267876,125.0
18,106,1,130.10284,125.0
18,107,2,128.6163,125.0
18,108,5,106.72569,125.0
18,109,1,123.11165,125.0
18,110,5,125.220856,125.0
18,111,0,124.50798,125.0
18,112,1,124.93414,125.0
18,113,4,123.167,125.0
18,114,5,122.367874,125.0
18,115,1,130.9013,125.0
18,116,1,127.08723,125.0
18,117,4,126.68934,125.0
18,118,4,131.37556,125.0
18,119,2,113.694725,125.0
18,120,2,125.30541,125.0
18,121,1,118.6603,125.0
18,122,1,105.76785,125.0
18,123,2,81.984085,125.0
18,124,1,77.841446,125.0
18,125,2,88.68847,125.0
18,126,4,103.29129,125.0
18,127,3,96.77131,125.0
18,128,4,97.7994,125.0
18,129,2,115.028435,125.0
18,130,2,114.69109,125.0
18,131,2,104.62727,125.0
18,132,3,118.65342,125.0
18,133,4,101.83813,125.0
18,134,2,112.22491,125.0
18,135,3,112.57357,125.0
18,136,2,105.558975,125.0
18,137,0,102.77797,125.0
18,138,1,96.448265,125.0
18,139,1,108.09556,125.0
18,140,4,118.03689,125.0
18,141,0,107.69439,125.0
18,142,2,122.50398,125.0
18,143,2,110.21601,125.0
18,144,3,116.579,125.0
18,145,1,120.90384,125.0
18,146,1,121.86046,125.0
18,147,5,124.28273,125.0
18,148,2,118.69216,125.0
18,149,2,117.97829,125.0
18,150,5,110.56176,125.0
18,151,2,116.21079,125.0
18,152,0,121.68165,125.0
18,153,2,113.99197,125.0
18,154,5,94.77598,125.0
18,155,2,112.04322,125.0
18,156,2,100.74215,125.0
18,157,2,119.652596,125.0
18,158,2,113.666145,125.0
18,159,0,119.80465,125.0
18,160,4,123.96914,125.0
18,161,5,123.142,125.0
18,162,1,119.06359,125.0
18,163,1,121.67157,125.0
18,164,1,126.32167,125.0
18,165,3,124.92408,125.0
18,166,1,126.12612,125.0
18,167,0,122.578636,125.0
18,168,5,123.433464,125.0
18,169,4,125.35316,125.0
18,170,4,122.47384,125.0
18,171,2,127.510414,125.0
18,172,1,127.68272,125.0
18,173,2,123.770775,125.0
18,174,1,124.41729,125.0
18,175,2,122.241585,125.0
18,176,3,124.1796,125.0
18,177,3,113.40997,125.0
18,178,4,119.5962,125.0
18,179,1,109.80327,125.0
18,180,3,120.882065,125.0
18,181,1,112.8579,125.0
18,182,4,121.38897,125.0
18,183,2,100.830345,125.0
18,184,0,105.820885,125.0
18,185,3,118.26314,125.0
18,186,2,118.92999,125.0
18,187,2,119.09831,125.0
18,188,2,125.792046,125.0
18,189,3,124.493996,125.0
18,190,2,126.05579,125.0
18,191,1,116.40934,125.0
18,192,1,102.00784,125.0
18,193,2,119.466225,125.0
18,194,2,116.89884,125.0
18,195,4,100.53024,125.0
18,196,1,119.109795,125.0
18,197,3,120.359215,125.0
18,198,4,128.11188,125.0
18,199,0,122.15714,125.0
18,200,1,117.75466,125.0
18,201,2,118.99082,125.0
18,202,0,102.95718,125.0
18,203,3,118.292076,125.0
18,204,1,123.44031,125.0
18,205,0,113.93865,125.0
18,206,1,116.25484,125.0
18,207,2,114.573715,125.0
18,208,1,113.398705,125.0
18,209,2,100.20666,125.0
18,210,3,106.39927,125.0
18,211,4,106.12515,125.0
18,212,0,108.894356,125.0
18,213,3,100.04478,125.0
18,214,5,118.21044,125.0
18,215,5,116.06948,125.0
18,216,3,90.24447,125.0
18,217,1,99.82828,125.0
18,218,4,92.26448,125.0
18,219,3,82.89304,125.0
18,220,1,96.42368,125.0
18,221,1,77.43147,125.0
18,222,0,93.74947,125.0
18,223,0,113.549965,125.0
18,224,2,96.743996,125.0
18,225,5,86.57689,125.0
18,226,4,114.26717,125.0
18,227,4,97.83873,125.0
18,228,1,96.27961,125.0
18,229,2,100.19651,125.0
18,230,2,106.28121,125.0
18,231,3,121.042854,125.0
18,232,4,109.16619,125.0
18,233,1,115.458496,125.0
18,234,4,122.07786,125.0
18,235,0,105.99473,125.0
18,236,4,105.784355,125.0
18,237,0,112.25504,125.0
18,238,1,107.3864,125.0
18,239,2,110.37762,125.0
18,240,4,114.91464,125.0
18,241,5,117.794716,125.0
18,242,1,118.01713,125.0
18,243,3,107.282265,125.0
18,244,2,91.26013,125.0
19,36,0,122.90053,125.0
19,37,4,128.07106,125.0
19,38,0,135.96661,125.0
19,39,5,130.6968,125.0
19,40,0,128.0614,125.0
19,41,0,126.25472,125.0
19,42,3,123.474144,125.0
19,43,1,125.103096,125.0
19,44,5,126.267,125.0
19,45,0,125.95312,125.0
19,46,5,124.80079,125.0
19,47,2,122.5149,125.0
19,48,2,121.668106,125.0
19,49,5,108.80448,125.0
19,50,4,96.40342,125.0
19,51,2,123.51484,125.0
19,52,0,117.29873,125.0
19,53,1,110.54356,125.0
19,54,0,122.02268,125.0
19,55,3,109.161095,125.0
19,56,0,125.03219,125.0
19,57,5,121.683784,125.0
19,58,3,123.36992,125.0
19,59,3,128.49796,125.0
19,60,2,122.73852,125.0
19,61,1,126.049835,125.0
19,62,1,124.95832,125.0
19,63,0,120.36432,125.0
19,64,5,120.840294,125.0
19,65,3,125.37084,125.0
19,66,5,118.46917,125.0
19,67,2,117.42141,125.0
19,68,0,120.06994,125.0
19,69,4,115.939964,125.0
19,70,2,115.56449,125.0
19,71,3,114.24416,125.0
19,72,4,114.44065,125.0
19,73,3,102.22379,125.0
19,74,2,105.54522,125.0
19,75,1,120.24792,125.0
19,76,1,113.753136,124.0
19,77,1,116.81733,123.0
19,78,2,117.512054,122.0
19,79,0,105.65241,121.0
19,80,2,112.74448,120.0
19,81,5,121.07528,119.0
19,82,3,121.84243,118.0
19,83,2,123.633865,117.0
19,84,2,117.0807,116.0
19,85,0,125.320984,115.0
19,86,4,125.39638,114.0
19,87,4,117.6233,113.0
19,88,0,112.479546,112.0
19,89,0,119.72098,111.0
19,90,0,117.72245,110.0
19,91,4,106.39448,109.0
19,92,1,102.76619,108.0
19,93,5,103.09,107.0
19,94,4,101.041435,106.0
19,95,2,89.5604,105.0
19,96,1,92.69178,104.0
19,97,2,96.280334,103.0
19,98,2,105.78158,102.0
19,99,4,110.15378,101.0
19,100,4,117.406876,100.0
19,101,1,119.26772,99.0
19,102,2,103.664314,98.0
19,103,4,106.77902,97.0
19,104,2,117.96099,96.0
19,105,0,113.796844,95.0
19,106,1,116.49543,94.0
19,107,1,116.507904,93.0
19,108,0,107.44108,92.0
19,109,2,109.96155,91.0
19,110,1,117.40327,90.0
19,111,0,109.19438,89.0
19,112,4,105.53329,88.0
19,113,4,104.80125,87.0
19,114,4,115.52216,86.0
19,115,2,111.05596,85.0
20,36,5,120.456276,125.0
20,37,3,121.46776,125.0
20,38,0,124.798706,125.0
20,39,0,121.93322,125.0
20,40,4,124.40542,125.0
20,41,4,108.74984,125.0
20,42,2,123.09866,125.0
20,43,0,124.29302,125.0
20,44,3,120.14817,125.0
20,45,4,122.32079,125.0
20,46,5,113.93922,125.0
20,47,1,111.65518,125.0
20,48,1,120.14864,125.0
20,49,2,117.62635,125.0
20,50,5,123.68556,125.0
20,51,5,121.748695,125.0
20,52,1,120.67803,125.0
20,53,0,114.582695,125.0
20,54,1,120.20681,125.0
20,55,1,121.547585,125.0
20,56,5,129.73355,125.0
20,57,4,125.58546,125.0
20,58,1,123.266396,125.0
20,59,3,121.055145,125.0
20,60,2,119.11126,125.0
20,61,1,117.705154,125.0
20,62,1,114.5962,125.0
20,63,3,121.714294,125.0
20,64,0,126.10532,125.0
20,65,1,123.99636,125.0
20,66,1,104.08175,125.0
20,67,1,115.76207,125.0
20,68,3,120.59174,125.0
20,69,2,124.47884,125.0
20,70,4,121.95858,125.0
20,71,1,114.06463,125.0
20,72,1,122.57214,125.0
20,73,5,125.25934,125.0
20,74,5,122.01144,125.0
20,75,3,121.3211,125.0
20,76,5,120.13654,125.0
20,77,1,123.310585,125.0
20,78,2,127.03866,125.0
20,79,3,125.026375,125.0
20,80,0,119.53343,125.0
20,81,3,124.05361,125.0
20,82,4,122.7412,125.0
20,83,2,124.99754,125.0
20,84,4,125.8704,125.0
20,85,2,125.97084,125.0
20,86,4,121.79929,125.0
20,87,5,118.97243,125.0
20,88,3,122.024506,125.0
20,89,1,127.59807,125.0
20,90,4,124.9954,125.0
20,91,4,130.45953,125.0
20,92,0,125.193596,125.0
20,93,5,120.06182,125.0
20,94,5,98.07804,125.0
20,95,5,94.41806,125.0
20,96,4,96.63691,125.0
20,97,1,108.64297,125.0
20,98,5,115.142006,125.0
20,99,2,119.36651,125.0
20,100,1,108.00471,125.0
20,101,1,123.66584,125.0
20,102,0,120.318924,125.0
20,103,4,114.20318,125.0
20,104,0,116.72501,125.0
20,105,0,121.46133,125.0
20,106,1,111.96134,125.0
20,107,0,117.820366,125.0
20,108,2,118.50748,125.0
20,109,1,123.67187,125.0
20,110,4,122.36491,125.0
20,111,4,120.73075,125.0
20,112,3,121.77053,125.0
20,113,0,124.970894,125.0
20,114,3,118.67409,125.0
20,115,3,125.63862,125.0
20,116,0,122.132614,125.0
20,117,1,124.16978,125.0
20,118,5,128.16736,125.0
20,119,3,125.46195,125.0
20,120,3,119.61582,125.0
20,121,1,116.34191,125.0
20,122,2,119.53496,125.0
20,123,0,122.30587,125.0
20,124,5,119.752625,125.0
20,125,1,120.21426,125.0
20,126,2,120.89095,125.0
20,127,2,94.97895,125.0
20,128,2,107.90673,125.0
20,129,3,114.18755,125.0
20,130,1,86.22767,125.0
20,131,1,116.94294,125.0
20,132,4,113.11979,125.0
20,133,1,103.46217,125.0
20,134,1,85.56439,125.0
20,135,1,98.57841,125.0
20,136,5,114.31313,125.0
20,137,5,121.75153,125.0
20,138,2,118.42632,125.0
20,139,1,113.52972,124.0
20,140,0,126.57419,123.0
20,141,5,125.54469,122.0
20,142,1,123.88057,121.0
20,143,1,123.728386,120.0
20,144,5,117.88894,119.0
20,145,0,115.79842,118.0
20,146,1,120.872444,117.0
20,147,5,117.62971,116.0
20,148,2,115.830376,115.0
20,149,0,109.85651,114.0
20,150,5,115.49951,113.0
20,151,5,106.48007,112.0
20,152,3,107.75481,111.0
20,153,1,111.691925,110.0
20,154,0,106.28274,109.0
20,155,0,110.99348,108.0
20,156,2,118.32047,107.0
20,157,2,107.45837,106.0
20,158,2,107.12591,105.0
20,159,0,107.5666,104.0
20,160,1,102.10023,103.0
20,161,4,103.02473,102.0
20,162,4,106.43688,101.0
20,163,2,106.63819,100.0
20,164,5,120.50161,99.0
20,165,3,116.933426,98.0
20,166,3,115.62036,97.0
20,167,1,118.72352,96.0
20,168,0,116.13615,95.0
20,169,3,113.69357,94.0
20,170,5,112.44814,93.0
20,171,5,111.067406,92.0
20,172,0,99.74416,91.0
20,173,1,108.72217,90.0
20,174,1,109.387474,89.0
20,175,2,106.05466,88.0
20,176,1,101.5025,87.0
20,177,4,97.50393,86.0
20,178,2,101.91897,85.0
20,179,0,102.36648,84.0
20,180,0,97.57351,83.0
20,181,4,104.07568,82.0
20,182,1,95.97056,81.0
20,183,3,96.32395,80.0
20,184,2,100.01804,79.0
20,185,5,97.38181,78.0
20,186,2,95.67988,77.0
20,187,1,86.24158,76.0
20,188,5,80.35009,75.0
20,189,4,80.130226,74.0
20,190,1,66.45381,73.0
20,191,3,67.74987,72.0
20,192,1,69.804634,71.0
20,193,2,70.171814,70.0
20,194,0,73.15715,69.0
20,195,0,65.6996,68.0
20,196,0,57.138794,67.0
20,197,3,57.919746,66.0
20,198,0,59.348827,65.0
20,199,0,61.96186,64.0
20,200,3,60.12777,63.0
20,201,3,64.53539,62.0
20,202,0,54.240326,61.0
20,203,4,50.17106,60.0
20,204,5,53.57168,59.0
20,205,1,55.944992,58.0
20,206,2,44.479103,57.0
20,207,1,59.651505,56.0
21,36,4,109.86414,125.0
21,37,4,124.13004,125.0
21,38,1,124.93518,125.0
21,39,4,115.63497,125.0
21,40,0,100.74569,125.0
21,41,5,105.1079,125.0
21,42,3,121.167564,125.0
21,43,2,120.515465,125.0
21,44,3,116.98231,125.0
21,45,2,119.55071,125.0
21,46,0,124.47683,125.0
21,47,0,123.09194,125.0
21,48,2,119.02083,125.0
21,49,2,121.16572,125.0
21,50,4,119.87798,125.0
21,51,2,122.95269,125.0
21,52,1,112.10355,125.0
21,53,3,116.37226,125.0
21,54,1,111.19606,125.0
21,55,0,109.3651,125.0
21,56,2,110.54483,125.0
21,57,4,91.487785,125.0
21,58,3,110.24565,125.0
21,59,0,102.19858,125.0
21,60,5,95.24262,125.0
21,61,4,85.27171,125.0
21,62,1,88.540016,125.0
21,63,2,84.55991,125.0
21,64,4,82.0778,125.0
21,65,0,82.23899,125.0
21,66,0,95.266945,125.0
21,67,1,100.829865,125.0
21,68,3,116.38252,125.0
21,69,2,114.53929,125.0
21,70,0,125.080605,125.0
21,71,1,124.39971,125.0
21,72,3,126.446815,125.0
21,73,2,120.760216,125.0
21,74,5,122.71122,125.0
21,75,0,122.5812,125.0
21,76,3,129.3451,125.0
21,77,2,122.15745,125.0
21,78,0,132.50528,125.0
21,79,3,115.22332,125.0
21,80,1,115.89203,125.0
21,81,0,100.87505,125.0
21,82,1,101.43928,125.0
21,83,2,119.94201,125.0
21,84,1,121.5962,125.0
21,85,2,126.35057,125.0
21,86,0,95.90649,125.0
21,87,2,113.59045,125.0
21,88,0,101.16314,125.0
21,89,2,96.148766,125.0
21,90,5,89.037605,125.0
21,91,0,99.13464,125.0
21,92,0,91.17771,125.0
21,93,1,73.453926,125.0
21,94,1,91.59513,125.0
21,95,0,74.125496,125.0
21,96,0,56.340588,125.0
21,97,5,56.67562,125.0
21,98,2,43.948006,125.0
21,99,4,37.594566,125.0
21,100,2,43.369698,125.0
21,101,4,48.56936,125.0
21,102,1,45.77794,125.0
21,103,4,36.173874,125.0
21,104,4,41.26796,125.0
21,105,1,62.668495,125.0
21,106,1,65.31841,125.0
21,107,4,90.77048,125.0
21,108,2,94.4988,125.0
21,109,5,108.84576,125.0
21,110,5,106.12962,125.0
21,111,5,110.94365,125.0
21,112,5,103.555534,125.0
21,113,0,109.10518,125.0
21,114,5,91.501305,125.0
21,115,2,101.18221,125.0
21,116,4,107.360725,125.0
21,117,5,87.335075,125.0
21,118,1,113.2096,125.0
21,119,0,110.40601,125.0
21,120,5,111.09156,125.0
21,121,0,100.8032,125.0
21,122,1,85.126305,125.0
21,123,1,78.21349,125.0
21,124,0,96.85941,125.0
21,125,4,119.91972,125.0
21,126,2,103.5745,125.0
21,127,0,115.27354,125.0
21,128,3,103.75805,125.0
21,129,0,112.170494,125.0
21,130,4,120.86639,125.0
21,131,5,115.97253,125.0
21,132,5,124.95768,125.0
21,133,0,123.17604,125.0
21,134,5,105.052315,125.0
21,135,2,101.02198,125.0
21,136,4,113.47184,125.0
21,137,2,122.91932,125.0
21,138,4,124.71922,125.0
21,139,4,113.3273,125.0
21,140,4,110.57079,125.0
21,141,0,95.74017,125.0
21,142,0,95.72967,125.0
21,143,5,61.511646,125.0
21,144,2,75.02446,125.0
21,145,5,76.45574,125.0
21,146,1,49.346725,125.0
21,147,0,39.373188,125.0
21,148,0,36.83526,125.0
21,149,2,47.369835,125.0
21,150,4,39.44357,125.0
21,151,2,24.158447,125.0
21,152,4,37.60651,125.0
21,153,4,25.525753,125.0
21,154,1,28.610083,125.0
21,155,3,26.519182,125.0
21,156,1,29.453533,125.0
21,157,1,52.1398,124.0
21,158,3,72.53701,123.0
21,159,4,74.792076,122.0
21,160,4,74.0069,121.0
21,161,2,97.21179,120.0
21,162,5,94.94781,119.0
21,163,0,91.91895,118.0
21,164,0,95.35913,117.0
21,165,0,93.340065,116.0
21,166,3,106.32112,115.0
21,167,3,99.80333,114.0
21,168,5,93.173035,113.0
21,169,1,97.832924,112.0
21,170,4,106.90908,111.0
21,171,0,102.52497,110.0
21,172,3,96.619026,109.0
21,173,1,92.87368,108.0
21,174,1,91.88894,107.0
21,175,2,104.53895,106.0
21,176,4,102.24441,105.0
21,177,2,101.3032,104.0
21,178,3,97.7437,103.0
21,179,1,103.15421,102.0
21,180,2,106.04604,101.0
21,181,4,111.1975,100.0
21,182,2,106.122246,99.0
21,183,1,101.7764,98.0
21,184,5,107.06403,97.0
21,185,2,102.90023,96.0
21,186,4,96.768326,95.0
21,187,1,77.87156,94.0
21,188,2,93.52953,93.0
21,189,4,73.49273,92.0
21,190,2,69.22994,91.0
21,191,5,56.69599,90.0
21,192,3,69.87531,89.0
21,193,4,75.36776,88.0
21,194,0,74.05249,87.0
21,195,2,70.92386,86.0
21,196,1,76.52588,85.0
21,197,2,78.07338,84.0
21,198,4,86.87003,83.0
21,199,2,75.21067,82.0
21,200,5,74.52199,81.0
21,201,1,70.85142,80.0
21,202,3,87.91862,79.0
21,203,1,79.11184,78.0
21,204,3,85.98481,77.0
21,205,2,78.371574,76.0
21,206,4,76.53513,75.0
21,207,1,70.73011,74.0
21,208,2,71.01554,73.0
21,209,3,77.13038,72.0
21,210,5,75.723335,71.0
21,211,3,74.329506,70.0
21,212,1,58.326946,69.0
21,213,1,69.098595,68.0
21,214,4,56.223442,67.0
21,215,2,55.77582,66.0
21,216,3,59.962364,65.0
21,217,1,62.321808,64.0
21,218,3,58.951668,63.0
21,219,0,59.977215,62.0
21,220,4,52.04006,61.0
21,221,4,43.764503,60.0
21,222,1,49.65242,59.0
21,223,4,47.268597,58.0
21,224,0,45.018757,57.0
21,225,0,40.662003,56.0
21,226,3,41.116287,55.0
21,227,3,28.472801,54.0
21,228,3,28.374905,53.0
21,229,3,33.607716,52.0
21,230,2,36.989433,51.0
21,231,5,21.420551,50.0
21,232,5,29.863873,49.0
21,233,2,43.456245,48.0
21,234,5,40.093956,47.0
21,235,2,36.509922,46.0
21,236,0,42.346462,45.0
21,237,3,27.692362,44.0
21,238,4,36.49465,43.0
21,239,0,41.44755,42.0
21,240,0,38.0039,41.0
21,241,3,33.073357,40.0
21,242,5,28.53584,39.0
21,243,3,22.895287,38.0
21,244,4,26.848537,37.0
21,245,0,20.85215,36.0
21,246,2,19.365608,35.0
21,247,5,8.125624,34.0
21,248,0,16.743738,33.0
21,249,2,9.773644,32.0
21,250,0,12.495593,31.0
21,251,1,9.941628,30.0
21,252,0,11.932223,29.0
21,253,0,9.691926,28.0
21,254,3,12.683255,27.0
21,255,1,12.624755,26.0
21,256,3,14.305684,25.0
21,257,3,12.784907,24.0
21,258,3,9.193094,23.0
21,259,3,9.26921,22.0
21,260,0,9.904607,21.0
21,261,5,8.497663,20.0
21,262,1,7.2243004,19.0
21,263,5,5.9262514,18.0
22,36,2,113.36747,125.0
22,37,1,121.69091,125.0
22,38,0,124.264626,125.0
22,39,1,124.75233,125.0
22,40,5,122.18031,125.0
22,41,3,120.4089,125.0
22,42,0,120.071815,125.0
22,43,3,121.23777,125.0
22,44,0,122.59134,125.0
22,45,0,113.057365,125.0
22,46,1,117.9847,125.0
22,47,2,120.940994,125.0
22,48,2,125.13297,125.0
22,49,0,122.63909,125.0
22,50,4,121.09654,125.0
22,51,1,120.52842,125.0
22,52,4,117.19001,125.0
22,53,3,128.86124,125.0
22,54,4,126.67143,125.0
22,55,5,131.39265,125.0
22,56,2,126.294,125.0
22,57,4,128.08604,125.0
22,58,4,123.421776,125.0
22,59,0,122.458755,125.0
22,60,2,123.73166,125.0
22,61,1,125.84154,125.0
22,62,1,126.25106,125.0
22,63,3,122.73357,125.0
22,64,3,118.8247,125.0
22,65,1,124.04924,125.0
22,66,5,123.22457,125.0
22,67,0,124.385704,125.0
22,68,3,119.31103,125.0
22,69,2,121.05982,125.0
22,70,2,120.35709,125.0
22,71,3,125.62058,125.0
22,72,3,123.93983,125.0
22,73,4,122.41199,125.0
22,74,2,120.75321,125.0
22,75,0,124.75622,125.0
22,76,3,127.5384,125.0
22,77,1,124.15346,125.0
22,78,1,127.48907,125.0
22,79,0,124.75675,125.0
22,80,1,124.630226,125.0
22,81,2,125.21073,125.0
22,82,4,118.82687,125.0
22,83,4,118.824104,125.0
22,84,3,117.969246,125.0
22,85,0,121.436,125.0
22,86,3,110.10772,125.0
22,87,4,109.57622,125.0
22,88,3,113.15058,125.0
22,89,2,114.6255,125.0
22,90,5,115.16401,125.0
22,91,1,104.84937,125.0
22,92,1,118.061874,125.0
22,93,2,109.457504,125.0
22,94,2,120.38462,125.0
22,95,1,115.64811,125.0
22,96,3,115.99859,125.0
22,97,2,115.85988,125.0
22,98,2,121.19618,125.0
22,99,1,109.59762,125.0
22,100,3,124.45855,125.0
22,101,5,125.49907,125.0
22,102,0,113.3946,125.0
22,103,2,124.72278,125.0
22,104,0,115.91834,125.0
22,105,1,124.26414,125.0
22,106,0,122.76062,125.0
22,107,0,122.052025,125.0
22,108,4,110.25373,125.0
22,109,1,122.06483,125.0
22,110,3,120.52966,125.0
22,111,2,122.878334,125.0
22,112,2,121.53083,125.0
22,113,1,123.888466,125.0
22,114,0,123.76606,124.0
22,115,3,124.02668,123.0
22,116,3,126.56112,122.0
22,117,0,126.18321,121.0
22,118,2,123.03471,120.0
22,119,0,117.74663,119.0
23,36,3,114.1766,125.0
23,37,3,110.44613,125.0
23,38,5,107.39272,125.0
23,39,1,120.29211,125.0
23,40,0,126.016945,125.0
23,41,3,121.13606,125.0
23,42,4,131.01134,125.0
23,43,0,124.28045,125.0
23,44,4,125.439125,125.0
23,45,2,126.28921,125.0
23,46,3,114.445854,125.0
23,47,2,125.71897,125.0
23,48,0,124.50638,125.0
23,49,0,119.763916,125.0
23,50,4,122.46269,125.0
23,51,0,121.56991,125.0
23,52,5,116.91264,125.0
23,53,3,119.433395,125.0
23,54,1,113.65312,125.0
23,55,5,101.59247,125.0
23,56,5,103.0845,125.0
23,57,1,102.49183,125.0
23,58,4,119.12667,125.0
23,59,0,113.099945,125.0
23,60,0,124.28423,125.0
23,61,4,119.599724,125.0
23,62,4,119.13803,125.0
23,63,3,114.511826,125.0
23,64,2,98.27482,125.0
23,65,5,112.47132,125.0
23,66,4,106.28,125.0
23,67,5,105.80567,125.0
23,68,3,127.844734,125.0
23,69,2,127.028175,125.0
23,70,4,126.33629,125.0
23,71,2,120.35203,125.0
23,72,4,115.66892,125.0
23,73,2,124.275,125.0
23,74,5,123.18636,125.0
23,75,5,118.45451,125.0
23,76,0,124.18397,125.0
23,77,5,128.04813,125.0
23,78,4,123.04364,125.0
23,79,1,118.00082,125.0
23,80,3,119.54736,125.0
23,81,3,121.89219,125.0
23,82,2,120.710434,125.0
23,83,0,121.37231,125.0
23,84,4,117.46537,125.0
23,85,4,122.802124,125.0
23,86,0,115.72758,125.0
23,87,2,105.770935,125.0
23,88,3,116.924034,125.0
23,89,4,115.76174,125.0
23,90,5,119.96221,125.0
23,91,5,116.771935,125.0
23,92,3,119.037704,125.0
23,93,0,121.59359,125.0
23,94,2,121.096825,125.0
23,95,1,118.63055,125.0
23,96,2,123.14333,125.0
23,97,3,118.70964,125.0
23,98,1,120.97393,125.0
23,99,3,124.55566,125.0
23,100,1,115.966835,125.0
23,101,5,120.05547,125.0
23,102,5,125.56585,125.0
23,103,0,127.14614,125.0
23,104,5,125.8073,125.0
23,105,4,125.05105,125.0
23,106,3,127.371864,125.0
23,107,0,127.435745,125.0
23,108,1,125.1917,125.0
23,109,0,122.76849,125.0
23,110,4,117.6538,125.0
23,111,1,125.785286,125.0
23,112,5,125.37624,125.0
23,113,5,125.45322,125.0
23,114,0,114.64756,125.0
23,115,0,125.86407,125.0
23,116,3,126.49323,125.0
23,117,1,122.29766,125.0
23,118,3,123.20937,125.0
23,119,4,122.22848,125.0
23,120,3,125.431175,125.0
23,121,5,122.94416,125.0
23,122,2,126.519875,125.0
23,123,5,126.34162,125.0
23,124,0,130.55078,125.0
23,125,5,127.591484,125.0
23,126,1,127.31544,125.0
23,127,5,130.08855,125.0
23,128,1,132.5263,125.0
23,129,4,129.02394,125.0
23,130,3,127.81247,125.0
23,131,2,127.629005,125.0
23,132,4,125.25659,125.0
23,133,1,129.64462,125.0
23,134,0,124.69759,125.0
23,135,3,126.85404,125.0
23,136,1,101.69242,125.0
23,137,1,110.730446,125.0
23,138,3,120.406296,125.0
23,139,2,127.07337,125.0
23,140,3,116.229706,125.0
23,141,4,117.16888,125.0
23,142,1,116.84568,125.0
23,143,5,117.72492,125.0
23,144,2,118.83083,125.0
23,145,3,125.06547,125.0
23,146,2,118.598946,125.0
23,147,3,123.38569,125.0
23,148,0,121.55157,125.0
23,149,0,120.836494,125.0
23,150,0,118.472435,125.0
23,151,0,125.410545,125.0
23,152,5,122.33738,125.0
23,153,0,112.87583,125.0
23,154,3,120.083206,125.0
23,155,0,121.636986,125.0
23,156,4,119.66162,125.0
23,157,0,118.76091,125.0
23,158,1,125.67025,125.0
23,159,3,124.3319,125.0
23,160,1,125.08362,125.0
23,161,4,113.19616,125.0
23,162,1,122.2287,125.0
23,163,0,120.0644,125.0
23,164,3,127.34472,125.0
23,165,2,117.376396,125.0
23,166,0,122.75264,125.0
23,167,4,132.09177,125.0
23,168,5,121.988594,125.0
23,169,0,121.52283,125.0
23,170,0,131.64642,125.0
23,171,4,127.605354,125.0
23,172,5,131.30093,125.0
23,173,5,134.51935,125.0
23,174,2,127.32763,125.0
23,175,4,120.017395,125.0
23,176,0,117.94755,125.0
23,177,0,115.36375,125.0
23,178,1,102.17392,125.0
23,179,4,92.58187,125.0
23,180,1,117.637146,125.0
23,181,0,87.74253,125.0
23,182,4,89.86677,125.0
23,183,3,117.84834,125.0
23,184,3,118.02213,125.0
23,185,4,113.501305,125.0
23,186,5,121.48884,125.0
23,187,4,114.50619,125.0
23,188,3,127.45777,125.0
23,189,4,127.62765,125.0
23,190,1,121.84649,125.0
23,191,0,122.02299,125.0
23,192,0,126.20654,125.0
23,193,0,120.24043,125.0
23,194,2,126.95709,125.0
23,195,5,123.001236,125.0
23,196,2,121.20325,125.0
23,197,3,124.56843,125.0
23,198,2,115.2313,125.0
23,199,1,115.84449,125.0
23,200,4,118.49488,125.0
23,201,0,117.34092,125.0
23,202,4,126.03393,125.0
23,203,5,108.43896,125.0
23,204,2,106.33242,125.0
23,205,3,102.99831,125.0
23,206,4,104.88443,125.0
23,207,3,124.324715,125.0
23,208,3,125.46731,125.0
23,209,5,126.902115,125.0
23,210,0,121.091194,125.0
23,211,2,119.12594,125.0
23,212,0,121.266365,125.0
23,213,0,120.98624,125.0
23,214,4,128.61624,125.0
23,215,4,123.963264,125.0
23,216,1,125.15855,125.0
23,217,1,124.20428,125.0
23,218,3,120.73023,125.0
23,219,1,126.77081,125.0
23,220,0,125.648224,125.0
23,221,2,125.42185,125.0
23,222,5,117.92215,125.0
23,223,3,122.68038,125.0
23,224,4,122.351524,125.0
23,225,0,124.1414,125.0
23,226,3,111.312355,125.0
23,227,2,115.84995,125.0
23,228,5,123.07025,125.0
23,229,2,117.238625,125.0
23,230,2,109.737175,125.0
23,231,3,122.99051,125.0
23,232,5,112.69538,125.0
23,233,2,127.419876,125.0
23,234,1,120.94829,125.0
23,235,1,120.80998,125.0
23,236,1,119.94143,125.0
23,237,2,123.762856,125.0
23,238,3,120.43494,125.0
23,239,4,125.26655,125.0
23,240,3,121.63858,125.0
23,241,4,125.498924,125.0
23,242,0,128.357,125.0
23,243,5,123.740105,125.0
23,244,1,123.68886,125.0
23,245,0,122.08889,125.0
23,246,1,126.32633,125.0
23,247,3,124.18185,125.0
23,248,0,125.26847,125.0
23,249,4,127.24221,125.0
23,250,0,119.0283,125.0
23,251,4,119.961235,125.0
23,252,0,124.37853,125.0
23,253,5,118.064186,125.0
23,254,1,127.694305,125.0
23,255,4,113.67113,125.0
23,256,0,114.39985,125.0
23,257,2,103.459274,125.0
23,258,2,110.929794,125.0
23,259,0,114.830696,125.0
23,260,1,119.19856,125.0
23,261,3,121.22127,125.0
23,262,1,120.33044,125.0
23,263,0,122.23962,125.0
23,264,0,116.330864,125.0
23,265,1,118.542465,125.0
23,266,0,120.5972,125.0
23,267,2,112.564674,125.0
23,268,5,102.619286,125.0
23,269,2,122.051094,125.0
23,270,2,123.842606,125.0
23,271,2,114.38078,125.0
23,272,0,116.35697,125.0
23,273,0,111.95392,125.0
23,274,5,123.437706,125.0
23,275,4,127.82473,125.0
23,276,2,131.87743,125.0
23,277,5,124.59878,125.0
23,278,3,123.54548,125.0
23,279,5,123.30101,125.0
23,280,5,123.6348,125.0
23,281,5,115.61526,125.0
23,282,2,123.59127,125.0
23,283,2,119.17984,125.0
23,284,4,120.69872,125.0
23,285,2,120.39269,125.0
23,286,1,124.884605,125.0
23,287,2,125.589455,125.0
23,288,0,125.78015,125.0
23,289,4,121.15801,125.0
23,290,1,110.80353,125.0
23,291,1,117.92236,125.0
23,292,2,111.35795,125.0
23,293,5,112.84475,125.0
23,294,0,118.469765,125.0
23,295,3,107.60278,125.0
23,296,2,115.188774,125.0
23,297,2,117.41198,125.0
23,298,2,103.29621,125.0
23,299,4,100.924675,125.0
23,300,3,114.25178,125.0
23,301,4,121.75559,125.0
23,302,0,113.27657,125.0
23,303,2,114.1301,125.0
23,304,1,116.04772,125.0
23,305,0,117.78618,125.0
23,306,1,113.42048,125.0
23,307,1,118.17481,125.0
23,308,3,121.631035,125.0
23,309,4,121.92033,125.0
23,310,0,122.16554,125.0
23,311,4,118.57889,125.0
23,312,2,121.53072,125.0
23,313,3,106.32932,125.0
23,314,2,92.433815,125.0
23,315,5,99.06376,125.0
23,316,4,68.38964,125.0
23,317,3,75.543434,125.0
23,318,0,86.19387,125.0
23,319,1,84.177475,125.0
23,320,4,76.68215,125.0
23,321,2,68.69863,125.0
23,322,0,74.43104,125.0
23,323,3,102.231255,125.0
23,324,5,96.138725,125.0
23,325,3,106.61149,125.0
23,326,0,93.91688,125.0
23,327,3,91.83704,125.0
23,328,1,74.84212,125.0
23,329,3,78.72051,125.0
23,330,2,86.84832,125.0
23,331,4,103.77305,125.0
23,332,2,100.74781,125.0
23,333,2,107.30537,125.0
23,334,3,86.600555,125.0
23,335,1,100.933876,125.0
23,336,4,83.55149,125.0
23,337,4,94.46667,125.0
23,338,2,70.36121,125.0
23,339,5,71.033394,125.0
23,340,1,108.84521,125.0
23,341,3,92.122,125.0
23,342,5,110.20988,125.0
23,343,4,86.97385,125.0
23,344,5,105.170265,125.0
23,345,1,100.13855,125.0
23,346,1,84.00831,125.0
23,347,4,89.103195,125.0
23,348,0,85.64898,125.0
23,349,2,85.29416,125.0
23,350,2,81.499985,125.0
23,351,5,93.27047,125.0
23,352,2,83.80566,125.0
23,353,5,98.47884,125.0
23,354,4,95.40863,125.0
23,355,4,102.08032,125.0
23,356,2,93.089516,125.0
23,357,1,107.48,125.0
23,358,3,103.63158,125.0
23,359,2,106.51324,124.0
23,360,5,99.4346,123.0
23,361,1,111.8142,122.0
23,362,1,117.35421,121.0
23,363,2,112.259056,120.0
23,364,3,118.01174,119.0
23,365,2,114.01147,118.0
23,366,3,107.128334,117.0
23,367,2,102.15049,116.0
23,368,0,94.539925,115.0
23,369,4,99.83787,114.0
23,370,2,96.39973,113.0
23,371,5,96.800804,112.0
23,372,4,93.759514,111.0
23,373,1,92.944954,110.0
23,374,4,70.80277,109.0
23,375,5,91.59695,108.0
23,376,1,111.301445,107.0
23,377,2,103.6914,106.0
23,378,4,105.96941,105.0
23,379,3,96.05477,104.0
23,380,3,91.26242,103.0
23,381,4,101.934975,102.0
23,382,2,93.18958,101.0
23,383,2,75.93629,100.0
23,384,4,96.07269,99.0
23,385,4,76.01962,98.0
23,386,1,76.68706,97.0
23,387,5,80.14818,96.0
23,388,2,92.89069,95.0
23,389,4,67.55158,94.0
23,390,0,60.597874,93.0
23,391,0,62.49215,92.0
23,392,4,51.594048,91.0
23,393,2,43.7742,90.0
23,394,0,58.69401,89.0
23,395,5,71.11237,88.0
23,396,3,63.80452,87.0
23,397,0,77.02897,86.0
23,398,0,55.39358,85.0
23,399,0,59.23492,84.0
23,400,0,65.911354,83.0
23,401,4,58.06862,82.0
23,402,2,44.40391,81.0
23,403,2,47.341843,80.0
23,404,2,56.17102,79.0
23,405,3,45.47812,78.0
24,36,4,126.730576,125.0
24,37,3,124.88186,125.0
24,38,3,124.46237,125.0
24,39,0,123.65993,125.0
24,40,3,128.50893,125.0
24,41,4,124.79952,125.0
24,42,2,126.62563,125.0
24,43,4,125.57464,125.0
24,44,0,126.9611,125.0
24,45,1,128.0237,125.0
24,46,0,125.771866,125.0
24,47,3,126.72671,125.0
24,48,0,119.7564,125.0
24,49,1,129.41585,125.0
24,50,3,130.20163,125.0
24,51,2,123.06129,125.0
24,52,4,124.294174,125.0
24,53,3,119.55305,125.0
24,54,2,120.407936,125.0
24,55,1,120.26743,125.0
24,56,0,119.59143,125.0
24,57,0,121.56215,125.0
24,58,2,120.50891,125.0
24,59,0,123.46182,125.0
24,60,5,121.34605,125.0
24,61,3,122.633064,125.0
24,62,4,120.62119,125.0
24,63,5,125.304565,125.0
24,64,2,128.64236,125.0
24,65,4,126.75246,125.0
24,66,3,132.22917,125.0
24,67,0,124.89036,125.0
24,68,4,125.289406,125.0
24,69,2,125.71108,125.0
24,70,4,126.6959,125.0
24,71,2,123.14543,125.0
24,72,4,125.63476,125.0
24,73,3,128.181,125.0
24,74,4,126.77131,125.0
24,75,1,122.94101,125.0
24,76,1,119.558876,125.0
24,77,0,117.371994,125.0
24,78,5,119.543755,125.0
24,79,2,116.42225,125.0
24,80,2,106.48322,125.0
24,81,3,124.55915,125.0
24,82,1,124.04032,125.0
24,83,0,120.22211,125.0
24,84,2,105.52475,125.0
24,85,2,115.02537,125.0
24,86,3,113.0189,125.0
24,87,0,120.165474,125.0
24,88,2,120.58828,125.0
24,89,5,115.3355,125.0
24,90,2,116.96999,125.0
24,91,1,122.97059,125.0
24,92,1,102.64685,125.0
24,93,4,117.12498,125.0
24,94,5,123.888794,125.0
24,95,4,128.6093,125.0
24,96,2,126.93673,125.0
24,97,5,127.741875,125.0
24,98,2,125.29118,125.0
24,99,0,129.1362,125.0
24,100,2,127.846,125.0
24,101,2,126.13567,125.0
24,102,5,122.071976,125.0
24,103,3,121.258385,125.0
24,104,0,123.32954,125.0
24,105,3,126.55432,125.0
24,106,4,121.64765,125.0
24,107,5,123.16243,125.0
24,108,1,125.115265,125.0
24,109,0,122.83721,125.0
24,110,3,123.896614,125.0
24,111,1,130.4813,125.0
24,112,1,128.19296,125.0
24,113,3,123.20629,125.0
24,114,4,114.82008,125.0
24,115,0,120.955826,125.0
24,116,0,121.51705,125.0
24,117,0,113.18537,125.0
24,118,4,115.81376,125.0
24,119,2,121.251854,125.0
24,120,0,118.281044,125.0
24,121,1,119.034035,125.0
24,122,0,122.28888,125.0
24,123,0,118.01971,125.0
24,124,1,123.0355,125.0
24,125,2,124.85479,125.0
24,126,0,123.04364,125.0
24,127,1,119.955864,125.0
24,128,2,122.49853,125.0
24,129,3,125.622734,125.0
24,130,4,128.96149,125.0
24,131,0,121.7416,125.0
24,132,1,122.83938,125.0
24,133,0,123.17576,125.0
24,134,3,121.29386,125.0
24,135,1,120.313545,125.0
24,136,3,121.77538,125.0
24,137,4,124.01599,125.0
24,138,3,126.71253,125.0
24,139,5,126.672264,125.0
24,140,2,127.334435,125.0
24,141,2,126.048096,125.0
24,142,3,133.06079,125.0
24,143,4,123.95164,125.0
24,144,1,128.77284,125.0
24,145,5,121.80245,125.0
24,146,3,119.20519,125.0
24,147,5,121.71633,125.0
24,148,4,122.49139,125.0
24,149,3,113.371895,125.0
24,150,5,119.28752,125.0
24,151,3,116.05153,125.0
24,152,0,112.379616,125.0
24,153,0,106.345726,125.0
24,154,3,107.427765,125.0
24,155,4,95.29051,125.0
24,156,0,110.89596,125.0
24,157,3,115.25359,125.0
24,158,4,124.16154,125.0
24,159,4,118.59369,125.0
24,160,1,121.890884,125.0
24,161,4,124.493675,125.0
24,162,0,118.13092,125.0
24,163,2,123.572685,125.0
24,164,1,123.14378,125.0
24,165,3,127.27699,125.0
24,166,5,126.72276,125.0
24,167,2,123.32818,125.0
24,168,1,124.64486,125.0
24,169,0,122.961655,125.0
24,170,4,120.60429,125.0
24,171,0,123.65186,125.0
24,172,1,126.07122,125.0
24,173,5,127.61642,125.0
24,174,1,127.682915,125.0
24,175,4,125.651375,125.0
24,176,1,124.79292,125.0
24,177,2,121.90071,125.0
24,178,5,113.23875,125.0
24,179,0,115.23702,125.0
24,180,1,121.34251,125.0
24,181,4,116.51319,125.0
24,182,0,110.583206,125.0
24,183,1,122.95315,125.0
24,184,5,125.35223,125.0
24,185,3,125.55574,125.0
24,186,5,124.243904,125.0
24,187,1,125.2832,125.0
24,188,1,126.739655,125.0
24,189,1,123.79545,125.0
24,190,2,122.648445,125.0
24,191,2,122.58859,125.0
24,192,2,123.28918,125.0
24,193,0,115.479675,125.0
24,194,4,117.870964,125.0
24,195,0,121.008835,125.0
24,196,3,118.85909,125.0
24,197,1,107.908195,125.0
24,198,1,120.626526,125.0
24,199,2,111.87365,125.0
24,200,4,106.37675,125.0
24,201,1,116.86649,125.0
24,202,4,122.387726,125.0
24,203,1,120.04445,125.0
24,204,5,115.0176,125.0
24,205,2,121.69055,125.0
24,206,0,113.04667,125.0
24,207,5,124.41256,125.0
24,208,1,112.87664,125.0
24,209,2,124.2712,125.0
24,210,4,120.92176,125.0
24,211,4,118.90649,125.0
24,212,5,116.019554,125.0
24,213,1,122.19994,125.0
24,214,5,121.95081,125.0
24,215,1,119.90417,125.0
24,216,1,123.75436,125.0
24,217,1,120.35107,125.0
24,218,4,119.01206,125.0
24,219,4,93.03933,125.0
24,220,3,114.66192,125.0
24,221,0,120.421104,125.0
24,222,4,119.236786,125.0
24,223,2,118.86116,125.0
24,224,2,120.77996,125.0
24,225,4,124.51119,125.0
24,226,1,124.10154,125.0
24,227,4,121.10647,125.0
24,228,1,122.44671,125.0
24,229,1,124.07392,125.0
24,230,2,124.24638,125.0
24,231,2,122.7863,125.0
24,232,3,128.36945,125.0
24,233,4,127.07798,125.0
24,234,0,127.962006,125.0
24,235,0,129.77762,125.0
24,236,4,118.871635,125.0
24,237,3,121.76992,125.0
24,238,3,125.96397,125.0
24,239,2,122.9934,125.0
24,240,2,122.02432,125.0
24,241,4,108.07491,125.0
24,242,1,121.58126,125.0
24,243,1,110.614876,125.0
24,244,0,123.595894,125.0
24,245,1,123.33787,125.0
24,246,0,120.742905,125.0
24,247,4,122.45472,125.0
24,248,4,122.79035,125.0
24,249,3,124.128555,125.0
24,250,2,120.25502,125.0
24,251,1,120.44521,125.0
24,252,0,123.73507,125.0
24,253,1,121.63691,125.0
24,254,1,122.93578,125.0
24,255,2,121.88105,125.0
24,256,2,124.65499,125.0
24,257,5,120.41822,125.0
24,258,1,125.30782,125.0
24,259,4,125.34046,125.0
24,260,0,119.825386,125.0
24,261,5,121.96007,125.0
24,262,0,124.93455,125.0
24,263,3,123.40958,125.0
24,264,0,121.22748,125.0
24,265,4,122.25926,125.0
24,266,0,125.04384,125.0
24,267,4,122.65411,125.0
24,268,1,123.800896,125.0
24,269,4,123.75393,125.0
24,270,0,123.18491,125.0
24,271,5,108.68639,125.0
24,272,0,96.16333,125.0
24,273,2,91.264046,125.0
24,274,2,99.03491,125.0
24,275,5,113.49486,125.0
24,276,1,122.25387,125.0
24,277,0,107.956276,125.0
24,278,5,116.26493,125.0
24,279,2,112.44751,125.0
24,280,2,100.97129,125.0
24,281,4,115.46485,125.0
24,282,3,120.35827,125.0
24,283,4,108.87257,125.0
24,284,1,121.86929,125.0
24,285,2,123.19585,125.0
24,286,1,119.64976,125.0
24,287,5,123.117325,125.0
24,288,2,112.78484,125.0
24,289,4,114.97844,125.0
24,290,3,118.7834,125.0
24,291,3,107.79874,125.0
24,292,2,100.358475,125.0
24,293,2,103.4145,125.0
24,294,4,106.86315,125.0
24,295,1,117.94915,125.0
24,296,3,118.36421,125.0
24,297,5,120.54725,125.0
24,298,4,120.78914,125.0
24,299,4,118.54894,125.0
24,300,5,123.024895,125.0
24,301,4,113.8911,125.0
24,302,1,113.76937,125.0
24,303,2,123.17413,125.0
24,304,2,117.91364,125.0
24,305,3,118.39283,125.0
24,306,2,117.92834,125.0
24,307,2,123.332664,125.0
24,308,2,119.70864,125.0
24,309,4,118.4683,125.0
24,310,4,113.61578,125.0
24,311,4,117.17544,125.0
24,312,3,118.74752,125.0
24,313,4,111.13006,125.0
24,314,4,117.0857,125.0
24,315,1,126.08659,125.0
24,316,0,114.90569,125.0
24,317,3,123.04001,125.0
24,318,3,122.89996,125.0
24,319,4,110.56972,125.0
24,320,1,118.24952,125.0
24,321,3,119.835686,125.0
24,322,1,125.27993,125.0
24,323,1,123.73558,125.0
24,324,1,122.88135,125.0
24,325,0,115.969666,125.0
24,326,2,119.39925,125.0
24,327,2,115.34577,125.0
24,328,3,118.00568,125.0
24,329,2,87.12168,125.0
24,330,1,106.88673,125.0
24,331,3,114.335304,125.0
24,332,0,111.37551,125.0
24,333,0,106.36601,125.0
24,334,0,102.52633,125.0
24,335,3,93.75317,125.0
24,336,1,100.187416,125.0
24,337,4,104.818825,125.0
24,338,2,106.67881,125.0
24,339,1,109.994156,125.0
24,340,3,93.485435,125.0
24,341,4,98.21516,125.0
24,342,4,116.66495,125.0
24,343,1,121.416695,125.0
24,344,4,115.36158,125.0
24,345,1,110.373825,125.0
24,346,4,113.35534,125.0
24,347,2,101.42115,125.0
24,348,4,109.34127,125.0
24,349,1,110.43588,125.0
24,350,1,108.94625,125.0
24,351,4,94.429634,125.0
24,352,4,108.72729,125.0
24,353,2,90.84573,125.0
24,354,3,106.65393,125.0
24,355,2,102.255516,125.0
24,356,4,104.4286,125.0
24,357,2,106.35282,125.0
24,358,2,97.49178,125.0
24,359,1,102.16648,125.0
24,360,5,102.7592,124.0
24,361,2,95.552666,123.0
24,362,0,102.20901,122.0
24,363,4,91.391945,121.0
24,364,0,79.20907,120.0
24,365,3,88.1704,119.0
24,366,2,89.65342,118.0
24,367,3,81.712265,117.0
24,368,4,79.60497,116.0
24,369,5,59.419434,115.0
24,370,2,85.42274,114.0
24,371,1,99.326225,113.0
24,372,2,99.817894,112.0
24,373,2,86.130775,111.0
24,374,2,57.96057,110.0
24,375,4,64.05705,109.0
24,376,2,60.517586,108.0
24,377,5,71.34332,107.0
24,378,4,93.70727,106.0
24,379,0,105.43424,105.0
24,380,1,102.88273,104.0
24,381,1,100.18982,103.0
24,382,3,109.484215,102.0
24,383,2,95.591034,101.0
24,384,0,92.03502,100.0
24,385,5,90.995155,99.0
24,386,5,89.84268,98.0
24,387,3,91.91952,97.0
24,388,3,90.15388,96.0
24,389,3,72.73353,95.0
24,390,5,62.844757,94.0
24,391,0,76.92272,93.0
24,392,0,88.28985,92.0
24,393,0,70.212074,91.0
24,394,1,80.14616,90.0
24,395,2,81.75622,89.0
24,396,0,84.770485,88.0
24,397,0,91.59928,87.0
24,398,3,74.25491,86.0
24,399,4,70.31843,85.0
24,400,3,62.144444,84.0
24,401,3,70.47282,83.0
24,402,0,58.545647,82.0
24,403,4,55.746567,81.0
24,404,1,56.337006,80.0
24,405,0,72.138115,79.0
24,406,1,65.958786,78.0
24,407,1,74.49996,77.0
24,408,0,65.47872,76.0
24,409,3,66.785805,75.0
24,410,1,58.902233,74.0
24,411,5,69.0362,73.0
24,412,3,72.02903,72.0
24,413,4,94.54649,71.0
24,414,1,78.75698,70.0
24,415,1,68.77148,69.0
24,416,5,72.64503,68.0
24,417,0,81.35425,67.0
24,418,3,87.34335,66.0
24,419,4,85.135025,65.0
24,420,5,67.930824,64.0
24,421,3,63.854008,63.0
24,422,3,54.29772,62.0
24,423,4,67.50648,61.0
24,424,2,53.994312,60.0
24,425,2,52.70632,59.0
24,426,3,55.348732,58.0
24,427,0,56.730637,57.0
24,428,1,63.776344,56.0
24,429,4,56.08672,55.0
24,430,2,55.67689,54.0
24,431,3,60.218872,53.0
24,432,5,58.98919,52.0
24,433,4,57.54866,51.0
24,434,3,62.597984,50.0
24,435,2,53.78044,49.0
24,436,5,51.656693,48.0
24,437,2,48.649292,47.0
24,438,4,48.417915,46.0
24,439,5,48.69971,45.0
24,440,2,45.64382,44.0
24,441,4,46.227196,43.0
24,442,4,40.66128,42.0
24,443,3,42.758446,41.0
24,444,3,44.69375,40.0
24,445,2,37.720486,39.0
24,446,0,40.29068,38.0
24,447,0,34.581375,37.0
24,448,4,38.225414,36.0
24,449,3,44.043877,35.0
24,450,2,42.915863,34.0
24,451,1,37.50003,33.0
24,452,2,36.96701,32.0
24,453,3,30.727932,31.0
24,454,3,29.543415,30.0
24,455,0,32.00744,29.0
24,456,4,26.043396,28.0
24,457,1,37.65039,27.0
24,458,0,42.228203,26.0
24,459,1,26.382595,25.0
24,460,0,30.57805,24.0
24,461,4,32.3497,23.0
24,462,2,28.329199,22.0
24,463,0,37.179943,21.0
24,464,0,26.789793,20.0
24,465,5,30.242691,19.0
24,466,3,29.814468,18.0
24,467,3,33.661667,17.0
24,468,4,34.867905,16.0
24,469,0,26.534477,15.0
24,470,1,40.656937,14.0
24,471,3,39.065327,13.0
24,472,2,29.612553,12.0
24,473,0,21.879913,11.0
24,474,0,28.03867,10.0
24,475,0,16.31361,9.0
25,36,2,118.303314,125.0
25,37,1,121.53568,125.0
25,38,0,120.025276,125.0
25,39,4,119.692375,125.0
25,40,1,120.174835,125.0
25,41,0,123.89456,125.0
25,42,5,122.947266,125.0
25,43,5,130.4483,125.0
25,44,4,123.68814,125.0
25,45,1,131.31676,125.0
25,46,4,124.76608,125.0
25,47,2,115.412926,125.0
25,48,1,124.07773,125.0
25,49,1,123.50923,125.0
25,50,0,121.524315,125.0
25,51,5,119.59859,125.0
25,52,3,121.861,125.0
25,53,4,124.12349,125.0
25,54,0,123.33521,125.0
25,55,0,119.00855,125.0
25,56,5,115.0415,125.0
25,57,4,120.21133,125.0
25,58,4,117.38518,125.0
25,59,3,105.19752,125.0
25,60,4,105.328224,125.0
25,61,0,110.04553,125.0
25,62,0,95.42243,125.0
25,63,1,98.408905,125.0
25,64,5,91.04362,125.0
25,65,0,95.03241,125.0
25,66,0,117.60699,125.0
25,67,3,98.31101,125.0
25,68,1,96.41674,125.0
25,69,3,110.6657,125.0
25,70,3,111.09403,125.0
25,71,1,116.507866,125.0
25,72,5,123.02245,125.0
25,73,2,124.28429,125.0
25,74,5,128.90944,125.0
25,75,2,125.74573,125.0
25,76,4,127.90911,125.0
25,77,5,128.33691,125.0
25,78,2,124.580185,125.0
25,79,3,123.60894,125.0
25,80,5,129.38904,125.0
25,81,0,126.24749,125.0
25,82,4,128.32251,125.0
25,83,0,129.57083,125.0
25,84,2,121.24851,125.0
25,85,4,116.564285,125.0
25,86,1,122.15197,125.0
25,87,5,117.99015,125.0
25,88,0,122.83092,125.0
25,89,1,123.50133,125.0
25,90,1,120.00758,125.0
25,91,1,124.44843,125.0
25,92,4,121.320625,125.0
25,93,0,120.12728,125.0
25,94,5,123.87231,125.0
25,95,2,122.43061,125.0
25,96,4,124.79863,125.0
25,97,2,116.25841,125.0
25,98,5,105.53298,125.0
25,99,3,101.88471,125.0
25,100,4,104.197525,125.0
25,101,2,98.746735,125.0
25,102,1,110.75837,125.0
25,103,0,102.7259,124.0
25,104,2,109.52717,123.0
25,105,4,103.65668,122.0
25,106,0,124.51818,121.0
25,107,2,115.222466,120.0
25,108,0,120.462074,119.0
25,109,2,121.09778,118.0
25,110,1,120.17965,117.0
25,111,5,117.29719,116.0
25,112,3,116.435585,115.0
25,113,1,121.563934,114.0
25,114,2,125.40781,113.0
25,115,0,122.473755,112.0
25,116,4,126.87101,111.0
25,117,1,120.66954,110.0
25,118,0,119.8945,109.0
25,119,1,110.660484,108.0
25,120,1,128.83907,107.0
25,121,0,112.75705,106.0
25,122,4,125.13924,105.0
25,123,0,125.873215,104.0
25,124,0,121.97648,103.0
25,125,5,120.08802,102.0
25,126,3,115.08228,101.0
25,127,1,107.98762,100.0
25,128,5,119.28778,99.0
25,129,0,116.266914,98.0
25,130,2,119.47712,97.0
25,131,2,116.02242,96.0
25,132,5,116.102745,95.0
25,133,1,112.30329,94.0
25,134,0,115.43224,93.0
25,135,0,106.12497,92.0
25,136,5,89.68625,91.0
25,137,4,99.0606,90.0
25,138,0,97.52781,89.0
25,139,1,114.062584,88.0
25,140,2,122.21406,87.0
25,141,2,122.70799,86.0
25,142,1,100.02163,85.0
25,143,0,88.84043,84.0
25,144,1,99.61469,83.0
25,145,0,118.59717,82.0
25,146,1,123.184456,81.0
25,147,2,110.59815,80.0
25,148,2,104.07427,79.0
25,149,4,102.33759,78.0
25,150,1,100.28056,77.0
25,151,4,118.44805,76.0
25,152,3,106.22425,75.0
25,153,1,79.84734,74.0
25,154,2,88.84632,73.0
25,155,5,71.73159,72.0
25,156,2,89.13012,71.0
25,157,0,94.172874,70.0
25,158,4,83.9607,69.0
25,159,2,91.08983,68.0
25,160,4,109.95814,67.0
25,161,3,79.34582,66.0
25,162,5,91.75242,65.0
25,163,0,98.39354,64.0
25,164,3,95.57673,63.0
25,165,3,89.76519,62.0
25,166,2,88.02513,61.0
25,167,2,102.14502,60.0
25,168,4,74.66303,59.0
25,169,5,85.62906,58.0
26,36,3,125.31835,105.0
26,37,5,126.10374,104.0
26,38,4,123.76511,103.0
26,39,0,119.17557,102.0
26,40,0,119.72634,101.0
26,41,0,119.493935,100.0
26,42,2,107.191826,99.0
26,43,3,109.5066,98.0
26,44,2,118.7674,97.0
26,45,0,121.8653,96.0
26,46,5,108.79835,95.0
26,47,4,118.04998,94.0
26,48,2,122.29161,93.0
26,49,5,116.39408,92.0
26,50,0,119.34225,91.0
26,51,1,121.751015,90.0
26,52,2,123.3797,89.0
26,53,3,120.12629,88.0
26,54,4,121.36891,87.0
26,55,1,122.35873,86.0
26,56,2,121.77474,85.0
26,57,1,118.88462,84.0
26,58,2,117.70644,83.0
26,59,2,115.84277,82.0
26,60,2,96.99409,81.0
26,61,0,119.30759,80.0
26,62,3,113.12411,79.0
26,63,1,127.58662,78.0
26,64,1,117.09899,77.0
26,65,2,119.68461,76.0
26,66,2,121.51487,75.0
26,67,0,101.87231,74.0
26,68,2,96.829056,73.0
26,69,0,103.42773,72.0
26,70,4,92.28834,71.0
26,71,2,112.68282,70.0
26,72,2,90.72781,69.0
26,73,2,94.485634,68.0
26,74,3,78.27847,67.0
26,75,0,110.78632,66.0
26,76,4,89.4139,65.0
26,77,2,81.22413,64.0
26,78,1,86.43122,63.0
26,79,5,78.60065,62.0
26,80,0,92.03613,61.0
26,81,0,95.22039,60.0
26,82,3,84.71695,59.0
26,83,4,72.08791,58.0
26,84,2,87.27705,57.0
26,85,1,76.36577,56.0
26,86,1,61.894264,55.0
26,87,4,59.684937,54.0
26,88,1,57.92782,53.0
26,89,3,52.835144,52.0
26,90,1,41.21958,51.0
26,91,2,54.09658,50.0
26,92,1,59.98693,49.0
26,93,1,45.97206,48.0
26,94,1,46.655342,47.0
26,95,2,60.525963,46.0
26,96,5,33.086098,45.0
26,97,4,30.512047,44.0
26,98,3,31.117943,43.0
26,99,1,20.684715,42.0
26,100,3,27.934145,41.0
26,101,2,27.826141,40.0
26,102,3,26.964409,39.0
26,103,0,28.94666,38.0
26,104,3,22.7089,37.0
26,105,3,29.242783,36.0
26,106,1,27.857264,35.0
26,107,2,23.09454,34.0
26,108,1,20.500622,33.0
26,109,2,21.499088,32.0
26,110,2,19.4222,31.0
26,111,0,14.918706,30.0
26,112,3,15.0869875,29.0
26,113,1,14.732347,28.0
26,114,3,13.568616,27.0
26,115,0,13.727887,26.0
26,116,0,11.215205,25.0
26,117,2,10.738563,24.0
26,118,1,6.872253,23.0
26,119,0,21.322395,22.0
26,120,5,9.863219,21.0
26,121,4,8.948072,20.0
26,122,0,17.844835,19.0
26,123,2,11.871944,18.0
26,124,2,9.351796,17.0
26,125,1,4.8486557,16.0
26,126,2,2.159774,15.0
26,127,3,2.5662436,14.0
26,128,2,0.9044984,13.0
26,129,2,5.309944,12.0
26,130,3,5.1581306,11.0
27,36,3,94.64941,125.0
27,37,3,109.0118,125.0
27,38,0,100.6266,125.0
27,39,4,107.85413,125.0
27,40,1,112.93115,125.0
27,41,0,105.50799,125.0
27,42,0,111.88745,125.0
27,43,1,119.279305,125.0
27,44,0,115.94343,125.0
27,45,1,119.7239,125.0
27,46,3,122.280815,125.0
27,47,1,123.66904,125.0
27,48,0,119.94094,125.0
27,49,1,121.08418,125.0
27,50,1,117.981445,125.0
27,51,0,117.57074,125.0
27,52,5,117.987175,125.0
27,53,3,121.86722,125.0
27,54,1,117.31184,125.0
27,55,4,123.428764,125.0
27,56,1,121.541756,125.0
27,57,0,120.44304,125.0
27,58,5,126.376045,125.0
27,59,1,126.78606,125.0
27,60,5,123.26865,125.0
27,61,0,127.66231,125.0
27,62,4,124.92628,125.0
27,63,5,121.834755,125.0
27,64,4,123.84503,125.0
27,65,5,120.21932,125.0
27,66,1,123.045395,125.0
27,67,4,119.84989,125.0
27,68,2,102.88531,124.0
27,69,1,104.40112,123.0
27,70,1,115.540504,122.0
27,71,1,120.77926,121.0
27,72,1,125.289604,120.0
27,73,4,106.813995,119.0
27,74,4,114.468155,118.0
27,75,1,121.99204,117.0
27,76,0,121.38976,116.0
27,77,4,124.63282,115.0
27,78,5,118.1607,114.0
27,79,5,123.08604,113.0
27,80,0,120.21006,112.0
27,81,3,121.97776,111.0
27,82,3,115.622856,110.0
27,83,5,114.80137,109.0
27,84,4,120.67936,108.0
27,85,3,115.28554,107.0
27,86,4,107.62469,106.0
27,87,5,121.680855,105.0
27,88,4,122.97585,104.0
27,89,1,106.54396,103.0
27,90,5,110.46911,102.0
27,91,1,124.115135,101.0
27,92,1,118.8588,100.0
27,93,3,104.14256,99.0
27,94,0,109.153854,98.0
27,95,4,113.24076,97.0
27,96,1,114.071686,96.0
27,97,2,121.8309,95.0
27,98,5,122.46534,94.0
27,99,4,116.42904,93.0
27,100,3,123.24505,92.0
27,101,5,121.01684,91.0
27,102,1,117.12737,90.0
27,103,1,114.49888,89.0
27,104,3,125.181656,88.0
28,36,2,125.89495,125.0
28,37,2,115.78655,125.0
28,38,4,119.36464,125.0
28,39,3,123.54243,125.0
28,40,0,120.333176,125.0
28,41,1,123.06265,125.0
28,42,0,120.10266,125.0
28,43,4,118.94642,125.0
28,44,0,121.067024,125.0
28,45,0,119.98841,125.0
28,46,0,108.41012,125.0
28,47,3,122.91564,125.0
28,48,1,107.65823,125.0
28,49,0,108.449776,125.0
28,50,3,114.42431,125.0
28,51,1,119.590515,125.0
28,52,1,119.82949,125.0
28,53,4,107.28344,125.0
28,54,1,115.72598,125.0
28,55,2,117.32021,125.0
28,56,0,94.07769,125.0
28,57,0,109.23709,125.0
28,58,2,107.927826,125.0
28,59,4,114.68424,125.0
28,60,4,121.97025,125.0
28,61,0,122.168686,125.0
28,62,3,119.3368,125.0
28,63,0,129.61955,125.0
28,64,2,124.67656,125.0
28,65,4,125.76937,125.0
28,66,4,128.46683,125.0
28,67,0,121.60826,125.0
28,68,4,125.65067,125.0
28,69,2,127.85967,125.0
28,70,2,116.61701,125.0
29,36,2,124.35967,125.0
29,37,3,120.19924,125.0
29,38,5,115.4177,125.0
29,39,3,115.04688,125.0
29,40,5,114.818245,125.0
29,41,2,119.77184,125.0
29,42,2,119.62098,125.0
29,43,0,124.4047,125.0
29,44,3,122.022026,125.0
29,45,2,110.45527,125.0
29,46,3,123.1963,125.0
29,47,0,120.08786,125.0
29,48,0,118.142075,125.0
29,49,5,97.81931,125.0
29,50,3,121.30443,125.0
29,51,2,120.81745,125.0
29,52,5,119.84199,125.0
29,53,4,124.065895,125.0
29,54,3,114.05994,125.0
29,55,2,117.18842,125.0
29,56,3,123.079445,125.0
29,57,0,126.06425,125.0
29,58,1,129.85411,125.0
29,59,5,131.46393,125.0
29,60,2,126.54981,125.0
29,61,2,124.36461,125.0
29,62,0,120.35039,125.0
29,63,1,116.26441,125.0
29,64,2,121.55188,125.0
29,65,1,119.836655,125.0
29,66,4,128.21097,125.0
29,67,1,99.957535,125.0
29,68,4,104.56079,125.0
29,69,2,109.68134,125.0
29,70,1,99.081535,125.0
29,71,0,116.09113,125.0
29,72,0,122.95667,125.0
29,73,4,112.76832,125.0
29,74,1,118.73232,125.0
29,75,4,116.27921,125.0
29,76,4,103.02395,125.0
29,77,2,109.467705,125.0
29,78,5,98.438255,125.0
29,79,1,86.02011,125.0
29,80,3,122.0141,125.0
29,81,4,119.02319,125.0
29,82,5,120.81597,125.0
29,83,0,124.92691,125.0
29,84,4,120.99873,125.0
29,85,2,119.61291,125.0
29,86,1,109.11372,125.0
29,87,5,120.59093,125.0
29,88,1,128.09721,125.0
29,89,4,124.255135,124.0
30,36,3,97.651215,125.0
30,37,0,93.477806,125.0
30,38,3,92.63888,125.0
30,39,1,121.68225,125.0
30,40,2,105.124855,125.0
30,41,4,99.73794,125.0
30,42,0,123.29536,125.0
30,43,4,114.33985,125.0
30,44,4,118.37551,125.0
30,45,0,111.58101,125.0
30,46,3,123.76856,125.0
30,47,5,109.29778,125.0
30,48,1,122.92411,125.0
30,49,3,129.12253,125.0
30,50,3,120.25039,125.0
30,51,4,128.07718,125.0
30,52,4,130.26167,125.0
30,53,4,110.50229,125.0
30,54,0,111.68122,125.0
30,55,4,111.59287,125.0
30,56,0,117.61575,125.0
30,57,0,90.92626,125.0
30,58,5,109.37788,125.0
30,59,0,127.36863,125.0
30,60,4,120.59846,125.0
30,61,0,128.53722,125.0
30,62,1,129.65685,125.0
30,63,5,128.64871,125.0
30,64,1,123.11793,125.0
30,65,2,126.06355,125.0
30,66,3,121.6789,125.0
30,67,2,122.338844,125.0
30,68,1,124.235954,125.0
30,69,1,123.92632,125.0
30,70,5,126.339455,125.0
30,71,2,91.145134,125.0
30,72,3,110.90072,125.0
30,73,1,111.47071,125.0
30,74,5,121.77817,125.0
30,75,1,124.94387,125.0
30,76,1,126.8143,125.0
30,77,2,125.76267,125.0
30,78,4,124.222626,125.0
30,79,2,127.54418,125.0
30,80,2,123.36858,125.0
30,81,1,112.6202,125.0
30,82,2,121.32194,125.0
30,83,3,123.220955,125.0
30,84,3,124.36124,125.0
30,85,1,117.66901,125.0
30,86,2,114.975555,125.0
30,87,1,118.22171,125.0
30,88,1,120.61477,125.0
30,89,1,118.596825,125.0
30,90,0,125.07489,125.0
30,91,2,124.30651,125.0
30,92,4,127.34461,125.0
30,93,0,128.71637,125.0
30,94,5,124.95259,125.0
30,95,1,126.964066,125.0
30,96,3,122.325554,125.0
30,97,0,123.47543,125.0
30,98,3,125.50547,125.0
30,99,0,126.44222,125.0
30,100,1,125.61668,125.0
30,101,0,119.15066,125.0
30,102,1,122.37971,125.0
30,103,1,125.43501,125.0
30,104,0,121.40448,125.0
30,105,2,125.56412,125.0
30,106,5,123.88652,125.0
30,107,4,116.34594,125.0
30,108,4,114.349846,125.0
30,109,2,119.47414,125.0
30,110,4,121.58993,125.0
30,111,0,105.282036,125.0
30,112,1,126.23421,125.0
30,113,4,120.56847,125.0
30,114,4,115.976234,125.0
30,115,3,112.59169,125.0
30,116,1,120.46797,125.0
30,117,2,127.100365,125.0
30,118,5,120.86114,125.0
30,119,3,120.935555,125.0
30,120,1,125.679855,125.0
30,121,5,129.59882,125.0
30,122,5,122.08521,125.0
30,123,4,126.59065,125.0
30,124,2,123.59963,125.0
30,125,1,128.13408,125.0
30,126,2,125.675476,125.0
30,127,2,107.4476,125.0
30,128,2,107.21426,125.0
30,129,0,109.193306,125.0
30,130,2,117.89271,125.0
30,131,4,116.19254,125.0
30,132,3,115.89391,125.0
30,133,3,122.173386,125.0
30,134,3,122.98806,125.0
30,135,4,124.18871,125.0
30,136,1,118.37353,125.0
30,137,0,121.9761,125.0
30,138,5,123.98553,125.0
30,139,1,125.97898,125.0
30,140,5,123.6154,125.0
30,141,2,125.28199,125.0
30,142,0,125.56612,125.0
30,143,3,122.84652,125.0
30,144,1,122.74927,125.0
30,145,1,126.25761,125.0
30,146,5,124.672325,125.0
30,147,3,119.61771,125.0
30,148,5,124.571365,125.0
30,149,1,127.042755,125.0
30,150,1,128.0509,125.0
30,151,2,119.1867,125.0
30,152,2,121.77621,125.0
30,153,3,122.83587,125.0
30,154,2,120.656425,125.0
30,155,1,119.97135,125.0
30,156,0,120.39984,125.0
30,157,5,120.89051,125.0
30,158,3,129.84662,125.0
30,159,3,127.0091,125.0
30,160,5,108.33666,125.0
30,161,1,120.85448,125.0
30,162,4,109.73907,125.0
30,163,0,124.91868,125.0
30,164,4,124.365654,125.0
30,165,4,129.50093,125.0
30,166,0,127.615776,125.0
30,167,0,127.17261,125.0
30,168,4,126.08659,125.0
30,169,2,125.15266,125.0
30,170,2,123.48868,125.0
30,171,2,116.69346,125.0
30,172,4,118.50921,125.0
30,173,2,118.63315,125.0
30,174,2,115.592834,125.0
30,175,1,118.78592,125.0
30,176,4,106.512115,125.0
30,177,4,112.46761,125.0
30,178,1,101.48763,125.0
30,179,2,108.87333,125.0
30,180,1,121.42959,125.0
30,181,0,115.167206,125.0
30,182,1,109.2322,125.0
30,183,0,118.0493,125.0
30,184,3,116.6948,125.0
30,185,2,117.512566,125.0
30,186,5,123.34031,125.0
30,187,5,123.517876,125.0
30,188,1,121.58372,125.0
30,189,4,123.31126,125.0
30,190,4,123.17153,125.0
30,191,5,123.04331,125.0
30,192,0,119.2304,125.0
30,193,0,121.51056,125.0
30,194,2,121.72995,125.0
30,195,2,120.47857,125.0
30,196,3,117.81517,125.0
30,197,4,124.40175,125.0
30,198,1,125.756935,125.0
30,199,1,124.056526,125.0
30,200,5,120.73334,125.0
30,201,0,120.1842,125.0
30,202,1,121.57848,125.0
30,203,5,118.71426,125.0
30,204,0,108.231445,125.0
30,205,3,120.89884,125.0
30,206,2,112.778854,125.0
30,207,0,113.34459,125.0
30,208,0,122.03365,125.0
30,209,0,112.97362,125.0
30,210,4,103.66856,125.0
30,211,2,122.43528,125.0
30,212,3,117.65539,125.0
30,213,4,119.060844,125.0
30,214,0,119.22346,125.0
30,215,4,106.51649,125.0
30,216,0,109.31478,125.0
30,217,4,116.90484,125.0
30,218,3,111.807594,125.0
30,219,1,120.96515,125.0
30,220,1,114.37732,125.0
30,221,4,115.82676,125.0
30,222,4,111.4307,125.0
30,223,3,117.8443,125.0
30,224,0,118.557076,125.0
30,225,3,114.05267,125.0
30,226,2,113.484856,125.0
30,227,5,120.656555,125.0
30,228,5,112.099846,125.0
30,229,1,123.73526,125.0
30,230,2,113.41664,125.0
30,231,3,112.48484,125.0
30,232,0,116.48208,125.0
30,233,0,123.82162,125.0
30,234,1,119.72603,125.0
30,235,4,128.3669,125.0
30,236,4,122.3789,125.0
30,237,0,116.154236,125.0
30,238,3,113.94899,125.0
30,239,2,105.29371,125.0
30,240,3,118.50976,125.0
30,241,5,106.53383,125.0
30,242,0,114.03747,125.0
30,243,5,107.92963,125.0
30,244,4,105.77032,125.0
30,245,2,106.73316,125.0
30,246,1,110.68542,125.0
30,247,2,112.78424,125.0
30,248,3,107.85586,125.0
30,249,2,110.344765,125.0
30,250,3,122.06034,125.0
30,251,5,105.528465,125.0
30,252,0,91.83698,125.0
30,253,4,89.23791,125.0
30,254,4,100.46814,125.0
30,255,1,117.76479,125.0
30,256,5,115.18119,125.0
30,257,5,102.73202,125.0
30,258,2,122.09928,125.0
30,259,1,124.069405,125.0
30,260,2,122.657974,125.0
30,261,4,119.32886,125.0
30,262,0,123.9088,125.0
30,263,2,121.669975,125.0
30,264,2,121.80552,125.0
30,265,0,114.49096,125.0
30,266,3,118.45553,125.0
30,267,1,113.3999,125.0
30,268,4,109.382774,125.0
30,269,5,109.95083,125.0
30,270,0,113.73987,125.0
30,271,1,112.45658,125.0
30,272,2,121.53826,125.0
30,273,3,99.68069,125.0
30,274,4,93.16144,125.0
30,275,2,99.3179,125.0
30,276,5,94.07246,125.0
30,277,3,110.54179,125.0
30,278,0,123.0779,125.0
30,279,5,122.5371,125.0
30,280,3,110.5509,125.0
30,281,3,114.83722,125.0
30,282,0,116.12981,125.0
30,283,1,113.89631,125.0
30,284,2,107.522995,125.0
30,285,4,107.179115,125.0
30,286,3,106.79542,125.0
30,287,0,112.928246,125.0
30,288,0,108.82597,125.0
30,289,5,106.32276,125.0
30,290,0,109.41569,125.0
30,291,4,102.15683,125.0
30,292,1,107.28383,125.0
30,293,4,100.76501,125.0
30,294,1,98.69987,125.0
30,295,0,104.98377,125.0
30,296,4,96.69883,125.0
30,297,4,103.04505,125.0
30,298,2,106.71709,124.0
30,299,2,94.96538,123.0
30,300,0,79.942696,122.0
30,301,3,93.842285,121.0
30,302,4,94.41802,120.0
30,303,4,77.33771,119.0
30,304,5,93.14154,118.0
30,305,2,93.08367,117.0
30,306,1,91.5496,116.0
30,307,4,95.73594,115.0
30,308,4,88.63421,114.0
30,309,3,90.76475,113.0
30,310,3,91.257576,112.0
30,311,2,85.15159,111.0
30,312,2,80.17118,110.0
30,313,3,79.55871,109.0
30,314,1,75.36454,108.0
30,315,0,83.99821,107.0
30,316,3,84.59028,106.0
30,317,1,64.38394,105.0
30,318,4,60.215088,104.0
30,319,2,92.15703,103.0
30,320,4,78.38448,102.0
30,321,4,85.67863,101.0
30,322,3,88.90115,100.0
30,323,4,89.66709,99.0
30,324,4,87.30615,98.0
30,325,1,80.45525,97.0
30,326,2,80.64396,96.0
30,327,0,88.38999,95.0
30,328,4,98.66725,94.0
30,329,3,87.76652,93.0
30,330,0,83.28365,92.0
30,331,1,88.161,91.0
30,332,0,91.686485,90.0
30,333,1,81.78978,89.0
31,36,1,115.55044,125.0
31,37,2,121.581024,125.0
31,38,2,122.943535,125.0
31,39,4,120.87107,125.0
31,40,0,126.28045,125.0
31,41,0,129.34352,125.0
31,42,0,126.42754,125.0
31,43,0,121.649704,125.0
31,44,4,125.6401,125.0
31,45,2,123.449234,125.0
31,46,1,123.66234,125.0
31,47,0,125.345726,125.0
31,48,3,126.67617,125.0
31,49,4,123.10018,125.0
31,50,1,106.31367,125.0
31,51,3,111.17443,125.0
31,52,2,104.37528,125.0
31,53,3,107.98359,125.0
31,54,4,118.688484,125.0
31,55,1,123.15179,125.0
31,56,2,122.88027,125.0
31,57,0,127.37672,125.0
31,58,4,120.39386,125.0
31,59,0,114.54891,125.0
31,60,1,120.88676,125.0
31,61,1,125.09525,125.0
31,62,5,122.3643,125.0
31,63,0,116.87791,125.0
31,64,0,124.70217,125.0
31,65,4,120.67571,125.0
31,66,1,123.71637,125.0
31,67,1,123.84676,125.0
31,68,2,132.24318,125.0
31,69,2,125.74767,125.0
31,70,5,124.270454,125.0
31,71,0,124.33341,125.0
31,72,3,123.095695,125.0
31,73,1,120.48362,125.0
31,74,3,125.39313,125.0
31,75,2,119.181816,125.0
31,76,0,124.54147,125.0
31,77,0,128.75076,125.0
31,78,2,127.72254,125.0
31,79,3,104.58442,125.0
31,80,1,119.145744,125.0
31,81,2,122.38279,125.0
31,82,2,121.5775,125.0
31,83,2,108.69854,125.0
31,84,3,116.22776,125.0
31,85,0,109.502716,125.0
31,86,3,111.88834,125.0
31,87,5,97.879,125.0
31,88,4,97.06638,125.0
31,89,1,109.71562,125.0
31,90,0,99.03848,125.0
31,91,0,101.174385,125.0
31,92,1,97.52239,125.0
31,93,2,85.20159,125.0
31,94,4,95.111015,125.0
31,95,2,120.50077,125.0
31,96,4,93.602234,125.0
31,97,2,97.87817,125.0
31,98,3,104.49985,125.0
31,99,2,108.91198,125.0
31,100,5,105.00069,125.0
31,101,2,102.52073,125.0
31,102,3,118.32232,125.0
31,103,2,119.39768,125.0
31,104,3,117.32608,125.0
31,105,4,119.74198,125.0
31,106,2,109.33632,125.0
31,107,1,112.89607,124.0
31,108,1,122.38416,123.0
31,109,3,120.91097,122.0
31,110,0,118.906746,121.0
31,111,1,120.73258,120.0
31,112,0,118.09928,119.0
31,113,2,117.14205,118.0
31,114,1,108.87724,117.0
31,115,1,116.677,116.0
31,116,2,124.395096,115.0
31,117,2,114.9899,114.0
31,118,1,120.47435,113.0
31,119,1,114.212,112.0
31,120,0,119.040276,111.0
31,121,3,119.67257,110.0
31,122,4,116.927574,109.0
31,123,0,121.23675,108.0
31,124,2,114.9786,107.0
31,125,1,117.458466,106.0
31,126,4,113.61083,105.0
31,127,3,115.722115,104.0
31,128,3,118.780876,103.0
31,129,0,115.68325,102.0
31,130,0,107.38568,101.0
31,131,0,103.04709,100.0
31,132,2,110.34409,99.0
31,133,0,97.7777,98.0
31,134,5,91.62858,97.0
31,135,0,77.85526,96.0
31,136,3,72.82754,95.0
31,137,2,66.23681,94.0
31,138,4,74.019684,93.0
31,139,2,83.10732,92.0
31,140,0,58.899765,91.0
31,141,2,77.03881,90.0
31,142,4,74.085014,89.0
31,143,4,72.08677,88.0
31,144,1,90.844475,87.0
31,145,2,82.31931,86.0
31,146,3,74.7231,85.0
31,147,4,81.63038,84.0
31,148,5,83.36872,83.0
31,149,0,85.10997,82.0
31,150,1,74.66093,81.0
31,151,4,84.05019,80.0
31,152,0,96.659615,79.0
32,36,2,123.501335,125.0
32,37,0,122.82277,125.0
32,38,0,116.50164,125.0
32,39,1,119.87527,125.0
32,40,4,104.03037,125.0
32,41,1,123.25863,125.0
32,42,4,120.66093,125.0
32,43,3,121.063835,125.0
32,44,5,116.30002,125.0
32,45,0,101.83047,125.0
32,46,2,109.84389,125.0
32,47,1,123.041275,125.0
32,48,1,121.529305,125.0
32,49,2,122.51365,125.0
32,50,2,121.3484,125.0
32,51,0,123.360695,124.0
32,52,5,113.38141,123.0
32,53,2,114.34934,122.0
32,54,1,120.05259,121.0
32,55,2,119.53211,120.0
32,56,5,118.51119,119.0
32,57,2,105.53389,118.0
32,58,4,115.42887,117.0
32,59,3,116.20446,116.0
32,60,1,119.92695,115.0
32,61,0,116.14454,114.0
32,62,4,118.68559,113.0
32,63,2,116.73731,112.0
32,64,5,100.92157,111.0
32,65,5,101.88606,110.0
32,66,4,122.43261,109.0
32,67,3,113.248436,108.0
32,68,1,111.64734,107.0
32,69,2,120.66171,106.0
32,70,5,118.68799,105.0
32,71,1,117.60799,104.0
32,72,2,119.636284,103.0
32,73,0,112.48453,102.0
32,74,0,110.52732,101.0
32,75,5,123.72199,100.0
32,76,3,121.17923,99.0
32,77,2,117.820854,98.0
32,78,5,117.53211,97.0
32,79,2,117.63796,96.0
32,80,5,118.5038,95.0
32,81,2,114.12188,94.0
32,82,4,116.26198,93.0
32,83,2,115.706696,92.0
32,84,2,118.819435,91.0
32,85,3,122.901634,90.0
32,86,2,123.05489,89.0
32,87,5,130.19139,88.0
32,88,4,124.405174,87.0
32,89,4,123.649666,86.0
32,90,2,118.884,85.0
32,91,1,125.495125,84.0
32,92,2,119.931465,83.0
32,93,1,112.247536,82.0
32,94,0,101.81186,81.0
32,95,1,103.39715,80.0
32,96,4,83.9218,79.0
32,97,3,104.38601,78.0
32,98,5,96.907585,77.0
32,99,1,108.353745,76.0
32,100,4,109.048744,75.0
32,101,1,95.42591,74.0
32,102,1,96.24711,73.0
32,103,4,98.57195,72.0
32,104,2,95.5568,71.0
32,105,3,93.398636,70.0
32,106,5,101.116325,69.0
32,107,0,88.133705,68.0
32,108,0,103.983086,67.0
32,109,0,93.828514,66.0
32,110,1,92.771706,65.0
32,111,1,79.88813,64.0
32,112,3,91.39368,63.0
32,113,2,95.22346,62.0
32,114,0,80.36056,61.0
32,115,1,87.745636,60.0
32,116,4,88.10035,59.0
32,117,2,92.566444,58.0
32,118,4,70.31338,57.0
32,119,2,75.921196,56.0
32,120,4,73.80352,55.0
33,36,0,123.40154,125.0
33,37,4,114.710236,125.0
33,38,5,115.191475,125.0
33,39,0,122.22887,125.0
33,40,0,117.859375,125.0
33,41,5,122.5815,125.0
33,42,3,123.74566,125.0
33,43,3,124.13038,125.0
33,44,0,121.009926,125.0
33,45,2,119.96464,125.0
33,46,2,107.9055,125.0
33,47,0,121.36462,125.0
33,48,4,120.37919,125.0
33,49,1,124.64645,125.0
33,50,2,109.81856,125.0
33,51,0,124.52027,125.0
33,52,3,127.82984,125.0
33,53,1,124.39892,125.0
33,54,0,114.28448,125.0
33,55,2,120.01517,125.0
33,56,0,126.776764,125.0
33,57,5,123.29107,125.0
33,58,1,123.04827,125.0
33,59,2,125.76824,125.0
33,60,4,129.21951,125.0
33,61,2,128.19522,125.0
33,62,2,127.1113,125.0
33,63,0,129.00098,125.0
33,64,4,123.7655,125.0
33,65,3,126.68608,125.0
33,66,1,125.39822,125.0
33,67,1,124.37181,125.0
33,68,4,127.89434,125.0
33,69,4,125.82697,125.0
33,70,0,120.22697,125.0
33,71,3,121.20373,125.0
33,72,0,106.58841,125.0
33,73,1,119.358986,125.0
33,74,1,122.73495,125.0
33,75,2,117.34179,125.0
33,76,5,124.11262,125.0
33,77,4,122.223465,125.0
33,78,5,127.48705,125.0
33,79,3,121.78574,125.0
33,80,0,115.87188,125.0
33,81,1,127.87246,125.0
33,82,2,127.48411,125.0
33,83,0,122.557205,125.0
33,84,4,127.498634,125.0
33,85,3,124.19939,125.0
33,86,0,127.50873,125.0
33,87,4,127.43548,125.0
33,88,0,122.83535,125.0
33,89,2,128.4777,125.0
33,90,3,119.93469,125.0
33,91,2,117.91639,125.0
33,92,2,126.9812,125.0
33,93,4,127.41809,125.0
33,94,3,124.84196,125.0
33,95,0,127.22217,125.0
33,96,0,124.18881,125.0
33,97,1,128.30954,125.0
33,98,4,122.87429,125.0
33,99,2,127.78395,125.0
33,100,3,128.81827,125.0
33,101,0,124.049675,125.0
33,102,2,124.5438,125.0
33,103,4,119.297935,125.0
33,104,4,126.48425,125.0
33,105,0,128.95587,125.0
33,106,2,109.568756,125.0
33,107,5,123.24362,125.0
33,108,0,123.56336,125.0
33,109,0,121.15924,125.0
33,110,0,122.25108,125.0
33,111,3,122.89697,125.0
33,112,0,116.25379,125.0
33,113,1,120.13978,125.0
33,114,1,109.44697,125.0
33,115,0,122.74348,125.0
33,116,0,124.40081,125.0
33,117,0,120.83509,125.0
33,118,4,125.459,125.0
33,119,3,123.27424,125.0
33,120,5,123.10033,125.0
33,121,0,119.66646,125.0
33,122,4,114.36454,125.0
33,123,5,99.44862,125.0
33,124,3,99.14581,125.0
33,125,3,101.52117,125.0
33,126,3,81.001564,125.0
33,127,1,91.14869,124.0
33,128,0,114.6596,123.0
33,129,1,114.16404,122.0
33,130,5,96.726875,121.0
33,131,2,66.65385,120.0
33,132,4,102.614174,119.0
33,133,2,106.30753,118.0
33,134,2,71.19621,117.0
33,135,3,93.183235,116.0
33,136,3,95.04016,115.0
33,137,4,99.35352,114.0
33,138,5,106.34265,113.0
33,139,5,104.635376,112.0
33,140,0,122.67698,111.0
33,141,0,121.637474,110.0
33,142,2,117.529,109.0
33,143,0,111.710106,108.0
33,144,3,116.23884,107.0
33,145,2,121.587105,106.0
33,146,0,118.12721,105.0
33,147,5,118.06362,104.0
33,148,4,119.177956,103.0
33,149,1,106.40586,102.0
33,150,2,111.161736,101.0
33,151,5,120.14968,100.0
33,152,1,107.72255,99.0
33,153,0,102.57546,98.0
33,154,5,100.022964,97.0
33,155,5,108.54641,96.0
33,156,5,107.67338,95.0
33,157,0,95.39491,94.0
33,158,1,88.677925,93.0
33,159,3,104.52593,92.0
33,160,3,123.091835,91.0
33,161,0,110.588196,90.0
33,162,5,118.9205,89.0
33,163,5,118.34962,88.0
33,164,1,126.08367,87.0
33,165,4,115.24476,86.0
33,166,1,123.55094,85.0
33,167,5,103.73652,84.0
33,168,3,89.55393,83.0
33,169,3,112.30253,82.0
33,170,0,115.18493,81.0
33,171,1,113.7692,80.0
33,172,1,115.04682,79.0
33,173,4,122.17568,78.0
33,174,0,116.75192,77.0
33,175,0,118.579384,76.0
33,176,4,122.07346,75.0
33,177,5,112.18323,74.0
33,178,1,105.32321,73.0
33,179,0,102.39282,72.0
33,180,0,112.790474,71.0
34,36,2,124.59891,125.0
34,37,0,120.87003,125.0
34,38,1,128.32504,125.0
34,39,2,119.25999,125.0
34,40,3,115.841415,125.0
34,41,4,119.20406,125.0
34,42,0,123.85184,125.0
34,43,1,125.80631,125.0
34,44,4,124.34711,125.0
34,45,3,123.29842,125.0
34,46,3,104.29655,124.0
34,47,5,121.893166,123.0
34,48,5,120.41709,122.0
34,49,0,116.80901,121.0
34,50,0,121.536736,120.0
34,51,3,105.95182,119.0
34,52,3,102.55932,118.0
34,53,1,108.16319,117.0
34,54,1,116.12494,116.0
34,55,1,127.86109,115.0
34,56,1,123.78461,114.0
34,57,1,120.85438,113.0
34,58,4,119.340324,112.0
34,59,5,116.88307,111.0
34,60,2,113.819984,110.0
34,61,5,99.29427,109.0
34,62,2,101.03747,108.0
34,63,0,93.030426,107.0
34,64,5,106.011604,106.0
34,65,0,122.22554,105.0
34,66,0,106.30918,104.0
34,67,4,121.78515,103.0
34,68,0,124.917496,102.0
34,69,4,121.41592,101.0
34,70,1,125.97099,100.0
34,71,0,123.91662,99.0
34,72,2,130.6679,98.0
34,73,1,130.06165,97.0
34,74,0,122.54416,96.0
34,75,5,118.7425,95.0
34,76,2,113.14658,94.0
34,77,1,112.390465,93.0
34,78,1,109.393814,92.0
34,79,3,112.786316,91.0
34,80,0,118.58602,90.0
34,81,5,114.18301,89.0
34,82,0,101.09597,88.0
34,83,2,102.23911,87.0
34,84,0,92.74581,86.0
34,85,3,75.06784,85.0
34,86,0,97.17578,84.0
34,87,0,85.43024,83.0
34,88,5,77.35097,82.0
34,89,1,82.57445,81.0
34,90,2,115.88477,80.0
34,91,3,117.12652,79.0
34,92,0,124.08755,78.0
34,93,3,113.86894,77.0
34,94,5,114.5205,76.0
34,95,0,92.73562,75.0
34,96,0,119.427284,74.0
34,97,2,108.28896,73.0
34,98,1,128.90541,72.0
34,99,3,122.09482,71.0
34,100,2,126.223335,70.0
34,101,2,121.43861,69.0
34,102,3,115.21526,68.0
34,103,1,125.09147,67.0
34,104,1,119.36413,66.0
34,105,1,117.98968,65.0
35,36,5,122.86907,125.0
35,37,5,125.82733,125.0
35,38,4,124.97476,125.0
35,39,1,127.43174,125.0
35,40,0,129.73662,125.0
35,41,4,128.9649,125.0
35,42,1,118.645256,125.0
35,43,0,118.44357,125.0
35,44,2,122.154755,125.0
35,45,5,122.086296,125.0
35,46,0,121.77488,125.0
35,47,1,122.916145,125.0
35,48,1,120.573944,125.0
35,49,5,122.497055,125.0
35,50,2,119.20287,125.0
35,51,2,121.05714,125.0
35,52,3,126.5082,125.0
35,53,2,122.89065,125.0
35,54,3,117.6152,125.0
35,55,1,122.18524,125.0
35,56,4,122.93043,125.0
35,57,2,115.22381,125.0
35,58,2,112.14623,125.0
35,59,0,95.25741,125.0
35,60,0,94.91959,125.0
35,61,4,80.84087,125.0
35,62,2,99.15397,125.0
35,63,4,93.745766,125.0
35,64,4,94.37892,125.0
35,65,1,116.88952,125.0
35,66,2,119.59666,125.0
35,67,4,123.165596,125.0
35,68,0,122.448074,125.0
35,69,2,92.58369,125.0
35,70,3,119.348,125.0
35,71,4,114.21927,125.0
35,72,2,117.07392,125.0
35,73,1,117.31188,125.0
35,74,2,121.989265,125.0
35,75,2,124.93019,125.0
35,76,2,116.1582,125.0
35,77,4,115.91338,125.0
35,78,0,126.15353,125.0
35,79,4,120.88602,125.0
35,80,2,124.98979,125.0
35,81,0,123.01822,125.0
35,82,1,116.55087,125.0
35,83,1,119.21132,125.0
35,84,1,108.388176,125.0
35,85,4,124.5527,125.0
35,86,2,125.85151,125.0
35,87,0,121.68458,125.0
35,88,5,120.15041,125.0
35,89,5,124.452446,125.0
35,90,4,119.854744,125.0
35,91,5,108.92519,125.0
35,92,2,104.9799,125.0
35,93,1,121.34504,125.0
35,94,3,114.76382,125.0
35,95,2,116.02987,125.0
35,96,0,106.73683,125.0
35,97,3,121.29475,125.0
35,98,4,122.85012,125.0
35,99,0,125.882225,125.0
35,100,4,125.54035,125.0
35,101,2,120.311424,125.0
35,102,5,124.122665,125.0
35,103,2,121.5572,125.0
35,104,3,121.80422,125.0
35,105,0,115.756325,125.0
35,106,2,116.75466,125.0
35,107,4,104.19649,124.0
35,108,1,125.09438,123.0
35,109,1,123.86646,122.0
35,110,1,122.25396,121.0
35,111,0,121.90361,120.0
35,112,5,126.15169,119.0
35,113,5,118.109535,118.0
35,114,1,123.178444,117.0
35,115,0,118.58216,116.0
35,116,4,108.62505,115.0
35,117,3,123.39871,114.0
35,118,5,104.5118,113.0
35,119,0,111.5528,112.0
35,120,3,95.7776,111.0
35,121,0,116.93724,110.0
35,122,3,121.57403,109.0
35,123,0,111.6415,108.0
35,124,3,108.90707,107.0
35,125,2,95.51265,106.0
35,126,4,103.3808,105.0
35,127,2,108.94876,104.0
35,128,0,103.10305,103.0
35,129,3,102.04287,102.0
35,130,0,117.42382,101.0
35,131,0,104.71751,100.0
35,132,1,90.297676,99.0
35,133,3,75.17863,98.0
35,134,0,97.850464,97.0
35,135,0,91.690956,96.0
35,136,1,99.057076,95.0
35,137,5,97.23922,94.0
35,138,3,93.51578,93.0
35,139,0,89.880875,92.0
35,140,5,116.88633,91.0
35,141,1,108.74877,90.0
35,142,5,102.832466,89.0
35,143,3,109.08228,88.0
35,144,3,105.13921,87.0
36,36,1,120.266914,125.0
36,37,0,119.113686,125.0
36,38,0,126.213104,125.0
36,39,0,122.03516,125.0
36,40,4,122.50094,125.0
36,41,5,123.67985,125.0
36,42,0,125.36858,125.0
36,43,4,123.84936,125.0
36,44,1,123.16479,125.0
36,45,5,120.993484,125.0
36,46,3,125.19767,125.0
36,47,3,121.267204,125.0
36,48,2,125.955376,125.0
36,49,3,120.062195,125.0
36,50,4,124.82589,125.0
36,51,1,122.92611,125.0
36,52,0,124.296425,125.0
36,53,3,124.677414,125.0
36,54,4,119.97439,125.0
36,55,2,125.84302,125.0
36,56,1,119.65456,125.0
36,57,5,113.880226,125.0
36,58,1,124.62203,125.0
36,59,2,127.192795,125.0
36,60,3,123.354256,125.0
36,61,3,130.62518,125.0
36,62,2,126.28358,125.0
36,63,5,128.21973,125.0
36,64,1,129.02386,125.0
36,65,0,128.34348,125.0
36,66,0,131.22656,125.0
36,67,1,119.00236,125.0
36,68,3,122.30286,125.0
36,69,5,122.30158,125.0
36,70,1,120.575745,125.0
36,71,0,126.00694,125.0
36,72,5,120.77312,125.0
36,73,2,125.55523,125.0
36,74,4,122.50721,125.0
36,75,5,127.34406,125.0
36,76,1,125.867714,125.0
36,77,2,115.96905,125.0
36,78,0,112.59937,125.0
36,79,4,104.52638,125.0
36,80,4,90.900505,125.0
36,81,3,120.04436,125.0
36,82,0,107.46596,125.0
36,83,5,106.853615,125.0
36,84,1,121.524895,125.0
36,85,3,121.76918,125.0
36,86,0,124.708565,125.0
36,87,1,128.3669,125.0
36,88,0,121.088615,125.0
36,89,4,120.80438,125.0
36,90,1,112.44314,125.0
37,36,0,126.68099,125.0
37,37,2,129.83737,125.0
37,38,5,129.72269,125.0
37,39,5,123.684235,125.0
37,40,0,127.12757,125.0
37,41,1,128.68542,125.0
37,42,0,123.88633,125.0
37,43,4,122.23461,125.0
37,44,2,119.600426,125.0
37,45,2,121.61379,125.0
37,46,2,122.60447,125.0
37,47,4,120.74586,125.0
38,36,1,127.42794,119.0
38,37,0,127.02288,118.0
38,38,3,121.091255,117.0
38,39,5,120.04824,116.0
38,40,1,129.13226,115.0
38,41,2,127.36564,114.0
38,42,5,125.23513,113.0
38,43,0,126.62881,112.0
38,44,4,124.40988,111.0
38,45,2,131.64944,110.0
38,46,1,123.531166,109.0
38,47,4,118.030945,108.0
38,48,3,124.58707,107.0
38,49,1,122.54421,106.0
38,50,4,124.25561,105.0
38,51,4,124.50564,104.0
38,52,1,122.32575,103.0
38,53,4,120.07042,102.0
38,54,5,123.2492,101.0
38,55,5,125.32974,100.0
38,56,3,117.358,99.0
38,57,0,122.88012,98.0
38,58,1,125.05123,97.0
38,59,1,119.8931,96.0
38,60,4,124.11455,95.0
38,61,1,118.9576,94.0
38,62,5,107.18052,93.0
38,63,1,117.71757,92.0
38,64,1,121.56365,91.0
38,65,0,121.28266,90.0
38,66,5,118.745605,89.0
38,67,0,121.13976,88.0
38,68,4,122.182396,87.0
38,69,5,118.61733,86.0
38,70,4,115.405205,85.0
38,71,2,119.809135,84.0
38,72,1,117.156075,83.0
38,73,5,107.720764,82.0
38,74,1,123.908455,81.0
38,75,0,99.440636,80.0
38,76,4,103.562096,79.0
38,77,1,107.54237,78.0
38,78,4,114.6238,77.0
38,79,4,105.69944,76.0
38,80,4,121.25925,75.0
38,81,1,117.81013,74.0
38,82,0,120.70316,73.0
38,83,2,122.084366,72.0
38,84,0,122.18845,71.0
38,85,5,120.792496,70.0
38,86,1,126.87957,69.0
38,87,3,124.77732,68.0
38,88,5,124.02878,67.0
38,89,2,115.36404,66.0
38,90,4,121.41793,65.0
38,91,0,116.470215,64.0
38,92,1,96.0053,63.0
38,93,4,119.342064,62.0
38,94,4,94.67228,61.0
38,95,2,99.36816,60.0
38,96,1,91.42817,59.0
38,97,4,73.03675,58.0
38,98,0,76.07598,57.0
38,99,1,98.730965,56.0
38,100,1,73.57058,55.0
38,101,4,102.93386,54.0
38,102,4,109.11333,53.0
38,103,3,77.28426,52.0
38,104,4,87.20132,51.0
38,105,1,79.857765,50.0
38,106,5,55.605186,49.0
38,107,5,49.571033,48.0
38,108,5,42.416206,47.0
38,109,2,36.082047,46.0
38,110,1,29.961615,45.0
38,111,2,30.114697,44.0
38,112,2,36.96109,43.0
38,113,1,47.44573,42.0
38,114,5,81.3279,41.0
38,115,5,39.085632,40.0
38,116,5,44.709106,39.0
38,117,4,31.512016,38.0
38,118,2,35.36684,37.0
38,119,4,34.465454,36.0
38,120,2,33.04018,35.0
38,121,1,29.029476,34.0
38,122,4,35.429554,33.0
38,123,1,34.908073,32.0
38,124,4,46.55479,31.0
38,125,1,29.230057,30.0
38,126,4,26.356033,29.0
38,127,3,25.58596,28.0
38,128,5,37.051075,27.0
38,129,3,21.415222,26.0
38,130,4,33.675987,25.0
38,131,1,35.27704,24.0
38,132,1,32.682587,23.0
38,133,4,34.02777,22.0
39,36,4,115.31273,125.0
39,37,5,121.7456,125.0
39,38,1,126.444435,125.0
39,39,5,122.81805,125.0
39,40,3,123.587494,125.0
39,41,5,124.09339,125.0
39,42,1,125.03809,125.0
39,43,5,119.80732,125.0
39,44,5,98.75506,125.0
39,45,2,116.00862,125.0
39,46,4,127.45176,125.0
39,47,1,127.76755,125.0
39,48,2,130.72997,125.0
39,49,1,126.09999,125.0
39,50,1,126.07693,125.0
39,51,5,124.878456,125.0
39,52,3,122.76389,125.0
39,53,0,126.00269,125.0
39,54,4,128.86276,125.0
39,55,0,127.96867,125.0
39,56,4,127.57882,125.0
39,57,4,128.37323,125.0
39,58,3,131.99414,125.0
39,59,0,131.86816,125.0
39,60,4,129.74622,125.0
39,61,1,126.424,125.0
39,62,4,127.646095,125.0
39,63,5,134.49202,125.0
39,64,5,127.84665,125.0
39,65,0,127.166084,125.0
39,66,2,132.77298,125.0
39,67,0,127.18475,125.0
39,68,0,116.09902,125.0
39,69,2,116.537605,125.0
39,70,2,125.63493,125.0
39,71,4,119.96754,125.0
39,72,0,123.60865,125.0
39,73,0,127.980576,125.0
39,74,1,103.47305,125.0
39,75,1,125.3163,125.0
39,76,3,126.41762,125.0
39,77,5,122.85626,125.0
39,78,0,126.30818,125.0
39,79,3,123.06176,125.0
39,80,3,116.01661,125.0
39,81,1,116.50149,125.0
39,82,2,88.99364,125.0
39,83,4,84.60278,125.0
39,84,5,74.75689,125.0
39,85,1,86.41233,125.0
39,86,5,92.09441,125.0
39,87,0,94.41491,125.0
39,88,5,77.59675,125.0
39,89,2,52.12518,125.0
39,90,2,74.28103,125.0
39,91,4,66.88682,125.0
39,92,4,85.53242,125.0
39,93,3,77.13613,125.0
39,94,0,97.98009,125.0
39,95,4,60.72238,125.0
39,96,1,44.39521,125.0
39,97,3,53.747555,125.0
39,98,2,97.54875,125.0
39,99,0,53.76821,125.0
39,100,3,78.73072,125.0
39,101,4,58.505108,125.0
39,102,1,86.5872,125.0
39,103,5,88.843994,125.0
39,104,5,68.76461,125.0
39,105,0,95.286514,125.0
39,106,5,83.03469,125.0
39,107,1,109.231834,125.0
39,108,3,117.395706,125.0
39,109,5,112.362526,125.0
39,110,1,123.05595,125.0
39,111,3,124.41221,125.0
39,112,2,122.52827,125.0
39,113,2,119.32998,125.0
39,114,4,124.068184,125.0
39,115,2,116.41313,125.0
39,116,2,122.64516,125.0
39,117,5,125.814644,125.0
39,118,3,111.954,125.0
39,119,5,122.90442,125.0
39,120,1,116.12876,125.0
39,121,1,124.830605,125.0
39,122,4,124.591064,125.0
39,123,0,119.54303,125.0
39,124,1,122.71841,125.0
39,125,0,120.316444,125.0
39,126,3,121.949066,125.0
39,127,4,120.949524,125.0
39,128,1,122.442505,125.0
39,129,4,119.92194,125.0
39,130,2,123.78174,125.0
39,131,1,123.8321,125.0
39,132,2,122.45071,125.0
39,133,1,112.65462,125.0
39,134,5,108.74926,125.0
39,135,0,119.39399,125.0
39,136,3,124.709145,125.0
39,137,4,124.07708,125.0
39,138,0,103.78341,125.0
39,139,2,92.40961,125.0
39,140,5,122.37791,125.0
39,141,4,105.35507,125.0
39,142,0,120.10331,125.0
39,143,0,121.36895,125.0
39,144,3,120.18079,125.0
39,145,5,123.9846,125.0
39,146,3,115.71488,125.0
39,147,2,112.87823,125.0
39,148,1,113.42746,125.0
39,149,2,117.36272,125.0
39,150,4,111.82697,125.0
39,151,2,114.28727,125.0
39,152,1,117.288635,125.0
39,153,0,117.85822,125.0
39,154,0,111.61839,125.0
39,155,1,120.436745,125.0
39,156,2,118.70515,125.0
39,157,3,122.46134,125.0
39,158,2,108.96392,125.0
39,159,4,114.87841,125.0
39,160,4,114.718956,125.0
39,161,2,105.34893,125.0
39,162,5,101.24992,125.0
39,163,1,115.716,125.0
39,164,5,123.25569,125.0
39,165,2,120.62513,125.0
39,166,4,114.09539,125.0
39,167,3,111.23965,125.0
39,168,2,117.89466,125.0
39,169,4,108.680885,125.0
39,170,1,108.2423,125.0
39,171,1,105.74266,125.0
39,172,2,109.29648,125.0
39,173,0,96.14302,125.0
39,174,2,102.5319,125.0
39,175,3,107.212746,125.0
39,176,2,107.97004,125.0
39,177,0,99.32633,125.0
39,178,5,87.17703,125.0
39,179,3,111.60755,125.0
39,180,0,102.123695,125.0
39,181,0,106.74346,125.0
39,182,3,100.30648,125.0
39,183,3,91.26817,125.0
39,184,1,113.252655,125.0
39,185,0,100.923836,125.0
39,186,1,108.112,125.0
39,187,3,104.73917,125.0
39,188,4,98.92172,125.0
39,189,4,101.16471,125.0
39,190,3,79.52987,125.0
39,191,0,99.79299,125.0
39,192,0,86.53828,125.0
39,193,5,96.72812,125.0
39,194,5,88.18516,124.0
39,195,4,97.356316,123.0
39,196,3,103.538216,122.0
39,197,3,97.79118,121.0
39,198,0,96.45122,120.0
39,199,0,91.075134,119.0
39,200,2,84.652,118.0
39,201,3,73.5153,117.0
39,202,0,94.186226,116.0
39,203,4,92.108444,115.0
39,204,0,96.82162,114.0
39,205,4,93.998566,113.0
39,206,0,104.625465,112.0
39,207,0,111.649376,111.0
39,208,5,85.33991,110.0
39,209,5,85.0449,109.0
39,210,4,62.179512,108.0
39,211,3,91.2249,107.0
39,212,0,102.40599,106.0
39,213,3,85.88932,105.0
39,214,1,101.90508,104.0
39,215,4,101.169914,103.0
39,216,0,89.89562,102.0
39,217,2,93.352,101.0
39,218,1,100.465034,100.0
39,219,4,96.27372,99.0
39,220,4,91.74232,98.0
39,221,2,92.095665,97.0
39,222,3,98.37405,96.0
39,223,3,96.83251,95.0
39,224,4,92.402435,94.0
39,225,0,74.88303,93.0
39,226,2,72.46943,92.0
39,227,2,72.154915,91.0
39,228,5,73.89918,90.0
39,229,0,83.376335,89.0
39,230,5,85.67707,88.0
39,231,2,84.18726,87.0
39,232,1,77.94176,86.0
39,233,2,66.76094,85.0
39,234,0,66.44584,84.0
39,235,0,70.08914,83.0
39,236,2,69.48722,82.0
39,237,3,64.10299,81.0
39,238,0,66.917,80.0
39,239,1,67.483955,79.0
39,240,1,60.67675,78.0
39,241,2,60.028587,77.0
39,242,0,65.68528,76.0
39,243,0,63.65,75.0
39,244,5,74.25868,74.0
39,245,4,57.074623,73.0
39,246,0,64.60404,72.0
39,247,0,58.440186,71.0
39,248,4,48.470734,70.0
39,249,1,48.525063,69.0
39,250,0,55.14846,68.0
39,251,4,55.693527,67.0
39,252,2,68.38874,66.0
39,253,1,61.534813,65.0
39,254,1,47.69438,64.0
39,255,2,51.42446,63.0
39,256,3,54.81991,62.0
39,257,3,58.840176,61.0
39,258,2,59.70179,60.0
39,259,3,60.570305,59.0
39,260,0,59.756496,58.0
39,261,1,50.26858,57.0
39,262,5,58.83203,56.0
39,263,0,62.60441,55.0
39,264,0,53.12582,54.0
39,265,4,47.176956,53.0
39,266,1,47.91806,52.0
39,267,1,44.87317,51.0
39,268,3,38.755444,50.0
39,269,2,42.317535,49.0
39,270,0,38.212967,48.0
39,271,1,38.099583,47.0
39,272,2,38.675,46.0
39,273,0,34.45002,45.0
39,274,4,36.442688,44.0
39,275,2,32.636887,43.0
39,276,3,24.948307,42.0
39,277,4,21.911457,41.0
39,278,4,29.378347,40.0
39,279,2,22.819916,39.0
39,280,1,19.181065,38.0
39,281,1,20.631798,37.0
39,282,2,13.13532,36.0
39,283,1,21.119717,35.0
39,284,0,16.539457,34.0
39,285,5,19.433529,33.0
39,286,1,23.360683,32.0
39,287,5,13.838733,31.0
39,288,0,19.202618,30.0
39,289,2,15.698926,29.0
39,290,2,13.157716,28.0
39,291,1,19.433552,27.0
39,292,2,18.449434,26.0
39,293,5,12.669728,25.0
39,294,0,13.07584,24.0
39,295,5,8.576484,23.0
39,296,1,9.729471,22.0
39,297,0,11.158204,21.0
39,298,2,12.307058,20.0
39,299,5,9.421775,19.0
39,300,5,6.269604,18.0
39,301,1,10.411128,17.0
39,302,5,8.483215,16.0
39,303,2,6.8738127,15.0
39,304,4,5.7013702,14.0
39,305,1,8.676745,13.0
39,306,3,9.243867,12.0
39,307,1,11.181781,11.0
39,308,3,8.660621,10.0
39,309,4,16.079609,9.0
39,310,1,15.919583,8.0
40,36,2,94.937675,125.0
40,37,3,122.67162,125.0
40,38,5,124.94362,125.0
40,39,0,123.29773,125.0
40,40,2,124.53189,125.0
40,41,4,121.87166,125.0
40,42,2,121.75251,125.0
40,43,1,114.103294,125.0
40,44,4,114.19338,125.0
40,45,5,119.99611,125.0
40,46,2,127.869484,125.0
40,47,0,121.19216,125.0
40,48,5,126.690315,125.0
40,49,4,126.96384,125.0
40,50,3,127.81003,125.0
40,51,0,130.61053,125.0
40,52,5,128.04297,125.0
40,53,4,129.61739,125.0
40,54,1,125.95818,125.0
40,55,5,123.15246,125.0
40,56,1,128.479,125.0
40,57,2,123.81548,125.0
40,58,1,119.4507,125.0
40,59,1,119.16108,125.0
40,60,0,126.153656,125.0
40,61,2,124.75082,125.0
40,62,0,127.237366,125.0
40,63,0,124.17692,125.0
40,64,3,125.445915,125.0
40,65,1,121.83013,125.0
40,66,3,126.11772,125.0
40,67,0,125.46107,125.0
40,68,1,124.29088,125.0
40,69,5,126.092155,125.0
40,70,4,120.32431,125.0
40,71,0,126.87396,125.0
40,72,4,120.385666,125.0
40,73,0,111.49588,125.0
40,74,1,122.58009,125.0
40,75,5,124.12556,125.0
40,76,1,124.69266,125.0
40,77,2,97.66292,125.0
40,78,0,102.153404,125.0
40,79,4,121.70202,125.0
40,80,1,118.43893,125.0
40,81,5,121.44131,125.0
40,82,4,122.3933,125.0
40,83,2,122.91946,125.0
40,84,3,128.35,125.0
40,85,0,123.85138,125.0
40,86,4,124.77556,125.0
40,87,0,127.07427,125.0
40,88,5,122.479706,125.0
40,89,5,121.48196,125.0
40,90,4,127.971,125.0
40,91,1,128.09967,125.0
40,92,3,127.032585,125.0
40,93,0,120.00922,125.0
40,94,2,122.017044,125.0
40,95,2,122.114456,125.0
40,96,5,116.25484,125.0
40,97,3,109.45277,125.0
40,98,4,118.78655,125.0
40,99,5,107.11851,125.0
40,100,4,99.26336,125.0
40,101,5,101.0615,125.0
40,102,2,108.3364,125.0
40,103,5,111.22887,125.0
40,104,4,111.249626,125.0
40,105,1,121.54429,125.0
40,106,1,116.24851,125.0
40,107,3,113.83128,125.0
40,108,2,103.16267,125.0
40,109,5,108.493996,125.0
40,110,2,110.26191,125.0
40,111,1,118.59922,125.0
40,112,0,126.16789,125.0
40,113,0,125.41986,125.0
40,114,4,122.14443,125.0
40,115,5,121.60882,125.0
40,116,1,121.17254,125.0
40,117,0,119.24306,125.0
40,118,4,116.55536,125.0
40,119,3,116.78436,125.0
40,120,4,131.68915,125.0
40,121,4,129.319,125.0
40,122,4,127.192825,125.0
40,123,2,129.5469,125.0
40,124,4,121.19463,125.0
40,125,1,113.44811,125.0
40,126,5,110.24571,125.0
40,127,2,119.63994,125.0
40,128,0,101.04035,125.0
40,129,3,107.48087,125.0
40,130,4,106.764366,125.0
40,131,0,116.82812,125.0
40,132,2,112.46998,125.0
40,133,0,128.35065,125.0
40,134,2,109.316505,125.0
40,135,3,111.72152,125.0
40,136,0,94.887436,125.0
40,137,3,97.89507,125.0
40,138,5,103.826256,125.0
40,139,0,122.88475,125.0
40,140,5,123.70551,125.0
40,141,1,124.85003,125.0
40,142,3,120.976204,125.0
40,143,3,113.69898,125.0
40,144,4,117.13683,125.0
40,145,0,111.83324,125.0
40,146,2,116.66666,125.0
40,147,3,112.41941,125.0
40,148,0,104.49934,125.0
40,149,0,96.43073,125.0
40,150,2,105.85203,125.0
40,151,2,91.23575,125.0
40,152,1,95.592995,125.0
40,153,0,103.011345,125.0
40,154,3,71.4192,125.0
40,155,3,98.47178,125.0
40,156,5,98.541985,125.0
40,157,0,100.97613,125.0
40,158,3,83.06249,125.0
40,159,2,111.83668,125.0
40,160,5,119.909966,125.0
40,161,1,121.969345,125.0
40,162,0,118.29325,125.0
40,163,0,122.240974,125.0
40,164,0,118.93003,125.0
40,165,1,125.21566,125.0
40,166,4,123.153114,125.0
40,167,3,128.94855,125.0
40,168,4,125.48665,125.0
40,169,4,116.023705,125.0
40,170,4,106.60999,125.0
40,171,1,113.69375,125.0
40,172,1,118.94848,125.0
40,173,0,115.45445,125.0
40,174,4,117.10424,125.0
40,175,4,121.41318,125.0
40,176,3,118.00329,125.0
40,177,2,120.4613,125.0
40,178,3,120.726944,125.0
40,179,0,120.849495,125.0
40,180,2,124.457924,125.0
40,181,1,121.508545,125.0
40,182,1,126.19784,125.0
40,183,2,121.07626,125.0
40,184,4,121.00724,125.0
40,185,1,121.43421,125.0
40,186,4,124.13604,125.0
40,187,4,113.947205,125.0
40,188,1,117.59647,125.0
40,189,1,117.795204,125.0
40,190,4,123.41425,125.0
40,191,0,107.547485,125.0
40,192,0,107.57079,125.0
40,193,1,100.79198,125.0
40,194,2,119.60825,125.0
40,195,4,122.34806,125.0
40,196,1,125.62093,125.0
40,197,2,122.45765,125.0
40,198,1,119.645905,125.0
40,199,4,120.189125,125.0
40,200,5,120.304474,125.0
40,201,3,122.60937,125.0
40,202,1,129.00294,125.0
40,203,4,127.85459,125.0
40,204,2,124.09882,125.0
40,205,2,127.11762,125.0
40,206,0,113.557686,125.0
40,207,4,118.090675,125.0
40,208,4,116.202614,125.0
40,209,3,123.797905,125.0
40,210,0,91.99372,125.0
40,211,2,110.499954,125.0
40,212,3,101.25865,125.0
40,213,0,103.41697,125.0
40,214,2,77.30375,125.0
40,215,0,82.60078,125.0
40,216,1,85.87533,125.0
40,217,1,86.85807,125.0
40,218,5,76.46885,125.0
40,219,3,102.839775,125.0
40,220,0,108.608185,125.0
40,221,2,108.585686,125.0
40,222,0,118.62207,125.0
40,223,5,109.90536,125.0
40,224,4,103.57353,125.0
40,225,5,112.76603,125.0
40,226,3,110.428055,125.0
40,227,1,118.74507,125.0
40,228,2,116.614006,125.0
40,229,4,109.19285,125.0
40,230,2,102.23837,124.0
40,231,4,114.42735,123.0
40,232,3,115.437325,122.0
40,233,0,114.653946,121.0
40,234,2,110.48411,120.0
40,235,2,112.93139,119.0
40,236,3,116.04607,118.0
40,237,1,111.30892,117.0
40,238,5,117.23469,116.0
40,239,4,119.43745,115.0
40,240,0,123.99505,114.0
40,241,4,124.89908,113.0
40,242,0,97.160736,112.0
40,243,5,86.454666,111.0
40,244,4,91.650475,110.0
40,245,0,99.023476,109.0
40,246,5,85.27451,108.0
40,247,3,90.87787,107.0
40,248,1,100.53832,106.0
40,249,0,77.35847,105.0
40,250,1,80.91043,104.0
40,251,0,67.60218,103.0
40,252,0,74.65058,102.0
40,253,5,100.77442,101.0
40,254,2,91.53069,100.0
40,255,2,63.24955,99.0
40,256,4,88.58064,98.0
40,257,4,89.552345,97.0
40,258,5,103.777534,96.0
40,259,1,78.43104,95.0
40,260,0,76.73852,94.0
40,261,4,87.98712,93.0
40,262,3,77.297554,92.0
40,263,3,66.38454,91.0
40,264,5,73.61265,90.0
40,265,2,75.88217,89.0
40,266,4,69.71924,88.0
40,267,0,75.62805,87.0
40,268,2,81.81246,86.0
40,269,4,69.97615,85.0
40,270,3,74.384224,84.0
40,271,0,67.37475,83.0
40,272,3,75.93342,82.0
40,273,2,71.64404,81.0
40,274,2,70.97436,80.0
40,275,3,65.35683,79.0
40,276,2,68.65364,78.0
40,277,5,69.43383,77.0
40,278,2,64.71734,76.0
40,279,3,73.919495,75.0
40,280,1,70.04229,74.0
40,281,2,66.67434,73.0
40,282,4,66.41894,72.0
40,283,4,64.6456,71.0
40,284,5,57.930027,70.0
40,285,3,37.08377,69.0
40,286,4,34.219193,68.0
40,287,4,36.541756,67.0
40,288,4,56.85237,66.0
40,289,0,49.378834,65.0
40,290,0,45.056877,64.0
40,291,0,36.646187,63.0
40,292,2,34.384453,62.0
40,293,0,44.607376,61.0
40,294,0,29.366463,60.0
40,295,2,27.957619,59.0
40,296,0,40.805977,58.0
40,297,5,36.42983,57.0
40,298,0,36.406494,56.0
40,299,1,32.97203,55.0
40,300,0,28.138622,54.0
40,301,1,19.7855,53.0
40,302,2,19.909555,52.0
40,303,5,20.468649,51.0
40,304,3,30.55838,50.0
40,305,2,21.27302,49.0
40,306,5,24.06129,48.0
40,307,1,21.942383,47.0
40,308,5,25.29548,46.0
40,309,2,28.174921,45.0
40,310,4,23.826824,44.0
40,311,4,19.893486,43.0
40,312,1,20.819593,42.0
40,313,4,28.168575,41.0
41,36,3,117.57549,125.0
41,37,1,106.01206,125.0
41,38,4,107.09532,125.0
41,39,2,105.47107,125.0
41,40,3,124.23611,125.0
41,41,2,121.609474,125.0
41,42,5,125.83639,125.0
41,43,4,123.976974,125.0
41,44,2,122.71462,125.0
41,45,1,122.018974,125.0
41,46,0,123.28541,125.0
41,47,2,122.18137,125.0
41,48,1,119.59546,125.0
41,49,4,125.4812,125.0
41,50,3,121.685585,125.0
41,51,5,121.14455,125.0
41,52,4,122.62975,125.0
41,53,1,117.330574,125.0
41,54,3,105.78653,125.0
41,55,0,107.66143,125.0
41,56,2,106.11567,125.0
41,57,0,109.41088,125.0
41,58,0,95.7866,125.0
41,59,2,107.82905,125.0
41,60,2,106.65052,125.0
41,61,1,104.2285,125.0
41,62,4,98.07909,125.0
41,63,1,93.33195,125.0
41,64,1,105.57302,125.0
41,65,3,103.59255,125.0
41,66,2,117.23685,125.0
41,67,1,120.14668,125.0
41,68,3,121.33079,125.0
41,69,5,124.39216,125.0
41,70,4,118.38485,125.0
41,71,1,120.875404,125.0
41,72,2,123.82995,125.0
41,73,1,129.79395,125.0
41,74,1,123.12196,125.0
41,75,1,104.60385,125.0
41,76,5,111.08371,125.0
41,77,1,120.320305,125.0
41,78,2,121.657684,125.0
41,79,0,125.25557,125.0
41,80,1,122.51098,125.0
41,81,4,127.509056,125.0
41,82,2,126.59617,125.0
41,83,4,119.182106,125.0
41,84,3,119.23357,125.0
41,85,0,125.96785,125.0
41,86,2,126.8043,125.0
41,87,1,128.39307,125.0
41,88,0,124.930336,125.0
41,89,1,127.06334,125.0
41,90,4,125.266,125.0
41,91,5,126.60469,125.0
41,92,1,127.441795,125.0
41,93,3,127.68871,125.0
41,94,4,127.6116,125.0
41,95,4,129.48114,125.0
41,96,2,126.454094,125.0
41,97,4,124.987915,125.0
41,98,5,127.545586,125.0
41,99,3,126.946785,125.0
41,100,5,124.78534,125.0
41,101,5,105.9389,125.0
42,36,4,123.03145,125.0
42,37,5,122.958824,125.0
42,38,2,122.693115,125.0
42,39,4,121.902176,125.0
42,40,3,122.09164,125.0
42,41,4,127.47228,125.0
42,42,4,122.441414,125.0
42,43,3,121.402855,125.0
42,44,3,121.24286,125.0
42,45,5,119.446465,125.0
42,46,0,121.09059,125.0
42,47,3,118.11666,125.0
42,48,2,121.98537,125.0
42,49,0,123.99183,125.0
42,50,5,110.27366,125.0
42,51,1,120.39234,125.0
42,52,4,108.145004,125.0
42,53,2,122.65908,125.0
42,54,1,126.68824,125.0
42,55,2,121.02239,125.0
42,56,0,121.76026,125.0
42,57,2,123.84533,125.0
42,58,4,120.943184,125.0
42,59,1,121.054596,125.0
42,60,3,121.53427,125.0
42,61,5,122.9472,125.0
42,62,2,110.15387,125.0
42,63,0,104.69314,125.0
42,64,1,99.13392,125.0
42,65,1,92.945244,125.0
42,66,0,92.46676,125.0
42,67,0,99.69935,125.0
42,68,3,121.83665,125.0
42,69,4,122.72097,125.0
42,70,5,126.74201,125.0
42,71,0,121.888176,125.0
42,72,3,119.911064,125.0
42,73,5,122.442215,125.0
42,74,2,124.007645,125.0
42,75,1,112.9513,125.0
42,76,0,124.348915,125.0
42,77,4,126.48904,125.0
42,78,3,124.57582,124.0
42,79,2,122.220024,123.0
42,80,3,123.96242,122.0
42,81,4,123.70432,121.0
42,82,1,122.77926,120.0
42,83,4,123.68489,119.0
42,84,4,124.590385,118.0
42,85,0,119.207794,117.0
42,86,2,122.61671,116.0
42,87,0,125.41578,115.0
43,36,0,118.35926,125.0
43,37,1,111.50319,125.0
43,38,2,123.92765,125.0
43,39,3,112.88328,125.0
43,40,0,119.36463,125.0
43,41,0,113.73251,125.0
43,42,2,126.118355,125.0
43,43,4,118.63041,125.0
43,44,0,126.177315,125.0
43,45,3,128.16643,125.0
43,46,2,124.24479,125.0
43,47,1,124.81592,125.0
43,48,4,125.4697,125.0
43,49,4,129.23035,125.0
43,50,2,125.352554,125.0
43,51,1,122.05799,125.0
43,52,3,121.05632,125.0
43,53,4,123.931854,125.0
43,54,4,118.87888,125.0
43,55,2,118.91866,125.0
43,56,1,123.86851,125.0
43,57,1,107.969246,125.0
43,58,1,105.4624,125.0
43,59,0,93.62256,125.0
43,60,2,104.28764,125.0
43,61,2,117.66126,125.0
43,62,0,119.69952,125.0
43,63,0,114.800316,125.0
43,64,0,124.8573,125.0
43,65,3,127.21537,125.0
43,66,0,124.21233,125.0
43,67,0,119.31401,125.0
43,68,2,120.467224,125.0
43,69,3,122.97206,125.0
43,70,2,125.53804,125.0
43,71,0,118.63526,125.0
43,72,3,123.58755,125.0
43,73,1,125.49691,125.0
43,74,1,121.40591,125.0
43,75,2,114.21267,125.0
43,76,5,112.26111,125.0
43,77,4,108.875404,125.0
43,78,1,118.06747,125.0
43,79,5,105.08107,125.0
43,80,3,115.92336,125.0
43,81,0,112.76697,125.0
43,82,2,113.24996,125.0
43,83,3,116.388664,125.0
43,84,2,125.60285,125.0
43,85,4,126.882454,125.0
43,86,2,128.76869,125.0
43,87,1,124.35154,125.0
43,88,3,119.78925,125.0
43,89,5,116.758766,125.0
43,90,1,126.49186,125.0
43,91,4,122.24842,125.0
43,92,0,111.67117,125.0
43,93,4,102.87545,125.0
43,94,3,122.82418,125.0
43,95,3,115.71554,125.0
43,96,0,119.95817,125.0
43,97,4,121.70684,125.0
43,98,4,115.16156,125.0
43,99,4,125.34159,125.0
43,100,3,124.93572,125.0
43,101,1,126.53882,125.0
43,102,2,124.83526,125.0
43,103,3,122.85926,125.0
43,104,1,118.43679,125.0
43,105,1,121.088844,125.0
43,106,0,128.56277,125.0
43,107,4,126.45808,125.0
43,108,5,126.00254,125.0
43,109,1,128.98631,125.0
43,110,5,128.86255,125.0
43,111,0,120.730415,125.0
43,112,2,120.66622,125.0
43,113,1,120.41942,125.0
43,114,2,118.851036,125.0
43,115,3,124.36989,125.0
43,116,0,128.31458,125.0
43,117,0,125.65863,125.0
43,118,2,125.24085,125.0
43,119,3,124.89497,125.0
43,120,0,129.41167,125.0
43,121,2,122.77739,125.0
43,122,0,126.05764,125.0
43,123,1,127.304665,125.0
43,124,1,127.49431,125.0
43,125,0,126.30475,125.0
43,126,1,129.23456,125.0
43,127,1,123.965385,125.0
43,128,2,124.328995,125.0
43,129,4,121.82038,125.0
43,130,4,119.37382,125.0
43,131,4,115.09345,125.0
43,132,2,118.49993,125.0
43,133,0,109.976395,125.0
44,36,1,105.367744,125.0
44,37,2,112.52715,125.0
44,38,0,100.92903,125.0
44,39,5,119.15178,125.0
44,40,2,122.80756,125.0
44,41,3,123.86285,125.0
44,42,5,119.349754,125.0
44,43,1,123.627785,125.0
44,44,1,111.91132,125.0
44,45,2,119.07926,125.0
44,46,2,115.500084,125.0
44,47,5,121.94215,125.0
44,48,4,126.925545,125.0
44,49,2,111.41521,125.0
44,50,2,106.765976,125.0
44,51,2,122.44482,125.0
44,52,2,117.44102,125.0
44,53,5,122.33083,125.0
44,54,5,130.88257,125.0
44,55,4,125.134636,125.0
44,56,0,122.00304,125.0
44,57,1,122.7723,125.0
44,58,2,109.319374,125.0
44,59,4,96.90889,125.0
44,60,0,100.089,125.0
44,61,4,100.21652,125.0
44,62,1,111.489815,125.0
44,63,1,103.14645,125.0
44,64,1,109.79354,125.0
44,65,4,106.69627,125.0
44,66,4,99.03321,125.0
44,67,2,93.464195,125.0
44,68,0,103.04308,125.0
44,69,1,90.5077,125.0
44,70,1,88.43947,125.0
44,71,1,97.48432,125.0
44,72,2,107.06675,125.0
44,73,0,121.86925,125.0
44,74,2,115.04049,125.0
44,75,4,119.12306,125.0
44,76,0,124.86358,125.0
44,77,5,125.39147,125.0
44,78,0,121.822014,125.0
44,79,0,120.61959,125.0
44,80,3,99.961075,125.0
44,81,2,119.9408,125.0
44,82,2,120.00937,125.0
44,83,1,98.30768,125.0
44,84,5,112.99708,125.0
44,85,0,96.34732,125.0
44,86,2,115.895546,125.0
44,87,1,118.81023,125.0
44,88,2,115.20118,125.0
44,89,2,108.76711,125.0
44,90,5,94.78978,125.0
44,91,2,119.10036,124.0
44,92,0,103.168465,123.0
44,93,2,120.96674,122.0
44,94,0,122.63986,121.0
44,95,0,126.357216,120.0
44,96,1,126.273834,119.0
44,97,1,116.05517,118.0
44,98,1,106.3505,117.0
44,99,5,117.823524,116.0
44,100,0,108.67,115.0
44,101,4,114.81986,114.0
44,102,3,99.615616,113.0
44,103,0,119.08901,112.0
44,104,5,112.987915,111.0
44,105,0,108.350746,110.0
44,106,0,121.230865,109.0
44,107,0,127.72807,108.0
44,108,5,128.72362,107.0
44,109,5,120.92829,106.0
44,110,0,126.8485,105.0
44,111,1,121.16634,104.0
44,112,4,109.39799,103.0
44,113,5,89.27243,102.0
44,114,0,120.37127,101.0
44,115,4,102.81644,100.0
44,116,1,110.06747,99.0
44,117,5,88.72642,98.0
44,118,1,117.21981,97.0
44,119,2,113.94764,96.0
44,120,5,93.438896,95.0
44,121,1,115.748085,94.0
44,122,4,122.16184,93.0
44,123,2,106.14565,92.0
44,124,3,111.93627,91.0
44,125,1,120.20545,90.0
44,126,0,118.29669,89.0
44,127,3,126.81725,88.0
44,128,5,122.06624,87.0
44,129,1,113.37077,86.0
44,130,2,110.66665,85.0
44,131,4,97.98109,84.0
44,132,4,103.84872,83.0
44,133,0,97.07864,82.0
44,134,0,94.39256,81.0
44,135,2,96.72009,80.0
44,136,4,87.01164,79.0
44,137,3,62.414276,78.0
44,138,1,69.981865,77.0
44,139,2,101.658165,76.0
44,140,3,104.194374,75.0
44,141,5,105.2098,74.0
44,142,4,110.154945,73.0
44,143,0,91.243965,72.0
44,144,1,114.449684,71.0
44,145,2,106.5015,70.0
44,146,4,95.89776,69.0
45,36,4,122.653946,125.0
45,37,1,126.40891,125.0
45,38,2,118.58712,125.0
45,39,4,111.46327,125.0
45,40,0,126.7519,125.0
45,41,0,121.27029,125.0
45,42,2,107.076935,125.0
45,43,2,124.23196,125.0
45,44,1,121.51487,125.0
45,45,4,121.34368,125.0
45,46,5,123.7143,125.0
45,47,0,125.182884,125.0
45,48,0,124.583534,125.0
45,49,4,126.08485,125.0
45,50,3,132.0399,125.0
45,51,2,121.95877,125.0
45,52,0,122.34818,125.0
45,53,3,118.044044,125.0
45,54,4,120.85267,125.0
45,55,0,112.86383,125.0
45,56,3,102.28709,125.0
45,57,1,99.57919,125.0
45,58,3,90.75936,125.0
45,59,5,99.016754,125.0
45,60,2,99.582985,125.0
45,61,1,92.476776,125.0
45,62,2,128.36435,125.0
45,63,4,116.86294,125.0
45,64,0,113.78492,125.0
45,65,1,108.851204,125.0
45,66,1,113.17341,125.0
45,67,4,117.07455,125.0
45,68,0,116.94778,125.0
45,69,0,122.46603,125.0
45,70,2,121.77206,125.0
45,71,5,127.28596,125.0
45,72,5,124.05107,125.0
45,73,5,121.777504,125.0
45,74,2,122.17516,125.0
45,75,4,120.87307,124.0
45,76,1,119.16532,123.0
45,77,0,110.52872,122.0
45,78,5,123.24747,121.0
45,79,5,122.47675,120.0
45,80,2,116.63196,119.0
45,81,2,120.75182,118.0
45,82,2,101.106544,117.0
45,83,4,112.5088,116.0
45,84,5,116.37835,115.0
45,85,2,122.65559,114.0
45,86,0,125.03361,113.0
45,87,3,126.18834,112.0
45,88,1,125.798485,111.0
46,36,5,122.61045,125.0
46,37,0,117.46637,125.0
46,38,1,126.97775,125.0
46,39,5,122.059654,125.0
46,40,1,125.48589,125.0
46,41,3,124.42657,125.0
46,42,3,114.60488,125.0
46,43,4,121.93629,125.0
46,44,4,107.68842,125.0
46,45,2,120.59934,125.0
46,46,4,128.74995,125.0
46,47,1,127.488106,125.0
46,48,1,120.54863,125.0
46,49,4,120.28707,125.0
46,50,1,119.26739,125.0
46,51,2,121.74863,125.0
46,52,0,120.76771,125.0
46,53,1,113.23835,125.0
46,54,5,123.54543,125.0
46,55,2,125.6889,125.0
46,56,1,102.15849,125.0
46,57,5,119.41103,125.0
46,58,1,115.78805,125.0
46,59,1,124.58861,125.0
46,60,2,119.16061,125.0
46,61,2,120.16629,125.0
46,62,1,105.2846,125.0
46,63,5,125.01165,124.0
46,64,3,119.71014,123.0
46,65,0,117.94526,122.0
46,66,1,121.06345,121.0
46,67,5,125.66981,120.0
46,68,1,123.23521,119.0
46,69,3,117.03964,118.0
46,70,5,118.228096,117.0
46,71,0,102.97761,116.0
46,72,3,94.372406,115.0
46,73,1,118.39895,114.0
46,74,5,99.820244,113.0
46,75,3,108.74467,112.0
46,76,0,109.44584,111.0
46,77,3,95.60264,110.0
46,78,3,77.43929,109.0
46,79,4,89.11715,108.0
46,80,1,85.28971,107.0
46,81,1,110.756676,106.0
46,82,3,102.31672,105.0
46,83,3,87.64539,104.0
46,84,2,115.866165,103.0
46,85,4,122.770226,102.0
46,86,0,117.29095,101.0
46,87,1,115.184364,100.0
46,88,1,113.106895,99.0
46,89,0,91.59907,98.0
46,90,0,96.402275,97.0
46,91,4,82.14562,96.0
46,92,1,114.27682,95.0
46,93,4,93.64781,94.0
46,94,3,96.10816,93.0
46,95,5,108.04781,92.0
46,96,5,84.85234,91.0
46,97,4,84.5019,90.0
46,98,2,79.4275,89.0
46,99,2,78.0413,88.0
46,100,4,87.446686,87.0
46,101,5,85.741646,86.0
46,102,1,89.32594,85.0
46,103,4,106.38613,84.0
46,104,1,104.302315,83.0
46,105,2,102.19042,82.0
46,106,3,105.677895,81.0
46,107,4,114.82702,80.0
46,108,4,106.57818,79.0
46,109,2,93.413445,78.0
46,110,2,104.52268,77.0
46,111,5,107.87097,76.0
46,112,0,103.83968,75.0
46,113,4,93.5912,74.0
46,114,4,90.368675,73.0
46,115,2,95.14577,72.0
46,116,2,87.812706,71.0
46,117,0,95.213356,70.0
46,118,0,81.90884,69.0
46,119,3,68.3217,68.0
46,120,1,82.39148,67.0
46,121,3,72.59998,66.0
46,122,4,73.8117,65.0
46,123,2,80.441826,64.0
46,124,0,74.843605,63.0
46,125,2,80.52914,62.0
46,126,0,66.325134,61.0
46,127,0,76.56989,60.0
46,128,2,80.259796,59.0
46,129,1,74.16462,58.0
46,130,0,69.58739,57.0
46,131,4,62.35236,56.0
46,132,3,72.716606,55.0
46,133,4,69.57688,54.0
46,134,1,76.41514,53.0
46,135,2,61.73402,52.0
46,136,4,52.592506,51.0
46,137,4,56.31064,50.0
46,138,0,43.405876,49.0
46,139,2,50.38002,48.0
46,140,1,38.256363,47.0
46,141,2,43.574097,46.0
46,142,5,35.81071,45.0
46,143,5,37.975502,44.0
46,144,4,66.675865,43.0
46,145,4,51.551308,42.0
46,146,0,47.620987,41.0
46,147,1,47.827827,40.0
46,148,1,49.65072,39.0
46,149,0,45.419853,38.0
46,150,4,42.870438,37.0
46,151,1,39.568542,36.0
46,152,4,38.673363,35.0
46,153,0,34.87672,34.0
46,154,1,33.42128,33.0
46,155,3,24.05931,32.0
46,156,5,25.41336,31.0
46,157,2,24.229015,30.0
46,158,5,30.04449,29.0
46,159,0,21.905672,28.0
46,160,1,17.900082,27.0
46,161,1,19.68121,26.0
46,162,2,20.99979,25.0
46,163,1,15.279164,24.0
46,164,4,12.706865,23.0
46,165,5,14.87925,22.0
46,166,1,14.883958,21.0
46,167,0,15.57974,20.0
46,168,1,9.834302,19.0
46,169,5,11.7488365,18.0
46,170,1,11.863388,17.0
46,171,0,10.875778,16.0
46,172,3,8.626124,15.0
46,173,0,7.3923926,14.0
46,174,4,6.4481792,13.0
46,175,3,5.777549,12.0
46,176,1,5.349188,11.0
46,177,0,5.1081157,10.0
46,178,4,5.856715,9.0
46,179,3,5.6321535,8.0
46,180,1,4.6788735,7.0
47,36,0,111.61009,125.0
47,37,1,116.90589,125.0
47,38,5,121.07263,125.0
47,39,1,121.428185,125.0
47,40,5,114.878204,125.0
47,41,0,100.9458,125.0
47,42,2,124.052635,125.0
47,43,2,103.12226,125.0
47,44,0,120.35149,125.0
47,45,0,114.67721,125.0
47,46,4,108.096855,125.0
47,47,2,94.85837,125.0
47,48,3,108.42129,125.0
47,49,3,99.64588,125.0
47,50,4,109.47298,125.0
47,51,2,96.567955,125.0
47,52,5,98.12272,125.0
47,53,4,113.30321,125.0
47,54,0,118.78855,125.0
47,55,2,125.26319,125.0
47,56,1,111.631325,125.0
48,36,3,123.28452,125.0
48,37,2,115.40507,125.0
48,38,5,113.12112,125.0
48,39,3,120.885475,125.0
48,40,0,103.61069,125.0
48,41,4,116.19544,125.0
48,42,3,121.21996,125.0
48,43,4,119.047455,125.0
48,44,0,105.04055,125.0
48,45,4,116.8228,125.0
48,46,2,122.31017,125.0
48,47,4,119.63561,125.0
48,48,0,122.43159,125.0
48,49,2,121.307236,125.0
48,50,0,125.04863,125.0
48,51,3,126.55579,125.0
48,52,4,125.66238,125.0
48,53,1,124.94073,125.0
48,54,3,122.99506,125.0
48,55,2,124.22715,125.0
48,56,1,117.06989,125.0
48,57,2,115.17629,125.0
48,58,1,126.82186,125.0
48,59,4,117.58451,125.0
48,60,1,116.50808,125.0
48,61,3,126.83669,125.0
48,62,0,125.85555,125.0
48,63,4,124.10193,125.0
48,64,1,123.77744,125.0
48,65,4,119.16313,125.0
48,66,3,113.017944,125.0
48,67,3,114.94327,125.0
48,68,1,114.71708,125.0
48,69,2,122.22312,125.0
48,70,0,116.85496,125.0
48,71,1,121.011696,125.0
48,72,4,124.024864,125.0
48,73,4,113.53751,125.0
48,74,5,114.51022,125.0
48,75,1,115.28756,125.0
48,76,0,114.464905,125.0
48,77,2,115.70071,125.0
48,78,5,108.86263,125.0
48,79,0,106.76545,125.0
48,80,5,111.84252,125.0
48,81,0,108.499,125.0
48,82,3,123.47585,125.0
48,83,1,116.8279,125.0
48,84,0,120.97503,125.0
48,85,4,128.43964,125.0
48,86,2,122.21652,125.0
48,87,3,119.94775,125.0
48,88,3,117.68055,125.0
48,89,2,126.486336,125.0
48,90,5,118.89029,125.0
48,91,2,118.643654,125.0
48,92,0,123.85954,125.0
48,93,3,122.14936,125.0
48,94,0,123.63051,125.0
48,95,3,117.975685,125.0
48,96,1,128.2287,125.0
48,97,3,120.44531,125.0
48,98,1,120.17083,125.0
48,99,3,121.39524,125.0
48,100,4,122.795654,125.0
48,101,0,124.13068,125.0
48,102,2,112.66456,125.0
48,103,4,111.6587,125.0
48,104,4,109.17301,125.0
48,105,3,113.49287,125.0
48,106,0,103.65385,125.0
48,107,1,118.88015,125.0
48,108,0,115.65759,125.0
48,109,1,116.773155,125.0
48,110,4,108.85513,124.0
48,111,5,99.69021,123.0
48,112,0,111.745514,122.0
48,113,4,120.86171,121.0
48,114,3,110.941185,120.0
48,115,2,111.60958,119.0
48,116,3,106.075615,118.0
48,117,1,124.30192,117.0
48,118,4,113.90795,116.0
48,119,0,111.11543,115.0
48,120,1,116.155045,114.0
48,121,3,114.20808,113.0
48,122,2,119.3496,112.0
48,123,2,121.406425,111.0
48,124,0,128.1964,110.0
48,125,1,100.53978,109.0
48,126,3,123.20469,108.0
48,127,2,115.801,107.0
48,128,4,105.476265,106.0
48,129,0,115.23542,105.0
48,130,3,109.83443,104.0
48,131,1,110.552536,103.0
48,132,4,117.7638,102.0
48,133,2,109.100815,101.0
48,134,1,124.454384,100.0
48,135,0,110.02037,99.0
48,136,0,106.83849,98.0
48,137,5,120.7058,97.0
48,138,0,102.44375,96.0
48,139,0,122.99615,95.0
48,140,0,118.8207,94.0
48,141,1,125.39533,93.0
48,142,1,109.660965,92.0
48,143,4,105.552795,91.0
48,144,4,113.07786,90.0
48,145,3,124.91585,89.0
48,146,0,124.94612,88.0
48,147,5,119.68789,87.0
48,148,2,123.73888,86.0
48,149,1,118.79598,85.0
48,150,2,120.8395,84.0
48,151,3,122.25613,83.0
48,152,0,112.791565,82.0
48,153,4,119.95304,81.0
48,154,5,121.183655,80.0
48,155,4,117.208885,79.0
48,156,1,123.1263,78.0
48,157,5,117.766426,77.0
48,158,3,125.53204,76.0
48,159,4,122.40989,75.0
48,160,4,121.49593,74.0
48,161,2,118.99097,73.0
48,162,5,112.934105,72.0
48,163,5,108.48328,71.0
48,164,1,102.124886,70.0
48,165,0,99.054306,69.0
48,166,5,98.924904,68.0
48,167,4,100.850334,67.0
48,168,1,91.53147,66.0
48,169,5,90.45632,65.0
48,170,1,80.699425,64.0
48,171,4,71.73252,63.0
48,172,3,92.85529,62.0
48,173,0,111.98484,61.0
48,174,4,80.626945,60.0
48,175,1,80.74058,59.0
48,176,3,74.169,58.0
48,177,2,79.92404,57.0
48,178,0,64.58528,56.0
48,179,2,100.21407,55.0
49,36,5,94.06292,125.0
49,37,4,110.46077,125.0
49,38,4,119.269585,125.0
49,39,0,123.51337,125.0
49,40,1,121.430855,125.0
49,41,0,125.48326,125.0
49,42,2,121.809975,125.0
49,43,1,124.66109,125.0
49,44,5,124.09811,125.0
49,45,0,125.20814,125.0
49,46,3,123.62037,125.0
49,47,2,124.845726,125.0
49,48,4,119.34753,125.0
49,49,0,119.4119,125.0
49,50,5,121.916565,125.0
49,51,2,123.744514,125.0
49,52,2,126.476395,125.0
49,53,0,124.185486,125.0
49,54,0,128.15599,125.0
49,55,5,128.25824,125.0
49,56,3,125.94628,125.0
49,57,1,120.831245,125.0
49,58,4,121.91584,125.0
49,59,4,124.65131,125.0
49,60,5,130.15022,125.0
49,61,5,126.31734,125.0
49,62,2,129.78041,125.0
49,63,2,125.79887,125.0
49,64,0,127.51767,125.0
49,65,0,130.21382,125.0
49,66,3,125.971245,125.0
49,67,1,123.71191,125.0
49,68,4,130.41014,125.0
49,69,1,128.3194,125.0
49,70,0,129.33371,125.0
49,71,0,125.39663,125.0
49,72,3,124.65334,125.0
49,73,1,124.62072,125.0
49,74,3,122.23911,125.0
49,75,0,120.01882,125.0
49,76,4,121.45536,125.0
49,77,2,120.55291,125.0
49,78,4,125.894875,125.0
49,79,1,122.470085,125.0
49,80,4,111.740715,125.0
49,81,0,87.352516,125.0
49,82,5,96.295204,125.0
49,83,0,117.3321,125.0
49,84,3,112.9694,125.0
49,85,4,115.66142,125.0
49,86,3,109.822,125.0
49,87,4,103.10024,125.0
49,88,4,84.7235,125.0
49,89,1,112.758675,125.0
49,90,4,109.71903,125.0
49,91,5,99.509796,125.0
49,92,3,107.695045,125.0
49,93,3,117.01474,125.0
49,94,0,116.54435,125.0
49,95,5,116.248436,125.0
49,96,5,104.07798,125.0
49,97,2,115.57741,125.0
49,98,0,119.83372,125.0
49,99,2,120.86901,125.0
49,100,4,115.37128,125.0
49,101,4,118.47248,125.0
49,102,1,121.89321,125.0
49,103,1,123.17451,125.0
49,104,4,121.66605,125.0
49,105,5,118.50044,125.0
49,106,1,124.0976,125.0
49,107,1,126.22091,125.0
49,108,4,132.00352,125.0
49,109,2,118.21181,125.0
49,110,1,115.95979,125.0
49,111,0,117.58592,125.0
49,112,1,110.18957,125.0
49,113,0,116.83042,125.0
49,114,1,96.7214,125.0
49,115,4,114.800606,125.0
49,116,4,98.14575,125.0
49,117,3,120.03611,125.0
49,118,5,122.40294,125.0
49,119,3,126.66325,125.0
49,120,3,118.047165,125.0
49,121,0,121.84653,125.0
49,122,4,117.90503,125.0
49,123,1,128.10184,125.0
49,124,0,112.84578,125.0
49,125,1,124.612404,125.0
49,126,3,116.37334,125.0
49,127,5,127.20351,125.0
49,128,5,115.8086,125.0
49,129,4,118.31173,125.0
49,130,1,120.293434,125.0
49,131,5,116.23773,125.0
49,132,4,125.49062,125.0
49,133,1,121.0704,125.0
49,134,1,123.05723,125.0
49,135,4,120.53635,125.0
49,136,2,118.07849,125.0
49,137,5,115.20143,125.0
49,138,2,117.72076,125.0
49,139,0,89.62153,125.0
49,140,5,113.60212,125.0
49,141,4,104.86634,125.0
49,142,4,113.92062,125.0
49,143,3,91.39759,125.0
49,144,3,115.72184,125.0
49,145,5,124.42399,125.0
49,146,4,100.99763,125.0
49,147,0,92.26872,125.0
49,148,3,93.360756,125.0
49,149,0,60.28364,125.0
49,150,5,73.318985,125.0
49,151,4,60.852367,125.0
49,152,2,93.40814,125.0
49,153,5,66.711525,125.0
49,154,4,52.780846,125.0
49,155,2,84.38151,125.0
49,156,3,109.04063,125.0
49,157,4,124.37334,125.0
49,158,0,122.88223,125.0
49,159,5,104.81343,125.0
49,160,3,118.68218,125.0
49,161,2,123.7294,125.0
49,162,2,123.17175,125.0
49,163,5,118.940895,125.0
49,164,0,117.74777,125.0
49,165,3,112.27777,125.0
49,166,2,126.02726,125.0
49,167,3,127.602394,125.0
49,168,5,123.292564,125.0
49,169,1,127.54431,125.0
49,170,4,121.39252,125.0
49,171,0,123.85838,125.0
49,172,5,123.42066,125.0
49,173,0,116.15636,125.0
49,174,5,121.2439,125.0
49,175,3,116.48445,125.0
49,176,2,118.54697,125.0
49,177,4,118.27567,125.0
49,178,1,120.96395,125.0
49,179,4,120.333694,125.0
49,180,5,119.641014,125.0
49,181,1,115.63891,125.0
49,182,0,111.31425,125.0
49,183,0,107.606735,125.0
49,184,5,110.97636,125.0
49,185,2,115.75367,125.0
49,186,2,116.91679,125.0
49,187,1,114.20044,125.0
49,188,0,86.26249,125.0
49,189,2,101.14817,125.0
49,190,0,100.56306,125.0
49,191,1,109.26853,125.0
49,192,5,118.13488,125.0
49,193,5,117.969666,125.0
49,194,0,122.32076,125.0
49,195,4,119.99065,125.0
49,196,2,120.602516,125.0
49,197,3,119.15124,125.0
49,198,5,119.44067,125.0
49,199,1,117.02114,125.0
49,200,4,120.462204,125.0
49,201,0,117.40169,125.0
49,202,2,124.49173,125.0
49,203,0,116.318855,125.0
49,204,1,123.01939,125.0
49,205,5,119.49757,125.0
49,206,2,112.41473,125.0
49,207,3,119.10688,125.0
49,208,1,119.60561,125.0
49,209,4,124.05982,125.0
49,210,5,98.14115,125.0
49,211,0,108.21718,125.0
50,36,2,126.34435,122.0
50,37,3,109.06042,121.0
50,38,1,114.79664,120.0
50,39,0,109.07052,119.0
50,40,0,122.77798,118.0
50,41,4,123.40864,117.0
50,42,2,123.019165,116.0
50,43,1,121.341225,115.0
50,44,4,121.94706,114.0
50,45,2,126.61612,113.0
50,46,2,125.765335,112.0
50,47,0,124.29864,111.0
50,48,2,116.2381,110.0
50,49,2,117.95812,109.0
50,50,0,121.95932,108.0
50,51,0,107.36744,107.0
50,52,3,124.36339,106.0
50,53,5,123.41444,105.0
50,54,5,119.88506,104.0
50,55,0,123.82581,103.0
50,56,5,100.87306,102.0
50,57,4,115.151924,101.0
50,58,5,116.139366,100.0
50,59,3,119.00007,99.0
50,60,5,106.10917,98.0
50,61,2,118.811676,97.0
50,62,3,116.13372,96.0
50,63,1,122.73256,95.0
50,64,4,122.59258,94.0
50,65,4,123.73238,93.0
50,66,4,112.032394,92.0
50,67,0,117.273224,91.0
50,68,1,95.17393,90.0
50,69,0,110.56345,89.0
50,70,3,122.142166,88.0
50,71,1,123.597694,87.0
50,72,0,123.75965,86.0
50,73,1,110.477615,85.0
50,74,2,106.31603,84.0
50,75,0,112.142494,83.0
50,76,4,102.76893,82.0
50,77,5,83.69294,81.0
50,78,5,86.837,80.0
50,79,5,103.75092,79.0
50,80,4,106.434975,78.0
50,81,0,109.01606,77.0
50,82,2,101.53303,76.0
50,83,3,112.5582,75.0
50,84,5,115.308525,74.0
50,85,2,102.59678,73.0
50,86,3,100.273926,72.0
50,87,2,93.54275,71.0
50,88,5,96.904106,70.0
50,89,0,95.727425,69.0
50,90,1,85.178986,68.0
50,91,3,105.30662,67.0
50,92,3,82.22718,66.0
50,93,2,95.57945,65.0
50,94,5,88.08576,64.0
50,95,5,99.50624,63.0
50,96,1,101.95786,62.0
50,97,4,93.67472,61.0
50,98,2,108.422356,60.0
50,99,2,105.862526,59.0
50,100,1,97.44422,58.0
50,101,1,78.353355,57.0
50,102,2,52.01205,56.0
50,103,3,92.71267,55.0
50,104,2,80.778755,54.0
50,105,0,93.88766,53.0
50,106,1,84.09949,52.0
50,107,5,99.34704,51.0
50,108,5,101.68492,50.0
50,109,0,106.24014,49.0
50,110,3,75.852165,48.0
50,111,3,69.78538,47.0
50,112,2,102.18009,46.0
50,113,5,94.16401,45.0
50,114,0,91.74126,44.0
50,115,5,80.63843,43.0
50,116,2,90.00167,42.0
50,117,2,90.69564,41.0
50,118,0,99.988914,40.0
50,119,0,95.816986,39.0
50,120,1,100.84524,38.0
50,121,3,101.40858,37.0
50,122,2,106.84959,36.0
50,123,0,86.183334,35.0
50,124,1,83.60497,34.0
50,125,4,81.98522,33.0
50,126,1,58.810944,32.0
50,127,3,71.19671,31.0
50,128,4,60.263664,30.0
50,129,2,77.397964,29.0
50,130,3,90.24587,28.0
50,131,3,80.351906,27.0
50,132,2,73.19623,26.0
50,133,5,82.8687,25.0
50,134,2,84.746826,24.0
50,135,3,76.20885,23.0
50,136,5,62.2093,22.0
50,137,0,66.10809,21.0
50,138,2,33.01505,20.0
50,139,4,30.007763,19.0
50,140,3,53.634773,18.0
50,141,5,28.716055,17.0
50,142,1,29.78875,16.0
50,143,0,28.56909,15.0
50,144,1,27.431835,14.0
50,145,1,23.716017,13.0
50,146,3,22.45345,12.0
50,147,0,28.335358,11.0
51,36,3,126.70816,125.0
51,37,5,129.40474,125.0
51,38,0,126.803894,125.0
51,39,3,124.16039,125.0
51,40,0,128.85516,125.0
51,41,2,124.6407,125.0
51,42,0,129.50468,125.0
51,43,3,124.15179,125.0
51,44,5,116.887856,125.0
51,45,2,128.41263,125.0
51,46,2,124.069466,125.0
51,47,4,126.84615,125.0
51,48,2,123.66795,125.0
51,49,4,119.288246,125.0
51,50,3,124.057846,125.0
51,51,1,130.60687,125.0
51,52,0,127.29885,125.0
51,53,1,123.59698,125.0
51,54,2,127.95874,125.0
51,55,5,126.61469,125.0
51,56,3,128.96265,125.0
51,57,0,127.70063,125.0
51,58,1,128.27577,125.0
51,59,2,127.241486,125.0
51,60,0,126.39817,125.0
51,61,0,118.86013,125.0
51,62,4,123.91567,125.0
51,63,4,119.44436,125.0
51,64,1,124.12542,125.0
51,65,0,126.35381,125.0
51,66,3,119.605835,125.0
51,67,1,122.4693,125.0
51,68,2,120.81312,125.0
51,69,1,119.29172,125.0
51,70,1,111.05287,125.0
51,71,4,115.29536,125.0
51,72,2,123.86234,124.0
51,73,5,119.85101,123.0
51,74,0,122.1018,122.0
51,75,0,121.38236,121.0
51,76,1,130.74142,120.0
51,77,0,126.13583,119.0
51,78,3,120.89592,118.0
51,79,1,118.189354,117.0
51,80,1,118.397675,116.0
51,81,0,121.79493,115.0
51,82,0,108.34739,114.0
51,83,5,123.38782,113.0
51,84,0,118.062294,112.0
51,85,4,123.46935,111.0
51,86,2,121.21787,110.0
51,87,4,116.55559,109.0
51,88,1,114.32241,108.0
51,89,3,119.72532,107.0
51,90,2,123.644714,106.0
51,91,2,126.66903,105.0
51,92,5,107.231445,104.0
51,93,1,117.920876,103.0
51,94,0,120.440865,102.0
51,95,0,105.132164,101.0
51,96,2,112.853714,100.0
51,97,0,107.03527,99.0
51,98,5,121.036835,98.0
51,99,0,110.193665,97.0
51,100,1,119.15007,96.0
51,101,1,112.769905,95.0
51,102,0,113.173965,94.0
51,103,4,115.07286,93.0
51,104,5,126.92356,92.0
51,105,0,116.828514,91.0
51,106,4,117.511284,90.0
51,107,2,117.148735,89.0
51,108,1,121.58823,88.0
51,109,2,114.78199,87.0
51,110,1,113.634514,86.0
51,111,1,114.47046,85.0
51,112,0,100.671135,84.0
51,113,5,89.37519,83.0
51,114,5,76.6664,82.0
51,115,2,91.291336,81.0
51,116,4,102.27631,80.0
51,117,3,82.7038,79.0
51,118,1,101.65548,78.0
52,36,5,109.512596,122.0
52,37,1,119.33337,121.0
52,38,4,125.1151,120.0
53,36,0,125.42793,125.0
53,37,5,119.959694,125.0
53,38,5,122.338036,125.0
53,39,4,117.63321,125.0
53,40,3,118.41097,125.0
53,41,3,115.26342,125.0
53,42,3,103.39881,125.0
53,43,1,91.2067,125.0
53,44,5,110.50897,125.0
53,45,2,106.49575,125.0
53,46,0,94.21502,125.0
53,47,0,119.31231,125.0
53,48,1,117.155304,125.0
53,49,4,93.78721,125.0
53,50,0,111.69672,125.0
53,51,1,108.35069,125.0
53,52,2,112.70759,125.0
53,53,4,103.98644,125.0
53,54,0,104.40969,125.0
53,55,1,95.48704,125.0
53,56,0,122.99569,125.0
53,57,5,123.13754,125.0
53,58,3,122.3248,125.0
53,59,5,120.2085,125.0
53,60,2,121.103745,125.0
53,61,5,121.19378,125.0
53,62,4,119.41198,125.0
53,63,1,118.10836,125.0
53,64,0,125.293816,125.0
53,65,1,127.003235,125.0
53,66,0,119.76868,125.0
53,67,3,120.804405,125.0
53,68,1,124.8073,125.0
53,69,0,123.99273,125.0
53,70,1,119.060936,125.0
53,71,1,118.491104,124.0
53,72,0,123.00013,123.0
53,73,1,120.31019,122.0
53,74,4,116.323105,121.0
53,75,4,118.976524,120.0
53,76,4,117.54958,119.0
53,77,5,116.220764,118.0
53,78,2,109.28815,117.0
53,79,0,120.75017,116.0
53,80,1,118.181496,115.0
53,81,2,114.35503,114.0
53,82,3,117.41454,113.0
53,83,2,88.028786,112.0
53,84,1,101.42551,111.0
53,85,2,110.26583,110.0
53,86,1,116.745995,109.0
53,87,2,120.75776,108.0
53,88,0,79.28472,107.0
53,89,0,105.49928,106.0
53,90,1,108.70161,105.0
53,91,2,114.2342,104.0
53,92,5,109.90494,103.0
53,93,5,121.295715,102.0
53,94,4,122.31123,101.0
53,95,4,119.72135,100.0
53,96,4,125.945885,99.0
53,97,0,109.212105,98.0
53,98,4,111.88596,97.0
53,99,2,104.87623,96.0
53,100,0,111.49111,95.0
53,101,4,93.04128,94.0
53,102,1,101.8927,93.0
53,103,2,115.528465,92.0
53,104,1,113.98145,91.0
53,105,2,112.18431,90.0
53,106,3,121.37623,89.0
53,107,1,122.52532,88.0
53,108,3,126.578514,87.0
54,36,3,115.339836,101.0
54,37,0,102.54447,100.0
54,38,3,111.697334,99.0
54,39,2,120.276024,98.0
54,40,0,107.92546,97.0
54,41,1,120.67858,96.0
54,42,2,114.483315,95.0
54,43,5,107.7888,94.0
54,44,0,100.89893,93.0
54,45,3,115.94612,92.0
54,46,3,113.976326,91.0
54,47,0,124.7532,90.0
54,48,5,123.869774,89.0
54,49,4,128.67343,88.0
54,50,3,123.33799,87.0
55,36,0,126.928024,125.0
55,37,1,127.887505,125.0
55,38,0,125.82711,125.0
55,39,1,130.41322,125.0
55,40,4,123.498726,125.0
55,41,2,125.07371,125.0
55,42,5,126.15702,125.0
55,43,0,126.74191,125.0
55,44,3,127.141556,125.0
55,45,0,121.49596,125.0
55,46,2,118.45551,125.0
55,47,5,122.11028,125.0
55,48,2,112.52737,125.0
55,49,1,119.77118,125.0
55,50,2,125.482994,125.0
55,51,2,122.314735,125.0
55,52,4,125.86497,125.0
55,53,5,126.44302,125.0
55,54,0,123.79153,125.0
55,55,3,127.40688,125.0
55,56,5,123.423,125.0
55,57,4,122.82317,125.0
55,58,2,128.51129,125.0
55,59,0,128.04733,125.0
55,60,0,128.7882,125.0
55,61,4,122.706474,125.0
55,62,0,118.5541,125.0
55,63,0,107.29182,125.0
55,64,0,114.042496,125.0
55,65,0,119.708626,125.0
55,66,2,121.72023,125.0
55,67,4,117.005844,125.0
55,68,0,123.2219,125.0
55,69,2,127.12452,125.0
55,70,2,118.209595,125.0
55,71,1,118.29703,125.0
55,72,3,124.48868,125.0
55,73,0,123.519936,125.0
55,74,0,119.146225,125.0
55,75,5,123.0619,125.0
55,76,2,128.47983,125.0
55,77,4,126.40319,125.0
55,78,3,121.90299,125.0
55,79,4,124.065414,125.0
55,80,5,121.13186,125.0
55,81,3,125.20519,125.0
55,82,1,121.154015,125.0
55,83,5,122.61581,125.0
55,84,3,122.18055,125.0
55,85,2,126.47888,125.0
55,86,1,125.19731,125.0
55,87,5,124.24343,125.0
55,88,2,127.54708,125.0
55,89,5,123.14631,125.0
55,90,3,118.3409,125.0
55,91,4,122.74511,125.0
55,92,4,122.79975,125.0
55,93,4,125.37972,125.0
55,94,4,119.41177,125.0
55,95,0,126.2399,125.0
55,96,2,125.424126,125.0
55,97,0,127.22245,125.0
55,98,0,126.0061,125.0
55,99,2,122.32525,125.0
55,100,0,126.368675,125.0
55,101,5,118.516014,125.0
55,102,1,124.78681,125.0
55,103,1,125.81887,125.0
55,104,1,125.23659,125.0
55,105,1,122.01122,125.0
55,106,4,121.87844,125.0
55,107,0,124.05045,125.0
55,108,3,120.14527,125.0
55,109,3,123.18553,125.0
55,110,2,100.82198,125.0
55,111,2,114.89312,125.0
55,112,0,116.82288,125.0
55,113,2,113.18281,125.0
55,114,0,117.34101,125.0
55,115,5,114.49036,125.0
55,116,2,114.49442,125.0
55,117,5,110.36531,125.0
55,118,0,120.08572,125.0
55,119,3,116.0259,125.0
55,120,0,117.28028,125.0
55,121,3,103.07232,125.0
55,122,1,123.02059,125.0
55,123,0,118.83082,125.0
55,124,5,123.7066,125.0
55,125,3,120.169975,125.0
55,126,0,111.858284,125.0
55,127,4,108.71631,125.0
55,128,3,118.12573,125.0
55,129,5,117.46306,125.0
55,130,1,108.65927,125.0
55,131,5,110.96195,125.0
55,132,2,123.681335,125.0
55,133,2,126.39371,125.0
55,134,3,106.30659,124.0
55,135,0,109.41977,123.0
55,136,4,105.19924,122.0
55,137,3,84.56058,121.0
55,138,4,76.735634,120.0
55,139,0,96.73891,119.0
55,140,0,101.346825,118.0
55,141,4,99.85415,117.0
55,142,0,112.158806,116.0
55,143,4,113.76021,115.0
55,144,1,112.62331,114.0
55,145,0,119.49136,113.0
55,146,5,120.466576,112.0
55,147,2,118.61877,111.0
55,148,2,113.575325,110.0
55,149,2,86.39362,109.0
55,150,5,87.13378,108.0
55,151,3,108.9581,107.0
55,152,3,124.14682,106.0
55,153,4,124.53455,105.0
55,154,1,122.21565,104.0
55,155,0,126.56952,103.0
55,156,1,108.05175,102.0
55,157,1,117.35734,101.0
55,158,1,109.0335,100.0
55,159,2,97.30725,99.0
55,160,1,95.845436,98.0
55,161,0,96.617165,97.0
55,162,0,126.37855,96.0
55,163,0,130.27591,95.0
55,164,5,123.9175,94.0
55,165,4,127.14135,93.0
55,166,0,126.39568,92.0
55,167,3,119.23186,91.0
55,168,4,123.8433,90.0
55,169,3,119.363556,89.0
55,170,3,119.485756,88.0
55,171,1,117.414,87.0
55,172,0,126.240265,86.0
55,173,0,117.86062,85.0
55,174,1,124.71416,84.0
55,175,1,116.182884,83.0
55,176,1,116.86756,82.0
55,177,5,116.48899,81.0
55,178,4,119.77809,80.0
55,179,5,117.49894,79.0
55,180,3,107.86636,78.0
55,181,4,111.33028,77.0
55,182,1,110.64066,76.0
55,183,4,114.235435,75.0
55,184,1,116.76451,74.0
55,185,0,94.779945,73.0
55,186,2,101.42657,72.0
55,187,3,91.044014,71.0
55,188,2,80.356834,70.0
55,189,0,73.71661,69.0
55,190,2,92.451485,68.0
55,191,3,93.61584,67.0
55,192,0,77.55685,66.0
55,193,2,85.47546,65.0
55,194,3,97.528076,64.0
55,195,4,94.33239,63.0
55,196,3,97.869255,62.0
55,197,0,107.122765,61.0
55,198,3,100.4962,60.0
55,199,4,110.343864,59.0
55,200,5,94.4478,58.0
55,201,4,95.369286,57.0
55,202,1,96.50692,56.0
55,203,3,84.80987,55.0
56,36,0,120.867455,125.0
56,37,4,125.83799,125.0
56,38,1,129.34665,125.0
56,39,0,124.20067,125.0
56,40,3,122.76322,125.0
56,41,0,123.675804,125.0
56,42,4,126.13861,125.0
56,43,3,127.32731,125.0
56,44,1,127.256035,125.0
56,45,0,127.17888,125.0
56,46,1,129.11433,125.0
56,47,3,123.955765,125.0
56,48,5,118.220146,125.0
56,49,3,122.245575,125.0
56,50,1,124.49037,125.0
56,51,4,126.48707,125.0
56,52,0,131.24722,125.0
56,53,1,129.45804,125.0
56,54,1,125.2569,125.0
56,55,1,122.70541,125.0
56,56,3,125.35776,125.0
56,57,0,125.42425,125.0
56,58,1,124.53149,125.0
56,59,1,129.37898,125.0
56,60,4,129.03738,125.0
56,61,1,124.19305,125.0
56,62,5,123.434,125.0
56,63,5,122.09576,125.0
56,64,0,124.86349,125.0
56,65,4,120.2202,125.0
56,66,5,103.38122,125.0
56,67,3,117.8174,125.0
56,68,3,119.36793,125.0
56,69,5,123.73884,125.0
56,70,2,118.254105,125.0
56,71,1,121.31194,125.0
56,72,5,129.27834,125.0
56,73,5,121.877686,125.0
56,74,0,126.31224,125.0
56,75,4,132.59932,125.0
56,76,5,126.43972,125.0
56,77,5,120.942406,125.0
56,78,1,128.8941,125.0
56,79,5,131.64043,125.0
56,80,4,126.12452,125.0
56,81,1,123.69455,125.0
56,82,1,125.05674,125.0
56,83,4,124.41589,125.0
56,84,5,113.179054,125.0
56,85,2,123.46755,125.0
56,86,5,116.40105,125.0
56,87,5,112.46569,125.0
56,88,3,111.90534,125.0
56,89,4,125.326126,125.0
56,90,1,127.494255,125.0
56,91,2,123.48847,125.0
56,92,2,116.08524,125.0
56,93,0,121.342125,125.0
56,94,2,119.93999,125.0
56,95,1,119.32141,125.0
56,96,4,117.975746,125.0
56,97,5,124.065796,125.0
56,98,4,120.79061,125.0
56,99,4,120.53292,125.0
56,100,0,119.58436,125.0
56,101,1,123.19392,125.0
56,102,5,113.41068,125.0
56,103,1,110.90887,125.0
56,104,2,123.66859,125.0
56,105,2,123.254654,125.0
56,106,0,121.75731,125.0
56,107,4,126.04612,125.0
56,108,0,127.24877,125.0
56,109,2,123.928856,125.0
56,110,1,126.08912,125.0
56,111,4,120.293144,125.0
56,112,1,124.367744,125.0
56,113,0,124.15173,125.0
56,114,1,116.04119,125.0
56,115,1,127.458374,125.0
56,116,1,122.478676,125.0
56,117,2,122.0008,125.0
56,118,5,123.80401,125.0
56,119,5,122.595116,125.0
56,120,1,121.05647,125.0
56,121,5,121.82925,125.0
56,122,2,106.327095,125.0
56,123,4,113.38651,125.0
56,124,3,95.27739,125.0
56,125,4,86.565025,125.0
56,126,0,101.20847,125.0
56,127,4,100.34182,125.0
56,128,2,102.03013,125.0
56,129,2,104.98406,125.0
56,130,3,100.99291,125.0
56,131,4,102.16755,124.0
56,132,2,108.92133,123.0
56,133,4,116.35006,122.0
56,134,3,104.9479,121.0
56,135,4,112.10415,120.0
56,136,2,121.79746,119.0
56,137,2,126.11973,118.0
56,138,4,124.64942,117.0
56,139,1,121.626015,116.0
56,140,4,121.93008,115.0
56,141,2,123.131004,114.0
56,142,2,116.37943,113.0
56,143,1,116.87435,112.0
56,144,5,107.57464,111.0
56,145,0,91.51272,110.0
56,146,0,86.994194,109.0
56,147,4,89.42414,108.0
56,148,5,86.37471,107.0
56,149,2,105.52022,106.0
56,150,0,94.02019,105.0
56,151,0,116.77716,104.0
56,152,0,117.463425,103.0
56,153,5,117.279144,102.0
56,154,1,119.17208,101.0
56,155,2,118.61759,100.0
56,156,2,126.4306,99.0
56,157,4,122.54375,98.0
56,158,2,119.41857,97.0
56,159,2,112.231834,96.0
56,160,1,118.42097,95.0
56,161,1,116.59396,94.0
56,162,5,96.8697,93.0
57,36,2,123.74216,125.0
57,37,2,126.82957,125.0
57,38,4,127.29619,125.0
57,39,0,128.65034,125.0
57,40,3,125.99208,125.0
57,41,0,126.151184,125.0
57,42,5,128.55544,125.0
57,43,0,126.75233,125.0
57,44,4,131.2392,125.0
57,45,4,132.70891,125.0
57,46,4,136.21393,125.0
57,47,5,128.38498,125.0
57,48,2,125.596855,125.0
57,49,4,125.17163,125.0
57,50,3,125.25499,125.0
57,51,5,121.29584,125.0
57,52,0,121.5682,125.0
57,53,2,123.07825,125.0
57,54,1,121.66296,125.0
57,55,1,124.27822,125.0
57,56,2,118.61817,125.0
57,57,3,120.015076,125.0
57,58,1,111.04263,125.0
57,59,4,117.90903,125.0
57,60,5,121.268074,125.0
57,61,2,115.567314,125.0
57,62,1,102.21855,125.0
57,63,4,110.164825,125.0
57,64,0,111.00877,125.0
57,65,4,122.265915,125.0
57,66,1,119.85298,125.0
57,67,1,120.32826,125.0
57,68,1,126.106895,125.0
57,69,4,119.11256,125.0
57,70,5,124.48178,125.0
57,71,1,125.36349,125.0
57,72,1,118.85706,125.0
57,73,1,119.81921,125.0
57,74,5,120.25849,125.0
57,75,2,123.35189,125.0
57,76,2,121.4671,125.0
57,77,4,125.46822,125.0
57,78,4,120.697365,125.0
57,79,2,120.55145,125.0
57,80,5,123.813736,125.0
57,81,0,123.31266,125.0
57,82,1,126.93761,125.0
57,83,0,127.907684,125.0
57,84,2,126.55012,125.0
57,85,2,119.60144,125.0
57,86,1,115.271614,125.0
57,87,4,119.393,125.0
57,88,4,120.95306,125.0
57,89,4,122.278824,125.0
57,90,0,128.14258,125.0
57,91,4,121.7971,125.0
57,92,2,123.48197,125.0
57,93,2,126.37011,125.0
57,94,3,119.555084,125.0
57,95,1,127.691025,125.0
57,96,1,125.295845,125.0
57,97,2,125.706535,125.0
57,98,2,126.19444,125.0
57,99,3,122.218346,125.0
57,100,4,120.523315,125.0
57,101,0,122.03646,125.0
57,102,4,115.98904,125.0
57,103,5,122.76291,125.0
57,104,5,120.3689,125.0
57,105,2,118.33184,125.0
57,106,1,119.54293,125.0
57,107,1,116.50271,125.0
57,108,4,119.87101,125.0
57,109,1,124.58767,125.0
57,110,3,112.8494,125.0
57,111,3,95.53299,125.0
57,112,1,115.21184,125.0
57,113,4,116.61259,125.0
57,114,1,122.82919,125.0
57,115,2,118.985085,125.0
57,116,1,119.507576,125.0
57,117,0,122.823265,125.0
57,118,0,119.80668,125.0
57,119,0,103.98414,125.0
57,120,5,108.00478,125.0
57,121,1,126.54055,125.0
57,122,1,125.71784,124.0
57,123,1,125.787094,123.0
57,124,0,129.62762,122.0
57,125,3,125.516396,121.0
57,126,4,123.65051,120.0
57,127,1,124.11738,119.0
57,128,0,103.72302,118.0
57,129,1,122.30273,117.0
57,130,5,119.09114,116.0
57,131,2,120.34441,115.0
57,132,2,96.06724,114.0
57,133,4,85.26484,113.0
57,134,0,82.32975,112.0
57,135,4,79.61683,111.0
57,136,0,72.7055,110.0
57,137,1,62.57706,109.0
57,138,0,92.039055,108.0
57,139,1,96.60122,107.0
57,140,3,79.29427,106.0
57,141,1,73.0369,105.0
57,142,0,97.97628,104.0
57,143,1,117.19981,103.0
57,144,2,98.991325,102.0
57,145,4,96.38424,101.0
57,146,4,103.406204,100.0
57,147,2,111.33352,99.0
57,148,5,107.71514,98.0
57,149,4,112.14559,97.0
57,150,4,100.10842,96.0
57,151,0,116.94532,95.0
57,152,3,93.57422,94.0
57,153,1,109.91038,93.0
57,154,5,90.20017,92.0
57,155,1,96.03806,91.0
57,156,4,103.70852,90.0
57,157,1,110.50712,89.0
57,158,0,100.55917,88.0
58,36,1,129.19846,123.0
58,37,0,129.80295,122.0
58,38,0,127.18545,121.0
58,39,0,126.64161,120.0
58,40,1,126.04349,119.0
58,41,2,123.32514,118.0
58,42,1,124.85575,117.0
58,43,3,116.73152,116.0
58,44,4,131.07773,115.0
58,45,4,124.396416,114.0
58,46,2,123.06109,113.0
58,47,4,123.96067,112.0
58,48,3,119.47543,111.0
58,49,0,119.72034,110.0
58,50,2,117.63355,109.0
58,51,2,123.15501,108.0
58,52,0,123.51342,107.0
58,53,3,122.79976,106.0
58,54,3,120.15216,105.0
58,55,1,112.84607,104.0
58,56,5,113.15322,103.0
58,57,0,121.849525,102.0
58,58,2,127.56552,101.0
58,59,4,121.66606,100.0
58,60,4,124.79598,99.0
58,61,1,118.34372,98.0
58,62,1,108.17166,97.0
58,63,2,120.89702,96.0
58,64,2,117.18511,95.0
58,65,0,118.2164,94.0
58,66,3,123.30839,93.0
58,67,1,118.16772,92.0
58,68,5,119.0494,91.0
58,69,0,107.49395,90.0
58,70,0,119.37576,89.0
58,71,0,122.403694,88.0
58,72,1,126.45723,87.0
58,73,0,120.996666,86.0
58,74,1,119.49792,85.0
58,75,0,98.04729,84.0
58,76,2,88.199,83.0
58,77,5,98.6834,82.0
58,78,0,95.216515,81.0
58,79,4,96.904686,80.0
58,80,3,112.32528,79.0
58,81,2,108.83431,78.0
58,82,2,111.263115,77.0
58,83,5,111.43518,76.0
58,84,1,121.733665,75.0
58,85,4,121.930786,74.0
58,86,1,121.91079,73.0
58,87,0,102.5541,72.0
58,88,1,111.6287,71.0
58,89,0,111.22677,70.0
58,90,1,99.736565,69.0
58,91,0,107.19219,68.0
58,92,4,118.78844,67.0
58,93,0,116.26894,66.0
58,94,2,104.32896,65.0
58,95,5,119.56175,64.0
58,96,1,104.520546,63.0
58,97,5,101.455795,62.0
58,98,2,88.09499,61.0
58,99,2,103.08334,60.0
58,100,4,96.2227,59.0
58,101,2,97.4629,58.0
58,102,4,92.69987,57.0
58,103,2,107.404976,56.0
58,104,2,77.568474,55.0
58,105,1,70.89442,54.0
58,106,1,79.133484,53.0
58,107,5,101.54479,52.0
58,108,3,83.63886,51.0
58,109,4,56.28869,50.0
58,110,2,67.43208,49.0
58,111,5,61.660645,48.0
58,112,0,42.936676,47.0
58,113,4,33.990677,46.0
58,114,2,31.693932,45.0
58,115,4,25.23722,44.0
58,116,3,28.744041,43.0
58,117,5,26.870647,42.0
58,118,2,24.390997,41.0
58,119,2,26.685482,40.0
59,36,0,128.83884,125.0
59,37,5,119.341194,125.0
59,38,0,117.68151,125.0
59,39,0,131.98932,125.0
59,40,5,113.299,125.0
59,41,2,120.165794,125.0
59,42,0,116.37482,125.0
59,43,3,121.65644,125.0
59,44,1,129.11292,125.0
59,45,2,120.30719,125.0
59,46,2,117.720634,125.0
59,47,1,118.81285,125.0
59,48,2,123.77821,125.0
59,49,3,119.50677,125.0
59,50,4,120.79446,125.0
59,51,0,124.85027,125.0
59,52,3,123.84187,125.0
59,53,3,126.10971,125.0
59,54,4,127.07487,125.0
59,55,4,122.68696,125.0
59,56,0,123.51134,125.0
59,57,3,124.9952,125.0
59,58,0,116.728325,125.0
59,59,2,123.73753,125.0
59,60,2,123.706825,125.0
59,61,0,112.52338,125.0
59,62,4,120.06756,125.0
59,63,2,118.47375,125.0
59,64,3,119.340454,125.0
59,65,3,122.15995,125.0
59,66,5,114.79352,125.0
59,67,4,101.47997,125.0
59,68,2,124.66005,125.0
59,69,2,119.637596,125.0
59,70,1,123.591545,125.0
59,71,2,120.45263,125.0
59,72,4,115.75021,125.0
59,73,2,122.08341,125.0
59,74,5,122.57192,124.0
59,75,3,122.27335,123.0
59,76,4,102.73521,122.0
59,77,0,121.36149,121.0
59,78,3,103.94012,120.0
59,79,0,107.26832,119.0
59,80,0,97.86877,118.0
59,81,1,117.72917,117.0
59,82,5,122.51463,116.0
59,83,2,127.07231,115.0
59,84,0,128.95802,114.0
59,85,0,127.152596,113.0
59,86,2,120.48409,112.0
59,87,2,113.82238,111.0
59,88,2,115.455086,110.0
59,89,5,96.33054,109.0
59,90,4,112.03954,108.0
59,91,3,91.32399,107.0
59,92,0,94.52134,106.0
59,93,0,114.1081,105.0
59,94,3,107.97051,104.0
59,95,0,107.1043,103.0
59,96,2,109.70375,102.0
59,97,1,102.53515,101.0
59,98,2,101.07195,100.0
59,99,3,112.093285,99.0
59,100,1,110.66083,98.0
59,101,3,94.10757,97.0
59,102,5,109.10619,96.0
59,103,5,115.37571,95.0
59,104,1,109.23765,94.0
59,105,3,129.1417,93.0
59,106,0,110.53419,92.0
59,107,2,126.695946,91.0
59,108,1,123.3518,90.0
59,109,0,123.282875,89.0
59,110,0,123.11423,88.0
59,111,5,122.47477,87.0
59,112,3,108.08861,86.0
59,113,3,120.4372,85.0
59,114,1,116.868675,84.0
59,115,4,119.63172,83.0
59,116,3,112.56965,82.0
59,117,0,112.459816,81.0
59,118,1,126.005875,80.0
59,119,5,127.52909,79.0
59,120,2,121.60104,78.0
59,121,3,119.16051,77.0
59,122,3,113.21846,76.0
59,123,4,117.26316,75.0
59,124,4,113.42819,74.0
59,125,1,116.51865,73.0
59,126,0,104.833336,72.0
59,127,4,118.01804,71.0
59,128,0,116.680725,70.0
59,129,1,118.39008,69.0
59,130,3,119.54687,68.0
59,131,3,121.827255,67.0
59,132,2,110.41384,66.0
59,133,0,112.96766,65.0
59,134,5,112.14715,64.0
59,135,1,120.41032,63.0
59,136,1,105.542496,62.0
59,137,2,86.842865,61.0
59,138,3,99.19573,60.0
59,139,2,82.15866,59.0
59,140,2,107.71905,58.0
59,141,0,93.34637,57.0
59,142,5,68.151405,56.0
59,143,1,72.39071,55.0
59,144,5,49.742996,54.0
59,145,3,68.26498,53.0
59,146,2,49.556297,52.0
59,147,2,37.93896,51.0
59,148,3,29.952347,50.0
59,149,2,31.167616,49.0
60,36,5,120.437195,125.0
60,37,1,116.7374,125.0
60,38,4,112.82104,125.0
60,39,0,115.68507,125.0
60,40,2,109.80851,125.0
60,41,4,114.95977,125.0
60,42,3,121.36651,125.0
60,43,1,121.4632,125.0
60,44,0,124.435585,125.0
60,45,5,124.09651,125.0
60,46,1,122.78326,125.0
60,47,0,121.55511,125.0
60,48,0,123.482635,125.0
60,49,4,117.175514,125.0
60,50,1,123.89718,125.0
60,51,4,125.658,125.0
60,52,4,126.14227,125.0
60,53,4,117.79069,125.0
60,54,1,121.73665,125.0
60,55,3,124.61361,125.0
60,56,1,121.67338,125.0
60,57,1,117.90809,125.0
60,58,2,117.25903,125.0
60,59,4,121.86747,125.0
60,60,3,122.53019,125.0
60,61,3,121.85551,125.0
60,62,3,118.693474,125.0
60,63,2,113.88219,125.0
60,64,1,119.38181,125.0
60,65,0,119.07212,125.0
60,66,1,119.15566,125.0
60,67,1,119.13299,125.0
60,68,4,123.114006,125.0
60,69,0,127.07385,125.0
60,70,1,119.49449,125.0
60,71,2,116.790276,125.0
60,72,4,123.8476,125.0
60,73,5,125.439644,125.0
60,74,0,103.77135,125.0
60,75,3,121.28794,125.0
60,76,4,120.17566,125.0
60,77,3,114.0201,125.0
60,78,1,119.50178,125.0
60,79,0,123.971596,125.0
60,80,4,121.52566,125.0
60,81,1,116.652115,125.0
60,82,1,129.23154,125.0
60,83,4,122.7513,125.0
60,84,0,123.54159,125.0
60,85,1,126.89888,125.0
60,86,1,126.93687,125.0
60,87,1,129.7354,125.0
60,88,4,125.27645,125.0
60,89,3,128.66539,125.0
60,90,3,125.980934,125.0
60,91,3,123.575645,125.0
60,92,0,126.67878,125.0
60,93,1,123.69358,125.0
60,94,3,123.206345,125.0
60,95,4,126.8092,125.0
60,96,2,121.930115,125.0
60,97,2,126.74859,125.0
60,98,5,118.91582,125.0
60,99,1,120.299065,125.0
60,100,5,122.193306,125.0
60,101,4,127.72985,125.0
60,102,1,121.84193,125.0
60,103,3,121.46389,125.0
60,104,4,116.50337,125.0
60,105,4,126.36413,125.0
60,106,4,116.43668,125.0
60,107,4,120.09696,125.0
60,108,2,125.002556,125.0
60,109,1,120.14439,125.0
60,110,4,118.68515,125.0
60,111,1,114.38864,125.0
60,112,1,115.45602,125.0
61,36,0,122.911575,125.0
61,37,0,120.18681,125.0
61,38,4,114.77919,125.0
61,39,2,107.40705,125.0
61,40,2,96.48031,125.0
61,41,4,119.692726,125.0
61,42,1,119.99763,125.0
61,43,2,116.7981,125.0
61,44,1,118.8169,125.0
61,45,2,96.94228,125.0
61,46,2,113.67138,125.0
61,47,4,117.41509,125.0
61,48,3,124.73959,125.0
61,49,2,123.22561,125.0
61,50,3,127.84423,125.0
61,51,0,124.170555,125.0
61,52,2,118.259636,125.0
61,53,1,125.620125,125.0
61,54,1,124.42806,125.0
61,55,3,125.03724,125.0
61,56,1,128.02718,125.0
61,57,1,124.57535,125.0
61,58,4,129.13898,125.0
61,59,1,124.56313,125.0
61,60,1,121.6735,125.0
61,61,1,124.6504,125.0
61,62,4,131.03865,125.0
61,63,4,123.0332,125.0
61,64,1,128.85051,125.0
61,65,1,120.913704,125.0
61,66,2,124.982376,125.0
61,67,1,125.63511,125.0
61,68,0,124.75943,125.0
61,69,1,128.8735,125.0
61,70,1,126.48411,125.0
61,71,0,123.402214,125.0
61,72,1,122.242294,125.0
61,73,3,124.81614,125.0
61,74,1,124.739876,125.0
61,75,4,120.98339,125.0
61,76,4,119.27226,125.0
61,77,1,122.27315,125.0
61,78,1,125.61477,125.0
62,36,3,124.15441,125.0
62,37,3,112.16682,125.0
62,38,5,110.40732,125.0
62,39,4,128.69168,125.0
62,40,4,103.29047,125.0
62,41,5,125.20092,125.0
62,42,4,89.15754,125.0
62,43,0,92.46389,125.0
62,44,1,101.51505,125.0
62,45,1,93.3584,125.0
62,46,2,129.1224,125.0
62,47,2,126.0665,125.0
62,48,3,106.228096,125.0
62,49,3,121.50616,125.0
62,50,2,108.04998,125.0
62,51,1,110.41782,125.0
62,52,3,123.239685,125.0
62,53,3,119.84061,125.0
62,54,1,120.93255,125.0
62,55,0,127.20428,125.0
62,56,2,113.69754,125.0
62,57,3,123.078445,125.0
62,58,0,126.20815,125.0
62,59,3,123.351555,125.0
62,60,4,128.83144,125.0
62,61,4,119.96105,125.0
62,62,1,122.71516,125.0
62,63,1,117.70558,125.0
62,64,1,125.84737,125.0
62,65,4,109.523094,125.0
62,66,3,119.68241,125.0
62,67,0,114.75535,125.0
62,68,5,117.05424,125.0
62,69,5,113.53533,125.0
62,70,0,105.72175,125.0
62,71,2,90.8375,125.0
62,72,4,123.42017,125.0
62,73,3,121.42684,125.0
62,74,0,121.5334,125.0
62,75,0,120.50705,125.0
62,76,4,111.92132,125.0
62,77,5,74.03362,125.0
62,78,3,86.619514,125.0
62,79,4,88.713646,125.0
62,80,5,84.410065,125.0
62,81,2,88.55981,125.0
62,82,3,102.06475,125.0
62,83,3,115.02647,125.0
62,84,2,115.690544,125.0
62,85,0,99.6087,125.0
62,86,1,100.31585,125.0
62,87,5,123.800316,125.0
62,88,1,124.11323,125.0
62,89,1,128.3847,125.0
62,90,0,130.63048,125.0
62,91,1,127.07462,125.0
62,92,0,121.211205,125.0
62,93,0,127.750374,125.0
62,94,0,120.08346,125.0
62,95,2,123.53949,125.0
62,96,3,124.96613,125.0
62,97,1,123.572395,125.0
62,98,2,123.58633,125.0
62,99,5,121.408035,125.0
62,100,2,115.35546,125.0
62,101,0,118.36883,125.0
62,102,2,114.86161,125.0
62,103,0,121.994606,125.0
62,104,1,125.47441,125.0
62,105,2,119.55079,125.0
62,106,0,121.02297,125.0
62,107,5,124.39203,125.0
62,108,0,117.97403,125.0
62,109,5,126.80569,125.0
62,110,3,120.38162,125.0
62,111,4,126.73342,125.0
62,112,5,115.74552,125.0
62,113,2,111.31132,125.0
62,114,1,117.23293,125.0
62,115,3,124.12882,125.0
62,116,5,114.84188,125.0
62,117,3,124.211266,125.0
62,118,2,118.64544,125.0
62,119,3,118.805405,125.0
62,120,1,117.50445,125.0
62,121,5,95.38889,125.0
62,122,3,119.68184,125.0
62,123,2,115.038704,125.0
62,124,1,108.53611,125.0
62,125,5,119.10335,125.0
62,126,4,91.52122,125.0
62,127,2,118.94958,125.0
62,128,4,118.76792,125.0
62,129,0,118.4644,125.0
62,130,1,109.73704,125.0
62,131,0,119.05305,125.0
62,132,1,126.21999,125.0
62,133,1,122.703926,125.0
62,134,0,122.50559,125.0
62,135,3,120.48406,125.0
62,136,2,115.69448,125.0
62,137,0,112.498795,125.0
62,138,4,112.36268,125.0
62,139,5,119.419655,125.0
62,140,5,119.01224,125.0
62,141,0,111.525215,125.0
62,142,5,121.48396,125.0
62,143,4,121.73356,125.0
62,144,5,110.60729,125.0
62,145,0,79.169044,125.0
62,146,4,99.08709,125.0
62,147,5,82.39741,125.0
62,148,2,84.52719,125.0
62,149,1,90.9295,125.0
62,150,2,96.154945,125.0
62,151,1,106.33381,125.0
62,152,2,104.639946,125.0
62,153,4,114.0993,125.0
62,154,1,113.76621,125.0
62,155,1,121.41684,125.0
62,156,4,122.15868,125.0
62,157,2,118.15951,125.0
62,158,4,107.95701,124.0
62,159,0,127.2924,123.0
62,160,2,117.30569,122.0
62,161,4,101.62473,121.0
62,162,1,116.65063,120.0
62,163,1,116.70342,119.0
62,164,3,116.419426,118.0
62,165,3,109.357124,117.0
62,166,2,120.93963,116.0
62,167,4,115.02395,115.0
62,168,2,118.06481,114.0
62,169,0,110.06539,113.0
62,170,5,105.35555,112.0
62,171,0,104.3384,111.0
62,172,0,104.15766,110.0
62,173,1,92.1123,109.0
62,174,2,92.81559,108.0
62,175,1,92.616005,107.0
62,176,0,85.58929,106.0
62,177,0,91.9861,105.0
62,178,1,96.71642,104.0
62,179,5,88.03999,103.0
62,180,0,89.54132,102.0
62,181,5,51.408028,101.0
62,182,0,59.287445,100.0
62,183,3,56.81633,99.0
62,184,4,40.185555,98.0
62,185,5,44.305614,97.0
62,186,3,49.228554,96.0
62,187,5,56.100807,95.0
62,188,2,87.136055,94.0
62,189,5,53.228172,93.0
62,190,0,69.71218,92.0
62,191,1,64.58065,91.0
62,192,2,64.321,90.0
62,193,1,83.56847,89.0
62,194,0,85.53234,88.0
62,195,4,86.299355,87.0
62,196,2,87.17669,86.0
62,197,0,86.33143,85.0
62,198,5,90.23117,84.0
62,199,4,94.56422,83.0
62,200,2,86.56609,82.0
62,201,0,82.901436,81.0
62,202,2,78.42933,80.0
62,203,0,83.02375,79.0
62,204,5,77.81674,78.0
62,205,4,92.05374,77.0
62,206,5,81.44658,76.0
62,207,1,85.118935,75.0
62,208,1,98.90177,74.0
62,209,0,94.769646,73.0
62,210,5,89.46638,72.0
62,211,0,94.1849,71.0
62,212,3,99.338936,70.0
62,213,1,93.10453,69.0
62,214,3,78.85006,68.0
62,215,2,64.383804,67.0
62,216,0,67.83266,66.0
62,217,2,55.48687,65.0
62,218,2,54.042892,64.0
62,219,5,58.171593,63.0
62,220,4,61.046165,62.0
62,221,1,62.195923,61.0
62,222,5,61.260487,60.0
62,223,1,59.636562,59.0
62,224,1,57.99285,58.0
63,36,0,119.58816,125.0
63,37,4,114.75894,125.0
63,38,2,123.46815,125.0
63,39,3,117.50777,125.0
63,40,1,118.893684,125.0
63,41,2,118.55714,125.0
63,42,2,118.54384,125.0
63,43,0,123.567764,125.0
63,44,4,122.62247,125.0
63,45,3,109.66331,125.0
63,46,2,115.03297,125.0
63,47,5,120.10906,125.0
63,48,1,123.89802,125.0
63,49,0,124.34606,125.0
63,50,0,120.74615,125.0
63,51,0,119.51598,125.0
63,52,5,115.58708,125.0
63,53,0,116.57863,125.0
63,54,4,119.45124,125.0
63,55,5,123.87301,125.0
63,56,4,120.592964,125.0
63,57,1,127.560326,125.0
63,58,0,102.83256,125.0
63,59,2,114.40826,125.0
63,60,0,112.56095,125.0
63,61,1,120.56876,125.0
63,62,0,122.33988,125.0
63,63,5,104.53071,125.0
63,64,0,119.93189,125.0
63,65,4,123.60658,125.0
63,66,3,111.84746,125.0
63,67,5,116.86001,125.0
63,68,1,118.72815,125.0
63,69,4,122.39835,125.0
63,70,5,119.07368,125.0
63,71,4,118.14978,125.0
63,72,3,124.01977,125.0
63,73,2,127.86562,125.0
63,74,1,126.28603,125.0
63,75,0,124.2885,125.0
63,76,1,125.571495,125.0
63,77,2,122.73676,125.0
63,78,1,118.15073,125.0
63,79,0,120.80193,125.0
63,80,2,112.93528,125.0
63,81,0,102.710594,125.0
63,82,4,90.417946,125.0
63,83,3,122.31707,125.0
63,84,2,101.284164,125.0
63,85,4,97.888756,125.0
63,86,3,117.657486,125.0
63,87,1,106.6281,125.0
63,88,0,127.20598,125.0
63,89,5,124.93146,125.0
63,90,1,111.36399,125.0
63,91,5,127.6214,125.0
63,92,1,126.221,125.0
63,93,1,121.19395,125.0
63,94,3,123.61561,125.0
63,95,3,122.73998,125.0
63,96,5,116.3659,125.0
63,97,4,120.59194,125.0
63,98,0,121.756935,125.0
63,99,3,126.62597,125.0
63,100,1,122.05363,125.0
63,101,0,120.15897,125.0
63,102,5,120.041756,125.0
63,103,1,125.80724,125.0
63,104,0,125.0168,125.0
63,105,5,119.78483,125.0
63,106,0,116.03642,125.0
63,107,3,102.57633,125.0
63,108,2,119.37924,125.0
63,109,2,121.682594,125.0
63,110,2,119.04958,125.0
63,111,1,126.431694,125.0
63,112,3,121.9786,125.0
63,113,5,125.881966,125.0
63,114,4,128.57281,125.0
63,115,0,125.05512,125.0
63,116,4,124.093445,125.0
63,117,0,119.36115,125.0
63,118,4,115.47105,125.0
63,119,4,103.29052,125.0
63,120,2,83.816826,125.0
63,121,5,104.26638,125.0
63,122,1,114.53566,125.0
63,123,3,120.492256,125.0
63,124,4,116.12636,125.0
63,125,1,100.06616,125.0
63,126,3,105.34648,125.0
63,127,2,90.88349,125.0
63,128,3,114.41309,125.0
63,129,1,92.87378,125.0
63,130,2,96.54803,124.0
63,131,1,115.26354,123.0
63,132,3,122.65374,122.0
63,133,1,115.92512,121.0
63,134,0,108.66856,120.0
63,135,1,123.74855,119.0
63,136,4,112.51476,118.0
63,137,4,102.693214,117.0
64,36,1,110.15919,125.0
64,37,4,123.39904,125.0
64,38,3,121.937416,125.0
64,39,4,111.778076,125.0
64,40,1,126.057236,125.0
64,41,3,105.92123,125.0
64,42,4,128.94086,125.0
64,43,3,127.51182,125.0
64,44,0,120.14492,125.0
64,45,2,119.13098,125.0
64,46,5,115.53013,125.0
64,47,3,115.87331,125.0
64,48,0,117.329506,125.0
64,49,4,123.20542,125.0
64,50,2,129.81705,125.0
64,51,2,127.69133,125.0
64,52,0,121.74612,125.0
64,53,2,121.92349,125.0
64,54,3,129.50789,125.0
64,55,3,127.57279,125.0
64,56,3,123.49684,125.0
64,57,0,122.01786,125.0
64,58,2,121.68179,125.0
64,59,3,123.05541,125.0
64,60,1,124.40921,125.0
64,61,0,123.299965,125.0
64,62,1,117.5104,125.0
64,63,1,127.02775,125.0
64,64,4,119.888145,125.0
64,65,5,120.98757,125.0
64,66,4,112.444595,125.0
64,67,1,119.23929,125.0
64,68,0,123.43215,125.0
64,69,0,127.65771,125.0
64,70,1,120.849976,125.0
64,71,3,125.71085,125.0
64,72,3,127.39579,125.0
64,73,4,125.53075,125.0
64,74,2,128.4598,125.0
64,75,2,123.83883,125.0
64,76,4,124.04397,125.0
64,77,0,120.60807,125.0
64,78,2,126.31929,125.0
64,79,0,126.323265,125.0
64,80,0,128.71588,125.0
64,81,2,127.80253,125.0
64,82,5,121.94805,125.0
64,83,0,127.374794,125.0
64,84,0,128.22546,125.0
64,85,4,129.22226,125.0
64,86,2,126.50989,125.0
64,87,4,123.525406,125.0
64,88,0,127.348465,125.0
64,89,0,122.2183,125.0
64,90,4,117.41262,125.0
64,91,2,125.17314,125.0
64,92,4,119.31257,125.0
64,93,4,117.27558,125.0
64,94,1,120.67741,125.0
64,95,3,123.29667,125.0
64,96,4,120.45975,125.0
64,97,4,122.653114,125.0
64,98,3,120.43986,125.0
64,99,2,129.40332,125.0
64,100,2,126.66793,125.0
64,101,3,112.07755,125.0
64,102,0,126.67177,125.0
64,103,2,125.5839,125.0
64,104,4,115.560936,125.0
64,105,3,91.55549,125.0
64,106,5,107.109955,125.0
64,107,2,67.0467,125.0
64,108,2,83.67661,125.0
64,109,3,32.460987,125.0
64,110,4,95.67007,125.0
64,111,0,54.255615,125.0
64,112,1,74.0306,125.0
64,113,2,88.606316,125.0
64,114,5,110.90545,125.0
64,115,1,80.66214,125.0
64,116,1,98.53048,125.0
64,117,3,77.01807,125.0
64,118,2,86.13922,125.0
64,119,4,105.09864,125.0
64,120,3,117.296005,125.0
64,121,0,128.74254,125.0
64,122,1,118.40519,125.0
64,123,4,122.436134,125.0
64,124,3,93.89076,125.0
64,125,0,114.86985,125.0
64,126,1,112.30067,125.0
64,127,5,109.34466,125.0
64,128,0,114.15217,125.0
64,129,4,104.06425,125.0
64,130,0,118.62951,125.0
64,131,2,115.442604,125.0
64,132,5,129.03177,125.0
64,133,2,131.44301,125.0
64,134,0,125.63528,125.0
64,135,4,128.63062,125.0
64,136,0,126.223724,125.0
64,137,2,131.40244,125.0
64,138,0,122.151726,125.0
64,139,4,124.23521,125.0
64,140,0,118.06247,125.0
64,141,2,123.61355,125.0
64,142,1,118.47779,125.0
64,143,5,114.66714,125.0
64,144,1,121.533066,125.0
64,145,0,116.05364,125.0
64,146,3,109.723625,125.0
64,147,0,107.23113,125.0
64,148,5,103.90154,125.0
64,149,0,85.7487,125.0
64,150,1,87.41604,125.0
64,151,5,113.101776,125.0
64,152,1,99.40922,125.0
64,153,2,118.34664,125.0
64,154,3,111.284096,125.0
64,155,1,117.20925,125.0
64,156,4,102.68967,125.0
64,157,4,117.826126,125.0
64,158,2,114.27067,125.0
64,159,0,111.30347,125.0
64,160,1,115.12806,125.0
64,161,5,121.141716,125.0
64,162,0,116.562645,125.0
64,163,2,116.77082,125.0
64,164,1,123.47143,125.0
64,165,3,116.23767,125.0
64,166,5,115.420784,125.0
64,167,4,96.57752,125.0
64,168,0,113.065605,125.0
64,169,0,111.054726,125.0
64,170,1,121.06142,125.0
64,171,5,117.060356,125.0
64,172,0,116.91712,125.0
64,173,3,113.54373,125.0
64,174,1,114.80105,125.0
64,175,0,111.662346,124.0
64,176,2,111.60577,123.0
64,177,5,112.51567,122.0
64,178,2,100.46986,121.0
64,179,1,103.712425,120.0
64,180,2,112.16905,119.0
64,181,0,85.59926,118.0
64,182,0,90.221,117.0
64,183,1,64.698204,116.0
64,184,0,56.364624,115.0
64,185,4,51.125626,114.0
64,186,2,65.854355,113.0
64,187,1,79.665825,112.0
64,188,4,83.19511,111.0
64,189,3,90.34444,110.0
64,190,0,79.80363,109.0
64,191,0,87.35227,108.0
64,192,5,80.28247,107.0
64,193,2,91.211174,106.0
64,194,2,93.14394,105.0
64,195,2,98.86897,104.0
64,196,4,89.433304,103.0
64,197,4,96.95785,102.0
64,198,5,81.019066,101.0
64,199,1,71.61195,100.0
64,200,2,88.7232,99.0
64,201,5,91.482574,98.0
64,202,1,90.43768,97.0
64,203,0,99.31314,96.0
64,204,2,70.26612,95.0
64,205,4,82.49877,94.0
64,206,3,87.68931,93.0
64,207,4,81.733604,92.0
64,208,1,80.38863,91.0
64,209,4,91.20012,90.0
64,210,1,86.86495,89.0
64,211,2,80.33218,88.0
64,212,4,71.86765,87.0
64,213,2,90.66195,86.0
64,214,1,86.92903,85.0
64,215,0,67.97231,84.0
64,216,3,81.8203,83.0
64,217,2,86.03316,82.0
64,218,0,75.20345,81.0
64,219,0,67.0807,80.0
64,220,2,65.58853,79.0
64,221,1,69.137665,78.0
64,222,0,70.28008,77.0
64,223,4,69.49562,76.0
64,224,1,67.99811,75.0
64,225,3,66.29442,74.0
64,226,0,50.090782,73.0
64,227,3,63.374207,72.0
64,228,4,66.09535,71.0
64,229,1,70.7976,70.0
64,230,5,66.18571,69.0
64,231,0,70.37622,68.0
64,232,1,64.53757,67.0
64,233,3,61.115196,66.0
64,234,0,55.763985,65.0
64,235,4,63.155334,64.0
64,236,1,60.916016,63.0
64,237,2,43.977432,62.0
64,238,1,53.39144,61.0
64,239,2,45.824368,60.0
64,240,2,48.612118,59.0
64,241,1,47.562645,58.0
64,242,0,43.37651,57.0
64,243,3,48.540894,56.0
64,244,0,51.984818,55.0
64,245,0,45.232655,54.0
64,246,0,45.538033,53.0
64,247,0,43.469124,52.0
64,248,0,32.112694,51.0
64,249,2,41.323364,50.0
64,250,1,45.73103,49.0
64,251,4,40.781662,48.0
64,252,2,41.87993,47.0
64,253,1,43.149017,46.0
64,254,1,28.7444,45.0
64,255,5,34.63079,44.0
64,256,4,25.743843,43.0
64,257,4,24.832531,42.0
64,258,4,23.187168,41.0
64,259,2,23.64804,40.0
64,260,1,24.959007,39.0
64,261,2,33.21161,38.0
64,262,0,26.63975,37.0
64,263,1,32.251087,36.0
64,264,1,34.406456,35.0
64,265,1,26.868748,34.0
64,266,5,27.002954,33.0
64,267,5,24.748192,32.0
64,268,1,26.870022,31.0
64,269,4,21.31719,30.0
64,270,4,29.41618,29.0
64,271,3,26.37996,28.0
65,36,0,125.16332,125.0
65,37,3,121.61825,125.0
65,38,4,131.01741,125.0
65,39,2,128.85422,125.0
65,40,2,121.02659,125.0
65,41,2,120.20989,125.0
65,42,0,109.20158,125.0
65,43,0,113.63947,125.0
65,44,4,113.179825,125.0
65,45,4,119.249,125.0
65,46,0,109.97518,125.0
65,47,0,111.125114,125.0
65,48,2,113.48052,125.0
65,49,2,121.200615,125.0
65,50,2,118.47024,125.0
65,51,5,123.50265,125.0
65,52,4,124.12222,125.0
65,53,4,120.32685,125.0
65,54,2,122.396935,125.0
65,55,0,125.95922,125.0
65,56,0,117.73626,125.0
65,57,4,120.67309,125.0
65,58,0,118.18556,125.0
65,59,4,125.205215,125.0
65,60,0,127.00354,125.0
65,61,0,114.60303,125.0
65,62,0,121.41667,125.0
65,63,5,109.3558,125.0
65,64,1,122.24784,125.0
65,65,3,107.50286,125.0
65,66,3,110.38295,125.0
65,67,3,114.1356,125.0
65,68,2,106.61066,125.0
65,69,4,112.86846,125.0
65,70,2,108.38331,124.0
65,71,0,104.30438,123.0
65,72,2,116.88784,122.0
65,73,3,100.87617,121.0
65,74,2,116.98593,120.0
65,75,1,114.53614,119.0
65,76,2,105.209496,118.0
65,77,2,115.731865,117.0
65,78,0,122.642235,116.0
65,79,2,122.109146,115.0
66,36,5,92.8131,125.0
66,37,3,114.63446,125.0
66,38,0,123.895775,125.0
66,39,5,118.8198,125.0
66,40,4,120.08033,125.0
66,41,3,117.01145,125.0
66,42,1,122.235725,125.0
66,43,4,127.59486,125.0
66,44,1,125.78558,125.0
66,45,4,118.54889,125.0
66,46,1,113.79049,125.0
66,47,4,123.93289,125.0
66,48,2,114.68427,125.0
66,49,2,108.57159,125.0
66,50,4,120.43701,125.0
66,51,2,125.15601,125.0
66,52,0,125.77079,125.0
66,53,0,120.94523,125.0
66,54,0,121.08758,125.0
66,55,0,130.14911,125.0
66,56,0,121.77267,125.0
66,57,1,121.07755,125.0
66,58,2,120.72815,125.0
66,59,5,121.082695,125.0
66,60,0,126.50736,125.0
66,61,3,123.80397,125.0
66,62,0,125.37648,125.0
66,63,5,121.3494,125.0
66,64,1,129.13994,125.0
66,65,3,118.52982,125.0
66,66,5,122.06979,125.0
66,67,3,119.87914,125.0
66,68,1,117.000435,125.0
66,69,3,115.86506,125.0
66,70,5,118.22665,125.0
66,71,2,125.20399,125.0
66,72,0,116.18929,125.0
66,73,3,89.85489,125.0
66,74,0,80.68932,125.0
66,75,3,82.50974,125.0
66,76,2,103.31343,125.0
66,77,5,101.55584,125.0
66,78,0,108.42606,125.0
66,79,1,122.92907,125.0
66,80,2,125.50998,125.0
66,81,4,123.45443,125.0
66,82,2,125.48112,125.0
66,83,2,121.34919,125.0
66,84,0,125.8711,125.0
66,85,1,124.798706,124.0
66,86,1,124.70632,123.0
66,87,0,122.51098,122.0
66,88,0,123.57196,121.0
66,89,0,115.301476,120.0
66,90,1,123.65257,119.0
66,91,4,113.32897,118.0
66,92,0,119.613205,117.0
66,93,3,126.30938,116.0
66,94,0,114.95575,115.0
66,95,0,114.28686,114.0
66,96,4,116.14524,113.0
66,97,0,119.981964,112.0
66,98,3,106.17997,111.0
66,99,5,121.44083,110.0
66,100,4,126.2913,109.0
66,101,2,119.11315,108.0
66,102,5,122.67272,107.0
66,103,3,113.68018,106.0
66,104,4,111.06356,105.0
66,105,2,113.76519,104.0
66,106,5,105.35583,103.0
66,107,1,116.46494,102.0
66,108,1,102.71619,101.0
66,109,2,121.816696,100.0
66,110,1,125.26047,99.0
66,111,3,124.6099,98.0
66,112,0,124.52731,97.0
66,113,1,91.88557,96.0
66,114,0,107.91082,95.0
66,115,0,118.89314,94.0
66,116,4,122.74808,93.0
66,117,2,123.8092,92.0
66,118,0,120.92687,91.0
66,119,5,121.03048,90.0
66,120,2,120.40769,89.0
66,121,3,121.231995,88.0
66,122,3,119.565956,87.0
67,36,1,129.98537,125.0
67,37,4,125.61684,125.0
67,38,3,127.47528,125.0
67,39,1,123.47619,125.0
67,40,1,126.13429,125.0
67,41,2,126.7971,125.0
67,42,2,125.01856,125.0
67,43,3,125.69663,125.0
67,44,1,123.933205,125.0
67,45,0,123.52375,125.0
67,46,3,125.92243,125.0
67,47,0,128.63025,125.0
67,48,3,125.70464,125.0
67,49,0,127.12236,125.0
67,50,0,124.139824,125.0
67,51,4,124.83753,125.0
67,52,2,124.48977,125.0
67,53,2,124.34288,125.0
67,54,3,122.43628,125.0
67,55,5,119.73918,125.0
67,56,0,121.0535,125.0
67,57,3,118.3225,125.0
67,58,1,108.36756,125.0
67,59,2,123.33777,125.0
67,60,0,125.217865,125.0
67,61,2,121.72096,125.0
67,62,3,120.4168,125.0
67,63,1,108.9295,125.0
67,64,2,114.592545,125.0
67,65,3,105.40713,125.0
67,66,2,116.22184,125.0
67,67,1,122.8534,125.0
67,68,4,118.65876,125.0
67,69,1,122.388336,125.0
67,70,4,119.60082,125.0
67,71,4,119.33271,125.0
67,72,2,125.341225,125.0
67,73,0,123.398994,125.0
67,74,2,124.94796,125.0
67,75,1,120.28804,125.0
67,76,2,122.86172,125.0
67,77,2,106.91224,125.0
67,78,2,110.65138,125.0
67,79,4,109.330215,125.0
67,80,3,126.43522,125.0
67,81,2,122.858604,125.0
67,82,1,123.5065,125.0
67,83,3,120.611565,125.0
67,84,0,119.33572,125.0
67,85,0,121.638084,125.0
67,86,0,120.06092,125.0
67,87,0,117.33948,125.0
67,88,4,121.17661,125.0
67,89,2,124.06407,125.0
67,90,3,123.92048,125.0
67,91,3,118.79821,125.0
67,92,0,108.27018,125.0
67,93,0,115.78041,125.0
67,94,1,125.830956,125.0
67,95,2,116.46578,125.0
67,96,2,125.14366,125.0
67,97,4,128.21017,125.0
67,98,3,125.6231,125.0
67,99,0,122.94606,125.0
67,100,1,127.90758,125.0
67,101,0,124.64469,125.0
67,102,1,126.46563,125.0
67,103,2,129.24222,125.0
67,104,0,124.765686,125.0
67,105,0,120.24624,125.0
67,106,3,127.32762,125.0
67,107,2,114.203606,125.0
67,108,1,120.04151,125.0
67,109,1,119.56342,125.0
67,110,4,115.743416,125.0
67,111,0,120.68259,125.0
67,112,3,104.28975,125.0
67,113,1,113.62789,125.0
67,114,2,123.6695,125.0
67,115,1,115.267235,125.0
67,116,4,121.277504,125.0
67,117,1,113.23731,125.0
67,118,5,125.04269,125.0
67,119,0,124.2987,125.0
67,120,4,121.16009,125.0
67,121,1,120.930534,125.0
67,122,0,126.31704,125.0
67,123,1,123.83636,125.0
67,124,2,115.37969,125.0
67,125,5,109.17925,125.0
67,126,5,108.438965,125.0
67,127,3,114.9887,125.0
67,128,1,116.23011,125.0
67,129,2,109.04618,125.0
67,130,4,108.171875,125.0
67,131,5,99.708244,125.0
67,132,0,102.98604,125.0
67,133,5,66.84969,125.0
67,134,1,99.39061,125.0
67,135,3,75.31935,125.0
67,136,4,88.225746,125.0
67,137,0,85.21504,125.0
67,138,3,88.951195,125.0
67,139,1,99.0796,125.0
67,140,0,102.058685,125.0
67,141,3,101.6872,125.0
67,142,4,108.20471,125.0
67,143,4,106.8365,125.0
67,144,5,112.24906,125.0
67,145,5,116.07689,125.0
67,146,1,120.75218,125.0
67,147,3,116.70075,125.0
67,148,1,103.10936,125.0
67,149,3,104.490746,125.0
67,150,2,117.06149,125.0
67,151,0,116.103355,125.0
67,152,1,117.52851,125.0
67,153,2,103.64147,125.0
67,154,1,104.084465,124.0
67,155,5,108.38326,123.0
67,156,5,105.19605,122.0
67,157,1,98.44016,121.0
67,158,1,107.6641,120.0
67,159,4,111.5232,119.0
67,160,5,91.065834,118.0
67,161,2,109.70355,117.0
67,162,0,113.55549,116.0
67,163,1,115.38444,115.0
67,164,0,108.42536,114.0
67,165,3,118.8261,113.0
67,166,0,120.703,112.0
67,167,0,115.65502,111.0
67,168,1,96.956825,110.0
67,169,1,98.80286,109.0
67,170,2,95.86838,108.0
67,171,0,101.432205,107.0
67,172,1,109.37116,106.0
67,173,4,74.61348,105.0
67,174,0,65.79733,104.0
67,175,4,96.64713,103.0
67,176,0,76.160965,102.0
67,177,4,90.757355,101.0
67,178,1,95.89635,100.0
67,179,5,88.1946,99.0
67,180,0,112.08003,98.0
67,181,4,81.08267,97.0
67,182,4,89.17477,96.0
67,183,3,113.5044,95.0
67,184,2,92.757835,94.0
67,185,4,116.28147,93.0
67,186,0,109.85055,92.0
68,36,4,127.9681,125.0
68,37,5,121.14605,125.0
68,38,2,121.225136,125.0
68,39,4,121.54041,125.0
68,40,2,120.18534,125.0
68,41,3,123.557274,125.0
68,42,5,109.23929,125.0
68,43,2,122.40692,125.0
68,44,4,121.6446,125.0
68,45,3,126.5385,125.0
68,46,5,126.08305,125.0
68,47,3,127.32888,125.0
68,48,4,130.0681,125.0
68,49,0,126.828094,125.0
68,50,4,125.99162,125.0
68,51,2,128.38812,125.0
68,52,3,116.82697,125.0
68,53,1,123.700165,125.0
68,54,2,114.330475,125.0
68,55,3,118.01785,125.0
68,56,4,118.64672,125.0
68,57,1,120.92818,125.0
68,58,2,118.50443,125.0
68,59,3,122.10975,125.0
68,60,0,121.86041,125.0
68,61,4,121.232506,125.0
68,62,5,125.10372,125.0
68,63,4,113.36698,125.0
68,64,1,126.207436,125.0
68,65,4,116.14771,125.0
68,66,2,119.260414,125.0
68,67,5,122.49127,125.0
68,68,5,125.21612,125.0
68,69,2,132.37338,125.0
68,70,5,135.54012,125.0
68,71,1,129.2201,125.0
68,72,0,128.95428,125.0
68,73,2,128.18196,125.0
68,74,2,125.03927,125.0
68,75,4,121.85001,125.0
68,76,5,130.64285,125.0
68,77,3,121.79193,125.0
68,78,1,133.67204,125.0
68,79,0,134.58508,125.0
68,80,1,131.88367,125.0
68,81,2,129.87767,125.0
68,82,5,122.48864,125.0
68,83,4,122.77314,125.0
68,84,2,128.60805,125.0
68,85,4,119.87878,125.0
68,86,2,120.55509,125.0
68,87,1,126.824165,125.0
68,88,4,121.06925,125.0
68,89,4,123.209984,125.0
68,90,2,129.5187,125.0
68,91,1,128.65959,125.0
68,92,1,116.30359,125.0
68,93,1,112.60804,125.0
68,94,1,100.977776,125.0
68,95,1,125.21689,125.0
68,96,1,110.38323,125.0
68,97,0,110.61244,125.0
68,98,3,127.152275,125.0
68,99,4,123.980286,125.0
68,100,2,120.48858,125.0
68,101,4,116.84212,125.0
68,102,3,113.63543,125.0
68,103,2,120.021324,125.0
68,104,4,112.32278,125.0
68,105,1,117.43683,125.0
68,106,3,126.48712,125.0
68,107,1,124.635155,125.0
68,108,2,116.76992,125.0
68,109,5,122.27331,125.0
68,110,5,108.681,125.0
68,111,0,124.210655,125.0
68,112,5,110.09743,125.0
68,113,3,108.426155,125.0
68,114,1,115.316475,125.0
68,115,2,89.64821,125.0
68,116,1,99.93689,125.0
68,117,4,126.52494,125.0
68,118,4,82.4623,125.0
68,119,1,97.80935,125.0
68,120,5,75.42011,125.0
68,121,2,54.849808,125.0
68,122,4,52.57437,125.0
68,123,1,72.78823,125.0
68,124,1,52.359177,125.0
68,125,4,54.762215,125.0
68,126,5,78.1836,125.0
68,127,5,57.13282,125.0
68,128,5,91.40186,125.0
68,129,3,86.724335,125.0
68,130,4,86.870285,125.0
68,131,3,91.4416,125.0
68,132,0,89.55246,125.0
68,133,0,97.27041,125.0
68,134,4,107.98244,125.0
68,135,4,68.13323,125.0
68,136,3,99.27218,125.0
68,137,2,92.85401,125.0
68,138,3,85.8706,125.0
68,139,0,96.03045,125.0
68,140,4,95.50779,125.0
68,141,1,84.715,125.0
68,142,0,112.59965,125.0
68,143,5,116.54427,125.0
68,144,2,117.09809,125.0
68,145,4,121.99343,125.0
68,146,2,117.52245,125.0
68,147,1,113.22774,125.0
68,148,4,110.48443,125.0
68,149,1,95.77688,125.0
68,150,2,111.82758,125.0
68,151,1,100.33881,125.0
68,152,4,110.07264,125.0
68,153,5,119.83988,125.0
68,154,4,117.11431,125.0
68,155,0,114.3158,125.0
68,156,1,116.586876,125.0
68,157,1,120.316246,125.0
68,158,1,121.50944,125.0
68,159,3,116.49546,125.0
68,160,1,116.42324,125.0
68,161,4,111.296776,125.0
68,162,2,122.03783,125.0
68,163,0,115.88985,125.0
68,164,5,121.19211,125.0
68,165,3,118.77935,125.0
68,166,5,124.43587,125.0
68,167,0,112.80308,124.0
68,168,3,115.87193,123.0
68,169,5,105.55407,122.0
68,170,1,112.600044,121.0
68,171,2,122.94455,120.0
68,172,2,112.425186,119.0
68,173,1,116.14771,118.0
68,174,4,122.1403,117.0
68,175,2,119.61039,116.0
68,176,3,120.12346,115.0
68,177,4,114.06514,114.0
68,178,1,120.926216,113.0
68,179,0,122.54529,112.0
68,180,5,108.81567,111.0
68,181,1,111.654106,110.0
68,182,1,110.35256,109.0
68,183,2,117.667046,108.0
68,184,0,115.69366,107.0
68,185,1,104.50254,106.0
68,186,4,106.97514,105.0
68,187,4,99.992516,104.0
68,188,2,101.3704,103.0
69,36,4,118.38877,125.0
69,37,2,122.304634,125.0
69,38,4,120.790855,125.0
69,39,2,118.744064,125.0
69,40,1,111.35551,125.0
69,41,1,105.15661,125.0
69,42,0,114.35459,125.0
69,43,2,88.10001,125.0
69,44,4,110.09429,125.0
69,45,0,114.775986,125.0
69,46,2,105.603096,125.0
69,47,1,113.94784,125.0
69,48,2,119.79116,125.0
69,49,4,117.174866,125.0
69,50,3,109.71693,125.0
69,51,1,117.85146,125.0
69,52,1,120.62544,125.0
69,53,1,123.07129,125.0
69,54,1,121.535675,125.0
69,55,2,122.8101,125.0
69,56,5,125.74644,125.0
69,57,1,122.73264,125.0
69,58,0,123.300125,125.0
69,59,5,124.32377,125.0
69,60,1,118.90879,125.0
69,61,4,127.37734,125.0
69,62,3,114.4877,125.0
69,63,3,103.37014,125.0
69,64,5,106.384056,125.0
69,65,0,100.39463,125.0
69,66,4,87.3127,125.0
69,67,0,105.114006,125.0
69,68,2,97.095924,125.0
69,69,0,86.31374,125.0
69,70,4,77.91337,125.0
69,71,1,92.697426,125.0
69,72,2,82.95638,125.0
69,73,5,95.1524,125.0
69,74,1,105.1589,125.0
69,75,3,111.15706,125.0
69,76,2,119.44023,125.0
69,77,1,121.7284,125.0
69,78,1,114.169334,125.0
69,79,3,119.96076,125.0
69,80,4,116.900215,125.0
69,81,2,115.180664,124.0
69,82,4,122.44753,123.0
69,83,0,120.52051,122.0
69,84,1,122.03715,121.0
69,85,3,121.60467,120.0
69,86,5,119.09207,119.0
69,87,2,112.96132,118.0
69,88,1,98.91251,117.0
69,89,2,98.00952,116.0
69,90,4,104.18938,115.0
69,91,3,120.999626,114.0
69,92,5,124.83879,113.0
69,93,4,125.72514,112.0
69,94,2,119.578514,111.0
69,95,4,117.077354,110.0
69,96,4,118.71792,109.0
69,97,3,119.43727,108.0
69,98,4,121.012886,107.0
69,99,4,122.13364,106.0
69,100,5,117.83726,105.0
69,101,2,123.40484,104.0
69,102,2,106.68952,103.0
69,103,4,93.93115,102.0
69,104,2,119.89785,101.0
69,105,4,116.09885,100.0
70,36,2,120.1955,111.0
70,37,2,119.46099,110.0
70,38,5,124.84245,109.0
70,39,1,126.23045,108.0
70,40,1,127.89619,107.0
70,41,0,125.55526,106.0
70,42,5,126.66042,105.0
70,43,2,122.16799,104.0
70,44,4,125.132195,103.0
70,45,5,121.508736,102.0
70,46,3,122.94897,101.0
70,47,5,125.68304,100.0
70,48,2,126.366936,99.0
70,49,3,116.7856,98.0
70,50,0,121.061714,97.0
70,51,5,120.246994,96.0
70,52,3,119.949936,95.0
70,53,3,109.73305,94.0
70,54,2,118.27349,93.0
70,55,2,113.90647,92.0
70,56,2,122.58033,91.0
70,57,2,120.85906,90.0
70,58,4,112.960655,89.0
70,59,4,121.01531,88.0
70,60,5,125.751045,87.0
70,61,4,123.74267,86.0
70,62,0,122.11028,85.0
70,63,4,122.62852,84.0
70,64,3,123.00708,83.0
70,65,2,121.95496,82.0
70,66,0,123.24876,81.0
70,67,2,121.60205,80.0
70,68,2,121.36393,79.0
70,69,1,119.219795,78.0
70,70,2,122.64828,77.0
70,71,4,119.77009,76.0
70,72,1,118.1643,75.0
70,73,2,97.93707,74.0
70,74,4,119.05703,73.0
70,75,0,103.55205,72.0
70,76,4,103.87505,71.0
70,77,1,97.80386,70.0
70,78,1,108.67986,69.0
70,79,4,104.84045,68.0
70,80,2,70.68995,67.0
70,81,2,73.933334,66.0
70,82,3,88.60619,65.0
70,83,0,94.80329,64.0
70,84,4,88.221176,63.0
71,36,0,120.40707,125.0
71,37,1,120.87652,125.0
71,38,0,120.70574,125.0
71,39,1,123.462135,125.0
71,40,3,116.70757,125.0
71,41,3,122.09101,125.0
71,42,3,118.93041,125.0
71,43,2,124.00648,125.0
71,44,3,120.426704,125.0
71,45,4,123.39674,125.0
71,46,1,121.30542,125.0
71,47,1,118.61323,125.0
71,48,1,121.569405,125.0
71,49,1,122.51273,125.0
71,50,3,122.13697,125.0
71,51,0,120.30743,125.0
71,52,0,116.22871,125.0
71,53,1,124.085075,125.0
71,54,1,124.86681,125.0
71,55,5,119.21119,125.0
71,56,0,126.93072,125.0
71,57,5,127.06684,125.0
71,58,4,126.668175,125.0
71,59,2,126.46978,125.0
71,60,5,119.89802,125.0
71,61,1,123.87255,125.0
71,62,0,124.4401,125.0
71,63,0,126.73177,125.0
71,64,4,112.37591,125.0
71,65,5,127.27109,125.0
71,66,4,127.66398,125.0
71,67,1,128.60133,125.0
71,68,1,116.561325,125.0
71,69,2,126.19915,125.0
71,70,1,127.21723,125.0
71,71,1,126.59552,125.0
71,72,2,124.445625,125.0
71,73,4,126.20557,125.0
71,74,5,129.90085,125.0
71,75,2,126.687355,125.0
71,76,1,125.29678,125.0
71,77,1,126.96911,125.0
71,78,0,125.40488,125.0
71,79,2,120.05622,125.0
71,80,4,118.43763,125.0
71,81,0,122.1262,125.0
71,82,4,125.667465,125.0
71,83,1,94.928505,125.0
71,84,0,107.249794,125.0
71,85,4,117.49416,125.0
71,86,2,121.269226,125.0
71,87,4,124.81295,125.0
71,88,1,122.69482,125.0
71,89,1,116.53573,125.0
71,90,3,101.47944,125.0
71,91,2,125.29647,125.0
71,92,5,119.97167,125.0
71,93,2,123.554344,125.0
71,94,1,126.65931,125.0
71,95,4,128.86647,125.0
71,96,3,128.28606,125.0
71,97,2,125.79356,125.0
71,98,5,118.279854,125.0
71,99,0,124.431366,125.0
71,100,5,125.95032,125.0
71,101,2,123.02039,125.0
71,102,0,122.50077,125.0
71,103,2,129.6256,125.0
71,104,3,121.08407,125.0
71,105,5,116.12336,125.0
71,106,3,116.06933,125.0
71,107,5,110.14294,125.0
71,108,1,111.1614,125.0
71,109,2,121.312996,125.0
71,110,3,118.649864,125.0
71,111,4,122.59667,125.0
71,112,0,120.005,125.0
71,113,0,115.79318,125.0
71,114,5,110.609795,125.0
71,115,0,118.55221,125.0
71,116,1,123.75129,125.0
71,117,0,122.578575,125.0
71,118,4,126.42014,125.0
71,119,5,121.95327,125.0
71,120,1,128.27893,125.0
71,121,4,129.94461,125.0
71,122,4,121.86177,125.0
71,123,4,122.023155,125.0
71,124,4,113.76647,125.0
71,125,3,119.99874,125.0
71,126,0,119.72813,125.0
71,127,3,128.17159,125.0
71,128,2,120.04281,125.0
71,129,0,120.82669,125.0
71,130,1,110.75585,125.0
71,131,0,120.29356,125.0
71,132,1,124.37061,125.0
71,133,1,122.28517,125.0
71,134,0,120.033516,125.0
71,135,4,113.592125,125.0
71,136,3,126.98824,125.0
71,137,4,114.7794,125.0
71,138,4,116.30422,125.0
71,139,0,115.9154,125.0
71,140,1,110.88908,125.0
71,141,1,105.615456,125.0
71,142,5,115.73884,125.0
71,143,5,116.87563,125.0
71,144,0,111.839134,125.0
71,145,1,93.96024,125.0
71,146,1,98.416336,125.0
71,147,1,103.71718,125.0
71,148,2,117.172165,125.0
71,149,3,108.40353,125.0
71,150,1,114.25388,125.0
71,151,3,124.38947,125.0
71,152,3,114.12037,125.0
71,153,0,115.64442,125.0
71,154,4,118.70251,125.0
71,155,5,119.20469,125.0
71,156,3,107.32826,125.0
71,157,3,111.66546,125.0
71,158,3,122.68198,125.0
71,159,5,120.23905,125.0
71,160,2,117.894,125.0
71,161,1,117.165634,125.0
71,162,4,119.58226,125.0
71,163,5,120.72264,125.0
71,164,0,115.49878,125.0
71,165,4,119.71937,125.0
71,166,1,117.684975,125.0
71,167,2,119.426216,125.0
71,168,0,122.67092,125.0
71,169,3,120.56409,125.0
71,170,1,119.670204,125.0
71,171,5,125.45419,125.0
71,172,3,122.73323,125.0
71,173,5,119.31881,125.0
71,174,2,122.03596,125.0
71,175,4,123.76687,125.0
71,176,0,120.014725,125.0
71,177,5,117.203804,125.0
71,178,3,123.122894,125.0
71,179,1,114.94544,125.0
71,180,4,120.31078,125.0
71,181,0,120.59658,125.0
71,182,3,121.19698,125.0
71,183,4,117.15184,125.0
71,184,3,114.890236,125.0
71,185,2,126.06255,125.0
71,186,1,127.29117,125.0
71,187,2,125.30738,125.0
71,188,2,123.5447,125.0
71,189,0,126.08079,125.0
71,190,3,114.22512,125.0
71,191,0,123.14983,125.0
71,192,3,124.84368,125.0
71,193,4,120.172264,125.0
71,194,2,121.29448,125.0
71,195,2,123.45967,125.0
71,196,4,120.02574,125.0
71,197,1,122.642204,125.0
71,198,4,119.59608,125.0
71,199,3,129.70705,125.0
71,200,5,124.4676,125.0
71,201,1,125.56369,125.0
71,202,4,122.31565,125.0
71,203,0,114.344475,125.0
71,204,3,115.0201,125.0
71,205,3,107.29835,125.0
71,206,2,105.94712,125.0
71,207,1,109.311455,125.0
71,208,3,104.812706,125.0
71,209,1,121.28661,125.0
71,210,2,119.50722,125.0
71,211,2,109.23359,125.0
71,212,3,110.57297,125.0
71,213,0,112.17616,125.0
71,214,3,110.984184,125.0
71,215,4,94.36429,125.0
71,216,1,85.84765,125.0
71,217,3,84.65052,125.0
71,218,2,87.3847,125.0
71,219,3,104.61755,125.0
71,220,4,100.933495,125.0
71,221,0,104.67257,125.0
71,222,5,104.49855,125.0
71,223,3,103.85284,125.0
71,224,0,107.61459,125.0
71,225,1,123.903915,125.0
71,226,1,106.81197,125.0
71,227,1,116.07238,125.0
71,228,3,112.92164,125.0
71,229,5,97.38172,125.0
71,230,1,115.221794,125.0
71,231,3,119.06301,125.0
71,232,0,117.0595,125.0
71,233,4,112.09613,125.0
71,234,2,105.98903,125.0
71,235,1,109.24567,125.0
71,236,1,119.203514,125.0
71,237,0,109.33439,125.0
71,238,1,112.446266,125.0
71,239,5,108.13853,125.0
71,240,2,106.985115,125.0
71,241,3,114.841835,125.0
71,242,1,113.59643,125.0
71,243,3,111.229614,125.0
71,244,5,118.1283,125.0
71,245,1,112.83941,125.0
71,246,5,121.76208,125.0
71,247,0,109.459755,125.0
71,248,2,122.56819,125.0
71,249,0,119.14863,125.0
71,250,4,119.84756,125.0
71,251,3,117.13366,125.0
71,252,4,112.63895,125.0
71,253,0,109.20138,125.0
71,254,4,104.77749,125.0
71,255,3,111.82917,125.0
71,256,2,110.65661,125.0
71,257,3,108.84178,125.0
71,258,4,97.28563,125.0
71,259,5,108.66569,125.0
71,260,2,100.90393,125.0
71,261,1,101.13711,125.0
71,262,1,109.44938,125.0
71,263,0,97.74404,125.0
71,264,1,94.59312,125.0
71,265,4,95.23734,125.0
71,266,3,94.26205,125.0
71,267,4,88.88514,125.0
71,268,3,100.5355,125.0
71,269,3,107.853386,125.0
71,270,0,108.54055,125.0
71,271,3,105.94666,125.0
71,272,2,104.05549,125.0
71,273,2,98.24595,125.0
71,274,0,104.278206,125.0
71,275,1,104.979004,125.0
71,276,2,98.42231,125.0
71,277,5,108.05872,125.0
71,278,3,109.38771,124.0
71,279,1,107.718864,123.0
71,280,4,109.53656,122.0
71,281,3,103.66878,121.0
71,282,4,102.343864,120.0
71,283,2,109.309555,119.0
71,284,2,117.254,118.0
71,285,2,116.28131,117.0
71,286,4,109.60879,116.0
71,287,3,109.52898,115.0
71,288,1,104.09767,114.0
71,289,5,104.813286,113.0
71,290,0,91.19908,112.0
71,291,2,80.38279,111.0
71,292,0,98.08204,110.0
71,293,4,82.68579,109.0
71,294,2,68.11649,108.0
71,295,3,73.02567,107.0
71,296,5,90.418015,106.0
71,297,0,92.3731,105.0
71,298,1,92.40032,104.0
71,299,4,90.909676,103.0
71,300,3,89.63782,102.0
71,301,2,81.16639,101.0
71,302,2,80.550804,100.0
71,303,5,70.631035,99.0
71,304,5,81.24966,98.0
71,305,3,86.368935,97.0
71,306,3,83.0915,96.0
71,307,0,75.313416,95.0
71,308,0,84.44936,94.0
71,309,2,89.15282,93.0
71,310,3,78.71366,92.0
71,311,0,54.90596,91.0
71,312,1,80.85343,90.0
71,313,0,59.856544,89.0
71,314,1,92.36366,88.0
71,315,5,74.83987,87.0
71,316,2,94.056175,86.0
71,317,3,89.22492,85.0
71,318,4,88.21386,84.0
71,319,2,87.55665,83.0
71,320,2,78.512726,82.0
71,321,5,73.94813,81.0
71,322,3,81.97612,80.0
71,323,4,86.44877,79.0
71,324,5,87.05735,78.0
71,325,3,79.6211,77.0
71,326,3,76.3379,76.0
71,327,5,72.487305,75.0
71,328,0,86.08607,74.0
71,329,2,81.151726,73.0
71,330,2,80.24787,72.0
71,331,4,76.18149,71.0
71,332,0,82.476204,70.0
71,333,0,66.77915,69.0
71,334,2,61.91529,68.0
71,335,2,66.33883,67.0
71,336,4,68.67375,66.0
71,337,0,68.067566,65.0
71,338,1,63.313873,64.0
71,339,5,70.17449,63.0
71,340,3,78.21468,62.0
71,341,0,74.2295,61.0
71,342,0,65.63761,60.0
71,343,5,65.26789,59.0
71,344,2,58.947025,58.0
71,345,0,67.49508,57.0
71,346,4,59.816917,56.0
71,347,4,58.438786,55.0
71,348,0,53.589737,54.0
71,349,4,63.525078,53.0
71,350,0,53.39872,52.0
71,351,5,54.093857,51.0
71,352,4,55.37442,50.0
71,353,0,48.151604,49.0
71,354,5,43.18784,48.0
71,355,4,46.66217,47.0
71,356,3,44.284725,46.0
71,357,4,45.851234,45.0
71,358,1,44.24858,44.0
71,359,4,47.58158,43.0
71,360,0,42.65668,42.0
71,361,0,42.43882,41.0
71,362,1,39.824654,40.0
71,363,2,38.48244,39.0
71,364,1,35.395344,38.0
71,365,5,36.45163,37.0
71,366,4,47.267876,36.0
71,367,3,38.499203,35.0
72,36,3,123.95994,125.0
72,37,5,118.45817,125.0
72,38,0,118.95554,125.0
72,39,5,119.75482,125.0
72,40,5,117.30341,125.0
72,41,1,121.69213,125.0
72,42,0,119.202705,125.0
72,43,0,123.32974,125.0
72,44,4,115.94735,125.0
72,45,2,127.95724,125.0
72,46,1,122.253,125.0
72,47,1,121.37447,125.0
72,48,0,121.62643,125.0
72,49,0,117.06335,125.0
72,50,5,110.76886,125.0
72,51,0,121.1137,125.0
72,52,3,121.583916,125.0
72,53,1,115.75028,125.0
72,54,0,105.57198,125.0
72,55,5,116.05771,125.0
72,56,4,122.05128,125.0
72,57,2,125.2781,125.0
72,58,5,105.232506,125.0
72,59,0,98.55671,125.0
72,60,0,109.65179,125.0
72,61,5,118.75378,125.0
72,62,3,99.731544,125.0
72,63,5,101.78603,125.0
72,64,2,122.0832,125.0
72,65,2,120.46464,125.0
72,66,1,120.427605,125.0
72,67,5,126.77064,125.0
72,68,2,122.77059,125.0
72,69,0,117.22398,125.0
72,70,5,122.464935,125.0
72,71,5,124.16901,125.0
72,72,1,128.95361,125.0
72,73,0,126.547615,125.0
72,74,0,125.74172,125.0
72,75,1,119.72272,125.0
72,76,3,126.96429,125.0
72,77,3,121.688805,125.0
72,78,3,122.55464,125.0
72,79,0,118.466644,125.0
72,80,2,126.10199,125.0
72,81,0,127.6547,125.0
72,82,0,117.8803,125.0
72,83,2,120.64016,125.0
72,84,2,119.436485,125.0
72,85,2,121.527115,125.0
72,86,3,105.33558,125.0
72,87,3,111.04992,125.0
72,88,1,118.522224,125.0
72,89,1,113.4528,125.0
72,90,0,118.41546,125.0
72,91,2,118.81391,125.0
72,92,4,119.47773,125.0
72,93,0,118.13907,125.0
72,94,4,109.11165,125.0
72,95,3,118.82366,125.0
72,96,5,119.94609,125.0
72,97,5,121.02062,125.0
72,98,5,120.82923,125.0
72,99,2,123.09519,125.0
72,100,3,121.29957,125.0
72,101,5,120.60293,125.0
72,102,0,123.928185,125.0
72,103,0,124.22261,125.0
72,104,5,122.33448,125.0
72,105,0,118.46728,125.0
72,106,2,97.18383,125.0
72,107,0,104.80779,125.0
72,108,0,114.129326,125.0
72,109,4,114.24587,125.0
72,110,0,118.339035,125.0
72,111,1,123.253876,125.0
72,112,3,121.24982,125.0
72,113,4,119.96017,125.0
72,114,4,109.174515,125.0
72,115,3,122.51406,125.0
72,116,4,115.597374,125.0
72,117,5,119.225044,125.0
72,118,1,118.691795,125.0
72,119,3,112.91572,125.0
72,120,1,124.15451,125.0
72,121,4,116.13988,125.0
72,122,3,119.63654,125.0
72,123,4,117.83923,125.0
72,124,0,110.95196,125.0
72,125,2,114.99859,125.0
72,126,0,113.62676,125.0
72,127,4,115.556816,125.0
72,128,3,101.14524,125.0
72,129,1,107.589165,125.0
72,130,4,105.415215,125.0
72,131,3,103.238716,125.0
72,132,1,122.78251,125.0
72,133,0,112.5407,125.0
72,134,4,112.90049,125.0
72,135,2,113.19135,125.0
72,136,3,104.978874,125.0
72,137,0,107.985176,125.0
72,138,2,110.88305,125.0
72,139,4,106.26737,125.0
72,140,4,106.618546,125.0
72,141,2,109.14388,125.0
72,142,3,99.009415,125.0
72,143,4,90.78222,125.0
72,144,4,110.63158,125.0
72,145,3,113.72456,125.0
72,146,2,79.03587,125.0
72,147,2,74.880516,125.0
72,148,0,72.77387,125.0
72,149,3,81.53361,125.0
72,150,2,81.04479,125.0
72,151,4,63.938076,125.0
72,152,1,83.31854,125.0
72,153,2,90.70556,124.0
72,154,3,93.56929,123.0
72,155,0,101.53088,122.0
72,156,3,114.315575,121.0
72,157,0,104.66357,120.0
72,158,0,104.774315,119.0
72,159,2,101.40778,118.0
72,160,4,112.61422,117.0
72,161,5,115.70419,116.0
72,162,0,99.52058,115.0
72,163,1,114.15674,114.0
72,164,3,112.497635,113.0
72,165,4,110.84511,112.0
72,166,0,112.95879,111.0
72,167,1,110.38084,110.0
72,168,3,115.528015,109.0
72,169,3,106.536385,108.0
72,170,0,114.24312,107.0
72,171,1,106.54122,106.0
72,172,2,107.58686,105.0
72,173,4,102.00152,104.0
72,174,0,100.88622,103.0
72,175,1,103.68963,102.0
72,176,0,100.252,101.0
72,177,5,91.781395,100.0
72,178,3,90.67156,99.0
72,179,3,89.594284,98.0
72,180,5,82.45986,97.0
72,181,1,93.6926,96.0
72,182,0,87.43445,95.0
72,183,1,92.73144,94.0
72,184,2,87.56394,93.0
72,185,3,98.448814,92.0
72,186,1,99.93163,91.0
72,187,2,86.71155,90.0
72,188,0,81.81064,89.0
72,189,0,71.711235,88.0
72,190,2,81.50361,87.0
72,191,3,77.622955,86.0
72,192,1,80.21153,85.0
72,193,2,68.56126,84.0
72,194,0,57.632233,83.0
72,195,2,87.04673,82.0
72,196,4,83.24514,81.0
72,197,5,83.78353,80.0
72,198,4,77.70597,79.0
72,199,1,94.93941,78.0
72,200,0,101.88538,77.0
72,201,2,96.01075,76.0
72,202,0,82.00512,75.0
72,203,5,98.72091,74.0
72,204,4,75.60021,73.0
72,205,3,91.544334,72.0
72,206,0,88.4526,71.0
72,207,1,89.63015,70.0
72,208,3,86.15694,69.0
72,209,2,82.287575,68.0
72,210,3,77.903534,67.0
72,211,2,78.806335,66.0
72,212,2,69.12092,65.0
72,213,1,64.18419,64.0
72,214,2,65.83843,63.0
72,215,5,48.77424,62.0
72,216,3,66.64841,61.0
72,217,3,55.326855,60.0
72,218,3,54.09929,59.0
72,219,3,49.832905,58.0
72,220,5,48.123535,57.0
72,221,0,54.00297,56.0
72,222,1,55.93569,55.0
72,223,1,60.442787,54.0
72,224,0,58.267136,53.0
72,225,4,57.988678,52.0
72,226,1,51.47986,51.0
72,227,4,46.552185,50.0
72,228,1,51.891235,49.0
72,229,0,47.487083,48.0
72,230,2,44.400238,47.0
72,231,3,41.027946,46.0
72,232,3,45.082478,45.0
73,36,1,126.432755,125.0
73,37,5,126.3001,125.0
73,38,2,128.0088,125.0
73,39,5,128.26685,125.0
73,40,1,124.757645,125.0
73,41,4,125.4725,125.0
73,42,0,126.19643,125.0
73,43,4,127.23223,125.0
73,44,0,120.61622,125.0
73,45,3,124.58242,125.0
73,46,5,125.2039,125.0
73,47,5,127.44932,125.0
73,48,3,124.61637,125.0
73,49,0,123.51934,125.0
73,50,2,125.34579,125.0
73,51,4,121.12028,125.0
73,52,2,120.27201,125.0
73,53,3,122.39254,125.0
73,54,2,123.26081,125.0
73,55,2,126.336784,125.0
73,56,0,126.06841,125.0
73,57,4,124.62163,125.0
73,58,2,124.251884,125.0
73,59,1,121.77482,125.0
73,60,4,123.12633,125.0
73,61,2,122.46516,125.0
73,62,1,112.91241,125.0
73,63,0,117.76829,125.0
73,64,2,120.92867,125.0
73,65,1,124.71892,125.0
73,66,2,122.46703,125.0
73,67,1,112.888405,125.0
73,68,5,121.378815,125.0
73,69,5,124.34434,125.0
73,70,3,126.330284,125.0
73,71,0,122.85826,125.0
73,72,5,123.60479,125.0
73,73,4,120.838234,125.0
73,74,1,122.36469,125.0
73,75,0,123.652534,125.0
73,76,1,120.59216,125.0
73,77,1,121.48266,125.0
73,78,2,121.76485,125.0
73,79,4,121.768845,125.0
73,80,1,122.13779,125.0
73,81,2,120.017975,125.0
73,82,4,122.500465,125.0
73,83,4,119.636856,125.0
73,84,4,123.466866,124.0
73,85,3,123.78399,123.0
73,86,1,120.521324,122.0
73,87,0,108.06479,121.0
73,88,2,120.8985,120.0
73,89,1,123.06026,119.0
73,90,1,112.93235,118.0
73,91,1,94.66133,117.0
73,92,1,89.265755,116.0
73,93,0,111.631805,115.0
73,94,0,114.45559,114.0
73,95,3,90.504005,113.0
73,96,0,114.21357,112.0
73,97,3,99.96618,111.0
73,98,5,107.771065,110.0
73,99,4,112.64981,109.0
73,100,3,122.74928,108.0
73,101,5,119.26377,107.0
73,102,0,117.46278,106.0
73,103,1,121.23762,105.0
73,104,0,121.47054,104.0
73,105,3,103.25468,103.0
73,106,5,79.72517,102.0
73,107,0,92.14686,101.0
73,108,3,97.88082,100.0
73,109,3,81.58092,99.0
74,36,2,127.85595,125.0
74,37,1,125.16043,125.0
74,38,3,127.23111,125.0
74,39,1,124.53197,125.0
74,40,2,110.18896,125.0
74,41,4,111.64309,125.0
74,42,0,121.04084,125.0
74,43,2,118.85685,125.0
74,44,5,122.79597,125.0
74,45,5,118.80775,125.0
74,46,3,130.2662,125.0
74,47,4,125.5705,125.0
74,48,1,123.41526,125.0
74,49,3,119.670074,125.0
74,50,2,123.144585,125.0
74,51,0,126.5247,125.0
74,52,0,124.12694,125.0
74,53,2,122.980446,125.0
74,54,1,123.44487,125.0
74,55,1,123.31008,125.0
74,56,4,120.2329,125.0
74,57,1,118.96316,125.0
74,58,2,121.65315,125.0
74,59,0,120.81992,125.0
74,60,3,124.15238,125.0
74,61,5,124.803,124.0
74,62,0,124.06815,123.0
74,63,4,120.422874,122.0
74,64,0,116.249,121.0
74,65,0,114.905525,120.0
74,66,0,106.14553,119.0
74,67,5,128.94989,118.0
74,68,3,109.604805,117.0
75,36,2,118.141525,125.0
75,37,0,110.30413,125.0
75,38,0,111.56376,125.0
75,39,2,124.694115,125.0
75,40,2,117.20987,125.0
75,41,2,114.83512,125.0
75,42,4,123.14322,125.0
75,43,0,123.82277,125.0
75,44,1,115.036644,125.0
75,45,4,123.06179,125.0
75,46,0,125.427864,125.0
75,47,1,115.28197,125.0
75,48,1,121.51649,125.0
75,49,5,114.92054,125.0
75,50,5,120.541985,125.0
75,51,1,115.68174,125.0
75,52,4,124.22892,125.0
75,53,4,113.1318,125.0
75,54,1,121.53759,125.0
75,55,2,124.13834,125.0
75,56,5,124.474106,125.0
75,57,5,124.99984,125.0
75,58,0,122.730415,125.0
75,59,0,116.58014,125.0
75,60,3,121.67872,125.0
75,61,0,116.934425,125.0
75,62,4,122.39689,125.0
75,63,5,116.66619,125.0
75,64,2,119.87473,125.0
75,65,1,126.97118,125.0
75,66,5,124.41004,125.0
75,67,3,126.07853,125.0
75,68,5,123.223625,125.0
75,69,4,123.18092,125.0
75,70,4,128.54773,125.0
75,71,5,124.20808,125.0
75,72,3,121.74701,125.0
75,73,2,123.86456,125.0
75,74,5,117.485855,125.0
75,75,0,122.80712,125.0
75,76,5,124.77549,125.0
75,77,0,126.61894,125.0
75,78,0,127.34829,125.0
75,79,4,127.91341,125.0
75,80,4,128.07509,125.0
75,81,4,127.1363,125.0
75,82,1,130.16833,125.0
75,83,4,128.46552,125.0
75,84,5,124.82546,125.0
75,85,0,127.51916,125.0
75,86,1,123.83446,125.0
75,87,5,126.48179,125.0
75,88,3,126.080574,125.0
75,89,2,124.87595,125.0
75,90,4,111.934166,125.0
75,91,3,122.70523,125.0
75,92,0,124.67423,125.0
75,93,4,120.78805,125.0
75,94,2,110.61443,125.0
75,95,0,119.20733,125.0
75,96,3,122.54943,125.0
75,97,1,100.105736,125.0
75,98,2,117.73992,125.0
75,99,1,116.08881,125.0
75,100,0,114.464165,125.0
75,101,3,97.7745,125.0
75,102,2,113.74882,125.0
75,103,5,117.74825,125.0
75,104,2,121.619675,125.0
75,105,5,120.35192,125.0
75,106,0,119.023155,125.0
75,107,2,114.54667,125.0
75,108,2,120.14777,125.0
75,109,5,122.98341,125.0
75,110,1,119.410126,125.0
75,111,2,124.928505,125.0
75,112,1,120.5971,124.0
75,113,0,121.81845,123.0
75,114,0,122.00202,122.0
75,115,0,121.47108,121.0
75,116,2,113.03043,120.0
75,117,2,113.31446,119.0
75,118,2,106.21673,118.0
75,119,0,112.58716,117.0
75,120,1,109.911835,116.0
75,121,4,103.85071,115.0
75,122,2,108.440346,114.0
75,123,0,102.49853,113.0
75,124,0,112.501,112.0
75,125,1,103.24968,111.0
75,126,4,92.7027,110.0
75,127,4,103.66459,109.0
75,128,1,112.2878,108.0
75,129,4,105.7734,107.0
75,130,5,110.80066,106.0
75,131,1,115.968605,105.0
75,132,3,115.49774,104.0
75,133,2,120.304405,103.0
75,134,0,111.74282,102.0
75,135,4,103.48061,101.0
75,136,3,115.50364,100.0
75,137,1,109.06892,99.0
75,138,5,92.68595,98.0
75,139,4,101.58631,97.0
75,140,0,105.781006,96.0
75,141,0,105.83071,95.0
75,142,0,99.16494,94.0
75,143,3,105.42333,93.0
75,144,0,115.71047,92.0
75,145,4,80.709526,91.0
75,146,0,75.4856,90.0
75,147,1,85.577415,89.0
75,148,3,100.313065,88.0
75,149,2,103.33738,87.0
75,150,5,94.51498,86.0
75,151,1,101.336044,85.0
75,152,0,114.10342,84.0
75,153,2,90.499596,83.0
75,154,4,90.006325,82.0
75,155,2,83.5483,81.0
75,156,2,91.86178,80.0
75,157,2,78.4074,79.0
75,158,2,93.793396,78.0
75,159,3,85.79805,77.0
75,160,4,93.1489,76.0
75,161,1,84.82028,75.0
75,162,5,83.035904,74.0
75,163,2,81.25095,73.0
75,164,4,83.55747,72.0
75,165,0,87.32064,71.0
75,166,1,75.95274,70.0
75,167,3,74.14097,69.0
75,168,4,69.26869,68.0
75,169,1,68.084885,67.0
75,170,5,63.71488,66.0
75,171,1,66.59572,65.0
75,172,1,58.129177,64.0
75,173,2,59.940506,63.0
75,174,2,62.07797,62.0
75,175,5,63.39559,61.0
75,176,5,69.52834,60.0
75,177,5,63.68149,59.0
75,178,0,66.533936,58.0
75,179,4,70.74993,57.0
75,180,0,62.417442,56.0
75,181,0,48.7449,55.0
75,182,4,35.765858,54.0
75,183,5,22.819717,53.0
75,184,2,48.43921,52.0
75,185,0,43.626602,51.0
75,186,4,48.080887,50.0
75,187,0,31.618258,49.0
75,188,5,45.40011,48.0
75,189,2,28.109694,47.0
75,190,5,37.84485,46.0
75,191,0,31.562134,45.0
76,36,3,120.98717,125.0
76,37,3,123.0476,125.0
76,38,3,116.97596,125.0
76,39,1,121.790985,125.0
76,40,0,114.48742,125.0
76,41,4,119.021484,125.0
76,42,3,107.85357,125.0
76,43,5,109.55087,125.0
76,44,4,117.281876,125.0
76,45,2,119.91755,125.0
76,46,2,112.261955,125.0
76,47,4,116.89507,125.0
76,48,0,114.39173,125.0
76,49,0,114.61266,125.0
76,50,5,120.960434,125.0
76,51,2,115.281624,125.0
76,52,4,117.29605,125.0
76,53,3,119.57835,125.0
76,54,4,115.228294,125.0
76,55,1,118.00767,125.0
76,56,3,115.99602,125.0
76,57,0,119.43723,125.0
76,58,0,114.2804,125.0
76,59,3,118.39716,125.0
76,60,1,127.18429,125.0
76,61,4,119.35227,125.0
76,62,2,114.92228,125.0
76,63,1,122.10706,125.0
76,64,0,122.75185,125.0
76,65,4,125.35465,125.0
76,66,0,125.927986,125.0
76,67,4,121.9369,125.0
76,68,2,111.47981,125.0
76,69,4,115.01479,125.0
76,70,2,120.035576,125.0
76,71,0,118.81086,125.0
76,72,3,118.99724,125.0
76,73,5,122.90205,125.0
76,74,2,122.09223,125.0
76,75,0,116.3367,125.0
76,76,2,119.934875,125.0
76,77,4,127.5913,125.0
76,78,1,126.23686,125.0
76,79,1,119.84886,125.0
76,80,0,121.048164,125.0
76,81,1,121.832245,125.0
76,82,4,117.92271,125.0
76,83,2,118.62783,124.0
76,84,0,119.19419,123.0
76,85,0,124.77475,122.0
76,86,0,121.2129,121.0
76,87,5,129.77896,120.0
76,88,0,129.04565,119.0
76,89,4,127.36574,118.0
76,90,0,119.61898,117.0
76,91,2,121.10107,116.0
76,92,2,127.71987,115.0
76,93,4,123.93827,114.0
76,94,1,112.983086,113.0
76,95,2,118.54197,112.0
76,96,2,112.585846,111.0
76,97,0,119.514084,110.0
76,98,4,103.51362,109.0
76,99,3,118.49062,108.0
76,100,3,113.794876,107.0
76,101,5,107.38764,106.0
76,102,1,125.69639,105.0
76,103,2,119.225395,104.0
76,104,3,121.75496,103.0
76,105,4,119.59966,102.0
76,106,3,99.61005,101.0
76,107,1,94.60244,100.0
76,108,1,83.800606,99.0
76,109,3,92.21583,98.0
76,110,3,91.07548,97.0
76,111,2,96.76664,96.0
76,112,5,105.093025,95.0
76,113,1,114.333916,94.0
76,114,5,92.41259,93.0
76,115,3,104.95826,92.0
76,116,0,121.83004,91.0
76,117,4,105.979836,90.0
76,118,1,112.921074,89.0
76,119,4,114.45156,88.0
76,120,1,127.274956,87.0
76,121,2,122.78629,86.0
76,122,3,114.169655,85.0
76,123,0,97.25256,84.0
76,124,1,102.657074,83.0
76,125,5,84.86272,82.0
76,126,0,79.77369,81.0
76,127,1,88.338585,80.0
76,128,4,63.59691,79.0
76,129,1,51.93945,78.0
76,130,5,53.19406,77.0
76,131,4,59.32357,76.0
76,132,1,62.010418,75.0
76,133,5,68.997765,74.0
76,134,4,71.02755,73.0
76,135,1,43.850143,72.0
76,136,5,40.005203,71.0
76,137,1,53.405796,70.0
76,138,1,47.26426,69.0
76,139,4,61.16028,68.0
76,140,4,45.793938,67.0
76,141,2,70.19997,66.0
76,142,0,69.029755,65.0
76,143,1,64.480934,64.0
76,144,5,71.68933,63.0
76,145,1,60.34877,62.0
76,146,4,57.15399,61.0
76,147,1,41.95257,60.0
76,148,4,50.786556,59.0
76,149,4,92.70562,58.0
76,150,2,77.188515,57.0
76,151,0,76.04081,56.0
76,152,1,83.64953,55.0
76,153,3,71.35322,54.0
76,154,3,65.753716,53.0
76,155,4,76.07619,52.0
76,156,0,75.81869,51.0
76,157,2,78.767265,50.0
76,158,4,60.37697,49.0
76,159,0,63.955147,48.0
76,160,2,48.297005,47.0
76,161,4,73.69483,46.0
76,162,3,47.20292,45.0
76,163,2,47.182877,44.0
76,164,5,51.244015,43.0
76,165,2,36.08805,42.0
76,166,5,45.009754,41.0
76,167,1,33.20832,40.0
76,168,3,29.090939,39.0
76,169,1,30.317965,38.0
76,170,3,27.872173,37.0
76,171,4,25.526766,36.0
76,172,1,22.510666,35.0
76,173,4,24.707428,34.0
76,174,0,19.747398,33.0
76,175,4,19.059155,32.0
76,176,2,18.799667,31.0
76,177,2,12.509986,30.0
76,178,3,18.320812,29.0
76,179,4,11.359572,28.0
76,180,1,13.956899,27.0
77,36,1,129.26932,125.0
77,37,5,114.82173,125.0
77,38,5,122.01089,125.0
77,39,4,122.942924,125.0
77,40,3,113.38737,125.0
77,41,4,111.7045,125.0
77,42,3,116.00982,125.0
77,43,3,109.44802,125.0
77,44,2,115.067055,125.0
77,45,2,125.09651,125.0
77,46,1,121.288,125.0
77,47,0,124.45646,125.0
77,48,0,124.909065,125.0
77,49,1,126.619545,125.0
77,50,3,123.247284,125.0
77,51,5,121.217285,125.0
77,52,2,122.65957,125.0
77,53,3,118.75832,125.0
77,54,4,126.093864,125.0
77,55,3,125.746445,125.0
77,56,1,125.77531,125.0
77,57,0,128.50171,125.0
77,58,3,127.38712,125.0
77,59,4,128.0574,125.0
77,60,3,131.50087,125.0
77,61,1,124.12913,125.0
77,62,2,123.68107,125.0
77,63,5,129.88321,125.0
77,64,1,130.77634,125.0
77,65,0,123.511246,125.0
77,66,4,120.52252,125.0
77,67,5,122.30155,125.0
77,68,3,124.89788,125.0
77,69,0,121.21061,125.0
77,70,5,116.57189,125.0
77,71,0,126.03757,125.0
77,72,0,119.54867,125.0
77,73,4,118.62004,125.0
77,74,2,118.439156,125.0
77,75,3,126.27531,125.0
77,76,1,127.50424,125.0
77,77,2,125.400566,125.0
77,78,1,129.42813,125.0
77,79,4,126.777855,125.0
77,80,4,120.218025,125.0
77,81,2,123.100464,125.0
77,82,5,126.59221,125.0
77,83,2,123.07806,125.0
77,84,0,129.11241,125.0
77,85,2,108.91624,125.0
77,86,0,111.78462,125.0
77,87,4,109.81902,125.0
77,88,2,123.654,125.0
77,89,1,123.79044,125.0
77,90,5,115.27029,125.0
77,91,3,121.905106,125.0
77,92,4,120.52758,125.0
77,93,0,123.71058,125.0
77,94,4,126.012825,125.0
77,95,3,122.53659,125.0
77,96,3,115.452965,125.0
77,97,3,122.92159,125.0
77,98,4,117.92435,125.0
77,99,5,117.306694,125.0
77,100,1,121.1064,125.0
77,101,5,117.240486,125.0
77,102,0,126.75434,125.0
77,103,0,129.12842,125.0
77,104,2,124.87696,125.0
77,105,0,129.75714,125.0
77,106,2,130.37573,125.0
77,107,1,126.869385,125.0
77,108,1,123.904976,125.0
77,109,4,124.2756,125.0
77,110,0,124.65377,125.0
77,111,1,131.02606,125.0
77,112,3,125.4452,125.0
77,113,3,124.521065,125.0
77,114,1,125.74945,125.0
77,115,1,113.78154,125.0
77,116,0,119.388176,125.0
77,117,1,118.17764,125.0
77,118,2,116.4296,125.0
77,119,4,123.652466,125.0
77,120,1,121.81661,125.0
77,121,5,119.69551,125.0
77,122,1,121.79063,125.0
77,123,1,116.40061,125.0
77,124,1,118.42663,125.0
77,125,0,118.89544,125.0
77,126,2,90.20532,125.0
77,127,0,103.53882,125.0
77,128,1,115.95667,125.0
77,129,2,120.49067,125.0
77,130,2,105.5918,125.0
77,131,4,114.60552,125.0
77,132,3,104.20498,125.0
77,133,4,123.09371,125.0
77,134,5,104.13212,125.0
77,135,1,119.46397,125.0
77,136,2,118.45248,125.0
77,137,3,110.46876,125.0
77,138,2,102.59629,125.0
77,139,1,123.58337,125.0
77,140,4,126.202225,125.0
77,141,1,124.80898,125.0
77,142,4,122.03877,125.0
77,143,3,127.73409,125.0
77,144,0,123.983284,125.0
77,145,4,123.35509,125.0
77,146,3,123.92645,125.0
77,147,2,118.7024,125.0
77,148,4,119.750435,125.0
77,149,0,127.553635,125.0
77,150,4,126.89286,125.0
77,151,3,115.306786,125.0
77,152,0,122.77306,125.0
77,153,5,125.22959,125.0
77,154,4,122.21258,125.0
77,155,3,122.422966,125.0
77,156,2,120.803734,125.0
77,157,0,117.782555,125.0
77,158,2,124.786736,125.0
77,159,1,121.12086,125.0
77,160,0,119.17123,125.0
77,161,0,116.057724,125.0
77,162,4,114.12499,125.0
77,163,4,108.23267,125.0
77,164,0,111.09339,125.0
77,165,2,112.39327,125.0
77,166,1,118.67124,125.0
77,167,5,120.25129,125.0
77,168,2,131.12761,125.0
77,169,4,117.456856,125.0
77,170,2,116.91446,125.0
77,171,2,122.40905,125.0
77,172,1,123.840836,125.0
77,173,4,116.78874,125.0
77,174,1,124.75627,125.0
77,175,4,121.87516,125.0
77,176,1,126.11251,125.0
77,177,1,119.2437,125.0
77,178,1,118.8077,125.0
77,179,5,126.16346,125.0
77,180,0,123.17053,125.0
77,181,4,115.24949,125.0
77,182,0,124.780235,125.0
77,183,4,123.8907,125.0
77,184,0,125.539085,125.0
77,185,4,121.24336,125.0
77,186,4,120.554535,125.0
77,187,1,114.83126,125.0
77,188,0,111.59732,125.0
77,189,4,121.56063,125.0
77,190,1,120.2217,125.0
77,191,3,122.443344,125.0
77,192,4,121.02366,125.0
77,193,2,119.20166,125.0
77,194,2,113.394844,125.0
77,195,5,98.27808,125.0
77,196,4,103.42221,125.0
77,197,3,110.48849,125.0
77,198,3,110.5515,125.0
77,199,0,114.65306,125.0
77,200,2,124.58496,125.0
77,201,5,120.64763,125.0
77,202,2,118.46905,125.0
77,203,1,116.93368,125.0
77,204,3,124.2367,125.0
77,205,4,123.589134,125.0
77,206,3,122.178246,125.0
77,207,4,120.30179,125.0
77,208,2,126.24978,125.0
77,209,3,121.97941,125.0
77,210,0,124.85284,125.0
77,211,4,122.19306,125.0
77,212,5,112.85278,125.0
77,213,2,128.7804,125.0
77,214,0,124.1235,125.0
77,215,0,120.47085,125.0
77,216,5,124.96969,125.0
77,217,5,119.19103,125.0
77,218,1,122.0093,125.0
77,219,0,124.315285,125.0
77,220,3,124.01586,125.0
77,221,4,124.6162,125.0
77,222,5,126.49371,125.0
77,223,2,120.15905,125.0
77,224,2,102.19059,125.0
77,225,1,102.1246,125.0
77,226,5,118.33223,125.0
77,227,1,119.10928,125.0
77,228,1,113.76087,125.0
77,229,3,111.53481,125.0
77,230,1,109.25635,125.0
77,231,2,125.06507,125.0
77,232,1,113.50759,125.0
77,233,4,107.054184,125.0
77,234,5,116.902176,125.0
77,235,2,112.332054,125.0
77,236,4,107.672516,125.0
77,237,5,117.77186,125.0
77,238,5,118.095634,125.0
77,239,5,116.75344,125.0
77,240,1,122.2097,125.0
77,241,0,115.3928,125.0
77,242,3,121.423294,125.0
77,243,4,125.37417,125.0
77,244,2,125.594185,125.0
77,245,0,124.81126,125.0
77,246,0,125.04508,125.0
77,247,0,123.62241,125.0
77,248,4,126.17509,125.0
77,249,0,126.859085,125.0
77,250,1,126.506516,125.0
77,251,0,124.543846,125.0
77,252,4,128.9371,125.0
77,253,2,117.20846,125.0
77,254,2,121.51378,125.0
77,255,0,120.60785,125.0
77,256,0,114.83381,125.0
77,257,3,113.00446,125.0
77,258,5,106.72792,125.0
77,259,0,106.588234,125.0
77,260,0,99.20898,125.0
77,261,1,120.46371,125.0
77,262,3,100.725555,125.0
77,263,3,113.73061,125.0
77,264,3,110.57712,125.0
77,265,1,110.56024,125.0
77,266,0,108.54209,125.0
77,267,0,111.19401,125.0
77,268,0,95.953285,125.0
77,269,1,99.90211,125.0
77,270,0,109.239525,125.0
77,271,4,111.066925,125.0
77,272,4,109.88561,125.0
77,273,1,115.74317,125.0
77,274,3,112.52289,125.0
77,275,2,117.35745,125.0
77,276,5,119.98995,125.0
77,277,1,119.36758,125.0
77,278,3,119.65561,125.0
77,279,3,122.66242,125.0
77,280,3,119.479836,125.0
77,281,3,128.16689,125.0
77,282,0,123.9498,125.0
77,283,3,121.87054,125.0
77,284,1,122.049126,125.0
77,285,4,121.68073,125.0
77,286,1,119.31303,125.0
77,287,0,115.74866,125.0
77,288,5,112.40095,125.0
77,289,3,116.825905,125.0
77,290,5,116.90286,125.0
77,291,5,119.38805,125.0
77,292,0,117.79247,125.0
77,293,2,119.222946,125.0
77,294,2,100.19475,125.0
77,295,2,95.7201,125.0
77,296,1,94.60523,125.0
77,297,1,90.61251,125.0
77,298,5,96.22505,125.0
77,299,0,94.601524,125.0
77,300,5,99.95684,125.0
77,301,0,115.49802,125.0
77,302,1,118.35693,125.0
77,303,0,109.843346,125.0
77,304,3,118.99236,125.0
77,305,3,109.14976,125.0
77,306,0,99.384766,125.0
77,307,1,107.44754,125.0
77,308,2,103.32019,125.0
77,309,3,101.65734,125.0
77,310,4,105.36486,125.0
77,311,4,113.793365,125.0
77,312,1,106.86329,125.0
77,313,3,114.611046,125.0
77,314,5,113.75374,125.0
77,315,1,117.55242,125.0
77,316,1,111.664246,125.0
77,317,3,114.22995,125.0
77,318,1,106.3547,125.0
77,319,5,115.382034,125.0
77,320,4,105.887535,125.0
77,321,5,105.0317,125.0
77,322,0,94.88981,125.0
77,323,4,98.293175,125.0
77,324,1,103.90604,125.0
77,325,0,92.4049,125.0
77,326,2,109.92803,125.0
77,327,5,96.521675,125.0
77,328,5,92.5115,125.0
77,329,4,97.215,125.0
77,330,4,106.40468,125.0
77,331,3,107.48403,125.0
77,332,1,106.232056,125.0
77,333,5,97.30411,125.0
77,334,1,106.111855,125.0
77,335,3,113.18943,125.0
77,336,3,95.610825,125.0
77,337,2,99.14577,125.0
77,338,0,107.45533,125.0
77,339,1,99.21792,125.0
77,340,5,111.78503,125.0
77,341,5,99.84301,125.0
77,342,1,87.041885,125.0
77,343,2,101.98256,124.0
77,344,0,87.88415,123.0
77,345,2,94.09098,122.0
77,346,1,75.56883,121.0
77,347,0,89.6609,120.0
77,348,0,65.69611,119.0
77,349,0,52.68125,118.0
77,350,3,82.03587,117.0
77,351,0,66.068306,116.0
77,352,0,64.02615,115.0
77,353,5,78.610085,114.0
77,354,0,81.98693,113.0
77,355,2,53.766586,112.0
77,356,0,56.719055,111.0
77,357,3,40.34014,110.0
77,358,2,56.539608,109.0
77,359,2,63.122253,108.0
77,360,0,55.99772,107.0
77,361,2,74.96455,106.0
77,362,2,83.64186,105.0
77,363,1,76.811516,104.0
77,364,5,90.99124,103.0
77,365,1,84.98014,102.0
77,366,5,90.47236,101.0
77,367,2,97.01049,100.0
77,368,4,94.53881,99.0
77,369,3,93.12948,98.0
77,370,0,106.03014,97.0
77,371,0,104.89203,96.0
77,372,4,101.80581,95.0
77,373,1,98.537865,94.0
77,374,0,91.270515,93.0
77,375,4,97.353386,92.0
77,376,5,84.25958,91.0
77,377,5,84.824554,90.0
77,378,0,83.626976,89.0
77,379,0,76.95727,88.0
77,380,2,74.79943,87.0
77,381,0,66.350716,86.0
78,36,4,123.71264,125.0
78,37,2,113.83355,125.0
78,38,4,118.36414,125.0
78,39,3,122.34044,125.0
78,40,0,128.15906,125.0
78,41,3,118.869286,125.0
78,42,3,123.54688,125.0
78,43,2,116.754005,125.0
78,44,2,112.37626,125.0
78,45,3,113.34361,125.0
78,46,4,127.23507,125.0
78,47,3,125.010475,125.0
78,48,1,123.2644,125.0
78,49,0,119.08247,125.0
78,50,4,124.40628,125.0
78,51,3,122.2098,125.0
78,52,5,122.131065,125.0
78,53,0,121.01981,125.0
78,54,5,127.28591,125.0
78,55,2,121.71606,125.0
78,56,2,117.87493,125.0
78,57,2,120.40966,125.0
78,58,3,122.70745,125.0
78,59,4,115.27299,125.0
78,60,3,119.27363,125.0
78,61,2,121.38921,125.0
78,62,5,114.184395,125.0
78,63,2,124.85651,125.0
78,64,3,126.55108,125.0
78,65,0,124.94511,125.0
78,66,0,124.00567,125.0
78,67,3,119.439705,125.0
78,68,3,119.234856,125.0
78,69,0,124.36931,125.0
78,70,0,112.79655,125.0
78,71,2,123.52212,125.0
78,72,3,119.74028,125.0
78,73,1,123.007675,125.0
78,74,5,125.684,125.0
78,75,2,118.49147,125.0
78,76,5,126.57426,125.0
78,77,0,128.27177,125.0
78,78,2,126.758965,125.0
78,79,5,126.33638,125.0
78,80,5,123.062195,125.0
78,81,0,123.859955,125.0
78,82,1,105.22371,125.0
78,83,5,121.72739,125.0
78,84,4,123.08914,125.0
78,85,4,114.80043,125.0
78,86,4,122.05669,125.0
78,87,0,109.15417,125.0
78,88,0,120.206856,125.0
78,89,5,123.23972,125.0
78,90,1,118.791176,125.0
78,91,1,120.84086,125.0
78,92,0,126.38602,125.0
78,93,0,125.04379,125.0
78,94,2,105.1937,125.0
78,95,1,102.902306,125.0
78,96,2,120.017586,125.0
78,97,4,119.06397,125.0
78,98,0,112.69866,125.0
78,99,3,114.328995,125.0
78,100,2,115.5404,125.0
78,101,4,121.37577,125.0
78,102,1,120.61167,125.0
78,103,4,117.06163,125.0
78,104,2,122.05459,125.0
78,105,2,122.30643,125.0
78,106,0,121.53174,125.0
78,107,5,126.393486,125.0
78,108,5,125.39862,125.0
78,109,4,123.92802,125.0
78,110,1,121.011696,125.0
78,111,1,122.2598,125.0
78,112,5,123.874306,125.0
78,113,0,123.247375,125.0
78,114,2,125.11515,125.0
78,115,2,127.13574,125.0
78,116,4,124.10434,125.0
78,117,5,121.798355,125.0
78,118,3,123.61353,125.0
78,119,2,128.08084,125.0
78,120,0,132.15627,125.0
78,121,4,128.70938,125.0
78,122,0,127.935234,125.0
78,123,0,131.20374,125.0
78,124,4,134.51756,125.0
78,125,0,133.56392,125.0
78,126,3,127.0566,125.0
78,127,3,122.81829,125.0
78,128,4,130.49362,125.0
78,129,4,130.07597,125.0
78,130,5,129.48996,125.0
78,131,4,126.963615,125.0
78,132,4,126.45429,125.0
78,133,3,123.01983,125.0
78,134,0,119.13023,125.0
78,135,0,102.8079,125.0
78,136,5,97.065796,125.0
78,137,0,108.618645,125.0
78,138,0,98.39778,125.0
78,139,4,108.3223,125.0
78,140,1,116.510376,125.0
78,141,0,116.45303,125.0
78,142,1,120.42036,125.0
78,143,0,123.35453,125.0
78,144,1,120.225136,125.0
78,145,3,126.91129,125.0
78,146,1,129.02293,125.0
78,147,0,124.08179,125.0
78,148,0,124.31306,125.0
78,149,0,122.119835,125.0
78,150,4,113.026344,125.0
78,151,2,113.84026,125.0
78,152,1,114.4876,125.0
78,153,3,124.71372,125.0
78,154,3,115.19587,125.0
78,155,3,112.272484,125.0
78,156,2,106.551414,125.0
78,157,1,107.909996,125.0
78,158,4,106.153725,125.0
78,159,1,110.71601,125.0
78,160,1,107.54911,125.0
78,161,4,84.568306,125.0
78,162,1,96.62328,125.0
78,163,2,84.974915,125.0
78,164,2,88.27612,125.0
78,165,4,85.14048,125.0
78,166,1,95.97033,125.0
78,167,1,88.69737,125.0
78,168,1,75.39161,125.0
78,169,3,106.50198,125.0
78,170,5,116.16138,125.0
78,171,2,113.8218,125.0
78,172,3,102.58476,125.0
78,173,0,108.12531,125.0
78,174,2,113.73361,125.0
78,175,5,111.5893,124.0
78,176,3,105.333,123.0
78,177,1,104.26299,122.0
78,178,1,100.47281,121.0
78,179,3,111.50084,120.0
78,180,4,105.77427,119.0
78,181,2,104.93936,118.0
78,182,0,105.243675,117.0
78,183,2,91.2771,116.0
78,184,2,94.697815,115.0
78,185,0,80.30263,114.0
78,186,0,66.116425,113.0
78,187,0,51.03839,112.0
78,188,2,66.553566,111.0
78,189,0,49.576466,110.0
78,190,2,48.90226,109.0
78,191,4,74.68523,108.0
78,192,4,84.36382,107.0
78,193,4,84.9069,106.0
78,194,2,83.89172,105.0
78,195,2,102.8193,104.0
78,196,2,102.09319,103.0
78,197,2,110.327995,102.0
78,198,2,106.00124,101.0
78,199,2,100.28304,100.0
78,200,0,89.02242,99.0
78,201,2,83.91715,98.0
78,202,2,77.37332,97.0
78,203,1,79.63437,96.0
78,204,1,58.563156,95.0
78,205,1,75.491264,94.0
78,206,3,75.2436,93.0
78,207,0,92.32537,92.0
78,208,5,71.42631,91.0
78,209,2,96.59986,90.0
78,210,4,100.47477,89.0
78,211,4,108.42304,88.0
78,212,4,80.431274,87.0
78,213,5,91.91837,86.0
78,214,2,95.8173,85.0
78,215,4,96.340126,84.0
78,216,2,100.066795,83.0
78,217,3,86.8003,82.0
78,218,0,92.08021,81.0
78,219,0,92.01679,80.0
78,220,0,98.262856,79.0
78,221,1,87.23319,78.0
78,222,3,92.5985,77.0
78,223,0,72.97618,76.0
78,224,3,57.558582,75.0
78,225,1,66.65223,74.0
78,226,2,70.00309,73.0
78,227,1,85.31703,72.0
78,228,5,60.742115,71.0
78,229,0,72.54652,70.0
78,230,2,68.731026,69.0
78,231,2,75.71737,68.0
78,232,2,81.10025,67.0
78,233,5,69.10067,66.0
78,234,5,69.08639,65.0
78,235,5,64.22248,64.0
78,236,2,55.152008,63.0
78,237,4,56.86081,62.0
78,238,4,56.202244,61.0
78,239,1,60.415527,60.0
78,240,5,56.782085,59.0
78,241,2,57.34923,58.0
78,242,1,55.239014,57.0
78,243,1,47.66905,56.0
78,244,0,47.921204,55.0
78,245,3,44.35091,54.0
78,246,1,43.986122,53.0
78,247,1,41.959442,52.0
78,248,0,35.979225,51.0
78,249,1,48.416058,50.0
78,250,2,41.898365,49.0
78,251,0,34.05761,48.0
78,252,4,38.097244,47.0
78,253,5,43.97876,46.0
78,254,3,37.583023,45.0
78,255,2,40.313423,44.0
78,256,1,35.34843,43.0
78,257,1,25.243835,42.0
78,258,3,37.65986,41.0
78,259,0,37.966797,40.0
78,260,4,35.408,39.0
78,261,2,25.172554,38.0
78,262,5,25.234882,37.0
78,263,3,32.20885,36.0
78,264,5,31.877571,35.0
78,265,0,26.231821,34.0
78,266,5,27.673237,33.0
78,267,1,29.718502,32.0
78,268,5,23.481895,31.0
78,269,4,33.182327,30.0
78,270,2,26.478458,29.0
78,271,0,28.856853,28.0
78,272,1,28.63996,27.0
78,273,2,30.820702,26.0
78,274,1,29.995579,25.0
78,275,0,25.983335,24.0
78,276,5,15.271272,23.0
78,277,1,21.96857,22.0
78,278,1,23.56548,21.0
78,279,5,21.496916,20.0
79,36,4,128.74011,125.0
79,37,3,124.612526,125.0
79,38,4,118.672,125.0
79,39,3,109.08192,125.0
79,40,5,111.26145,125.0
79,41,5,112.77926,125.0
79,42,5,114.037575,125.0
79,43,0,98.91613,125.0
79,44,1,82.3009,125.0
79,45,4,99.763405,125.0
79,46,2,85.12461,125.0
79,47,0,78.789986,125.0
79,48,5,58.357018,125.0
79,49,2,79.28872,125.0
79,50,3,83.12519,125.0
79,51,2,64.39936,125.0
79,52,0,74.25411,125.0
79,53,3,100.86695,125.0
79,54,5,98.205894,125.0
79,55,5,98.11934,125.0
79,56,3,96.63852,125.0
79,57,3,120.59313,125.0
79,58,5,104.50122,125.0
79,59,1,114.79777,125.0
79,60,5,128.64038,125.0
79,61,2,125.7254,125.0
79,62,3,110.930855,125.0
79,63,0,116.99882,125.0
79,64,2,118.24858,124.0
79,65,3,114.74324,123.0
79,66,5,119.3377,122.0
79,67,4,107.32824,121.0
79,68,1,117.264015,120.0
79,69,1,118.95734,119.0
79,70,1,115.00515,118.0
79,71,3,106.091995,117.0
79,72,0,114.221535,116.0
79,73,1,119.5684,115.0
79,74,4,99.75859,114.0
79,75,3,117.89894,113.0
79,76,1,94.79521,112.0
79,77,0,95.1047,111.0
79,78,4,113.10164,110.0
79,79,1,99.913124,109.0
79,80,1,75.90513,108.0
79,81,2,77.70341,107.0
79,82,2,78.10706,106.0
79,83,1,78.73484,105.0
79,84,0,87.60167,104.0
79,85,5,75.09585,103.0
79,86,0,114.2299,102.0
79,87,3,124.32006,101.0
79,88,2,104.789406,100.0
79,89,3,122.567635,99.0
79,90,5,127.26659,98.0
79,91,0,125.91968,97.0
79,92,5,125.74552,96.0
79,93,4,122.0984,95.0
79,94,1,122.14301,94.0
79,95,4,121.87705,93.0
79,96,4,126.533966,92.0
79,97,5,107.021545,91.0
79,98,4,106.83601,90.0
79,99,4,119.997444,89.0
79,100,4,108.93928,88.0
79,101,0,117.423546,87.0
79,102,1,114.98408,86.0
79,103,5,117.964714,85.0
79,104,4,107.0344,84.0
79,105,1,106.728615,83.0
79,106,1,116.04379,82.0
79,107,0,118.078995,81.0
79,108,4,118.63277,80.0
79,109,0,119.01971,79.0
79,110,5,120.47608,78.0
79,111,5,118.36762,77.0
79,112,4,100.1333,76.0
79,113,0,111.55312,75.0
79,114,4,89.03825,74.0
79,115,4,118.08651,73.0
79,116,2,85.43601,72.0
79,117,2,94.57088,71.0
79,118,1,90.07675,70.0
79,119,3,93.79635,69.0
79,120,2,80.599365,68.0
79,121,0,98.62013,67.0
79,122,1,83.82456,66.0
79,123,1,71.791855,65.0
79,124,3,72.52532,64.0
79,125,3,82.20468,63.0
79,126,2,86.1273,62.0
79,127,1,77.91049,61.0
79,128,5,85.48855,60.0
79,129,3,62.697105,59.0
79,130,4,56.974747,58.0
79,131,0,75.14145,57.0
79,132,1,59.12378,56.0
79,133,0,93.30125,55.0
79,134,2,65.157036,54.0
79,135,1,73.89341,53.0
79,136,5,59.546864,52.0
79,137,1,63.65264,51.0
79,138,3,54.698822,50.0
79,139,4,88.94902,49.0
79,140,1,87.75819,48.0
79,141,4,52.54008,47.0
79,142,2,88.47204,46.0
79,143,4,104.74887,45.0
79,144,3,83.79038,44.0
79,145,3,56.733612,43.0
79,146,2,76.21746,42.0
79,147,2,88.90499,41.0
79,148,4,88.52375,40.0
79,149,4,88.54632,39.0
79,150,2,45.746475,38.0
79,151,1,66.30334,37.0
79,152,0,54.83324,36.0
79,153,2,41.976486,35.0
79,154,1,33.07507,34.0
79,155,5,43.46781,33.0
79,156,4,25.929668,32.0
79,157,2,50.040314,31.0
79,158,3,34.23716,30.0
79,159,1,31.16883,29.0
79,160,2,40.523666,28.0
79,161,0,38.355396,27.0
79,162,2,49.635056,26.0
79,163,2,31.266096,25.0
79,164,5,35.820774,24.0
79,165,2,31.789381,23.0
79,166,4,39.256958,22.0
79,167,4,30.472122,21.0
79,168,1,43.41046,20.0
79,169,0,26.230114,19.0
79,170,3,27.236061,18.0
80,36,3,130.26604,125.0
80,37,1,125.14454,125.0
80,38,4,116.01388,125.0
80,39,4,122.291176,125.0
80,40,2,127.574326,125.0
80,41,4,122.5627,125.0
80,42,5,124.51394,125.0
80,43,3,124.62703,125.0
80,44,1,122.85907,125.0
80,45,2,119.04533,125.0
80,46,1,124.122696,125.0
80,47,4,121.38251,125.0
80,48,5,120.8536,125.0
80,49,2,117.08257,125.0
80,50,2,124.15326,125.0
80,51,4,105.94193,125.0
80,52,4,123.658104,125.0
80,53,2,124.290764,125.0
80,54,2,116.787895,125.0
80,55,4,115.07,125.0
80,56,0,97.73025,125.0
80,57,1,86.851814,125.0
80,58,0,66.593704,125.0
80,59,3,46.419277,125.0
80,60,4,49.193398,125.0
80,61,4,39.733765,125.0
80,62,0,76.91657,125.0
80,63,0,94.59176,125.0
80,64,4,89.8792,125.0
80,65,1,109.937035,125.0
80,66,2,109.41067,125.0
80,67,1,117.65731,125.0
80,68,0,117.5289,125.0
80,69,3,126.01971,125.0
80,70,1,118.56239,125.0
80,71,0,128.31839,125.0
80,72,0,105.993095,125.0
80,73,1,119.43716,125.0
80,74,2,118.1764,125.0
80,75,4,124.207504,125.0
80,76,2,118.503746,125.0
80,77,1,126.44576,125.0
80,78,1,117.91237,125.0
80,79,0,121.21574,125.0
80,80,4,122.595085,125.0
80,81,2,115.899574,125.0
80,82,4,131.08487,125.0
80,83,5,116.89368,125.0
80,84,1,118.41537,125.0
80,85,2,125.33254,125.0
81,36,1,123.51284,125.0
81,37,0,127.170296,125.0
81,38,0,126.76202,125.0
81,39,3,125.73342,125.0
81,40,3,124.46191,125.0
81,41,0,127.037735,125.0
81,42,1,122.10905,125.0
81,43,4,121.930885,125.0
81,44,4,124.10844,125.0
81,45,2,123.88901,125.0
81,46,1,125.96772,124.0
81,47,0,126.565575,123.0
81,48,2,125.376854,122.0
81,49,4,121.66521,121.0
81,50,0,127.47379,120.0
81,51,1,122.37316,119.0
81,52,3,124.83605,118.0
81,53,0,123.70756,117.0
81,54,5,117.243935,116.0
81,55,4,122.161545,115.0
81,56,5,120.155525,114.0
81,57,5,114.1045,113.0
81,58,4,115.43992,112.0
81,59,3,107.98417,111.0
81,60,1,106.977,110.0
81,61,3,114.74168,109.0
81,62,2,109.1709,108.0
81,63,1,122.75106,107.0
81,64,3,119.42591,106.0
81,65,0,127.82706,105.0
81,66,5,124.01934,104.0
81,67,1,123.179085,103.0
81,68,2,119.33993,102.0
81,69,5,125.74558,101.0
81,70,5,120.24047,100.0
81,71,2,116.67958,99.0
81,72,2,118.29037,98.0
81,73,0,115.55616,97.0
81,74,1,105.59931,96.0
81,75,5,125.18162,95.0
81,76,2,110.59269,94.0
81,77,5,93.75707,93.0
81,78,0,94.35221,92.0
81,79,2,106.29961,91.0
81,80,1,113.391945,90.0
81,81,2,87.18807,89.0
81,82,0,105.797386,88.0
81,83,5,118.08762,87.0
81,84,2,81.67128,86.0
81,85,3,79.501564,85.0
81,86,4,93.30338,84.0
81,87,2,90.57462,83.0
81,88,3,96.7208,82.0
81,89,0,107.07403,81.0
81,90,1,87.44088,80.0
81,91,1,103.164246,79.0
81,92,2,111.13894,78.0
81,93,2,109.51029,77.0
81,94,2,102.13053,76.0
81,95,1,102.28517,75.0
81,96,2,96.536476,74.0
81,97,0,101.322556,73.0
81,98,1,84.359215,72.0
81,99,4,94.792564,71.0
81,100,3,88.46938,70.0
81,101,1,96.9288,69.0
81,102,2,100.5628,68.0
81,103,3,91.14532,67.0
81,104,5,102.43135,66.0
81,105,5,105.06304,65.0
81,106,2,102.64542,64.0
81,107,0,96.26341,63.0
81,108,2,106.76853,62.0
81,109,1,99.24434,61.0
81,110,5,100.719765,60.0
81,111,2,96.0474,59.0
81,112,1,91.56943,58.0
81,113,1,93.35562,57.0
81,114,1,93.16182,56.0
81,115,0,97.98498,55.0
81,116,4,86.27781,54.0
81,117,0,84.635796,53.0
81,118,4,81.03381,52.0
81,119,0,57.899605,51.0
81,120,2,41.00914,50.0
81,121,5,50.335106,49.0
81,122,5,52.667686,48.0
81,123,4,27.454668,47.0
81,124,1,39.05841,46.0
81,125,4,39.999287,45.0
81,126,0,40.74012,44.0
81,127,0,43.990402,43.0
81,128,0,43.137344,42.0
81,129,1,51.1595,41.0
81,130,0,47.419792,40.0
81,131,1,46.265892,39.0
81,132,4,45.169548,38.0
81,133,2,44.832123,37.0
81,134,3,45.466217,36.0
81,135,2,38.401684,35.0
81,136,4,32.493256,34.0
81,137,0,31.779343,33.0
81,138,1,35.915565,32.0
81,139,3,32.49318,31.0
81,140,0,31.092129,30.0
81,141,4,26.329826,29.0
81,142,1,21.43576,28.0
81,143,4,22.554546,27.0
81,144,2,19.56675,26.0
81,145,1,19.040062,25.0
81,146,3,21.166986,24.0
81,147,0,17.757288,23.0
81,148,4,19.081413,22.0
81,149,4,16.161575,21.0
81,150,0,10.912751,20.0
81,151,1,10.631659,19.0
81,152,0,12.0590725,18.0
81,153,1,10.508136,17.0
81,154,2,9.324843,16.0
81,155,1,11.0999975,15.0
82,36,1,123.21634,125.0
82,37,2,122.397316,125.0
82,38,0,119.40777,125.0
82,39,4,115.62247,125.0
82,40,1,122.15664,125.0
82,41,2,121.35848,125.0
82,42,1,117.70855,125.0
82,43,0,118.31748,125.0
82,44,3,115.21488,125.0
82,45,3,121.36892,125.0
82,46,3,118.63717,125.0
82,47,2,120.32215,125.0
82,48,2,121.57077,125.0
82,49,5,122.8498,125.0
82,50,0,123.41896,125.0
82,51,1,124.452286,125.0
82,52,3,122.47044,125.0
82,53,4,126.936264,125.0
82,54,5,121.699455,125.0
82,55,0,118.31037,125.0
82,56,4,121.68151,125.0
82,57,2,124.866035,125.0
82,58,5,123.14491,125.0
82,59,4,122.60397,125.0
82,60,5,125.81649,125.0
82,61,1,120.58321,125.0
82,62,2,124.26168,125.0
82,63,5,108.780365,125.0
82,64,1,121.75277,125.0
82,65,5,120.538414,125.0
82,66,0,115.615364,125.0
82,67,0,101.54317,125.0
82,68,0,122.14622,125.0
82,69,4,120.275986,125.0
82,70,3,116.890465,125.0
82,71,5,118.593285,125.0
82,72,5,116.711296,125.0
82,73,0,122.13143,125.0
82,74,2,117.46633,125.0
82,75,4,116.583694,125.0
82,76,4,124.559135,124.0
82,77,3,127.94431,123.0
82,78,0,116.45565,122.0
82,79,3,120.51212,121.0
82,80,2,126.97351,120.0
82,81,2,113.61292,119.0
82,82,5,122.74286,118.0
82,83,4,123.16787,117.0
82,84,1,124.578186,116.0
82,85,1,126.45646,115.0
82,86,0,123.57269,114.0
82,87,4,125.836914,113.0
82,88,2,126.300415,112.0
82,89,0,118.36129,111.0
82,90,3,129.18523,110.0
82,91,3,123.45698,109.0
82,92,0,120.5084,108.0
82,93,0,103.98275,107.0
82,94,1,113.53574,106.0
82,95,1,111.9158,105.0
82,96,1,116.04647,104.0
82,97,2,113.46368,103.0
82,98,2,98.9239,102.0
82,99,0,104.96419,101.0
82,100,4,113.701225,100.0
82,101,2,105.238365,99.0
82,102,5,110.72194,98.0
82,103,5,116.06558,97.0
82,104,1,117.923256,96.0
82,105,1,88.33077,95.0
82,106,1,108.01537,94.0
82,107,2,100.41178,93.0
82,108,3,98.47321,92.0
82,109,3,118.26382,91.0
82,110,1,119.60254,90.0
82,111,1,121.27572,89.0
82,112,3,116.16829,88.0
82,113,4,104.601295,87.0
82,114,1,106.58941,86.0
82,115,3,109.391045,85.0
82,116,4,108.020195,84.0
82,117,4,107.71085,83.0
82,118,2,103.60356,82.0
82,119,5,106.374245,81.0
82,120,1,111.11429,80.0
82,121,2,97.853584,79.0
82,122,5,97.819275,78.0
82,123,4,79.25556,77.0
82,124,4,86.23583,76.0
82,125,0,96.92811,75.0
82,126,1,89.96022,74.0
82,127,2,105.317635,73.0
82,128,0,98.33319,72.0
82,129,0,86.17573,71.0
82,130,0,102.77249,70.0
82,131,0,76.657455,69.0
82,132,1,90.10322,68.0
82,133,5,98.56936,67.0
82,134,1,99.829094,66.0
82,135,1,98.487434,65.0
82,136,3,101.88451,64.0
82,137,2,100.26164,63.0
82,138,4,79.24819,62.0
82,139,1,84.26424,61.0
82,140,4,71.44996,60.0
82,141,3,89.13746,59.0
82,142,3,90.25213,58.0
82,143,0,71.538376,57.0
82,144,0,67.946465,56.0
82,145,1,77.4357,55.0
82,146,4,64.945435,54.0
82,147,2,53.156124,53.0
82,148,1,70.05125,52.0
82,149,0,61.16256,51.0
82,150,1,70.127014,50.0
82,151,0,63.18763,49.0
82,152,5,60.54638,48.0
82,153,1,64.49134,47.0
82,154,3,58.91842,46.0
82,155,0,51.710945,45.0
82,156,3,50.819756,44.0
82,157,0,45.333538,43.0
82,158,4,39.395782,42.0
82,159,0,38.74151,41.0
82,160,4,35.314545,40.0
82,161,2,23.531157,39.0
82,162,1,36.573666,38.0
82,163,3,30.842487,37.0
82,164,4,23.23272,36.0
82,165,4,22.379948,35.0
82,166,5,20.87577,34.0
82,167,0,18.396313,33.0
82,168,1,13.912892,32.0
82,169,5,13.97336,31.0
82,170,3,17.909752,30.0
82,171,4,13.508492,29.0
82,172,3,18.50965,28.0
82,173,3,17.233738,27.0
82,174,4,15.310115,26.0
82,175,2,19.535606,25.0
82,176,2,16.604721,24.0
82,177,2,20.893337,23.0
82,178,5,16.960266,22.0
82,179,1,15.402701,21.0
82,180,4,20.546032,20.0
82,181,0,19.604155,19.0
82,182,3,16.869963,18.0
82,183,2,18.216885,17.0
82,184,1,18.246641,16.0
82,185,1,15.748217,15.0
82,186,4,11.746707,14.0
82,187,1,12.135614,13.0
82,188,0,10.392897,12.0
82,189,5,13.85179,11.0
82,190,5,13.586255,10.0
82,191,0,11.047175,9.0
82,192,4,11.353127,8.0
82,193,4,10.028125,7.0
82,194,4,8.222447,6.0
83,36,5,121.912575,125.0
83,37,4,99.68047,125.0
83,38,2,121.91047,125.0
83,39,0,122.73121,125.0
83,40,2,117.77636,125.0
83,41,0,122.45289,125.0
83,42,4,121.04466,125.0
83,43,5,107.803955,125.0
83,44,1,118.84788,125.0
83,45,5,116.61564,125.0
83,46,0,118.12824,125.0
83,47,3,121.67136,125.0
83,48,2,129.1749,125.0
83,49,4,125.16974,125.0
83,50,3,128.52386,125.0
83,51,3,116.53738,125.0
83,52,0,122.44796,125.0
83,53,5,120.197784,125.0
83,54,0,102.204384,125.0
83,55,3,109.76115,125.0
83,56,2,127.437675,125.0
83,57,5,119.066444,125.0
83,58,4,119.76318,125.0
83,59,5,121.06688,125.0
83,60,5,120.01988,125.0
83,61,5,121.286354,125.0
83,62,4,119.96881,125.0
83,63,1,114.87872,125.0
83,64,0,119.50019,125.0
83,65,4,120.07886,125.0
83,66,1,123.2919,125.0
83,67,1,116.23478,125.0
83,68,3,114.454926,125.0
83,69,4,116.23795,125.0
83,70,0,114.056114,125.0
83,71,0,115.80221,125.0
83,72,2,119.63144,125.0
83,73,0,119.229416,125.0
83,74,4,123.65516,125.0
83,75,4,117.9211,125.0
83,76,3,123.267845,125.0
83,77,0,124.79838,125.0
83,78,5,131.3979,125.0
83,79,2,125.024414,125.0
83,80,4,126.95287,125.0
83,81,2,127.06537,125.0
83,82,1,108.41505,125.0
83,83,0,121.73838,125.0
83,84,1,108.725624,125.0
83,85,0,101.500435,125.0
83,86,0,117.4753,125.0
83,87,2,117.4853,125.0
83,88,3,101.90034,125.0
83,89,0,105.19805,125.0
83,90,0,98.07253,125.0
83,91,3,117.70915,125.0
83,92,3,126.58848,125.0
83,93,3,121.29531,125.0
83,94,4,123.07819,125.0
83,95,0,124.4221,125.0
83,96,5,108.74022,125.0
83,97,4,112.58683,125.0
83,98,4,113.137276,125.0
83,99,0,119.68529,125.0
83,100,3,121.18011,125.0
83,101,3,125.44493,125.0
83,102,5,107.893074,125.0
83,103,1,103.57725,125.0
83,104,1,109.76228,125.0
83,105,1,113.43586,125.0
83,106,0,108.703636,125.0
83,107,0,115.86636,125.0
83,108,0,120.64448,125.0
83,109,4,127.12813,125.0
83,110,0,121.65153,125.0
83,111,3,117.52524,125.0
83,112,4,119.27533,125.0
83,113,0,121.79415,125.0
83,114,4,121.190346,125.0
83,115,1,118.35497,125.0
83,116,4,123.594086,125.0
83,117,2,123.006996,125.0
83,118,0,113.33431,125.0
83,119,3,123.60082,125.0
83,120,1,122.329926,125.0
83,121,1,119.61492,125.0
83,122,0,124.08087,125.0
83,123,0,124.984184,125.0
83,124,5,113.15446,125.0
83,125,0,122.314896,125.0
83,126,3,120.38142,125.0
83,127,4,124.36454,125.0
83,128,2,115.6923,125.0
83,129,3,123.59161,125.0
83,130,0,113.05985,125.0
83,131,3,119.2593,125.0
83,132,2,118.6826,125.0
83,133,2,121.6939,125.0
83,134,4,117.099174,125.0
83,135,4,122.256905,125.0
83,136,3,126.52715,125.0
83,137,4,122.2178,125.0
83,138,5,118.25569,125.0
83,139,4,113.81504,125.0
83,140,2,121.44041,125.0
83,141,4,119.2593,125.0
83,142,5,121.82134,125.0
83,143,0,122.374565,125.0
83,144,1,119.0239,125.0
83,145,3,120.729866,125.0
83,146,1,121.99495,125.0
83,147,1,122.5941,125.0
83,148,0,121.871506,125.0
83,149,1,114.7247,125.0
83,150,0,99.944244,125.0
83,151,4,107.70994,125.0
83,152,2,111.792564,125.0
83,153,0,96.177765,125.0
83,154,2,101.1061,125.0
83,155,3,118.575005,125.0
83,156,5,123.328865,125.0
83,157,0,121.19065,125.0
83,158,2,100.83718,125.0
83,159,0,116.637474,125.0
83,160,3,89.87693,125.0
83,161,2,99.233376,125.0
83,162,2,120.38152,125.0
83,163,1,112.49451,125.0
83,164,1,122.320465,125.0
83,165,2,117.77621,125.0
83,166,5,117.01724,125.0
83,167,0,121.33327,125.0
83,168,2,118.113464,125.0
84,36,2,116.13855,125.0
84,37,4,101.36086,125.0
84,38,5,119.6468,125.0
84,39,4,124.86645,125.0
84,40,4,114.025185,125.0
84,41,4,121.400696,125.0
84,42,4,118.6179,125.0
84,43,0,119.92665,125.0
84,44,3,126.527176,125.0
84,45,2,129.09781,125.0
84,46,4,131.34433,125.0
84,47,2,126.33194,125.0
84,48,4,122.20023,125.0
84,49,2,126.19087,125.0
84,50,2,120.62457,125.0
84,51,1,117.21088,125.0
84,52,4,122.96578,125.0
84,53,4,114.40586,125.0
84,54,1,107.03919,125.0
84,55,2,114.83909,125.0
84,56,3,110.16228,124.0
84,57,3,118.5109,123.0
84,58,4,119.745605,122.0
84,59,3,121.71294,121.0
84,60,0,120.56675,120.0
84,61,5,114.53925,119.0
84,62,2,118.724205,118.0
84,63,3,120.47677,117.0
84,64,2,116.995445,116.0
84,65,1,126.41187,115.0
84,66,1,128.32816,114.0
84,67,1,123.60454,113.0
84,68,2,117.74008,112.0
84,69,5,101.789856,111.0
84,70,2,105.98681,110.0
84,71,0,103.26423,109.0
84,72,1,71.59991,108.0
84,73,4,72.481415,107.0
84,74,0,93.232475,106.0
84,75,0,90.18862,105.0
84,76,2,102.78656,104.0
85,36,5,123.52736,125.0
85,37,1,123.361984,125.0
85,38,3,118.74656,125.0
85,39,1,110.97526,125.0
85,40,2,121.699615,125.0
85,41,3,124.45964,125.0
85,42,2,117.348694,125.0
85,43,2,122.34,125.0
85,44,1,113.96761,125.0
85,45,3,124.48191,125.0
85,46,1,120.58706,125.0
85,47,2,122.31859,125.0
85,48,1,113.17953,125.0
85,49,3,118.76779,125.0
85,50,0,126.64402,124.0
85,51,5,131.63934,123.0
85,52,0,124.52241,122.0
85,53,5,122.98739,121.0
85,54,4,120.8828,120.0
85,55,0,120.4808,119.0
85,56,2,119.14236,118.0
85,57,1,121.26771,117.0
85,58,4,124.37998,116.0
85,59,2,117.90145,115.0
85,60,3,120.093666,114.0
85,61,3,109.646095,113.0
85,62,3,110.63357,112.0
85,63,0,106.703926,111.0
85,64,2,112.385315,110.0
85,65,3,121.74627,109.0
85,66,1,109.999756,108.0
85,67,1,119.23278,107.0
85,68,5,114.25135,106.0
85,69,1,120.88962,105.0
85,70,0,120.85781,104.0
85,71,4,118.04119,103.0
85,72,3,120.342026,102.0
85,73,3,122.077705,101.0
85,74,0,107.82931,100.0
85,75,0,108.17286,99.0
85,76,2,89.88346,98.0
85,77,2,100.26847,97.0
85,78,0,120.51674,96.0
85,79,1,116.76657,95.0
85,80,0,111.335335,94.0
85,81,3,109.81414,93.0
85,82,4,108.7593,92.0
85,83,0,100.33047,91.0
85,84,2,108.21642,90.0
85,85,3,107.43322,89.0
85,86,3,106.323715,88.0
85,87,5,110.23548,87.0
85,88,2,110.25736,86.0
85,89,3,112.811554,85.0
85,90,5,89.398224,84.0
85,91,1,92.573235,83.0
85,92,0,85.73034,82.0
85,93,0,90.176,81.0
85,94,1,95.72349,80.0
85,95,1,98.90119,79.0
85,96,2,115.26375,78.0
85,97,0,107.5828,77.0
85,98,0,105.32205,76.0
85,99,4,93.941536,75.0
85,100,5,100.03582,74.0
85,101,5,103.83006,73.0
85,102,4,106.105774,72.0
85,103,1,110.878136,71.0
85,104,3,115.59463,70.0
85,105,0,114.17233,69.0
85,106,3,111.39912,68.0
85,107,1,108.323784,67.0
85,108,5,120.73659,66.0
85,109,5,111.45321,65.0
85,110,1,112.6079,64.0
85,111,0,103.67369,63.0
85,112,4,98.32872,62.0
85,113,4,102.179276,61.0
85,114,4,84.854614,60.0
85,115,1,67.61168,59.0
85,116,0,64.11043,58.0
85,117,3,68.71119,57.0
85,118,0,67.908516,56.0
86,36,0,126.11793,125.0
86,37,3,122.541985,125.0
86,38,3,118.10792,125.0
86,39,2,123.33904,125.0
86,40,2,120.78381,125.0
86,41,1,125.61614,125.0
86,42,4,117.87419,125.0
86,43,1,124.91647,125.0
86,44,1,122.61703,125.0
86,45,1,127.05078,125.0
86,46,5,119.75407,125.0
86,47,2,121.99615,125.0
86,48,2,129.33669,125.0
86,49,0,127.167145,125.0
86,50,1,124.82396,125.0
86,51,2,128.69073,125.0
86,52,0,126.037895,125.0
86,53,1,127.00701,125.0
86,54,2,126.53983,125.0
86,55,3,124.85371,125.0
86,56,3,124.12121,125.0
86,57,0,126.87086,125.0
86,58,0,124.889,125.0
86,59,2,124.82038,125.0
86,60,3,124.74671,125.0
86,61,5,124.928085,125.0
86,62,1,125.727,125.0
86,63,2,125.411514,125.0
86,64,4,125.15677,125.0
86,65,0,120.807045,125.0
86,66,0,114.25174,125.0
86,67,4,125.70102,125.0
86,68,4,126.785614,125.0
86,69,2,123.918755,125.0
86,70,5,122.28488,125.0
86,71,1,131.25967,125.0
86,72,5,126.727936,125.0
86,73,0,120.35172,125.0
86,74,4,120.76333,125.0
86,75,4,123.968834,124.0
86,76,2,116.52477,123.0
86,77,2,120.615425,122.0
86,78,4,121.53867,121.0
86,79,3,115.37867,120.0
86,80,3,122.618675,119.0
86,81,2,117.60793,118.0
86,82,4,107.72147,117.0
86,83,0,115.2979,116.0
86,84,0,118.6676,115.0
86,85,5,104.957985,114.0
86,86,3,102.96559,113.0
86,87,4,115.21966,112.0
86,88,0,121.483444,111.0
86,89,2,124.13587,110.0
86,90,3,119.31727,109.0
86,91,3,99.88458,108.0
86,92,4,107.91802,107.0
86,93,0,112.202385,106.0
86,94,5,96.517365,105.0
86,95,4,77.68183,104.0
86,96,3,94.611855,103.0
86,97,4,98.08149,102.0
86,98,3,84.14977,101.0
86,99,4,83.34514,100.0
86,100,3,100.15746,99.0
86,101,4,97.29906,98.0
86,102,0,112.87572,97.0
86,103,4,101.4716,96.0
86,104,5,89.89042,95.0
86,105,4,120.07323,94.0
86,106,4,120.75133,93.0
86,107,5,109.79951,92.0
86,108,5,106.746666,91.0
86,109,4,105.49934,90.0
86,110,1,116.49232,89.0
86,111,3,122.451454,88.0
86,112,3,122.40833,87.0
86,113,5,120.09818,86.0
86,114,4,105.55105,85.0
86,115,0,120.88107,84.0
86,116,2,119.88276,83.0
86,117,5,120.92632,82.0
86,118,0,114.674675,81.0
86,119,2,106.15868,80.0
86,120,4,104.862404,79.0
86,121,4,117.73913,78.0
86,122,2,80.16278,77.0
86,123,0,80.36186,76.0
86,124,3,78.92494,75.0
86,125,1,95.17921,74.0
86,126,4,84.84684,73.0
86,127,3,77.31842,72.0
86,128,1,88.20225,71.0
86,129,0,70.78362,70.0
86,130,5,67.30188,69.0
86,131,3,72.94593,68.0
86,132,2,83.891846,67.0
86,133,3,112.34628,66.0
86,134,1,97.09606,65.0
86,135,0,92.28222,64.0
86,136,0,80.60845,63.0
86,137,5,72.55823,62.0
86,138,2,80.56255,61.0
86,139,0,58.871246,60.0
86,140,3,92.572395,59.0
86,141,0,81.09833,58.0
86,142,3,80.32038,57.0
86,143,5,61.576607,56.0
86,144,1,87.31612,55.0
86,145,0,89.02529,54.0
86,146,0,106.43113,53.0
86,147,3,104.484215,52.0
86,148,2,91.169945,51.0
86,149,4,96.02801,50.0
86,150,0,91.865295,49.0
86,151,2,81.55117,48.0
86,152,2,84.383545,47.0
86,153,5,65.425575,46.0
86,154,4,71.49891,45.0
86,155,4,88.51612,44.0
86,156,4,72.233025,43.0
86,157,4,54.36039,42.0
86,158,2,42.29868,41.0
86,159,0,42.633873,40.0
86,160,0,35.43386,39.0
86,161,4,28.628107,38.0
86,162,0,30.837385,37.0
86,163,0,24.548864,36.0
86,164,2,24.652803,35.0
86,165,2,23.446083,34.0
86,166,1,18.819513,33.0
86,167,5,24.821678,32.0
86,168,0,21.17604,31.0
86,169,4,26.177303,30.0
86,170,0,23.923332,29.0
86,171,0,17.078316,28.0
86,172,1,22.143463,27.0
86,173,4,19.96059,26.0
86,174,4,13.690408,25.0
87,36,2,124.30331,125.0
87,37,0,124.66065,125.0
87,38,2,124.71397,125.0
87,39,4,127.98146,125.0
87,40,0,127.57973,125.0
87,41,2,125.812675,125.0
87,42,2,125.3726,125.0
87,43,1,124.42141,125.0
87,44,1,123.69892,125.0
87,45,0,122.14098,125.0
87,46,4,125.07453,125.0
87,47,4,124.832085,125.0
87,48,1,126.33091,125.0
87,49,0,119.93099,125.0
87,50,1,120.55596,125.0
87,51,0,109.345375,125.0
87,52,4,118.769714,125.0
87,53,0,119.707,125.0
87,54,4,122.2779,125.0
87,55,4,127.33889,125.0
87,56,0,125.67187,125.0
87,57,5,126.83096,125.0
87,58,2,126.4658,125.0
87,59,1,125.67295,125.0
87,60,5,123.97864,125.0
87,61,1,120.92004,125.0
87,62,0,126.06655,125.0
87,63,4,126.917015,125.0
87,64,2,124.43221,125.0
87,65,4,126.67328,125.0
87,66,1,122.4048,125.0
87,67,1,125.238556,125.0
87,68,2,120.37726,125.0
87,69,4,118.44741,125.0
87,70,5,117.22498,125.0
87,71,0,113.339874,125.0
87,72,4,124.277534,125.0
87,73,1,113.103775,125.0
87,74,0,113.35679,125.0
87,75,3,119.1816,125.0
87,76,0,101.59402,125.0
87,77,0,105.90597,125.0
87,78,3,115.68708,125.0
87,79,1,121.06641,125.0
87,80,5,115.17418,125.0
87,81,1,114.51536,125.0
87,82,1,107.15212,125.0
87,83,1,116.73854,125.0
87,84,4,126.19372,125.0
87,85,3,121.76486,125.0
87,86,2,119.95489,125.0
87,87,4,114.93573,125.0
87,88,5,119.17118,125.0
87,89,4,119.077866,125.0
87,90,2,124.53071,125.0
87,91,2,133.01204,125.0
87,92,4,124.81573,125.0
87,93,4,118.77126,125.0
87,94,3,127.00097,125.0
87,95,5,128.30234,125.0
87,96,3,120.17099,125.0
87,97,2,123.56178,125.0
87,98,0,126.72776,125.0
87,99,0,120.92346,125.0
87,100,5,124.50046,125.0
87,101,4,113.38612,125.0
87,102,1,125.68879,125.0
87,103,0,123.216255,125.0
87,104,4,119.3272,125.0
87,105,5,122.636986,125.0
87,106,3,125.382965,125.0
87,107,1,122.8709,125.0
87,108,0,122.96278,125.0
87,109,1,121.37706,125.0
87,110,3,127.865746,125.0
87,111,5,125.10136,125.0
87,112,4,126.518105,125.0
87,113,0,125.66511,125.0
87,114,4,128.12846,125.0
87,115,1,123.742516,125.0
87,116,5,124.075966,125.0
87,117,1,124.5567,125.0
87,118,5,130.93903,125.0
87,119,3,114.98251,125.0
87,120,2,115.97491,125.0
87,121,1,121.575806,125.0
87,122,5,120.59005,125.0
87,123,0,116.24392,125.0
87,124,0,109.15002,125.0
87,125,4,108.37463,125.0
87,126,0,123.96404,125.0
87,127,4,117.60798,125.0
87,128,2,120.93186,125.0
87,129,0,126.45338,125.0
87,130,1,126.68889,125.0
87,131,1,128.74434,125.0
87,132,0,127.344124,125.0
87,133,0,126.41729,125.0
87,134,5,128.51543,125.0
87,135,4,127.6851,125.0
87,136,3,123.772255,125.0
87,137,0,117.63171,125.0
87,138,5,122.12415,125.0
87,139,5,118.85172,125.0
87,140,1,102.72559,125.0
87,141,4,129.46567,125.0
87,142,4,118.69097,125.0
87,143,2,114.359695,125.0
87,144,3,114.45931,125.0
87,145,3,117.91815,125.0
87,146,3,119.21227,125.0
87,147,2,103.37089,125.0
87,148,1,118.92473,125.0
87,149,4,123.026665,125.0
87,150,4,125.06922,125.0
87,151,3,119.58416,125.0
87,152,5,116.42566,125.0
87,153,3,125.391136,125.0
87,154,3,126.255104,125.0
87,155,0,118.6892,125.0
87,156,2,120.911385,125.0
87,157,5,115.856575,125.0
87,158,1,113.84606,125.0
87,159,0,109.43542,125.0
87,160,2,106.24294,125.0
87,161,5,109.35938,125.0
87,162,5,119.80697,124.0
87,163,0,119.44078,123.0
87,164,3,119.87792,122.0
87,165,0,115.75153,121.0
87,166,1,116.46577,120.0
87,167,1,121.139305,119.0
87,168,1,125.37444,118.0
87,169,0,123.14673,117.0
87,170,5,117.08869,116.0
87,171,0,126.2162,115.0
87,172,2,123.91912,114.0
87,173,0,117.43049,113.0
87,174,1,111.28409,112.0
87,175,0,112.94971,111.0
87,176,5,112.94974,110.0
87,177,5,90.62336,109.0
87,178,0,77.08561,108.0
87,179,0,65.64254,107.0
87,180,0,79.506386,106.0
87,181,4,66.38729,105.0
87,182,4,55.655045,104.0
87,183,0,52.086414,103.0
87,184,0,46.481712,102.0
87,185,2,46.149284,101.0
87,186,1,63.71302,100.0
87,187,5,90.99215,99.0
87,188,3,77.835884,98.0
87,189,5,92.95229,97.0
87,190,3,93.10012,96.0
87,191,4,107.515396,95.0
87,192,3,88.53013,94.0
87,193,0,98.638374,93.0
87,194,1,86.25433,92.0
87,195,2,86.89286,91.0
87,196,3,75.64785,90.0
87,197,3,70.87638,89.0
87,198,2,76.16599,88.0
87,199,2,102.46778,87.0
87,200,4,82.76079,86.0
87,201,0,73.81855,85.0
87,202,0,99.17472,84.0
87,203,2,97.03978,83.0
87,204,3,113.29769,82.0
87,205,4,113.68261,81.0
87,206,1,115.83138,80.0
87,207,5,115.69342,79.0
87,208,3,111.58219,78.0
87,209,0,116.28222,77.0
87,210,0,119.20472,76.0
87,211,3,105.4531,75.0
87,212,0,93.566635,74.0
87,213,0,75.13821,73.0
87,214,1,64.703094,72.0
87,215,5,68.84354,71.0
87,216,1,68.91856,70.0
87,217,0,55.887524,69.0
87,218,1,43.376472,68.0
88,36,3,125.36654,125.0
88,37,2,124.469,125.0
88,38,3,121.76205,125.0
88,39,3,122.26399,125.0
88,40,5,120.68261,125.0
88,41,5,121.07213,125.0
89,36,4,115.3912,125.0
89,37,4,116.642715,124.0
89,38,2,126.51157,123.0
89,39,2,124.53234,122.0
89,40,3,127.844475,121.0
89,41,4,129.6678,120.0
89,42,4,127.753426,119.0
89,43,4,123.93144,118.0
89,44,3,122.99017,117.0
89,45,3,125.29471,116.0
89,46,5,125.62145,115.0
89,47,1,119.0951,114.0
89,48,4,119.45286,113.0
89,49,3,120.01757,112.0
89,50,2,124.14541,111.0
89,51,2,116.09762,110.0
89,52,0,125.048164,109.0
89,53,2,119.66491,108.0
89,54,3,119.40467,107.0
89,55,5,107.82206,106.0
89,56,2,106.74383,105.0
89,57,4,104.617516,104.0
89,58,4,102.0272,103.0
89,59,5,101.400246,102.0
89,60,0,89.75246,101.0
89,61,2,116.00585,100.0
89,62,4,115.29095,99.0
89,63,0,113.82831,98.0
89,64,3,100.9779,97.0
89,65,4,112.22426,96.0
89,66,2,120.08765,95.0
89,67,3,109.96778,94.0
89,68,4,120.95621,93.0
89,69,4,117.73873,92.0
89,70,5,108.82588,91.0
89,71,2,115.496475,90.0
89,72,3,109.457664,89.0
89,73,1,110.544334,88.0
89,74,1,117.83198,87.0
89,75,3,120.53249,86.0
89,76,2,116.11214,85.0
89,77,3,116.15991,84.0
89,78,0,116.66866,83.0
89,79,1,119.671486,82.0
89,80,0,115.63531,81.0
89,81,1,116.31533,80.0
89,82,4,120.07146,79.0
89,83,1,112.96514,78.0
89,84,0,94.597786,77.0
89,85,1,107.23031,76.0
89,86,3,118.46705,75.0
89,87,2,105.352104,74.0
89,88,1,109.35338,73.0
89,89,1,114.26934,72.0
89,90,3,93.990944,71.0
89,91,2,90.50138,70.0
89,92,4,82.74871,69.0
89,93,5,105.158195,68.0
89,94,4,105.32053,67.0
89,95,1,85.62345,66.0
89,96,2,102.607445,65.0
89,97,3,102.39277,64.0
89,98,3,80.15965,63.0
89,99,3,77.79649,62.0
89,100,2,72.77424,61.0
89,101,1,69.87762,60.0
89,102,4,95.83336,59.0
89,103,1,80.59373,58.0
89,104,1,94.792274,57.0
89,105,1,106.33457,56.0
89,106,4,99.19421,55.0
89,107,0,95.014854,54.0
89,108,1,89.54409,53.0
89,109,1,96.507515,52.0
89,110,2,92.35759,51.0
89,111,5,71.573,50.0
89,112,5,59.941017,49.0
89,113,3,64.65893,48.0
89,114,0,66.36664,47.0
89,115,4,70.866005,46.0
89,116,4,34.687088,45.0
89,117,4,49.69625,44.0
89,118,0,39.774414,43.0
89,119,1,53.12996,42.0
89,120,4,53.533485,41.0
90,36,0,122.80752,125.0
90,37,5,123.62885,125.0
90,38,3,119.33386,125.0
90,39,1,126.1668,125.0
90,40,4,119.42095,125.0
90,41,1,120.65522,125.0
90,42,1,121.951294,125.0
90,43,2,118.78255,125.0
90,44,2,122.479294,125.0
90,45,3,120.25989,125.0
90,46,0,121.61858,125.0
90,47,4,120.34662,125.0
90,48,5,126.134125,125.0
90,49,5,120.8341,125.0
90,50,5,121.763466,125.0
90,51,3,121.914276,125.0
90,52,5,119.45756,125.0
90,53,0,122.84518,125.0
90,54,1,124.48639,125.0
90,55,4,126.26594,125.0
90,56,0,123.75318,125.0
90,57,5,116.86329,125.0
90,58,5,107.45374,125.0
90,59,1,109.848145,125.0
90,60,1,124.09822,125.0
90,61,5,116.082,125.0
90,62,5,109.629745,125.0
90,63,0,116.36338,125.0
90,64,4,124.172424,125.0
90,65,0,127.3594,125.0
90,66,5,113.741196,125.0
90,67,1,126.50143,125.0
90,68,5,120.035515,125.0
90,69,0,107.62386,125.0
90,70,0,102.414116,125.0
90,71,0,115.81643,125.0
90,72,2,113.56834,125.0
90,73,2,111.37589,125.0
90,74,3,114.770546,125.0
90,75,0,110.31942,125.0
90,76,1,120.48626,125.0
90,77,1,117.06834,125.0
90,78,2,118.28734,125.0
90,79,3,104.98462,125.0
90,80,2,102.03637,125.0
90,81,2,93.74382,125.0
90,82,2,110.81512,125.0
90,83,0,88.5899,125.0
90,84,0,111.62212,125.0
90,85,2,101.224495,125.0
90,86,3,113.295715,125.0
90,87,5,108.29373,125.0
90,88,5,100.1244,125.0
90,89,4,116.910194,125.0
90,90,0,117.71038,125.0
90,91,1,113.657295,125.0
90,92,0,106.072464,125.0
90,93,3,121.2827,125.0
90,94,3,119.05706,125.0
90,95,0,116.83199,125.0
90,96,1,118.02226,125.0
90,97,0,120.23945,125.0
90,98,5,109.93397,125.0
90,99,4,120.64055,125.0
90,100,2,121.42964,125.0
90,101,0,119.53313,125.0
90,102,3,121.95475,125.0
90,103,3,118.24639,125.0
90,104,0,111.71314,125.0
90,105,2,116.42638,125.0
90,106,4,103.17294,125.0
90,107,2,117.93177,125.0
90,108,2,111.18339,125.0
90,109,2,125.0996,125.0
90,110,1,118.2494,125.0
90,111,2,122.2941,125.0
90,112,5,117.60021,125.0
90,113,1,124.64051,125.0
90,114,3,123.44615,125.0
90,115,1,121.77126,125.0
90,116,5,119.20446,125.0
90,117,0,123.49682,125.0
90,118,0,121.88515,125.0
90,119,0,118.470375,125.0
90,120,3,124.10887,125.0
90,121,1,123.282616,125.0
90,122,1,121.35462,125.0
90,123,5,127.46113,125.0
90,124,4,116.869156,125.0
90,125,3,118.035,125.0
90,126,2,120.16845,125.0
90,127,0,121.148735,125.0
90,128,5,124.81111,125.0
90,129,0,112.30038,125.0
90,130,0,113.05825,125.0
90,131,4,106.63781,125.0
90,132,0,112.59319,125.0
90,133,5,104.49648,124.0
90,134,3,77.25179,123.0
90,135,4,103.83961,122.0
90,136,0,116.152245,121.0
90,137,2,122.43449,120.0
90,138,3,117.29922,119.0
90,139,3,102.55225,118.0
90,140,5,97.83594,117.0
90,141,4,124.85886,116.0
90,142,3,123.51345,115.0
90,143,0,120.66317,114.0
90,144,2,119.631,113.0
90,145,4,124.62766,112.0
90,146,0,117.997795,111.0
90,147,4,115.84535,110.0
90,148,5,114.847404,109.0
90,149,4,106.206406,108.0
90,150,4,94.6235,107.0
90,151,5,95.52982,106.0
90,152,3,91.656715,105.0
90,153,0,91.80552,104.0
90,154,0,99.12945,103.0
90,155,0,90.73496,102.0
90,156,5,85.6427,101.0
90,157,2,106.8576,100.0
90,158,0,85.024666,99.0
90,159,2,101.346,98.0
90,160,0,91.05319,97.0
90,161,3,79.86938,96.0
90,162,4,102.21973,95.0
90,163,4,116.881516,94.0
90,164,2,109.85082,93.0
90,165,0,112.40085,92.0
90,166,4,102.07516,91.0
90,167,2,84.303566,90.0
90,168,3,87.8982,89.0
90,169,3,98.341194,88.0
90,170,2,87.860085,87.0
90,171,5,110.95765,86.0
90,172,5,91.80092,85.0
90,173,5,94.47048,84.0
90,174,1,110.55106,83.0
90,175,2,87.97293,82.0
90,176,1,89.346275,81.0
90,177,2,81.50625,80.0
90,178,2,109.71238,79.0
90,179,1,85.85429,78.0
90,180,1,88.52827,77.0
90,181,3,98.55021,76.0
90,182,5,74.597466,75.0
90,183,0,95.265465,74.0
90,184,1,104.57194,73.0
90,185,3,91.89736,72.0
90,186,3,99.70464,71.0
90,187,2,85.43832,70.0
90,188,5,79.27494,69.0
90,189,0,91.10334,68.0
90,190,2,71.70127,67.0
90,191,5,86.6131,66.0
90,192,2,81.54597,65.0
90,193,0,89.52507,64.0
90,194,3,54.838493,63.0
90,195,0,46.73059,62.0
90,196,1,59.243477,61.0
90,197,0,69.49969,60.0
90,198,3,64.383644,59.0
90,199,4,71.537704,58.0
90,200,4,77.319756,57.0
90,201,2,53.00479,56.0
90,202,0,32.6656,55.0
90,203,3,44.730682,54.0
90,204,3,38.058865,53.0
90,205,4,55.698593,52.0
90,206,2,61.706165,51.0
91,36,1,127.845055,101.0
91,37,1,124.699745,100.0
91,38,0,125.416756,99.0
91,39,4,127.419586,98.0
91,40,5,122.609795,97.0
91,41,4,125.562065,96.0
91,42,1,124.62532,95.0
91,43,3,130.95486,94.0
91,44,4,126.71735,93.0
91,45,0,116.90411,92.0
91,46,3,122.96004,91.0
91,47,0,124.19952,90.0
91,48,0,121.113075,89.0
91,49,2,125.54514,88.0
91,50,2,107.865776,87.0
91,51,0,125.55545,86.0
91,52,0,99.96418,85.0
91,53,3,100.50089,84.0
91,54,2,116.92735,83.0
91,55,5,116.894615,82.0
91,56,3,105.70959,81.0
92,36,1,120.532845,125.0
92,37,5,124.09501,125.0
92,38,4,123.73362,125.0
92,39,5,121.11338,125.0
92,40,4,87.171875,125.0
92,41,4,105.39849,125.0
92,42,2,120.68409,125.0
92,43,0,102.10547,125.0
92,44,4,108.749855,125.0
92,45,0,119.26177,125.0
92,46,0,122.81774,125.0
92,47,2,116.067154,125.0
92,48,0,111.15227,125.0
92,49,1,119.8941,125.0
92,50,0,124.87922,125.0
92,51,0,128.17433,125.0
92,52,0,122.69287,125.0
92,53,2,132.61362,125.0
92,54,2,132.3331,125.0
92,55,3,125.252846,125.0
92,56,0,112.7474,125.0
92,57,2,124.77642,125.0
92,58,0,118.811775,125.0
92,59,4,119.7246,125.0
92,60,2,108.78852,125.0
92,61,4,124.05785,125.0
92,62,5,119.71684,125.0
92,63,0,118.495125,125.0
92,64,1,111.324486,125.0
92,65,1,121.11254,125.0
92,66,0,116.16248,125.0
92,67,0,124.78066,125.0
92,68,0,98.1545,125.0
92,69,4,123.44982,125.0
92,70,1,121.28241,125.0
92,71,4,121.15457,125.0
92,72,3,102.79626,125.0
92,73,5,119.09153,125.0
92,74,1,112.87934,125.0
92,75,2,119.79216,125.0
92,76,3,121.24905,125.0
92,77,2,115.871414,125.0
92,78,4,117.0937,125.0
92,79,2,116.49897,125.0
92,80,0,105.61059,125.0
92,81,5,105.32809,125.0
92,82,1,102.11042,125.0
92,83,4,118.51534,125.0
92,84,4,99.24639,125.0
92,85,3,122.43651,125.0
92,86,1,123.03683,125.0
92,87,1,118.50324,125.0
92,88,3,121.99598,125.0
92,89,5,110.75239,125.0
92,90,1,108.68987,125.0
92,91,3,113.67121,125.0
92,92,2,118.531944,125.0
92,93,1,101.07162,125.0
92,94,2,111.54402,125.0
92,95,2,119.91532,125.0
92,96,4,121.926445,125.0
92,97,5,121.989876,125.0
92,98,0,120.702965,125.0
92,99,5,122.37963,125.0
92,100,1,124.22352,125.0
92,101,2,118.08146,125.0
92,102,0,120.41947,125.0
92,103,0,117.34199,125.0
92,104,5,116.83573,125.0
92,105,5,118.96763,125.0
92,106,2,120.28855,125.0
92,107,0,121.20987,125.0
92,108,1,117.93695,125.0
92,109,5,118.06054,125.0
92,110,3,109.63469,125.0
92,111,2,124.82099,125.0
92,112,1,108.50802,125.0
92,113,2,121.47416,125.0
92,114,0,122.08785,125.0
92,115,2,121.09452,125.0
92,116,1,121.86722,125.0
92,117,0,125.240585,125.0
92,118,2,115.9204,125.0
92,119,0,109.96549,125.0
92,120,2,117.17372,125.0
92,121,4,116.639046,125.0
92,122,1,119.94117,125.0
92,123,2,114.62971,125.0
92,124,4,112.743324,125.0
92,125,4,113.19915,125.0
92,126,4,120.51155,125.0
92,127,4,117.34558,125.0
92,128,1,113.2582,125.0
92,129,0,103.733025,125.0
92,130,0,98.64866,125.0
92,131,3,85.36718,125.0
92,132,4,84.549034,125.0
92,133,4,90.71424,125.0
92,134,2,98.790726,125.0
92,135,4,106.58684,125.0
92,136,0,112.57719,125.0
92,137,2,87.204796,125.0
92,138,5,101.30215,125.0
92,139,4,58.52066,125.0
92,140,2,115.06098,125.0
92,141,5,102.102554,125.0
92,142,1,112.92039,125.0
92,143,1,108.41849,125.0
92,144,0,106.88828,125.0
92,145,3,110.109146,125.0
92,146,2,91.10062,125.0
92,147,2,102.22953,125.0
92,148,1,103.64028,125.0
92,149,0,114.77078,125.0
92,150,2,86.12046,125.0
92,151,3,97.72432,125.0
92,152,4,107.10164,125.0
92,153,5,112.34673,125.0
92,154,4,87.29618,125.0
92,155,2,103.13858,125.0
92,156,1,98.28277,124.0
92,157,2,100.66627,123.0
92,158,4,81.36959,122.0
92,159,0,101.71447,121.0
92,160,1,106.72742,120.0
92,161,4,105.89996,119.0
92,162,1,117.19973,118.0
92,163,2,117.17672,117.0
92,164,1,112.17568,116.0
92,165,4,115.83311,115.0
92,166,1,103.9458,114.0
92,167,5,120.05782,113.0
92,168,4,121.17187,112.0
92,169,2,123.49088,111.0
92,170,5,123.78326,110.0
92,171,0,119.84998,109.0
92,172,0,108.79351,108.0
92,173,5,112.03002,107.0
92,174,5,96.55651,106.0
92,175,2,84.55152,105.0
92,176,0,88.485146,104.0
92,177,0,97.49146,103.0
92,178,4,109.883575,102.0
92,179,1,106.46909,101.0
92,180,1,113.860466,100.0
92,181,1,112.49932,99.0
92,182,2,112.531715,98.0
92,183,3,105.925415,97.0
92,184,3,111.532326,96.0
92,185,2,100.5957,95.0
92,186,0,106.07558,94.0
92,187,2,106.61286,93.0
92,188,3,92.86978,92.0
92,189,1,95.57247,91.0
92,190,1,88.995964,90.0
92,191,4,79.57292,89.0
92,192,4,76.06521,88.0
92,193,1,79.799446,87.0
92,194,0,82.83178,86.0
92,195,0,68.276634,85.0
92,196,1,74.83414,84.0
92,197,3,73.29463,83.0
92,198,1,82.199776,82.0
92,199,3,72.49949,81.0
92,200,4,77.58607,80.0
92,201,3,67.372,79.0
92,202,0,68.32286,78.0
92,203,2,72.44969,77.0
92,204,0,72.887436,76.0
92,205,0,68.50046,75.0
92,206,1,76.946434,74.0
92,207,5,87.53774,73.0
92,208,1,75.6344,72.0
92,209,1,80.69426,71.0
92,210,2,82.34292,70.0
92,211,0,79.84926,69.0
92,212,5,64.89784,68.0
92,213,5,72.423744,67.0
92,214,1,72.14117,66.0
92,215,3,70.60505,65.0
92,216,0,76.08669,64.0
92,217,1,68.22812,63.0
92,218,4,79.33982,62.0
92,219,1,74.10044,61.0
92,220,1,69.18439,60.0
92,221,5,64.88469,59.0
92,222,0,60.303078,58.0
92,223,1,55.198837,57.0
92,224,2,48.114746,56.0
92,225,1,55.042137,55.0
92,226,0,50.023285,54.0
92,227,1,51.456223,53.0
92,228,5,59.58081,52.0
92,229,5,49.733826,51.0
92,230,5,55.87318,50.0
92,231,2,48.29628,49.0
92,232,4,50.40616,48.0
92,233,4,45.91755,47.0
92,234,1,45.708145,46.0
92,235,1,41.601273,45.0
92,236,1,44.593796,44.0
92,237,4,42.94555,43.0
92,238,5,45.370155,42.0
92,239,0,42.24387,41.0
92,240,1,42.957596,40.0
92,241,1,33.2669,39.0
92,242,4,35.28121,38.0
92,243,4,34.96773,37.0
92,244,4,26.006493,36.0
92,245,1,29.364555,35.0
92,246,0,27.289816,34.0
92,247,1,27.076418,33.0
92,248,5,28.339174,32.0
92,249,4,24.537899,31.0
92,250,0,19.524067,30.0
92,251,4,27.394016,29.0
92,252,2,21.21087,28.0
92,253,2,22.65073,27.0
92,254,5,19.32388,26.0
92,255,4,21.688593,25.0
92,256,0,17.439285,24.0
92,257,4,13.926671,23.0
92,258,2,12.398923,22.0
92,259,3,10.576692,21.0
92,260,4,14.907116,20.0
92,261,3,12.501405,19.0
92,262,2,11.478315,18.0
92,263,1,12.920569,17.0
92,264,0,12.3460045,16.0
92,265,0,11.85704,15.0
92,266,1,10.784936,14.0
93,36,5,103.74069,125.0
93,37,4,121.94907,125.0
93,38,3,121.11843,125.0
93,39,1,118.67057,125.0
93,40,2,124.41884,125.0
93,41,5,120.09445,125.0
93,42,0,121.36387,125.0
93,43,1,123.49526,125.0
93,44,2,122.75826,125.0
93,45,1,122.29515,125.0
93,46,1,127.891136,125.0
93,47,1,123.75496,125.0
93,48,0,119.868195,125.0
93,49,2,117.669716,125.0
93,50,4,118.16335,125.0
93,51,4,118.04827,125.0
93,52,1,101.02001,125.0
93,53,5,125.34066,125.0
93,54,2,121.291695,125.0
93,55,1,123.04478,125.0
93,56,3,118.86379,125.0
93,57,2,114.043396,125.0
93,58,4,121.39385,125.0
93,59,2,119.514885,125.0
93,60,5,121.57948,125.0
93,61,2,125.64959,125.0
93,62,5,123.30453,125.0
93,63,2,128.51668,125.0
93,64,3,124.915054,125.0
93,65,1,127.64471,125.0
93,66,1,125.4441,125.0
93,67,5,129.33925,125.0
93,68,4,125.675095,125.0
93,69,3,120.1534,125.0
93,70,4,124.34973,125.0
93,71,5,127.58251,125.0
93,72,0,124.528435,125.0
93,73,3,125.1193,125.0
93,74,1,124.73098,125.0
93,75,2,122.6295,125.0
93,76,1,125.80647,125.0
93,77,5,119.963264,125.0
93,78,1,117.49241,125.0
93,79,5,118.5296,125.0
93,80,1,119.6707,125.0
93,81,5,116.97919,125.0
93,82,1,122.74643,125.0
93,83,2,125.7771,125.0
93,84,1,126.77514,125.0
93,85,1,127.016174,125.0
93,86,4,126.15164,125.0
93,87,1,120.41622,125.0
93,88,1,118.177315,125.0
93,89,3,119.872314,125.0
93,90,1,119.97578,125.0
93,91,0,112.83527,125.0
93,92,1,119.33419,125.0
93,93,4,119.53491,125.0
93,94,3,121.96366,125.0
93,95,5,117.964134,125.0
93,96,4,119.260414,125.0
93,97,4,102.32129,125.0
93,98,1,109.91309,125.0
93,99,3,107.96757,125.0
93,100,5,106.73147,125.0
93,101,0,116.24276,124.0
93,102,0,118.26791,123.0
93,103,0,113.976456,122.0
93,104,2,93.97067,121.0
93,105,5,110.96258,120.0
93,106,0,100.31341,119.0
93,107,2,84.65562,118.0
93,108,0,86.72074,117.0
93,109,5,99.32908,116.0
93,110,2,112.06622,115.0
93,111,2,89.22166,114.0
93,112,1,90.00803,113.0
93,113,0,88.485085,112.0
93,114,1,114.09322,111.0
93,115,1,117.017586,110.0
93,116,2,118.94279,109.0
93,117,0,115.159256,108.0
93,118,0,119.483795,107.0
93,119,1,89.71221,106.0
93,120,1,118.871414,105.0
93,121,4,107.52136,104.0
93,122,4,81.83442,103.0
93,123,4,96.41949,102.0
93,124,4,106.94302,101.0
93,125,4,108.94584,100.0
93,126,2,108.41507,99.0
93,127,3,103.93691,98.0
93,128,5,111.43798,97.0
93,129,1,109.940704,96.0
93,130,4,106.10911,95.0
93,131,0,106.26051,94.0
93,132,2,96.86767,93.0
93,133,4,103.8413,92.0
93,134,0,105.2317,91.0
93,135,3,101.32368,90.0
93,136,5,99.14099,89.0
93,137,1,103.25648,88.0
93,138,4,106.7418,87.0
93,139,1,103.846016,86.0
93,140,1,97.74906,85.0
93,141,2,98.87093,84.0
93,142,1,101.245316,83.0
93,143,4,97.772484,82.0
93,144,1,92.274025,81.0
93,145,4,91.37913,80.0
93,146,4,80.29069,79.0
93,147,1,91.68798,78.0
93,148,2,100.196465,77.0
93,149,4,82.406075,76.0
93,150,4,91.221825,75.0
93,151,1,93.61533,74.0
93,152,5,100.539566,73.0
93,153,1,69.95852,72.0
93,154,2,89.981255,71.0
93,155,2,75.909615,70.0
93,156,3,85.36227,69.0
93,157,4,75.37488,68.0
93,158,1,88.07209,67.0
94,36,0,127.38468,125.0
94,37,2,126.54093,125.0
94,38,1,123.00878,125.0
94,39,3,127.67582,125.0
94,40,0,128.16748,125.0
94,41,5,120.56451,125.0
94,42,1,128.00511,125.0
94,43,1,123.74132,125.0
94,44,2,117.30346,125.0
94,45,2,124.42988,125.0
94,46,5,119.34571,125.0
94,47,0,125.58741,125.0
94,48,5,124.68514,125.0
94,49,5,122.22306,125.0
94,50,1,124.563545,125.0
94,51,4,124.33237,125.0
94,52,4,124.25093,125.0
94,53,0,126.19569,125.0
94,54,0,110.96084,125.0
94,55,1,123.23111,125.0
94,56,1,126.739586,125.0
94,57,1,125.83875,125.0
94,58,1,118.45276,125.0
94,59,5,130.72948,125.0
94,60,5,125.64046,125.0
94,61,2,130.25558,125.0
94,62,2,129.60986,125.0
94,63,2,118.49444,125.0
94,64,1,113.73096,125.0
94,65,0,123.12259,125.0
94,66,1,121.55041,125.0
94,67,2,108.2813,125.0
94,68,2,103.842224,125.0
94,69,5,118.13655,125.0
94,70,4,118.3889,125.0
94,71,5,120.8623,125.0
94,72,4,120.01825,125.0
94,73,2,124.12355,125.0
94,74,0,124.10165,125.0
94,75,5,120.62936,125.0
94,76,2,123.65602,125.0
94,77,4,120.1408,125.0
94,78,0,127.039566,125.0
94,79,0,125.78672,125.0
94,80,0,124.48503,125.0
94,81,4,124.5082,125.0
94,82,0,127.22938,125.0
94,83,1,122.5353,125.0
94,84,4,126.431435,125.0
94,85,1,121.42695,125.0
94,86,0,126.25971,125.0
94,87,2,123.497345,125.0
94,88,4,123.27998,125.0
94,89,5,112.435555,125.0
94,90,2,123.04024,125.0
94,91,0,118.78884,125.0
94,92,3,123.693306,125.0
94,93,5,128.23291,125.0
94,94,0,125.23698,125.0
94,95,0,123.36506,125.0
94,96,1,122.91305,125.0
94,97,4,128.16048,125.0
94,98,5,133.68608,125.0
94,99,1,131.5328,125.0
94,100,1,125.90711,125.0
94,101,2,123.76186,125.0
94,102,0,123.37522,125.0
94,103,5,124.38193,125.0
94,104,3,120.04124,125.0
94,105,4,126.63895,125.0
94,106,0,124.95019,125.0
94,107,1,121.69873,125.0
94,108,1,119.65224,125.0
94,109,4,119.55581,125.0
94,110,4,119.00025,125.0
94,111,4,119.31814,125.0
94,112,1,120.42157,125.0
94,113,0,113.70887,125.0
94,114,3,124.41157,125.0
94,115,4,127.51856,125.0
94,116,0,114.79568,125.0
94,117,0,125.357994,125.0
94,118,5,119.9459,125.0
94,119,4,120.27964,125.0
94,120,4,125.68209,125.0
94,121,2,120.86526,125.0
94,122,1,121.24699,125.0
94,123,0,121.526825,125.0
94,124,4,120.49995,125.0
94,125,0,124.85711,125.0
94,126,1,126.034195,125.0
94,127,4,107.8391,125.0
94,128,2,117.79191,125.0
94,129,5,117.124756,125.0
94,130,5,121.3329,125.0
94,131,0,111.97886,125.0
94,132,1,121.411125,125.0
94,133,0,116.187874,125.0
94,134,4,122.63974,125.0
94,135,3,116.67373,125.0
94,136,3,121.72338,125.0
94,137,0,129.0466,125.0
94,138,2,124.003075,125.0
94,139,1,126.45079,125.0
94,140,0,117.84165,125.0
94,141,4,128.10457,125.0
94,142,4,122.148994,125.0
94,143,5,123.01365,125.0
94,144,2,128.4949,125.0
94,145,3,128.06248,125.0
94,146,1,131.02365,125.0
94,147,2,128.18454,125.0
94,148,2,123.5803,125.0
94,149,2,125.18911,125.0
94,150,5,119.38719,125.0
94,151,4,119.62385,125.0
94,152,5,121.25834,125.0
94,153,2,116.01028,125.0
94,154,1,126.58038,125.0
94,155,0,121.989555,125.0
94,156,5,118.12822,125.0
94,157,3,112.09253,125.0
94,158,0,117.81054,125.0
94,159,0,124.426384,125.0
94,160,0,126.56405,125.0
94,161,1,127.837204,125.0
94,162,5,125.80609,125.0
94,163,4,122.1578,125.0
94,164,4,123.01363,125.0
94,165,2,111.97433,125.0
94,166,3,120.20699,125.0
94,167,2,119.65648,125.0
94,168,2,119.741264,125.0
94,169,3,123.857925,125.0
94,170,3,122.677025,125.0
94,171,2,126.73592,125.0
94,172,0,122.89428,125.0
94,173,2,115.90243,125.0
94,174,5,122.63444,125.0
94,175,0,126.44614,125.0
94,176,3,122.385635,125.0
94,177,0,121.03496,125.0
94,178,0,115.69568,125.0
94,179,4,120.17571,125.0
94,180,2,123.42622,125.0
94,181,0,122.586754,125.0
94,182,0,120.32831,125.0
94,183,0,119.33965,125.0
94,184,1,122.51312,125.0
94,185,1,115.06978,125.0
94,186,1,114.93352,125.0
94,187,5,122.955536,125.0
94,188,3,120.70986,125.0
94,189,5,124.031525,125.0
94,190,2,124.23412,125.0
94,191,4,122.30596,125.0
94,192,2,119.50683,125.0
94,193,0,116.29729,125.0
94,194,1,91.42745,125.0
94,195,4,107.439095,125.0
94,196,2,111.943855,125.0
94,197,0,117.87638,125.0
94,198,0,120.35711,125.0
94,199,1,110.218056,125.0
94,200,2,126.18305,125.0
94,201,0,118.98349,125.0
94,202,1,123.866005,125.0
94,203,4,116.06701,125.0
94,204,2,106.49735,125.0
94,205,0,120.53938,125.0
94,206,0,115.56262,125.0
94,207,4,111.485085,125.0
94,208,3,118.87154,125.0
94,209,3,119.48182,125.0
94,210,4,117.78641,125.0
94,211,4,112.74607,125.0
94,212,2,107.61473,125.0
94,213,5,108.81506,125.0
94,214,4,118.46773,125.0
94,215,5,113.25446,125.0
94,216,3,112.596825,125.0
94,217,0,111.91712,125.0
94,218,0,103.83074,125.0
94,219,4,94.251564,124.0
94,220,4,96.22572,123.0
94,221,3,96.77278,122.0
94,222,1,110.18816,121.0
94,223,5,119.05503,120.0
94,224,2,106.393074,119.0
94,225,3,90.45093,118.0
94,226,4,92.67988,117.0
94,227,3,94.99527,116.0
94,228,2,109.10255,115.0
94,229,5,88.89541,114.0
94,230,0,97.52891,113.0
94,231,3,105.52757,112.0
94,232,3,104.10662,111.0
94,233,4,102.29407,110.0
94,234,3,103.29899,109.0
94,235,3,96.98156,108.0
94,236,2,103.54575,107.0
94,237,2,105.72579,106.0
94,238,0,100.38914,105.0
94,239,4,96.939186,104.0
94,240,5,102.00331,103.0
94,241,3,96.95518,102.0
94,242,3,108.02975,101.0
94,243,2,109.351006,100.0
94,244,0,107.02134,99.0
94,245,1,108.873024,98.0
94,246,5,103.46552,97.0
94,247,0,93.15582,96.0
94,248,3,95.16598,95.0
94,249,5,93.51038,94.0
94,250,4,97.34707,93.0
94,251,5,101.2239,92.0
94,252,2,96.08307,91.0
94,253,2,95.888435,90.0
94,254,1,91.47632,89.0
94,255,5,78.54159,88.0
94,256,0,80.203926,87.0
94,257,2,79.12467,86.0
94,258,0,83.66871,85.0
94,259,4,90.89088,84.0
94,260,5,79.21151,83.0
94,261,0,66.52808,82.0
94,262,4,66.15119,81.0
94,263,1,81.62441,80.0
94,264,3,78.89309,79.0
94,265,5,61.225624,78.0
94,266,2,56.893593,77.0
94,267,2,75.04271,76.0
94,268,1,69.34682,75.0
94,269,3,58.01934,74.0
94,270,0,65.891945,73.0
94,271,2,66.74221,72.0
94,272,3,76.97362,71.0
94,273,4,61.439133,70.0
94,274,0,60.18412,69.0
94,275,5,65.43649,68.0
94,276,0,83.42296,67.0
94,277,0,65.64408,66.0
94,278,5,68.587364,65.0
94,279,4,65.22939,64.0
94,280,5,63.65567,63.0
94,281,5,57.237453,62.0
94,282,1,65.66668,61.0
94,283,5,67.35117,60.0
94,284,0,73.368835,59.0
94,285,0,60.673183,58.0
94,286,0,68.60019,57.0
94,287,3,60.231533,56.0
94,288,0,50.49202,55.0
94,289,2,52.59307,54.0
94,290,3,53.955498,53.0
94,291,1,51.74521,52.0
94,292,2,53.16871,51.0
94,293,0,47.46528,50.0
94,294,0,46.419945,49.0
94,295,4,45.0875,48.0
94,296,4,44.54055,47.0
94,297,2,38.37809,46.0
94,298,2,44.76951,45.0
94,299,3,33.513046,44.0
94,300,4,30.48054,43.0
94,301,0,27.361897,42.0
94,302,4,26.194687,41.0
94,303,3,31.702755,40.0
94,304,0,29.776587,39.0
94,305,0,30.873062,38.0
94,306,1,31.045063,37.0
94,307,1,25.412577,36.0
94,308,3,33.617195,35.0
94,309,3,44.26241,34.0
94,310,0,43.14299,33.0
94,311,2,41.83903,32.0
94,312,5,45.428307,31.0
94,313,4,40.43129,30.0
94,314,1,43.42496,29.0
94,315,5,39.760323,28.0
94,316,3,39.20614,27.0
94,317,1,37.245342,26.0
94,318,3,37.533592,25.0
94,319,0,31.476273,24.0
94,320,3,30.530338,23.0
94,321,1,33.071285,22.0
94,322,2,29.527897,21.0
94,323,2,29.379358,20.0
94,324,3,25.436602,19.0
94,325,0,27.290392,18.0
94,326,2,31.585306,17.0
94,327,5,28.96767,16.0
94,328,3,24.69998,15.0
94,329,4,22.937208,14.0
94,330,2,31.169754,13.0
94,331,2,25.496601,12.0
94,332,2,24.801441,11.0
94,333,1,20.80978,10.0
95,36,4,121.73545,125.0
95,37,1,125.70514,125.0
95,38,0,126.42475,125.0
95,39,2,124.3824,125.0
95,40,1,126.37183,125.0
95,41,4,124.4221,125.0
95,42,0,121.7178,125.0
95,43,0,125.46245,125.0
95,44,0,118.2657,125.0
95,45,0,117.49969,125.0
95,46,0,120.72203,125.0
95,47,0,120.514565,125.0
95,48,0,110.35986,125.0
95,49,2,120.93615,125.0
95,50,1,115.11938,125.0
95,51,3,122.67313,125.0
95,52,5,119.92132,125.0
95,53,3,119.51336,125.0
95,54,2,128.07133,125.0
95,55,0,133.10788,125.0
95,56,3,123.01632,125.0
95,57,0,123.07942,125.0
95,58,1,121.411316,125.0
95,59,3,122.08425,125.0
95,60,0,124.146065,125.0
95,61,2,124.82705,125.0
95,62,0,124.8989,125.0
95,63,2,125.19981,125.0
95,64,1,118.87847,125.0
95,65,3,119.86437,125.0
95,66,3,119.68309,125.0
95,67,1,121.27345,125.0
95,68,0,116.35448,125.0
95,69,4,122.21163,125.0
95,70,1,120.68986,125.0
95,71,0,125.61657,125.0
95,72,2,122.743256,125.0
95,73,0,122.63206,125.0
95,74,2,122.99721,125.0
95,75,2,120.51061,125.0
95,76,3,115.52595,125.0
95,77,0,118.491066,125.0
95,78,2,120.222374,125.0
95,79,4,125.42698,125.0
95,80,1,123.68197,125.0
95,81,5,124.26711,125.0
95,82,0,120.02824,125.0
95,83,0,126.242775,125.0
95,84,1,108.15743,125.0
95,85,5,118.77944,125.0
95,86,5,116.54026,125.0
95,87,0,111.09268,125.0
95,88,4,103.07964,125.0
95,89,0,96.44171,125.0
95,90,3,113.372765,125.0
95,91,0,104.84556,125.0
95,92,3,105.41918,125.0
95,93,3,109.54272,125.0
95,94,4,107.549736,125.0
95,95,4,123.44051,125.0
95,96,0,109.10301,125.0
95,97,2,119.88929,125.0
95,98,0,123.24447,125.0
95,99,1,123.02839,125.0
95,100,2,118.19021,125.0
95,101,2,117.07137,125.0
95,102,4,121.831795,125.0
95,103,1,124.79923,125.0
95,104,0,126.25933,125.0
95,105,3,122.369545,125.0
95,106,3,123.211914,125.0
95,107,0,126.09591,125.0
95,108,1,120.02889,125.0
95,109,3,122.57012,125.0
95,110,3,121.43961,125.0
95,111,3,119.36677,125.0
95,112,2,120.077446,125.0
95,113,2,123.49619,125.0
95,114,4,121.77328,125.0
95,115,4,118.087944,125.0
95,116,2,118.67888,125.0
95,117,3,125.64256,125.0
95,118,0,116.42851,125.0
95,119,2,122.18012,125.0
95,120,1,120.05935,125.0
95,121,3,123.98615,125.0
95,122,0,127.9873,125.0
95,123,5,123.949554,125.0
95,124,3,125.12584,125.0
95,125,4,115.582054,125.0
95,126,4,125.34947,125.0
95,127,0,122.50384,125.0
95,128,4,118.87501,125.0
95,129,0,122.6413,125.0
95,130,0,119.345024,125.0
95,131,2,119.39267,125.0
95,132,2,115.09677,125.0
95,133,0,125.053635,125.0
95,134,0,109.92469,125.0
95,135,3,119.90326,125.0
95,136,1,123.20171,125.0
95,137,2,120.27932,125.0
95,138,1,123.64167,125.0
95,139,5,123.91359,125.0
95,140,1,124.30888,125.0
95,141,0,122.90638,125.0
95,142,3,121.168,125.0
95,143,0,123.56737,125.0
95,144,1,122.52743,125.0
95,145,3,126.01727,125.0
95,146,5,120.97854,125.0
95,147,5,128.09503,125.0
95,148,0,128.56564,125.0
95,149,0,127.986855,125.0
95,150,5,125.27578,125.0
95,151,2,126.33386,125.0
95,152,1,130.24683,125.0
95,153,2,122.779526,125.0
95,154,4,120.93998,125.0
95,155,0,125.48739,125.0
95,156,0,119.73486,125.0
95,157,1,123.89602,125.0
95,158,4,124.651695,125.0
95,159,1,117.55638,125.0
95,160,0,121.45643,125.0
95,161,0,114.01966,125.0
95,162,2,112.32425,125.0
95,163,5,119.61303,125.0
95,164,0,109.911995,125.0
95,165,4,109.70937,125.0
95,166,2,119.98713,125.0
95,167,2,114.18731,125.0
95,168,1,115.71646,125.0
95,169,2,102.13346,125.0
95,170,1,104.08083,125.0
95,171,0,106.77238,125.0
95,172,0,118.80149,125.0
95,173,2,99.00033,125.0
95,174,5,115.66674,125.0
95,175,4,125.44163,125.0
95,176,2,118.84274,125.0
95,177,5,116.929085,125.0
95,178,3,117.88334,125.0
95,179,0,119.142876,125.0
95,180,0,115.76649,125.0
95,181,4,119.952965,125.0
95,182,4,119.654396,125.0
95,183,4,123.12154,125.0
95,184,0,124.13403,125.0
95,185,1,123.11529,125.0
95,186,2,120.53053,125.0
95,187,3,125.463554,125.0
95,188,1,130.20291,125.0
95,189,5,123.30553,125.0
95,190,1,122.964806,125.0
95,191,0,122.87081,125.0
95,192,2,120.33842,125.0
95,193,3,119.39276,125.0
95,194,2,124.01531,125.0
95,195,3,122.11332,125.0
95,196,1,118.57958,125.0
95,197,1,116.92004,125.0
95,198,5,115.68642,125.0
95,199,5,110.46049,125.0
95,200,0,113.45348,125.0
95,201,5,112.65865,125.0
95,202,2,103.74421,125.0
95,203,3,101.95153,125.0
95,204,2,111.39263,125.0
95,205,2,102.67817,125.0
95,206,3,105.63753,125.0
95,207,4,101.61572,125.0
95,208,1,99.6083,125.0
95,209,1,105.50314,125.0
95,210,5,103.72416,125.0
95,211,0,109.62258,125.0
95,212,3,104.17921,125.0
95,213,2,101.99456,125.0
96,36,1,115.73817,125.0
96,37,3,120.828354,125.0
96,38,1,115.53678,125.0
96,39,0,106.97985,125.0
96,40,0,122.76388,125.0
96,41,4,125.01891,125.0
96,42,5,124.11382,125.0
96,43,2,122.99472,125.0
96,44,0,122.34745,125.0
96,45,3,109.11581,125.0
96,46,1,116.68844,125.0
96,47,4,127.24686,125.0
96,48,5,121.57355,125.0
96,49,4,123.94756,125.0
96,50,4,120.91527,125.0
96,51,1,123.39236,125.0
96,52,4,125.09802,125.0
96,53,0,124.37066,125.0
96,54,4,117.64643,125.0
96,55,4,112.1405,125.0
96,56,1,126.42244,125.0
96,57,1,123.943184,125.0
96,58,1,120.54641,125.0
96,59,0,122.1893,125.0
96,60,0,114.43392,125.0
96,61,3,118.16354,125.0
96,62,0,124.07683,125.0
96,63,3,127.693214,125.0
96,64,0,116.655685,125.0
96,65,2,111.94887,125.0
96,66,3,117.03159,125.0
96,67,2,120.81716,125.0
96,68,0,120.717735,125.0
96,69,0,119.3942,125.0
96,70,0,112.51917,125.0
96,71,1,124.833206,125.0
96,72,1,123.315094,125.0
96,73,0,122.98867,125.0
96,74,0,115.89454,125.0
96,75,0,121.48208,125.0
96,76,3,113.94364,125.0
96,77,1,119.053635,125.0
96,78,3,116.78283,125.0
96,79,2,113.50943,125.0
96,80,4,117.64394,125.0
96,81,1,120.263435,125.0
96,82,2,124.877556,125.0
96,83,0,126.2179,125.0
96,84,5,123.19128,125.0
96,85,3,123.16895,125.0
96,86,3,121.87941,125.0
96,87,5,125.02051,125.0
96,88,3,121.20264,125.0
96,89,5,110.2727,125.0
96,90,0,93.365944,125.0
96,91,0,94.38738,125.0
96,92,2,124.75979,125.0
96,93,2,127.5617,125.0
96,94,0,121.07932,125.0
96,95,2,119.073784,125.0
96,96,4,117.50501,125.0
96,97,3,122.5834,125.0
96,98,0,121.85681,125.0
96,99,5,127.64331,125.0
96,100,3,123.38934,125.0
96,101,0,132.19946,125.0
96,102,4,123.32911,125.0
96,103,1,129.7081,125.0
96,104,1,122.07895,125.0
96,105,0,125.49425,125.0
96,106,5,123.67941,125.0
96,107,1,125.87328,125.0
96,108,1,120.284195,125.0
96,109,2,125.916985,125.0
96,110,5,119.3317,125.0
96,111,5,127.13249,125.0
96,112,3,128.84305,125.0
96,113,1,124.41104,125.0
96,114,2,123.770164,125.0
96,115,1,121.712814,125.0
96,116,4,112.78496,125.0
96,117,2,110.92462,125.0
96,118,2,117.06944,125.0
96,119,2,111.4089,125.0
96,120,0,124.61442,125.0
96,121,5,127.44317,125.0
96,122,2,122.53565,125.0
96,123,2,126.53298,125.0
96,124,2,123.31132,125.0
96,125,5,127.531654,125.0
96,126,5,126.3175,125.0
96,127,5,127.143135,125.0
96,128,1,125.73179,125.0
96,129,0,122.94159,125.0
96,130,5,126.04008,125.0
96,131,4,123.82876,125.0
96,132,1,123.74891,125.0
96,133,2,129.89981,125.0
96,134,1,123.47062,125.0
96,135,0,120.97513,125.0
96,136,2,125.27827,125.0
96,137,0,127.52989,125.0
96,138,3,126.15117,125.0
96,139,2,128.74263,125.0
96,140,1,122.04537,125.0
96,141,1,124.204475,125.0
96,142,0,125.12199,125.0
96,143,4,123.47406,125.0
96,144,1,118.55817,125.0
96,145,5,122.68781,125.0
96,146,2,119.71499,125.0
96,147,4,118.813576,125.0
96,148,4,123.27568,125.0
96,149,4,125.40025,125.0
96,150,5,125.46583,125.0
96,151,4,128.39027,125.0
96,152,0,125.82723,125.0
96,153,3,125.74476,125.0
96,154,4,127.65455,125.0
96,155,3,125.70527,125.0
96,156,2,123.700554,125.0
96,157,5,126.41656,125.0
96,158,1,126.69472,125.0
96,159,0,124.70524,125.0
96,160,0,122.95477,125.0
96,161,5,119.65335,125.0
96,162,1,124.71374,125.0
96,163,3,123.28543,125.0
96,164,4,123.64362,125.0
96,165,4,126.88134,125.0
96,166,2,117.60102,125.0
96,167,5,122.322105,125.0
96,168,4,122.23373,125.0
96,169,4,123.91399,125.0
96,170,2,118.027336,125.0
96,171,0,120.01142,125.0
96,172,1,114.6815,125.0
96,173,3,119.078926,125.0
96,174,0,115.56513,125.0
96,175,2,125.02592,125.0
96,176,5,122.65544,125.0
96,177,1,121.60481,125.0
96,178,1,120.92939,125.0
96,179,5,127.30396,125.0
96,180,1,130.32437,125.0
96,181,4,131.31915,125.0
96,182,1,125.64096,125.0
96,183,1,125.77429,125.0
96,184,3,123.77705,125.0
96,185,3,122.35914,125.0
96,186,4,126.91967,125.0
96,187,2,127.07205,125.0
96,188,3,124.307816,125.0
96,189,2,112.86837,125.0
96,190,0,129.06271,125.0
96,191,3,110.163025,125.0
96,192,4,104.95689,125.0
96,193,0,103.65557,125.0
96,194,3,102.544075,125.0
96,195,1,102.74796,125.0
96,196,3,122.209465,125.0
96,197,3,107.71853,125.0
96,198,2,118.1981,125.0
96,199,1,107.61828,125.0
96,200,4,120.22523,125.0
96,201,2,124.346504,125.0
96,202,1,116.452736,125.0
96,203,3,117.65476,125.0
96,204,5,116.29366,125.0
96,205,4,120.75005,125.0
96,206,0,117.63419,125.0
96,207,2,119.446175,125.0
96,208,2,117.1913,125.0
96,209,4,109.50718,125.0
96,210,2,106.69841,125.0
96,211,5,118.1179,125.0
96,212,5,103.634544,125.0
96,213,2,94.84702,125.0
96,214,5,91.592384,125.0
96,215,0,86.456474,125.0
96,216,1,95.6225,125.0
96,217,3,115.99916,125.0
96,218,1,117.72571,125.0
96,219,3,118.48138,125.0
96,220,5,117.624756,125.0
96,221,2,119.53215,125.0
96,222,4,113.16347,125.0
96,223,0,121.43312,125.0
96,224,2,126.8038,125.0
96,225,4,122.25594,125.0
96,226,5,125.23768,125.0
96,227,4,124.60544,125.0
96,228,5,122.33267,125.0
96,229,3,127.65368,125.0
96,230,1,122.457504,125.0
96,231,2,121.00079,125.0
96,232,5,127.59692,125.0
96,233,2,128.22073,125.0
96,234,1,119.27926,125.0
96,235,5,128.83028,125.0
96,236,4,131.41426,125.0
96,237,0,120.92385,125.0
96,238,2,129.33218,125.0
96,239,4,124.485634,125.0
96,240,5,122.94416,125.0
96,241,0,126.089134,125.0
96,242,5,131.38809,125.0
96,243,1,129.9232,125.0
96,244,0,131.51714,125.0
96,245,5,131.4697,125.0
96,246,1,126.748695,125.0
96,247,2,128.27184,125.0
96,248,3,123.0626,125.0
96,249,0,121.962845,125.0
96,250,1,120.625565,125.0
96,251,0,123.833694,125.0
96,252,2,121.24424,125.0
96,253,4,124.9734,125.0
96,254,2,118.22652,125.0
96,255,0,120.28663,125.0
96,256,1,120.51263,125.0
96,257,2,125.23774,125.0
96,258,3,121.96251,125.0
96,259,5,129.69772,125.0
96,260,4,121.59723,125.0
96,261,0,118.417534,125.0
96,262,1,123.88268,125.0
96,263,1,119.015945,125.0
96,264,2,117.80887,125.0
96,265,0,109.97849,125.0
96,266,4,116.97374,125.0
96,267,1,118.93089,125.0
96,268,3,109.39224,125.0
96,269,0,109.41097,125.0
96,270,5,91.6007,125.0
96,271,5,130.31737,125.0
96,272,5,126.56052,125.0
96,273,2,125.32189,125.0
96,274,5,130.24129,125.0
96,275,3,120.17826,125.0
96,276,5,120.47228,125.0
96,277,2,117.337654,125.0
96,278,3,118.68951,125.0
96,279,3,110.60133,125.0
96,280,4,116.130554,125.0
96,281,4,122.33924,125.0
96,282,5,122.725,125.0
96,283,0,119.248184,125.0
96,284,2,123.814514,125.0
96,285,3,123.22529,125.0
96,286,5,117.27668,125.0
96,287,2,116.56042,125.0
96,288,3,123.15981,125.0
96,289,3,104.83703,125.0
96,290,1,109.97653,125.0
96,291,2,122.51835,125.0
96,292,1,120.044426,125.0
96,293,0,106.61567,125.0
96,294,4,112.22529,125.0
96,295,2,117.55331,125.0
96,296,0,119.138084,125.0
96,297,0,124.558464,125.0
96,298,3,118.523094,125.0
96,299,5,124.84501,125.0
96,300,0,121.228714,125.0
96,301,0,122.83025,125.0
96,302,4,122.105965,125.0
96,303,0,128.48158,125.0
96,304,5,126.01206,125.0
96,305,3,124.4554,125.0
96,306,1,125.92374,125.0
96,307,5,118.69349,125.0
96,308,2,120.49208,125.0
96,309,4,116.57414,125.0
96,310,4,122.145546,125.0
96,311,2,126.12368,125.0
96,312,2,113.6437,125.0
96,313,5,77.21765,125.0
96,314,0,88.15946,125.0
96,315,1,91.10695,125.0
96,316,5,82.43311,125.0
96,317,1,88.84052,125.0
96,318,5,106.83791,125.0
96,319,3,94.48115,125.0
96,320,1,92.590164,125.0
96,321,1,120.15944,125.0
96,322,3,117.17396,125.0
96,323,2,101.11849,125.0
96,324,0,112.28358,125.0
96,325,1,124.932,125.0
96,326,4,103.08311,125.0
96,327,2,118.39656,125.0
96,328,3,119.295265,125.0
96,329,0,115.21939,125.0
96,330,3,112.90487,125.0
96,331,5,118.77246,125.0
96,332,3,122.69696,125.0
96,333,1,117.57491,125.0
96,334,3,121.41518,125.0
96,335,2,116.728325,125.0
96,336,2,112.74567,125.0
96,337,0,112.63213,125.0
96,338,0,98.853264,125.0
96,339,4,99.71345,125.0
96,340,3,90.31268,125.0
96,341,0,100.111374,125.0
96,342,2,97.17339,125.0
96,343,4,73.28351,125.0
96,344,0,94.31997,125.0
96,345,2,100.72677,125.0
96,346,3,104.39294,125.0
96,347,3,99.858315,124.0
96,348,4,97.13462,123.0
96,349,5,97.315285,122.0
96,350,4,100.47896,121.0
96,351,2,88.0685,120.0
96,352,5,93.564384,119.0
96,353,0,101.18871,118.0
96,354,4,93.22446,117.0
96,355,1,93.18976,116.0
96,356,0,95.27526,115.0
96,357,1,108.76722,114.0
96,358,5,106.83281,113.0
97,36,2,118.94097,125.0
97,37,2,122.37623,125.0
97,38,2,125.468925,125.0
97,39,0,121.54891,125.0
97,40,4,121.03212,125.0
97,41,4,122.01278,125.0
97,42,1,119.007454,125.0
97,43,0,124.20044,125.0
97,44,0,121.892746,125.0
97,45,4,109.07448,125.0
97,46,3,103.29568,125.0
97,47,3,116.550186,125.0
97,48,2,111.97805,125.0
97,49,1,111.17098,125.0
97,50,0,100.59521,125.0
97,51,4,117.289955,125.0
97,52,2,113.70266,125.0
97,53,5,115.609535,125.0
97,54,0,105.52655,125.0
97,55,0,107.452965,125.0
97,56,0,96.56063,125.0
97,57,5,108.2688,125.0
97,58,1,112.44477,125.0
97,59,1,94.03338,125.0
97,60,2,127.500755,125.0
97,61,0,119.65337,125.0
97,62,4,110.766525,125.0
97,63,4,95.93076,125.0
97,64,1,112.90618,125.0
97,65,1,110.82252,125.0
97,66,1,121.30193,125.0
97,67,2,120.77274,125.0
97,68,0,122.45901,125.0
97,69,3,120.506645,125.0
97,70,4,121.1596,125.0
97,71,3,122.047676,125.0
97,72,1,117.257286,125.0
97,73,5,125.121864,125.0
97,74,3,122.63639,125.0
97,75,4,123.42785,125.0
97,76,2,122.854004,125.0
97,77,2,122.881355,125.0
97,78,5,121.605736,125.0
97,79,0,121.51435,125.0
97,80,4,121.06327,125.0
97,81,4,121.00732,125.0
97,82,3,121.6763,125.0
97,83,2,122.637115,125.0
97,84,1,123.95607,125.0
97,85,0,125.442116,125.0
97,86,5,125.894875,125.0
97,87,5,123.55181,125.0
97,88,2,129.65671,125.0
97,89,0,125.62214,125.0
97,90,0,125.734406,125.0
97,91,2,124.982475,125.0
97,92,3,127.0366,125.0
97,93,0,117.90731,125.0
97,94,5,122.682816,124.0
97,95,0,110.621346,123.0
98,36,1,120.59051,125.0
98,37,5,127.205284,125.0
98,38,4,127.42137,125.0
98,39,5,116.4255,125.0
98,40,3,111.1465,125.0
98,41,0,124.47056,125.0
98,42,2,128.12923,125.0
98,43,0,119.56951,125.0
98,44,3,125.62778,125.0
98,45,0,110.031654,125.0
98,46,5,122.86891,125.0
98,47,3,116.37173,125.0
98,48,1,110.86272,125.0
98,49,0,118.32615,125.0
98,50,5,119.75491,125.0
98,51,2,121.58848,125.0
98,52,5,121.04664,125.0
98,53,3,116.10374,125.0
98,54,0,124.36405,125.0
98,55,4,125.98839,125.0
98,56,2,123.6989,125.0
98,57,3,127.40271,125.0
98,58,1,121.276726,125.0
98,59,5,121.50215,125.0
98,60,4,123.7709,125.0
98,61,2,122.124,125.0
98,62,1,125.32039,125.0
98,63,0,113.246544,125.0
98,64,4,119.125084,125.0
98,65,3,116.271645,125.0
98,66,3,109.34234,125.0
98,67,5,103.3728,125.0
98,68,0,114.254486,125.0
98,69,1,101.60009,125.0
98,70,0,90.78416,125.0
98,71,2,105.80296,125.0
98,72,1,103.51134,125.0
98,73,3,114.68835,125.0
98,74,0,110.98222,125.0
98,75,2,123.70027,124.0
98,76,0,119.58828,123.0
98,77,3,124.674355,122.0
98,78,1,125.892555,121.0
98,79,0,120.014,120.0
98,80,1,122.35314,119.0
98,81,4,122.00053,118.0
98,82,0,119.797386,117.0
98,83,0,123.63866,116.0
98,84,0,126.05485,115.0
98,85,4,124.46068,114.0
98,86,3,123.41832,113.0
98,87,1,122.07299,112.0
98,88,2,124.529625,111.0
98,89,3,118.875114,110.0
98,90,4,121.860725,109.0
98,91,3,122.30759,108.0
98,92,3,119.34556,107.0
98,93,2,112.809105,106.0
98,94,3,117.79007,105.0
98,95,1,118.92748,104.0
98,96,3,88.21253,103.0
98,97,5,93.02507,102.0
98,98,4,113.78627,101.0
98,99,1,90.8068,100.0
98,100,0,100.73922,99.0
98,101,2,107.98042,98.0
98,102,4,109.533844,97.0
98,103,2,94.80341,96.0
98,104,3,94.866646,95.0
98,105,1,84.576,94.0
98,106,1,111.42538,93.0
98,107,3,118.36477,92.0
98,108,1,117.32409,91.0
98,109,0,111.84443,90.0
98,110,4,115.21053,89.0
98,111,2,107.481186,88.0
98,112,2,103.01067,87.0
98,113,2,106.02751,86.0
98,114,4,107.84232,85.0
98,115,4,94.79206,84.0
98,116,4,108.353226,83.0
98,117,5,87.86795,82.0
98,118,0,82.191956,81.0
98,119,4,75.92263,80.0
98,120,5,89.58639,79.0
98,121,1,88.34403,78.0
98,122,4,82.50143,77.0
98,123,0,86.99781,76.0
98,124,4,85.00101,75.0
98,125,5,86.34188,74.0
98,126,4,67.596245,73.0
98,127,2,78.74067,72.0
98,128,5,86.18749,71.0
98,129,5,70.352196,70.0
98,130,2,80.284355,69.0
98,131,1,83.067314,68.0
98,132,0,78.491264,67.0
98,133,3,92.4936,66.0
98,134,1,92.2223,65.0
98,135,3,90.52404,64.0
98,136,2,94.51635,63.0
98,137,1,81.245186,62.0
98,138,2,92.83915,61.0
98,139,5,91.03068,60.0
98,140,4,93.42437,59.0
98,141,2,83.762215,58.0
98,142,3,87.05891,57.0
98,143,2,91.280876,56.0
98,144,0,91.14968,55.0
98,145,3,87.03247,54.0
98,146,5,91.20968,53.0
98,147,0,72.98315,52.0
98,148,2,46.22795,51.0
98,149,2,53.608192,50.0
98,150,0,68.09327,49.0
98,151,4,39.483772,48.0
98,152,4,45.673233,47.0
98,153,3,37.928394,46.0
98,154,1,37.213043,45.0
98,155,0,33.539173,44.0
98,156,1,39.528297,43.0
98,157,3,40.513958,42.0
98,158,0,38.302723,41.0
98,159,1,47.208794,40.0
98,160,3,46.837128,39.0
98,161,1,35.9245,38.0
98,162,1,29.670744,37.0
98,163,0,26.950787,36.0
98,164,4,31.579002,35.0
98,165,5,34.132812,34.0
98,166,5,36.29825,33.0
98,167,0,38.00641,32.0
98,168,3,32.81584,31.0
98,169,5,26.809328,30.0
98,170,4,37.565186,29.0
98,171,4,30.612583,28.0
98,172,5,36.641914,27.0
98,173,2,27.420046,26.0
98,174,2,29.159515,25.0
98,175,2,30.41941,24.0
98,176,2,28.613897,23.0
98,177,4,22.437494,22.0
98,178,5,29.946163,21.0
98,179,1,23.767525,20.0
98,180,1,23.04377,19.0
98,181,1,22.794506,18.0
98,182,2,19.992168,17.0
99,36,1,125.656685,125.0
99,37,0,119.314125,125.0
99,38,0,116.56211,125.0
99,39,0,113.32911,125.0
99,40,1,121.25916,125.0
99,41,2,105.25262,125.0
99,42,4,119.96629,125.0
99,43,5,117.092094,125.0
99,44,1,125.28592,125.0
99,45,2,123.70901,125.0
99,46,5,125.65506,125.0
99,47,3,127.28627,125.0
99,48,1,123.914085,125.0
99,49,4,117.61034,125.0
99,50,2,118.81455,125.0
99,51,1,121.339355,125.0
99,52,3,116.81498,125.0
99,53,3,116.21476,125.0
99,54,2,119.48562,125.0
99,55,1,120.089165,125.0
99,56,0,125.518265,125.0
99,57,4,119.62386,125.0
99,58,1,120.78502,125.0
99,59,4,106.607735,125.0
99,60,1,90.37326,125.0
99,61,2,97.24259,125.0
99,62,1,101.09584,125.0
99,63,0,116.83091,125.0
99,64,3,117.37473,125.0
99,65,1,105.21076,125.0
99,66,0,108.70014,125.0
99,67,0,118.06136,125.0
99,68,3,124.15358,125.0
99,69,2,119.12502,125.0
99,70,0,118.53591,125.0
99,71,2,125.55233,125.0
99,72,0,124.671486,125.0
99,73,5,123.69322,125.0
99,74,2,123.90865,125.0
99,75,0,122.67346,125.0
99,76,0,123.88223,125.0
99,77,2,126.06742,125.0
99,78,5,126.550095,125.0
99,79,1,120.90559,125.0
99,80,5,108.54157,125.0
99,81,1,118.48258,125.0
99,82,4,100.3767,125.0
99,83,0,117.75846,125.0
99,84,5,114.51257,125.0
99,85,5,106.12978,125.0
99,86,4,91.81617,125.0
99,87,0,92.98119,125.0
99,88,4,91.01333,125.0
99,89,5,75.8072,125.0
99,90,3,85.37629,125.0
99,91,1,99.12821,125.0
99,92,3,112.478516,125.0
99,93,4,103.909645,125.0
99,94,4,99.503914,125.0
99,95,2,124.76502,125.0
99,96,1,117.772964,125.0
99,97,0,112.16449,125.0
99,98,3,115.778076,125.0
99,99,3,122.84759,125.0
99,100,2,126.32136,125.0
99,101,1,112.30935,125.0
99,102,2,120.39524,125.0
99,103,3,116.792564,125.0
99,104,2,119.06792,125.0
99,105,1,117.90562,125.0
99,106,2,117.396614,125.0
99,107,4,109.306435,125.0
99,108,1,109.33927,125.0
99,109,5,116.35438,125.0
99,110,2,112.12566,125.0
99,111,0,106.44082,125.0
99,112,1,114.388756,125.0
99,113,1,129.00085,125.0
99,114,1,114.160515,125.0
99,115,2,86.240685,125.0
99,116,1,124.1374,125.0
99,117,0,99.79059,125.0
99,118,4,116.59913,125.0
99,119,0,123.75014,125.0
99,120,3,121.0424,125.0
99,121,1,122.5798,125.0
99,122,1,121.14419,125.0
99,123,3,115.97823,125.0
99,124,4,116.09516,125.0
99,125,1,122.71636,125.0
99,126,5,105.25404,125.0
99,127,0,106.85769,125.0
99,128,3,106.31541,125.0
99,129,5,97.01092,125.0
99,130,3,103.487915,125.0
99,131,1,94.56451,125.0
99,132,0,95.03506,125.0
99,133,2,103.47018,125.0
99,134,0,94.22724,125.0
99,135,5,85.228546,125.0
99,136,5,87.92415,125.0
99,137,3,93.00398,125.0
99,138,5,81.799614,125.0
99,139,0,87.178055,125.0
99,140,5,92.59063,125.0
99,141,2,114.56556,125.0
99,142,1,105.965065,125.0
99,143,4,119.67698,125.0
99,144,2,118.87919,125.0
99,145,2,120.051765,125.0
99,146,1,119.070625,125.0
99,147,2,101.90314,125.0
99,148,4,114.97538,125.0
99,149,1,118.7385,125.0
99,150,5,127.07584,125.0
99,151,0,123.09196,125.0
99,152,4,117.37507,125.0
99,153,5,121.410835,125.0
99,154,0,110.73255,125.0
99,155,4,105.532486,125.0
99,156,5,108.187355,125.0
99,157,0,122.93184,125.0
99,158,5,112.59669,125.0
99,159,1,115.27985,125.0
99,160,2,116.58034,125.0
99,161,2,112.16459,125.0
99,162,1,117.528435,125.0
99,163,4,117.0397,125.0
99,164,2,115.78091,125.0
99,165,0,118.610344,125.0
99,166,2,116.301216,125.0
99,167,2,119.04603,125.0
99,168,2,109.28083,125.0
99,169,1,112.071175,125.0
99,170,1,107.31404,125.0
99,171,1,123.76634,125.0
99,172,2,115.53983,125.0
99,173,0,99.286125,124.0
99,174,1,106.65185,123.0
99,175,2,116.190796,122.0
99,176,1,107.048836,121.0
99,177,1,101.0865,120.0
99,178,2,116.34147,119.0
99,179,5,118.30575,118.0
99,180,5,106.82879,117.0
99,181,3,116.13383,116.0
99,182,2,119.29376,115.0
99,183,4,117.85213,114.0
99,184,4,105.540306,113.0
99,185,0,112.46993,112.0
99,186,4,115.83126,111.0
99,187,2,113.742744,110.0
99,188,0,106.50185,109.0
99,189,0,104.00349,108.0
99,190,4,90.48143,107.0
99,191,1,86.521935,106.0
99,192,0,85.85995,105.0
99,193,3,101.14362,104.0
99,194,0,76.7998,103.0
99,195,2,85.00491,102.0
99,196,2,88.31875,101.0
99,197,1,92.326614,100.0
99,198,0,78.32171,99.0
99,199,1,102.79615,98.0
99,200,1,80.77068,97.0
99,201,3,103.30486,96.0
99,202,3,96.10536,95.0
99,203,2,50.434555,94.0
99,204,3,72.68324,93.0
99,205,2,102.88,92.0
99,206,1,91.201256,91.0
99,207,4,91.470436,90.0
99,208,4,87.06374,89.0
99,209,1,85.36343,88.0
99,210,1,85.02206,87.0
99,211,4,88.430626,86.0
99,212,1,83.90844,85.0
99,213,0,78.19979,84.0
99,214,1,76.604774,83.0
99,215,1,69.54746,82.0
99,216,3,76.94587,81.0
99,217,1,76.51087,80.0
99,218,0,77.20098,79.0
99,219,4,84.295876,78.0
99,220,4,81.42018,77.0
99,221,4,83.85041,76.0
99,222,2,79.958694,75.0
99,223,5,72.24789,74.0
99,224,3,86.26431,73.0
99,225,5,68.93278,72.0
99,226,2,76.74384,71.0
99,227,4,64.153465,70.0
99,228,2,72.24996,69.0
99,229,3,60.855423,68.0
99,230,4,58.923447,67.0
99,231,2,55.495583,66.0
99,232,2,60.798477,65.0
99,233,4,63.434563,64.0
99,234,1,61.143967,63.0
99,235,1,56.6163,62.0
99,236,1,62.731586,61.0
99,237,2,61.0664,60.0
99,238,0,55.730038,59.0
99,239,3,52.785202,58.0
99,240,2,53.80381,57.0
99,241,1,52.1127,56.0
99,242,0,51.406414,55.0
99,243,1,46.66517,54.0
99,244,4,40.413162,53.0
99,245,4,41.658302,52.0
99,246,1,41.058136,51.0
99,247,1,44.048836,50.0
99,248,4,42.533085,49.0
99,249,4,34.530533,48.0
99,250,1,43.669323,47.0
99,251,4,39.903076,46.0
99,252,2,34.500122,45.0
99,253,4,34.877068,44.0
99,254,3,29.075489,43.0
99,255,5,33.678604,42.0
99,256,2,35.767372,41.0
99,257,4,31.54258,40.0
99,258,5,30.328926,39.0
99,259,3,33.321407,38.0
99,260,1,27.601078,37.0
99,261,4,21.284399,36.0
99,262,4,27.57127,35.0
99,263,3,25.320375,34.0
99,264,4,21.068447,33.0
99,265,0,20.012684,32.0
99,266,2,17.604702,31.0
99,267,4,14.707609,30.0
99,268,4,13.700502,29.0
99,269,4,13.188947,28.0
99,270,2,10.67022,27.0
99,271,5,14.404928,26.0
99,272,0,17.500473,25.0
99,273,4,11.049708,24.0
99,274,0,16.43105,23.0
99,275,2,21.535843,22.0
99,276,5,26.81276,21.0
99,277,4,18.392763,20.0
99,278,0,16.502766,19.0
99,279,1,23.066359,18.0
99,280,0,18.212263,17.0
99,281,0,13.2139635,16.0
99,282,2,19.027016,15.0
99,283,5,10.4482975,14.0
99,284,4,11.82551,13.0
99,285,1,14.837923,12.0
99,286,1,9.120099,11.0
99,287,2,8.428332,10.0
99,288,0,7.697186,9.0
99,289,1,9.439181,8.0
100,36,0,125.80601,125.0
100,37,0,120.951515,125.0
100,38,2,123.300316,125.0
100,39,0,124.88571,125.0
100,40,0,119.89796,125.0
100,41,3,129.022,125.0
100,42,5,126.66358,125.0
100,43,2,130.28134,125.0
100,44,0,135.29163,125.0
100,45,5,133.22926,125.0
100,46,1,126.55087,125.0
100,47,3,133.19043,125.0
100,48,1,130.31528,125.0
100,49,4,129.15662,125.0
100,50,1,132.36526,125.0
100,51,3,119.10094,125.0
100,52,2,108.73278,125.0
100,53,0,104.30278,125.0
100,54,0,64.15448,125.0
100,55,0,90.49025,125.0
100,56,5,120.89973,125.0
100,57,5,128.0834,125.0
100,58,1,132.78146,125.0
100,59,2,131.82268,125.0
100,60,5,127.73138,125.0
100,61,0,129.2162,125.0
100,62,4,134.79373,125.0
100,63,5,129.6536,125.0
100,64,2,124.051704,125.0
100,65,4,120.473015,125.0
100,66,1,123.003426,125.0
100,67,4,124.70503,125.0
100,68,1,119.3462,125.0
100,69,5,111.7524,125.0
100,70,0,122.433525,125.0
100,71,2,119.68527,125.0
100,72,0,99.48776,125.0
100,73,5,82.756996,125.0
100,74,3,89.207924,125.0
100,75,4,86.45399,125.0
100,76,4,89.773766,125.0
100,77,0,121.49036,125.0
100,78,5,127.26055,125.0
100,79,0,109.77947,125.0
100,80,4,122.626854,125.0
100,81,3,129.23993,125.0
100,82,4,126.74309,125.0
100,83,3,120.96781,125.0
100,84,3,124.16096,125.0
100,85,3,122.51171,125.0
100,86,1,131.46335,125.0
100,87,1,112.25759,125.0
100,88,2,107.79931,125.0
100,89,5,102.13732,125.0
100,90,1,58.09797,125.0
100,91,4,107.30001,125.0
100,92,1,117.244415,125.0
100,93,0,107.55195,125.0
100,94,5,83.7859,125.0
100,95,0,106.45774,125.0
100,96,2,122.13205,125.0
100,97,0,91.08353,125.0
100,98,3,112.47228,125.0
100,99,3,125.74233,125.0
100,100,0,124.49746,125.0
100,101,3,130.54596,125.0
100,102,5,123.91477,125.0
100,103,3,123.78388,125.0
100,104,4,117.22314,125.0
100,105,1,113.84467,125.0
100,106,2,120.10921,125.0
100,107,1,120.529366,125.0
100,108,1,118.40695,125.0
100,109,5,108.72354,125.0
100,110,3,121.270195,125.0
100,111,0,120.93482,125.0
100,112,5,111.75191,125.0
100,113,5,115.15156,125.0
100,114,0,120.62347,125.0
100,115,3,115.57536,125.0
100,116,1,114.292145,125.0
100,117,1,122.08627,125.0
100,118,1,118.61788,125.0
100,119,4,123.55605,125.0
100,120,3,116.86823,125.0
100,121,5,116.19338,125.0
100,122,3,122.560936,125.0
100,123,3,119.40833,125.0
100,124,4,118.72628,125.0
100,125,2,126.38227,125.0
100,126,5,123.80123,125.0
100,127,4,124.85935,125.0
100,128,3,123.49677,125.0
100,129,0,120.63473,125.0
100,130,1,121.64855,125.0
100,131,0,119.458664,125.0
100,132,2,117.05175,125.0
100,133,4,106.193,125.0
100,134,4,107.33227,125.0
100,135,1,105.96758,125.0
100,136,2,119.09604,125.0
100,137,2,102.97356,125.0
100,138,4,100.70698,125.0
100,139,1,116.80553,125.0
100,140,2,99.73315,125.0
100,141,3,99.36321,125.0
100,142,5,98.05914,125.0
100,143,0,111.07302,125.0
100,144,3,109.101456,125.0
100,145,3,106.03687,125.0
100,146,1,118.59555,125.0
100,147,2,108.95913,125.0
100,148,3,109.923744,125.0
100,149,2,117.96232,125.0
100,150,3,115.05221,125.0
100,151,0,94.60604,124.0
100,152,3,75.061806,123.0
100,153,1,108.383644,122.0
100,154,0,98.5375,121.0
100,155,5,115.976585,120.0
100,156,3,105.30379,119.0
100,157,1,108.262375,118.0
100,158,4,113.02923,117.0
100,159,4,100.07277,116.0
100,160,1,109.26161,115.0
100,161,2,107.17948,114.0
100,162,0,110.34758,113.0
100,163,0,98.483955,112.0
100,164,3,115.5715,111.0
100,165,0,99.73263,110.0
100,166,0,111.67173,109.0
100,167,1,109.11061,108.0
100,168,0,89.27433,107.0
100,169,5,115.72588,106.0
100,170,5,114.221504,105.0
100,171,4,101.263275,104.0
100,172,2,107.19372,103.0
100,173,2,84.64167,102.0
100,174,2,96.38497,101.0
100,175,4,84.51976,100.0
100,176,1,91.926476,99.0
100,177,4,92.49807,98.0
100,178,0,88.465355,97.0
100,179,5,66.84281,96.0
100,180,2,70.56779,95.0
100,181,3,82.57828,94.0
100,182,5,101.112434,93.0
100,183,0,98.78735,92.0
100,184,0,88.1455,91.0
100,185,4,80.38112,90.0
100,186,1,86.281,89.0
100,187,1,70.10026,88.0
100,188,3,75.92487,87.0
100,189,2,77.03657,86.0
100,190,0,65.964,85.0
100,191,0,78.56839,84.0
100,192,4,72.286415,83.0
100,193,2,65.284904,82.0
100,194,2,59.23201,81.0
100,195,4,58.23495,80.0
100,196,4,49.44757,79.0
100,197,0,58.540344,78.0
100,198,1,55.479668,77.0
100,199,3,56.14773,76.0
100,200,1,60.32197,75.0
100,201,1,63.612625,74.0
100,202,2,67.331635,73.0
100,203,2,65.34436,72.0
100,204,5,70.96783,71.0
100,205,0,74.775986,70.0
100,206,3,82.05906,69.0
100,207,3,68.98907,68.0
100,208,2,71.733315,67.0
100,209,3,69.09174,66.0
100,210,1,66.99948,65.0
100,211,2,62.919537,64.0
100,212,5,69.08518,63.0
100,213,3,70.29283,62.0
100,214,3,68.02849,61.0
100,215,2,70.46578,60.0
100,216,0,75.12968,59.0
100,217,2,68.86825,58.0
100,218,4,65.53001,57.0
100,219,1,66.81597,56.0
100,220,4,54.3761,55.0
100,221,2,53.77294,54.0
100,222,2,61.749268,53.0
100,223,2,60.42115,52.0
100,224,5,55.31493,51.0
100,225,0,45.87404,50.0
100,226,1,49.874992,49.0
100,227,0,44.264416,48.0
100,228,0,25.614937,47.0
100,229,4,21.982658,46.0
100,230,0,18.928238,45.0
100,231,0,19.948406,44.0
100,232,4,24.670216,43.0
100,233,3,13.487037,42.0
100,234,0,18.624928,41.0
100,235,4,18.334284,40.0
100,236,0,13.381704,39.0
100,237,1,20.9283,38.0
100,238,3,24.373642,37.0
100,239,3,14.728503,36.0
100,240,5,17.474974,35.0
100,241,0,10.380453,34.0
100,242,5,8.99775,33.0
100,243,0,7.4095054,32.0
100,244,4,8.238536,31.0
100,245,4,8.056001,30.0
100,246,2,14.655179,29.0
100,247,1,16.335506,28.0
