unit_number,cycle,operating_regime,predicted_rul,actual_rul
2,36,1,114.27656,111.0
2,37,0,102.7617,110.0
2,38,2,108.35664,109.0
2,39,5,97.26423,108.0
2,40,3,110.75927,107.0
2,41,0,116.349174,106.0
2,42,2,114.29731,105.0
2,43,0,118.4667,104.0
2,44,1,121.442,103.0
2,45,1,113.449875,102.0
2,46,4,121.74093,101.0
2,47,2,123.93539,100.0
2,48,0,120.69958,99.0
2,49,4,129.21326,98.0
3,36,2,100.12817,125.0
3,37,4,122.63434,125.0
3,38,3,113.390274,125.0
3,39,4,110.792625,125.0
3,40,2,109.15902,125.0
3,41,2,103.83874,125.0
3,42,2,101.16603,125.0
3,43,3,109.309105,125.0
3,44,1,119.3722,125.0
3,45,4,115.86701,125.0
3,46,0,108.91631,125.0
3,47,4,114.27184,125.0
3,48,0,127.46444,125.0
3,49,4,117.49198,125.0
3,50,1,114.90187,125.0
3,51,3,128.78061,125.0
3,52,4,117.91801,125.0
3,53,2,124.554596,125.0
3,54,5,125.23153,125.0
3,55,1,124.95206,125.0
3,56,2,119.71642,125.0
3,57,1,115.09359,125.0
3,58,0,114.4732,125.0
3,59,0,116.05404,125.0
3,60,5,121.58453,125.0
3,61,5,111.210594,125.0
3,62,5,109.86651,125.0
3,63,0,116.95023,125.0
3,64,2,113.34315,125.0
3,65,0,110.33546,125.0
3,66,3,124.105156,125.0
3,67,1,130.60907,125.0
3,68,2,115.069145,125.0
3,69,2,121.95201,125.0
3,70,3,112.93345,125.0
3,71,4,109.02592,124.0
3,72,4,113.7977,123.0
3,73,2,125.10108,122.0
3,74,4,127.36911,121.0
3,75,5,123.22401,120.0
3,76,4,116.41484,119.0
3,77,1,131.34964,118.0
3,78,1,138.31042,117.0
3,79,4,130.06505,116.0
3,80,3,121.00931,115.0
3,81,0,114.1282,114.0
3,82,4,122.9671,113.0
3,83,2,123.33669,112.0
3,84,3,124.64142,111.0
3,85,5,121.9901,110.0
3,86,2,128.84265,109.0
3,87,0,116.208916,108.0
3,88,4,114.03576,107.0
3,89,0,121.48613,106.0
3,90,0,118.17165,105.0
3,91,3,126.10565,104.0
3,92,2,125.31705,103.0
3,93,5,126.282875,102.0
3,94,3,122.60334,101.0
3,95,4,111.48861,100.0
3,96,2,112.49559,99.0
3,97,2,117.79384,98.0
3,98,1,109.36098,97.0
3,99,5,106.4141,96.0
3,100,5,102.630974,95.0
3,101,0,93.99633,94.0
3,102,0,94.64307,93.0
3,103,0,110.04056,92.0
3,104,4,102.02304,91.0
3,105,4,107.10412,90.0
3,106,3,109.58782,89.0
3,107,0,111.932304,88.0
3,108,4,112.60891,87.0
3,109,5,109.189354,86.0
3,110,0,114.857185,85.0
3,111,2,104.092026,84.0
3,112,5,99.639656,83.0
3,113,2,100.27204,82.0
3,114,1,107.48934,81.0
3,115,4,101.73252,80.0
3,116,4,97.219826,79.0
3,117,4,95.317085,78.0
3,118,1,101.946846,77.0
3,119,4,92.83616,76.0
3,120,2,91.64344,75.0
3,121,0,93.8057,74.0
3,122,4,81.71531,73.0
3,123,1,82.50306,72.0
3,124,5,78.96403,71.0
3,125,3,61.93253,70.0
3,126,5,73.51596,69.0
4,36,3,119.95464,125.0
4,37,0,126.43486,125.0
4,38,2,123.45925,125.0
4,39,0,129.57504,125.0
4,40,2,129.36546,125.0
4,41,5,124.71061,125.0
4,42,0,116.84997,125.0
4,43,2,119.99423,125.0
4,44,4,106.46943,125.0
4,45,1,116.36001,125.0
4,46,5,112.784996,125.0
4,47,5,113.77119,125.0
4,48,4,110.58899,125.0
4,49,1,112.76766,125.0
4,50,5,119.66915,125.0
4,51,1,106.24626,125.0
4,52,2,109.52041,125.0
4,53,5,121.66993,125.0
4,54,0,122.952484,125.0
4,55,5,115.62582,125.0
4,56,3,121.54511,125.0
4,57,4,119.43656,125.0
4,58,1,114.320595,125.0
4,59,4,105.601974,125.0
4,60,4,111.689095,125.0
4,61,0,127.287796,125.0
4,62,2,125.259,125.0
4,63,4,114.5297,125.0
4,64,2,120.30689,124.0
4,65,1,114.652695,123.0
4,66,5,105.20501,122.0
4,67,2,116.433525,121.0
4,68,0,121.405495,120.0
4,69,4,115.96876,119.0
4,70,2,109.60583,118.0
4,71,5,119.89599,117.0
4,72,2,125.97562,116.0
4,73,1,121.24276,115.0
4,74,4,109.521996,114.0
4,75,5,112.97237,113.0
4,76,2,101.69765,112.0
4,77,3,116.71645,111.0
4,78,4,122.470024,110.0
4,79,0,108.86172,109.0
4,80,1,104.602486,108.0
4,81,2,111.69699,107.0
4,82,0,103.88433,106.0
4,83,0,110.25417,105.0
4,84,1,118.3061,104.0
4,85,0,113.94073,103.0
4,86,2,112.9564,102.0
4,87,5,110.66865,101.0
4,88,5,108.188614,100.0
4,89,4,106.728325,99.0
4,90,0,114.29279,98.0
4,91,5,105.798546,97.0
4,92,1,120.85084,96.0
4,93,2,122.82655,95.0
4,94,5,121.93073,94.0
4,95,5,119.32643,93.0
4,96,3,123.00895,92.0
4,97,2,129.04585,91.0
4,98,0,131.75964,90.0
4,99,3,122.72696,89.0
4,100,5,119.373314,88.0
4,101,5,110.58683,87.0
4,102,2,124.359474,86.0
4,103,3,116.44793,85.0
4,104,2,125.64765,84.0
4,105,2,127.970985,83.0
4,106,5,119.88307,82.0
5,36,2,104.56129,125.0
5,37,4,112.57639,125.0
5,38,0,109.905525,125.0
5,39,2,111.65046,125.0
5,40,0,109.01715,125.0
5,41,2,101.43655,125.0
5,42,1,110.52193,125.0
5,43,2,123.89226,125.0
5,44,2,108.381584,125.0
5,45,4,116.137375,125.0
5,46,4,98.51122,125.0
5,47,0,109.50486,125.0
5,48,0,111.12417,125.0
5,49,4,104.98788,125.0
5,50,4,101.59125,125.0
5,51,0,103.281364,125.0
5,52,3,93.61522,125.0
5,53,0,113.589226,125.0
5,54,0,112.57421,125.0
5,55,5,111.37832,125.0
5,56,2,112.573875,125.0
5,57,2,101.40328,125.0
5,58,0,103.842155,125.0
5,59,4,112.04363,125.0
5,60,4,114.9414,125.0
5,61,2,117.65834,125.0
5,62,0,119.676445,125.0
5,63,2,117.63575,125.0
5,64,4,123.0758,125.0
5,65,5,121.56408,124.0
5,66,0,119.00619,123.0
5,67,1,124.93711,122.0
5,68,2,122.872894,121.0
5,69,4,121.07953,120.0
5,70,4,124.85235,119.0
5,71,2,122.4742,118.0
5,72,1,128.3891,117.0
5,73,1,126.489265,116.0
5,74,0,118.91454,115.0
5,75,4,115.293785,114.0
5,76,4,117.76751,113.0
5,77,5,116.67418,112.0
5,78,2,102.1333,111.0
5,79,4,108.29827,110.0
5,80,3,108.47042,109.0
5,81,0,112.8084,108.0
5,82,0,121.135284,107.0
5,83,3,113.41893,106.0
5,84,0,116.427795,105.0
5,85,4,117.477585,104.0
5,86,2,113.30674,103.0
5,87,5,113.992485,102.0
5,88,4,112.349594,101.0
5,89,2,118.53451,100.0
5,90,2,117.409645,99.0
5,91,0,105.68604,98.0
5,92,0,108.34231,97.0
5,93,4,108.19318,96.0
5,94,0,105.28698,95.0
5,95,3,111.36845,94.0
5,96,4,100.063286,93.0
5,97,1,118.02322,92.0
5,98,2,117.45292,91.0
6,36,2,117.115456,125.0
6,37,3,124.765175,125.0
6,38,4,130.41502,125.0
6,39,0,128.26744,125.0
6,40,0,127.58202,125.0
6,41,3,124.56127,125.0
6,42,3,127.19744,125.0
6,43,2,124.45709,125.0
6,44,5,128.79323,125.0
6,45,3,126.24693,125.0
6,46,5,121.11277,125.0
6,47,4,127.68844,125.0
6,48,0,125.408485,125.0
6,49,2,131.0169,125.0
6,50,1,134.39084,125.0
6,51,3,129.97195,125.0
6,52,5,136.66359,125.0
6,53,1,122.511185,125.0
6,54,3,112.64158,125.0
6,55,4,116.61796,125.0
6,56,1,113.78315,125.0
6,57,4,112.72993,125.0
6,58,4,117.98815,125.0
6,59,4,118.078514,125.0
6,60,2,115.32701,125.0
6,61,5,113.9897,125.0
6,62,5,124.62256,125.0
6,63,0,120.3592,125.0
6,64,1,119.513115,125.0
6,65,2,122.327965,125.0
6,66,2,114.236404,125.0
6,67,0,117.226654,125.0
6,68,1,112.270226,125.0
6,69,5,114.53767,125.0
6,70,0,107.1726,125.0
6,71,2,105.730484,125.0
6,72,4,91.29915,125.0
6,73,1,98.812386,125.0
6,74,3,108.21303,124.0
6,75,2,113.37562,123.0
6,76,5,122.22866,122.0
6,77,3,118.311295,121.0
6,78,2,125.79925,120.0
6,79,3,122.69503,119.0
6,80,5,117.37205,118.0
6,81,3,122.20055,117.0
6,82,1,119.78968,116.0
6,83,4,126.21342,115.0
6,84,5,124.50129,114.0
6,85,5,126.8459,113.0
6,86,2,119.96352,112.0
6,87,1,118.95545,111.0
6,88,4,121.63365,110.0
6,89,5,116.95252,109.0
6,90,5,128.31876,108.0
6,91,0,128.59268,107.0
6,92,2,133.81693,106.0
6,93,3,126.55599,105.0
6,94,3,121.13444,104.0
6,95,5,122.53171,103.0
6,96,4,127.57694,102.0
6,97,4,123.2996,101.0
6,98,1,129.0235,100.0
6,99,3,124.524925,99.0
6,100,4,115.35932,98.0
6,101,4,100.93917,97.0
6,102,3,102.68853,96.0
6,103,3,81.1957,95.0
6,104,0,94.64203,94.0
6,105,4,107.43164,93.0
7,36,0,117.77445,125.0
7,37,1,119.75441,125.0
7,38,2,121.6792,125.0
7,39,4,131.54019,125.0
7,40,4,134.86566,125.0
7,41,1,127.0413,125.0
7,42,3,119.58679,125.0
7,43,4,126.20135,125.0
7,44,0,119.202866,125.0
7,45,5,114.69658,125.0
7,46,1,113.94886,125.0
7,47,4,108.014755,125.0
7,48,1,113.68143,125.0
7,49,5,114.895515,125.0
7,50,0,108.95893,125.0
7,51,2,112.99267,125.0
7,52,4,112.90223,125.0
7,53,3,111.46848,125.0
7,54,2,128.48105,125.0
7,55,0,111.4943,125.0
7,56,0,108.93888,125.0
7,57,2,115.33994,125.0
7,58,3,119.24724,125.0
7,59,0,124.41088,125.0
7,60,5,124.24935,125.0
7,61,0,116.80906,125.0
7,62,0,120.24184,125.0
7,63,0,120.26943,125.0
7,64,5,120.17918,125.0
7,65,4,123.32592,125.0
7,66,5,115.72332,125.0
7,67,3,114.27749,125.0
7,68,5,115.51949,125.0
7,69,5,108.217735,125.0
7,70,2,110.25416,125.0
7,71,4,113.62367,125.0
7,72,4,109.11104,125.0
7,73,5,104.60926,125.0
7,74,5,99.10247,125.0
7,75,5,98.736824,125.0
7,76,2,92.73866,125.0
7,77,5,90.82587,125.0
7,78,2,93.96931,125.0
7,79,4,96.45791,125.0
7,80,2,112.03774,125.0
7,81,3,104.17699,125.0
7,82,0,94.71635,125.0
7,83,4,94.14713,125.0
7,84,1,118.58841,125.0
7,85,4,114.28823,125.0
7,86,2,118.73166,125.0
7,87,5,120.694725,125.0
7,88,2,126.23146,125.0
7,89,5,110.52601,125.0
7,90,4,108.67918,125.0
7,91,0,112.18045,125.0
7,92,5,109.62261,125.0
7,93,5,106.668564,125.0
7,94,4,109.80334,125.0
7,95,0,118.38302,125.0
7,96,4,111.09679,125.0
7,97,5,112.89486,125.0
7,98,1,116.39066,125.0
7,99,0,112.21742,125.0
7,100,3,112.30726,125.0
7,101,4,127.261246,125.0
7,102,0,124.25611,125.0
7,103,1,110.59951,125.0
7,104,5,123.3591,125.0
7,105,4,115.00681,125.0
7,106,0,114.52549,125.0
7,107,2,117.32111,125.0
7,108,2,125.52764,125.0
7,109,4,124.40458,125.0
7,110,2,120.507484,125.0
7,111,0,127.295586,125.0
7,112,2,128.1892,125.0
7,113,5,124.52068,125.0
7,114,3,118.984375,125.0
7,115,4,119.99906,125.0
7,116,2,113.02744,125.0
7,117,4,117.88416,125.0
7,118,5,111.21594,125.0
7,119,4,97.40251,125.0
7,120,2,90.919426,125.0
7,121,2,101.62548,125.0
7,122,5,99.03652,125.0
7,123,1,101.600746,125.0
7,124,4,100.80572,125.0
7,125,4,103.432106,125.0
7,126,4,103.348465,125.0
7,127,3,108.56213,124.0
7,128,2,120.22251,123.0
7,129,5,116.54634,122.0
7,130,2,120.55663,121.0
7,131,0,120.9036,120.0
7,132,5,109.126816,119.0
7,133,5,102.767334,118.0
7,134,0,114.08756,117.0
7,135,4,106.9976,116.0
7,136,4,108.32872,115.0
7,137,5,103.399376,114.0
7,138,2,89.02607,113.0
7,139,2,95.73043,112.0
7,140,0,99.9847,111.0
7,141,4,101.6538,110.0
7,142,0,111.16787,109.0
7,143,4,100.648506,108.0
7,144,3,99.30692,107.0
7,145,0,98.33931,106.0
7,146,2,88.969734,105.0
7,147,2,79.81391,104.0
7,148,5,83.0926,103.0
7,149,5,84.11482,102.0
7,150,5,92.03025,101.0
7,151,2,104.81099,100.0
7,152,5,95.33635,99.0
7,153,2,98.30044,98.0
7,154,1,94.22181,97.0
7,155,2,103.697495,96.0
7,156,1,101.45988,95.0
7,157,2,105.20815,94.0
7,158,3,112.1152,93.0
7,159,4,105.67902,92.0
7,160,4,97.04585,91.0
8,36,4,114.41912,125.0
8,37,0,118.18664,125.0
8,38,2,124.35313,125.0
8,39,2,125.80458,125.0
8,40,1,126.563065,125.0
8,41,0,125.66971,125.0
8,42,2,126.961296,125.0
8,43,5,130.72943,125.0
8,44,4,122.551476,125.0
8,45,4,131.73328,125.0
8,46,0,134.75363,125.0
8,47,0,128.19849,125.0
8,48,2,126.26874,125.0
8,49,2,124.91657,125.0
8,50,5,117.951256,125.0
8,51,4,117.655846,125.0
8,52,5,112.12284,125.0
8,53,3,117.07577,125.0
8,54,3,110.93925,125.0
8,55,2,112.10183,125.0
8,56,0,113.24762,125.0
8,57,2,120.29333,125.0
8,58,2,120.53033,125.0
8,59,1,121.782585,125.0
8,60,4,125.67705,125.0
8,61,5,122.901085,125.0
8,62,2,129.12589,125.0
8,63,0,125.866486,125.0
8,64,3,120.41638,125.0
8,65,0,122.97964,125.0
8,66,4,106.305244,125.0
8,67,0,112.648735,125.0
8,68,4,117.18243,125.0
8,69,4,116.64179,125.0
8,70,3,124.69926,125.0
8,71,4,112.08462,125.0
8,72,4,109.14286,125.0
8,73,2,112.88994,125.0
8,74,1,122.43453,125.0
8,75,1,121.07812,125.0
8,76,0,117.38114,125.0
8,77,4,118.065125,125.0
8,78,4,123.583694,125.0
8,79,1,120.8829,125.0
8,80,0,123.688286,125.0
8,81,3,115.50208,125.0
8,82,4,113.33848,125.0
8,83,1,118.19376,125.0
8,84,1,113.2969,125.0
8,85,1,113.1704,125.0
8,86,5,106.2042,125.0
8,87,4,120.667,125.0
8,88,5,111.91578,125.0
8,89,5,125.65992,125.0
8,90,3,119.48387,125.0
8,91,0,112.35703,125.0
8,92,4,115.25797,125.0
8,93,4,120.309746,125.0
8,94,5,120.89151,125.0
8,95,5,104.46361,125.0
8,96,3,104.08629,125.0
8,97,0,107.14126,125.0
8,98,2,114.01889,125.0
8,99,5,113.52473,125.0
8,100,2,115.637535,125.0
8,101,3,105.65045,125.0
8,102,1,112.60076,125.0
8,103,3,113.7821,125.0
8,104,1,123.14056,125.0
8,105,5,116.78933,125.0
8,106,5,117.30961,125.0
8,107,4,117.59935,125.0
8,108,4,125.14704,125.0
8,109,0,122.816124,125.0
8,110,1,118.78981,125.0
8,111,0,125.65113,125.0
8,112,0,127.39091,125.0
8,113,4,127.38558,125.0
8,114,4,129.19244,125.0
8,115,4,124.788704,125.0
8,116,0,114.35619,125.0
8,117,4,117.45222,125.0
8,118,2,105.26966,125.0
8,119,5,121.80514,125.0
8,120,0,104.36358,125.0
8,121,1,116.801636,125.0
8,122,1,121.002304,125.0
8,123,0,119.603004,125.0
8,124,0,125.73882,125.0
8,125,5,117.86954,125.0
8,126,4,124.43067,125.0
8,127,5,124.60166,125.0
8,128,0,120.0828,125.0
8,129,3,122.31299,125.0
8,130,1,121.671715,125.0
8,131,0,118.67467,125.0
8,132,4,127.0414,125.0
8,133,1,118.67048,125.0
8,134,0,125.651855,125.0
8,135,4,131.20596,125.0
8,136,0,122.14587,125.0
8,137,4,119.771355,124.0
8,138,4,115.67007,123.0
8,139,5,117.010765,122.0
8,140,3,122.7566,121.0
8,141,4,121.65627,120.0
8,142,3,109.25259,119.0
8,143,3,102.787254,118.0
8,144,2,111.10791,117.0
8,145,4,106.35735,116.0
8,146,3,93.47571,115.0
8,147,3,101.981926,114.0
8,148,2,102.90623,113.0
8,149,2,100.64066,112.0
8,150,5,102.38695,111.0
8,151,2,99.41488,110.0
8,152,1,91.79728,109.0
8,153,5,97.5587,108.0
8,154,5,104.57873,107.0
8,155,2,88.992,106.0
8,156,2,103.22573,105.0
8,157,1,97.65931,104.0
8,158,4,87.39217,103.0
8,159,5,90.54093,102.0
8,160,5,98.86373,101.0
8,161,0,88.9947,100.0
8,162,5,91.24055,99.0
8,163,4,91.90326,98.0
8,164,5,99.04266,97.0
8,165,5,88.84405,96.0
8,166,4,83.62151,95.0
9,36,2,119.67777,125.0
9,37,4,113.56995,125.0
9,38,0,111.70527,125.0
9,39,0,116.40771,125.0
9,40,5,120.40838,125.0
9,41,1,127.456795,125.0
9,42,0,122.89009,124.0
9,43,0,118.876595,123.0
9,44,0,111.34843,122.0
9,45,5,103.16917,121.0
9,46,0,113.29152,120.0
9,47,2,110.32525,119.0
9,48,0,110.87687,118.0
9,49,2,113.776985,117.0
9,50,1,120.755745,116.0
9,51,2,109.04099,115.0
9,52,5,110.79475,114.0
9,53,0,114.39395,113.0
9,54,5,117.46211,112.0
9,55,5,102.033485,111.0
10,36,5,128.63287,125.0
10,37,5,123.60551,125.0
10,38,0,131.50536,125.0
10,39,1,129.73024,125.0
10,40,5,122.630684,125.0
10,41,0,116.826195,125.0
10,42,2,113.4056,125.0
10,43,0,114.03855,125.0
10,44,0,111.17344,125.0
10,45,2,109.567055,125.0
10,46,1,102.037186,125.0
10,47,3,114.0163,125.0
10,48,1,114.69857,125.0
10,49,0,116.2895,125.0
10,50,4,107.580894,125.0
10,51,4,101.416534,125.0
10,52,0,99.83167,125.0
10,53,1,96.854256,125.0
10,54,5,110.03349,125.0
10,55,3,123.020355,125.0
10,56,2,121.356255,125.0
10,57,4,119.582085,125.0
10,58,5,120.65749,125.0
10,59,2,115.287605,125.0
10,60,0,117.833824,125.0
10,61,5,118.82276,125.0
10,62,3,114.90632,125.0
10,63,2,117.050545,125.0
10,64,2,122.86671,125.0
10,65,1,127.96905,125.0
10,66,4,131.77402,125.0
10,67,1,130.53847,125.0
10,68,3,121.58384,125.0
10,69,5,112.16982,125.0
10,70,0,122.113884,125.0
10,71,1,116.13981,125.0
10,72,2,128.4805,125.0
10,73,4,123.00376,125.0
10,74,1,118.509544,125.0
10,75,3,123.03844,125.0
10,76,2,129.11775,125.0
10,77,2,128.60199,125.0
10,78,1,127.018265,125.0
10,79,2,127.87115,125.0
10,80,5,128.73349,125.0
10,81,4,124.24334,125.0
10,82,0,117.13743,125.0
10,83,2,122.62523,125.0
10,84,3,127.1001,125.0
10,85,4,128.48175,125.0
10,86,0,126.509766,125.0
10,87,4,125.91878,125.0
10,88,0,124.888,125.0
10,89,4,125.87318,125.0
10,90,0,126.912285,125.0
10,91,5,128.76468,125.0
10,92,3,130.40453,125.0
10,93,5,128.58331,125.0
10,94,3,120.15499,125.0
10,95,1,131.91687,125.0
10,96,3,126.892494,125.0
10,97,1,118.07491,125.0
10,98,0,107.57021,125.0
10,99,4,120.88336,125.0
10,100,0,127.08355,125.0
10,101,0,131.6926,125.0
10,102,4,117.96992,125.0
10,103,4,125.83657,125.0
10,104,3,116.16626,125.0
10,105,5,106.80225,125.0
10,106,0,114.17521,125.0
10,107,2,110.89038,125.0
10,108,3,113.93185,125.0
10,109,1,118.47466,125.0
10,110,4,118.79122,125.0
10,111,4,115.46161,125.0
10,112,0,119.581116,125.0
10,113,5,131.53009,125.0
10,114,5,119.48858,125.0
10,115,0,125.16251,125.0
10,116,0,118.17941,125.0
10,117,1,113.20611,125.0
10,118,4,114.340034,125.0
10,119,3,117.549385,125.0
10,120,2,101.66477,125.0
10,121,1,117.198105,125.0
10,122,2,118.53485,125.0
10,123,4,120.71877,125.0
10,124,0,123.523026,125.0
10,125,4,115.52924,125.0
10,126,3,127.22038,125.0
10,127,2,120.453026,125.0
10,128,1,122.907135,125.0
10,129,4,109.82439,125.0
10,130,1,127.17654,125.0
10,131,0,127.061775,125.0
10,132,2,114.55882,125.0
10,133,0,115.527794,125.0
10,134,2,107.1869,125.0
10,135,0,108.000694,125.0
10,136,1,109.248146,125.0
10,137,4,109.82527,125.0
10,138,4,102.23951,125.0
10,139,5,111.26274,125.0
10,140,5,98.93865,125.0
10,141,2,99.86988,125.0
10,142,2,86.54563,125.0
10,143,5,106.791176,125.0
10,144,3,105.64248,125.0
10,145,0,97.71266,125.0
10,146,2,92.10848,125.0
10,147,1,103.54524,125.0
10,148,0,102.29894,125.0
10,149,2,114.613625,125.0
10,150,2,96.67664,125.0
10,151,0,102.718834,125.0
10,152,5,84.8699,125.0
10,153,0,100.66863,125.0
10,154,1,107.16273,125.0
10,155,2,103.49778,125.0
10,156,5,94.826164,125.0
10,157,2,99.36135,125.0
10,158,5,88.65679,125.0
10,159,2,97.30692,125.0
10,160,0,80.33303,125.0
10,161,1,90.87489,125.0
10,162,1,90.96333,125.0
10,163,2,97.20835,125.0
10,164,4,88.85897,124.0
10,165,4,106.55222,123.0
10,166,1,106.297935,122.0
10,167,1,90.301,121.0
10,168,4,91.7281,120.0
10,169,0,91.19886,119.0
10,170,3,81.27076,118.0
10,171,2,84.01116,117.0
10,172,4,88.92455,116.0
10,173,4,73.76014,115.0
10,174,4,78.17508,114.0
10,175,2,69.20083,113.0
10,176,2,86.255394,112.0
10,177,5,89.2067,111.0
10,178,4,83.857185,110.0
10,179,4,77.515785,109.0
10,180,3,70.67755,108.0
10,181,3,70.879715,107.0
10,182,0,85.13338,106.0
10,183,4,87.054924,105.0
10,184,3,89.7533,104.0
10,185,3,97.91133,103.0
10,186,2,90.08135,102.0
10,187,4,96.426,101.0
10,188,2,104.59995,100.0
10,189,2,91.10467,99.0
10,190,2,104.22604,98.0
10,191,5,111.141365,97.0
10,192,1,105.422714,96.0
11,36,0,130.16031,125.0
11,37,2,117.34904,125.0
11,38,1,117.7547,125.0
11,39,4,121.92161,125.0
11,40,4,109.61259,125.0
11,41,0,103.77921,125.0
11,42,5,116.32816,125.0
11,43,4,119.57681,125.0
11,44,2,123.172325,125.0
11,45,2,127.947586,125.0
11,46,5,119.52889,125.0
11,47,0,124.013435,125.0
11,48,3,120.67916,125.0
11,49,1,124.1665,125.0
11,50,5,128.05829,125.0
11,51,0,132.39566,125.0
11,52,2,127.37473,125.0
11,53,4,126.37367,125.0
11,54,5,123.24239,125.0
11,55,2,124.623436,125.0
11,56,5,128.38339,124.0
11,57,4,131.79517,123.0
11,58,4,128.32828,122.0
11,59,3,128.95496,121.0
11,60,3,116.77842,120.0
11,61,0,110.33965,119.0
11,62,2,113.76719,118.0
11,63,5,104.88891,117.0
11,64,5,96.61046,116.0
11,65,2,98.973724,115.0
11,66,0,95.28983,114.0
11,67,5,106.87194,113.0
11,68,0,112.98324,112.0
11,69,0,98.675766,111.0
11,70,4,94.66036,110.0
11,71,5,107.55851,109.0
11,72,0,117.98942,108.0
11,73,5,107.9428,107.0
11,74,4,121.684845,106.0
11,75,0,113.58529,105.0
11,76,5,119.27938,104.0
11,77,5,122.273964,103.0
11,78,2,117.010025,102.0
11,79,1,120.995514,101.0
11,80,0,105.17816,100.0
11,81,5,104.35255,99.0
11,82,4,112.272415,98.0
11,83,5,103.476814,97.0
12,36,4,110.85539,125.0
12,37,3,113.85493,125.0
12,38,5,112.15215,125.0
12,39,0,109.93548,125.0
12,40,2,105.67722,125.0
12,41,0,115.35415,125.0
12,42,0,124.25892,125.0
12,43,5,118.75153,125.0
12,44,0,122.43311,125.0
12,45,4,120.07443,125.0
12,46,1,120.11576,125.0
12,47,5,107.563484,125.0
12,48,0,106.83126,125.0
12,49,0,101.618416,125.0
12,50,0,102.63097,125.0
12,51,4,115.66815,125.0
12,52,0,119.83682,125.0
12,53,0,124.36101,125.0
12,54,1,123.06673,125.0
12,55,5,126.041756,125.0
12,56,2,126.92189,125.0
12,57,0,127.87173,125.0
12,58,1,125.21807,125.0
12,59,2,116.02861,125.0
12,60,4,125.799,125.0
12,61,1,123.01981,125.0
12,62,1,115.38044,125.0
12,63,2,125.55253,125.0
12,64,3,113.70135,125.0
12,65,0,112.55952,125.0
12,66,2,122.46941,125.0
12,67,4,120.51188,125.0
12,68,5,126.2673,125.0
12,69,0,116.61442,125.0
12,70,2,119.458885,125.0
12,71,3,115.3444,125.0
12,72,2,112.655785,125.0
12,73,1,108.26698,125.0
12,74,5,124.936615,125.0
12,75,0,118.86984,125.0
12,76,0,114.79197,125.0
12,77,4,121.12924,125.0
12,78,3,115.41476,125.0
12,79,3,118.06263,125.0
12,80,0,112.75817,125.0
12,81,0,113.97851,125.0
12,82,2,122.39305,125.0
12,83,3,124.58786,125.0
12,84,4,111.685844,125.0
12,85,2,118.15643,125.0
12,86,3,108.35582,125.0
12,87,0,105.14738,125.0
12,88,4,106.85401,125.0
12,89,4,112.548035,125.0
12,90,0,122.73104,125.0
12,91,5,123.86094,125.0
12,92,2,120.74171,125.0
12,93,0,124.58537,125.0
12,94,5,122.840645,125.0
12,95,3,113.85505,125.0
12,96,0,107.311676,125.0
12,97,5,108.059845,125.0
12,98,2,111.67989,125.0
12,99,1,102.39184,125.0
12,100,0,115.97942,125.0
12,101,0,122.265205,125.0
12,102,5,121.57867,125.0
12,103,0,115.68076,125.0
12,104,2,119.19783,125.0
12,105,1,119.03243,125.0
12,106,0,120.55352,125.0
12,107,2,120.3225,125.0
12,108,5,123.56164,125.0
12,109,1,117.25117,125.0
12,110,1,112.39132,125.0
12,111,5,111.27851,125.0
12,112,4,118.08045,125.0
12,113,5,117.94973,125.0
12,114,2,121.956825,125.0
12,115,2,115.50975,125.0
12,116,2,126.35869,125.0
12,117,0,126.00064,125.0
12,118,2,109.896385,125.0
12,119,3,126.8801,125.0
12,120,2,124.4782,125.0
12,121,1,114.05074,125.0
12,122,0,114.265076,125.0
12,123,0,122.34223,125.0
12,124,5,122.8184,125.0
12,125,0,126.24358,125.0
12,126,2,127.4701,125.0
12,127,1,121.51876,125.0
12,128,4,122.03638,125.0
12,129,4,119.42339,125.0
12,130,5,123.029366,125.0
12,131,2,125.88828,125.0
12,132,2,128.58728,125.0
12,133,4,130.90729,125.0
12,134,5,125.060425,125.0
12,135,4,115.39712,125.0
12,136,5,126.542465,125.0
12,137,2,124.83102,125.0
12,138,2,111.43707,125.0
12,139,2,110.54432,125.0
12,140,0,107.440056,125.0
12,141,3,121.602425,125.0
12,142,0,130.1055,125.0
12,143,2,117.54321,125.0
12,144,4,116.93714,125.0
12,145,4,121.734604,125.0
12,146,2,125.92458,125.0
12,147,5,122.18613,125.0
12,148,4,118.15313,125.0
12,149,2,125.604004,125.0
12,150,0,123.5221,125.0
12,151,3,117.821266,125.0
12,152,5,106.086845,125.0
12,153,5,109.946236,125.0
12,154,2,108.87337,125.0
12,155,0,111.69805,125.0
12,156,0,101.73806,125.0
12,157,2,101.28062,125.0
12,158,3,89.511925,125.0
12,159,0,90.5303,125.0
12,160,5,101.314735,125.0
12,161,1,85.53189,125.0
12,162,2,97.93574,125.0
12,163,4,91.34942,125.0
12,164,3,72.6334,125.0
12,165,1,82.44869,125.0
12,166,5,72.53013,125.0
12,167,5,82.1135,125.0
12,168,2,90.513115,125.0
12,169,4,92.35694,125.0
12,170,0,102.1123,125.0
12,171,2,112.95654,125.0
12,172,5,102.34458,125.0
12,173,5,114.29848,125.0
12,174,0,115.11147,125.0
12,175,5,99.09641,125.0
12,176,4,105.11556,125.0
12,177,2,111.83822,125.0
12,178,0,106.72642,125.0
12,179,5,116.00289,125.0
12,180,0,111.13429,125.0
12,181,3,122.22024,125.0
12,182,1,123.03881,125.0
12,183,2,114.392654,125.0
12,184,2,112.336914,125.0
12,185,3,122.43897,125.0
12,186,1,120.22811,125.0
12,187,1,120.27435,125.0
12,188,3,114.82949,125.0
12,189,0,114.68333,125.0
12,190,4,120.724556,125.0
12,191,0,111.3575,125.0
12,192,5,121.376755,125.0
12,193,1,116.69912,125.0
12,194,0,114.368355,125.0
12,195,4,99.67356,125.0
12,196,4,99.86092,125.0
12,197,2,107.08735,125.0
12,198,5,106.0734,125.0
12,199,4,102.997475,125.0
12,200,5,87.38518,125.0
12,201,2,97.984314,125.0
12,202,2,97.2814,125.0
12,203,5,101.00054,125.0
12,204,1,98.935486,125.0
12,205,3,94.84695,125.0
12,206,2,92.213554,125.0
12,207,1,99.71375,125.0
12,208,0,99.774445,125.0
12,209,2,100.499916,125.0
12,210,2,101.88572,125.0
12,211,3,99.615364,125.0
12,212,5,106.44614,125.0
12,213,2,104.69674,125.0
12,214,2,95.76023,125.0
12,215,3,99.99261,125.0
12,216,2,104.470634,125.0
12,217,5,94.24023,124.0
13,36,2,129.01865,125.0
13,37,5,133.28206,125.0
13,38,0,120.10534,125.0
13,39,4,109.96007,125.0
13,40,4,117.99742,125.0
13,41,0,126.36799,125.0
13,42,0,125.30811,125.0
13,43,5,125.59969,125.0
13,44,0,128.41647,125.0
13,45,1,129.17874,125.0
13,46,0,123.03109,125.0
13,47,2,133.2284,125.0
13,48,4,130.09987,125.0
13,49,4,128.81006,125.0
13,50,5,121.371864,125.0
13,51,3,118.969185,125.0
13,52,0,119.857285,125.0
13,53,3,111.98424,125.0
13,54,0,110.401436,125.0
13,55,2,120.14103,125.0
13,56,5,126.55418,125.0
13,57,2,128.15637,125.0
13,58,2,130.61508,125.0
13,59,5,121.94221,125.0
13,60,0,124.18226,125.0
13,61,1,128.04292,125.0
13,62,0,116.46813,125.0
13,63,3,117.40981,125.0
13,64,0,133.14136,125.0
13,65,2,126.78056,125.0
13,66,5,126.86396,125.0
13,67,4,126.19616,125.0
13,68,4,124.123436,125.0
13,69,5,131.9787,125.0
13,70,0,125.54977,125.0
13,71,2,120.57305,125.0
13,72,0,123.59589,125.0
13,73,0,117.81966,125.0
13,74,4,118.84079,125.0
13,75,3,128.45262,125.0
13,76,4,117.784676,125.0
13,77,1,128.39545,125.0
13,78,5,120.49093,125.0
13,79,0,111.46194,125.0
13,80,0,115.32229,125.0
13,81,0,107.558525,125.0
13,82,5,103.524864,125.0
13,83,4,113.584724,125.0
13,84,2,107.09351,125.0
13,85,3,112.17318,125.0
13,86,0,111.2266,125.0
13,87,2,120.365456,125.0
13,88,4,120.98633,125.0
13,89,0,128.73529,125.0
13,90,0,129.23146,125.0
13,91,0,124.904305,125.0
13,92,0,122.970604,125.0
13,93,1,129.12189,125.0
13,94,0,128.77173,125.0
13,95,4,125.84248,125.0
13,96,2,125.51204,125.0
13,97,0,120.111244,125.0
13,98,2,117.66416,125.0
13,99,4,123.993065,125.0
13,100,0,128.96349,125.0
13,101,4,122.61559,125.0
13,102,5,120.72106,125.0
13,103,0,127.817635,125.0
13,104,5,122.984505,125.0
13,105,0,122.13726,125.0
13,106,4,125.56876,125.0
13,107,5,121.20844,125.0
13,108,5,124.769684,125.0
13,109,1,121.845406,125.0
13,110,5,118.45408,125.0
13,111,0,129.33395,125.0
13,112,0,120.54515,125.0
13,113,5,123.223114,125.0
13,114,0,124.42906,125.0
13,115,2,127.591354,125.0
13,116,2,126.708534,125.0
13,117,4,120.48394,125.0
13,118,0,119.646645,125.0
13,119,0,124.99731,125.0
13,120,0,124.16306,125.0
13,121,5,120.15039,125.0
13,122,5,117.38188,125.0
13,123,3,114.20342,125.0
13,124,2,105.0075,125.0
13,125,1,99.8553,125.0
13,126,4,105.07136,125.0
13,127,0,107.11204,125.0
13,128,4,101.19187,125.0
13,129,1,104.75019,125.0
13,130,5,98.28858,125.0
13,131,4,98.967255,125.0
13,132,4,100.32628,125.0
13,133,2,99.56617,125.0
13,134,5,119.78097,125.0
13,135,1,103.12243,125.0
13,136,1,90.53511,125.0
13,137,4,96.883514,125.0
13,138,2,98.54215,125.0
13,139,2,92.7503,125.0
13,140,0,103.400665,125.0
13,141,0,107.79155,125.0
13,142,2,109.5113,125.0
13,143,1,106.65453,125.0
13,144,0,109.45077,125.0
13,145,3,106.51623,125.0
13,146,0,101.83692,125.0
13,147,3,110.56362,125.0
13,148,2,111.790504,125.0
13,149,4,119.96021,125.0
13,150,1,126.710464,125.0
13,151,2,122.090706,125.0
13,152,0,131.68744,125.0
13,153,3,124.05137,125.0
13,154,4,121.41511,125.0
13,155,1,129.83691,125.0
13,156,4,133.9497,125.0
13,157,4,127.91676,125.0
13,158,2,118.06634,125.0
13,159,4,118.328224,125.0
13,160,1,102.15896,125.0
13,161,1,91.03443,125.0
13,162,5,100.01034,125.0
13,163,4,108.250656,125.0
13,164,1,106.924126,125.0
13,165,5,110.94121,125.0
13,166,5,98.859,124.0
13,167,4,102.39782,123.0
13,168,0,104.15782,122.0
13,169,1,97.339424,121.0
13,170,4,105.999626,120.0
13,171,2,117.306984,119.0
13,172,0,109.69865,118.0
13,173,0,106.762535,117.0
13,174,2,100.54817,116.0
13,175,4,101.79717,115.0
13,176,0,96.80991,114.0
13,177,4,92.47173,113.0
13,178,4,94.30576,112.0
13,179,1,99.8177,111.0
13,180,0,95.730675,110.0
13,181,4,102.74923,109.0
13,182,3,111.809586,108.0
13,183,5,109.47611,107.0
13,184,2,110.418495,106.0
13,185,0,97.338455,105.0
13,186,5,109.086395,104.0
13,187,4,89.57488,103.0
13,188,0,95.02226,102.0
13,189,2,89.29913,101.0
13,190,4,84.96332,100.0
13,191,2,97.03318,99.0
13,192,3,99.20164,98.0
13,193,0,97.03182,97.0
13,194,1,89.01308,96.0
13,195,4,73.582954,95.0
14,36,4,110.49517,117.0
14,37,4,110.6072,116.0
14,38,2,106.00219,115.0
14,39,1,117.013985,114.0
14,40,0,121.445854,113.0
14,41,2,123.84245,112.0
14,42,1,120.26904,111.0
14,43,3,125.49828,110.0
14,44,4,117.69358,109.0
14,45,0,111.63407,108.0
14,46,4,119.45566,107.0
15,36,5,89.920685,123.0
15,37,4,102.31501,122.0
15,38,4,87.9736,121.0
15,39,4,91.36391,120.0
15,40,3,98.06918,119.0
15,41,5,82.689384,118.0
15,42,3,98.23107,117.0
15,43,4,90.41735,116.0
15,44,1,108.37257,115.0
15,45,5,105.32946,114.0
15,46,0,106.350204,113.0
15,47,1,106.27311,112.0
15,48,4,106.38621,111.0
15,49,2,96.11558,110.0
15,50,0,95.84438,109.0
15,51,0,110.657265,108.0
15,52,4,108.69554,107.0
15,53,4,108.57632,106.0
15,54,3,96.576065,105.0
15,55,3,98.303986,104.0
15,56,2,89.51746,103.0
15,57,2,100.09258,102.0
15,58,5,113.31999,101.0
15,59,5,125.04505,100.0
15,60,5,107.43163,99.0
15,61,3,106.61628,98.0
15,62,5,108.81719,97.0
15,63,0,114.6471,96.0
15,64,0,108.309685,95.0
15,65,4,111.365555,94.0
15,66,3,120.99082,93.0
15,67,5,117.07781,92.0
15,68,2,119.11128,91.0
15,69,0,117.588524,90.0
15,70,2,110.43728,89.0
15,71,4,122.750015,88.0
15,72,3,118.83094,87.0
15,73,2,112.5587,86.0
15,74,5,123.965096,85.0
15,75,2,105.53612,84.0
15,76,0,105.82215,83.0
16,36,2,108.61327,125.0
16,37,0,105.737526,125.0
16,38,3,121.26197,125.0
16,39,0,125.18783,125.0
16,40,0,119.41515,125.0
16,41,3,119.077095,125.0
16,42,5,104.18611,125.0
16,43,3,112.44753,125.0
16,44,1,99.81863,125.0
16,45,3,94.01337,125.0
16,46,0,109.2244,125.0
16,47,4,115.4448,125.0
16,48,2,110.7092,125.0
16,49,3,119.78777,125.0
16,50,5,108.57116,125.0
16,51,1,115.44671,125.0
16,52,2,112.17757,125.0
16,53,2,118.50958,125.0
16,54,1,122.17652,125.0
16,55,4,117.26058,125.0
16,56,4,120.48031,125.0
16,57,0,114.71047,125.0
16,58,0,111.15934,125.0
16,59,5,114.19467,125.0
16,60,0,116.756195,125.0
16,61,0,125.50383,125.0
16,62,2,119.38213,125.0
16,63,4,125.557976,125.0
16,64,1,120.2741,125.0
16,65,2,115.71672,125.0
16,66,3,118.95623,125.0
16,67,1,128.14474,125.0
16,68,4,120.93347,125.0
16,69,2,123.90676,125.0
16,70,5,126.232155,125.0
16,71,4,111.81971,125.0
16,72,4,111.57181,125.0
16,73,3,106.61254,124.0
16,74,1,113.63955,123.0
16,75,2,101.68838,122.0
16,76,0,104.354034,121.0
16,77,1,115.98731,120.0
16,78,4,105.10654,119.0
16,79,2,102.41961,118.0
16,80,0,103.04151,117.0
16,81,4,102.205734,116.0
16,82,2,101.21624,115.0
16,83,5,102.934044,114.0
16,84,4,107.6602,113.0
16,85,2,102.607506,112.0
16,86,0,99.27441,111.0
16,87,2,101.37083,110.0
16,88,2,104.6997,109.0
16,89,1,100.7591,108.0
16,90,5,100.18292,107.0
16,91,1,102.077866,106.0
16,92,3,108.372444,105.0
16,93,4,106.38742,104.0
16,94,2,102.28868,103.0
16,95,2,112.14184,102.0
16,96,2,102.823586,101.0
16,97,0,93.8595,100.0
16,98,5,87.76891,99.0
16,99,3,101.47338,98.0
16,100,4,95.18877,97.0
16,101,4,91.04178,96.0
16,102,0,89.457214,95.0
16,103,2,98.865364,94.0
16,104,4,102.28843,93.0
16,105,4,84.91835,92.0
16,106,5,101.98545,91.0
16,107,1,92.54737,90.0
16,108,5,110.63626,89.0
16,109,2,105.15466,88.0
16,110,3,103.26299,87.0
16,111,5,97.48902,86.0
16,112,2,108.00768,85.0
16,113,5,88.64481,84.0
17,36,4,123.13662,125.0
17,37,5,120.96249,125.0
17,38,1,119.10071,125.0
17,39,0,122.05901,125.0
17,40,1,121.43717,125.0
17,41,1,124.11379,125.0
17,42,5,124.96679,125.0
17,43,0,116.98185,125.0
17,44,0,120.268,125.0
17,45,1,124.095345,125.0
17,46,4,125.71595,125.0
17,47,5,124.41023,125.0
17,48,2,125.060814,125.0
17,49,4,120.42693,125.0
17,50,1,130.89847,125.0
17,51,2,131.20688,125.0
17,52,5,118.273094,125.0
17,53,2,124.76651,125.0
17,54,5,124.917694,125.0
17,55,2,120.577255,125.0
17,56,0,116.613884,125.0
17,57,1,127.61496,125.0
17,58,1,125.20698,125.0
17,59,4,115.477646,125.0
17,60,1,119.71376,125.0
17,61,3,120.17461,125.0
17,62,4,119.72018,125.0
17,63,4,112.32075,125.0
17,64,5,111.5257,125.0
17,65,5,118.519066,125.0
17,66,3,108.47138,125.0
17,67,1,116.06248,125.0
17,68,3,119.27078,125.0
17,69,1,113.10798,125.0
17,70,0,111.99529,125.0
17,71,3,115.28144,125.0
17,72,3,105.084206,125.0
17,73,1,106.31449,125.0
17,74,2,103.166374,125.0
17,75,4,115.345955,125.0
17,76,5,106.7046,125.0
17,77,5,103.550865,125.0
17,78,0,116.580345,125.0
17,79,3,107.64992,125.0
17,80,5,99.77114,125.0
17,81,1,100.42896,125.0
17,82,1,107.67263,125.0
17,83,5,98.50389,125.0
17,84,2,113.1506,125.0
17,85,2,121.48925,125.0
17,86,1,110.73031,125.0
17,87,0,112.27073,125.0
17,88,1,123.44996,125.0
17,89,3,116.64985,125.0
17,90,2,108.173965,125.0
17,91,5,101.486916,124.0
17,92,4,101.53477,123.0
17,93,4,105.763695,122.0
17,94,1,118.8338,121.0
17,95,5,114.88574,120.0
17,96,2,110.82515,119.0
17,97,1,98.71482,118.0
17,98,5,92.10922,117.0
17,99,3,104.12415,116.0
17,100,3,91.32328,115.0
17,101,0,88.47158,114.0
17,102,2,78.099754,113.0
17,103,4,95.606514,112.0
17,104,4,93.61202,111.0
17,105,3,88.92054,110.0
17,106,5,90.50448,109.0
17,107,0,83.60384,108.0
17,108,2,79.29311,107.0
17,109,2,68.427055,106.0
17,110,3,69.68078,105.0
17,111,2,79.85245,104.0
17,112,0,52.80781,103.0
17,113,0,67.22756,102.0
17,114,1,81.31706,101.0
17,115,2,78.11057,100.0
17,116,1,64.46181,99.0
17,117,0,65.337746,98.0
17,118,5,85.33552,97.0
17,119,1,82.045265,96.0
17,120,1,68.52299,95.0
17,121,5,70.90819,94.0
17,122,5,67.36248,93.0
17,123,5,85.76061,92.0
17,124,5,76.7462,91.0
17,125,2,98.50161,90.0
17,126,1,88.15068,89.0
17,127,1,103.62214,88.0
17,128,4,88.29859,87.0
17,129,3,95.303154,86.0
17,130,1,91.93845,85.0
17,131,5,84.924904,84.0
17,132,5,75.24377,83.0
17,133,5,79.12847,82.0
17,134,1,86.08599,81.0
17,135,5,72.19367,80.0
17,136,0,85.52799,79.0
17,137,4,92.55941,78.0
17,138,5,102.184975,77.0
17,139,0,86.585106,76.0
17,140,2,80.64177,75.0
17,141,5,84.40859,74.0
17,142,4,87.10915,73.0
17,143,3,64.39589,72.0
17,144,1,82.75706,71.0
17,145,2,77.65211,70.0
17,146,2,80.85465,69.0
17,147,5,77.215996,68.0
17,148,5,67.17585,67.0
17,149,3,80.57077,66.0
17,150,1,87.286354,65.0
17,151,2,73.30006,64.0
17,152,3,66.59421,63.0
17,153,0,54.614002,62.0
17,154,0,53.752804,61.0
17,155,1,56.079453,60.0
17,156,4,48.34295,59.0
17,157,3,49.051807,58.0
17,158,0,36.487164,57.0
17,159,0,41.25828,56.0
17,160,5,45.942837,55.0
17,161,3,44.07027,54.0
17,162,2,41.08174,53.0
17,163,5,41.1477,52.0
17,164,0,50.378906,51.0
17,165,0,42.04645,50.0
18,36,4,116.6043,125.0
18,37,4,109.58346,124.0
18,38,4,113.46215,123.0
18,39,2,118.499306,122.0
18,40,0,113.482,121.0
18,41,5,116.34854,120.0
18,42,3,111.378006,119.0
18,43,5,109.04523,118.0
18,44,5,104.20319,117.0
18,45,5,106.02457,116.0
18,46,0,108.42694,115.0
18,47,1,110.05079,114.0
18,48,1,120.74601,113.0
18,49,5,121.67533,112.0
18,50,5,120.49092,111.0
18,51,1,110.31214,110.0
18,52,3,118.15409,109.0
18,53,3,113.18372,108.0
18,54,1,107.33369,107.0
18,55,1,110.69267,106.0
18,56,0,102.548195,105.0
18,57,2,112.92556,104.0
18,58,2,106.32008,103.0
18,59,4,120.2222,102.0
18,60,3,107.46122,101.0
18,61,4,102.14381,100.0
18,62,1,113.8971,99.0
18,63,4,103.78186,98.0
18,64,5,105.98511,97.0
18,65,5,113.06639,96.0
18,66,0,106.22782,95.0
18,67,2,105.0823,94.0
18,68,4,97.35267,93.0
18,69,3,89.855995,92.0
18,70,4,98.84438,91.0
18,71,0,96.2398,90.0
18,72,1,112.808655,89.0
18,73,3,101.49812,88.0
18,74,5,98.22043,87.0
18,75,0,92.66448,86.0
18,76,5,89.25544,85.0
18,77,1,92.94686,84.0
18,78,3,92.30797,83.0
18,79,4,84.88169,82.0
18,80,1,93.006905,81.0
18,81,4,96.9378,80.0
18,82,3,83.989296,79.0
18,83,5,82.50721,78.0
18,84,0,86.19225,77.0
18,85,2,78.05595,76.0
18,86,3,70.8236,75.0
18,87,5,86.77807,74.0
18,88,1,85.08459,73.0
18,89,5,78.31841,72.0
18,90,2,92.42004,71.0
18,91,5,75.436134,70.0
18,92,2,81.7073,69.0
18,93,2,89.359566,68.0
18,94,2,50.879456,67.0
18,95,1,62.567062,66.0
18,96,1,68.23333,65.0
18,97,5,73.60407,64.0
18,98,5,60.581047,63.0
18,99,3,70.568184,62.0
18,100,0,86.165184,61.0
18,101,0,72.787315,60.0
18,102,3,74.25205,59.0
18,103,4,69.90264,58.0
18,104,2,61.852352,57.0
18,105,0,70.728355,56.0
18,106,1,70.725,55.0
18,107,3,92.77616,54.0
18,108,3,101.543594,53.0
18,109,1,111.13646,52.0
18,110,1,89.67681,51.0
18,111,2,92.452866,50.0
18,112,5,108.23009,49.0
18,113,0,100.09215,48.0
18,114,1,106.25551,47.0
18,115,5,103.26854,46.0
18,116,4,91.40217,45.0
18,117,2,90.19757,44.0
18,118,3,71.29386,43.0
18,119,1,49.953266,42.0
18,120,0,52.914486,41.0
18,121,1,42.766914,40.0
18,122,2,39.557774,39.0
18,123,3,34.274563,38.0
18,124,1,30.980762,37.0
18,125,4,24.03927,36.0
18,126,3,22.015194,35.0
18,127,1,17.035126,34.0
18,128,5,14.855297,33.0
18,129,3,14.077323,32.0
18,130,1,11.347848,31.0
18,131,2,12.111906,30.0
18,132,5,14.352355,29.0
18,133,0,14.023493,28.0
19,36,4,124.634674,125.0
19,37,4,122.661835,125.0
19,38,2,113.758156,125.0
19,39,3,114.97208,125.0
19,40,1,120.571556,125.0
19,41,4,125.992,125.0
19,42,5,127.322655,125.0
19,43,1,130.3813,125.0
19,44,2,106.37173,125.0
19,45,3,108.7523,125.0
19,46,1,96.56984,125.0
19,47,0,111.264984,125.0
19,48,5,99.97181,125.0
19,49,1,89.8758,125.0
19,50,4,97.84626,125.0
19,51,4,85.0033,125.0
19,52,0,91.64104,125.0
19,53,5,93.520386,125.0
19,54,4,90.99435,125.0
19,55,4,102.0382,125.0
19,56,0,111.59733,125.0
19,57,5,99.492485,125.0
19,58,0,109.265,125.0
19,59,0,114.11773,125.0
19,60,5,112.09084,125.0
19,61,2,110.27133,125.0
19,62,1,111.754555,125.0
19,63,5,123.62456,125.0
19,64,1,119.66044,125.0
19,65,1,121.12008,125.0
19,66,3,114.497894,125.0
19,67,1,117.61084,125.0
19,68,3,120.040855,125.0
19,69,1,114.81281,125.0
19,70,3,112.26919,125.0
19,71,3,116.75214,125.0
19,72,4,110.98247,125.0
19,73,2,109.798454,125.0
19,74,0,111.0878,125.0
19,75,2,117.09811,125.0
19,76,5,112.91288,125.0
19,77,2,108.02842,125.0
19,78,0,104.604546,125.0
19,79,0,109.99264,125.0
19,80,2,112.79529,125.0
19,81,4,117.23998,125.0
19,82,4,97.89977,125.0
19,83,5,110.00946,125.0
19,84,4,99.50488,125.0
19,85,5,99.169586,125.0
19,86,4,95.31292,125.0
19,87,2,75.86268,125.0
19,88,1,108.97796,125.0
19,89,3,116.92567,125.0
19,90,0,107.20054,125.0
19,91,1,91.3558,125.0
19,92,0,92.99272,125.0
19,93,2,104.26499,125.0
19,94,3,98.818436,125.0
19,95,0,99.154755,125.0
19,96,2,99.6195,125.0
19,97,4,102.34736,125.0
19,98,0,102.65035,124.0
19,99,0,101.94555,123.0
19,100,2,101.097206,122.0
19,101,0,108.09669,121.0
19,102,4,123.146614,120.0
19,103,3,119.14287,119.0
19,104,1,116.51333,118.0
19,105,5,121.447174,117.0
19,106,0,111.89537,116.0
19,107,2,124.65543,115.0
19,108,4,119.595894,114.0
19,109,5,115.15319,113.0
19,110,0,103.12852,112.0
19,111,1,101.14617,111.0
19,112,0,105.10549,110.0
19,113,0,102.48885,109.0
19,114,5,111.94487,108.0
19,115,4,111.15527,107.0
19,116,2,115.004326,106.0
19,117,4,115.549545,105.0
19,118,4,109.98467,104.0
19,119,4,100.93054,103.0
19,120,5,109.36186,102.0
19,121,4,107.58144,101.0
19,122,1,117.05244,100.0
19,123,3,120.89512,99.0
19,124,0,116.985176,98.0
19,125,0,124.23727,97.0
19,126,5,121.71584,96.0
19,127,3,122.499565,95.0
19,128,5,121.17832,94.0
19,129,3,119.33661,93.0
19,130,5,108.649574,92.0
19,131,4,118.830605,91.0
19,132,5,100.0738,90.0
19,133,5,106.51093,89.0
19,134,3,107.5472,88.0
19,135,5,94.99792,87.0
20,36,5,117.05818,125.0
20,37,2,117.46179,125.0
20,38,2,112.08817,125.0
20,39,1,118.93096,125.0
20,40,3,120.88314,125.0
20,41,1,109.26369,125.0
20,42,0,123.61862,125.0
20,43,5,122.6787,125.0
20,44,1,115.19286,125.0
20,45,2,123.223,125.0
20,46,4,117.36288,125.0
20,47,5,114.46599,125.0
20,48,3,95.97111,125.0
20,49,5,112.18929,125.0
20,50,5,110.088844,125.0
20,51,5,119.96726,125.0
20,52,3,118.2035,125.0
20,53,0,123.04691,125.0
20,54,3,120.469604,125.0
20,55,1,119.83558,125.0
20,56,0,115.239746,125.0
20,57,5,119.70315,125.0
20,58,0,128.499,125.0
20,59,1,130.13353,125.0
20,60,5,132.17142,125.0
20,61,5,119.891426,125.0
20,62,4,121.208916,125.0
20,63,4,111.582184,125.0
20,64,5,106.96894,125.0
20,65,2,112.00829,125.0
20,66,4,117.02766,125.0
20,67,5,115.19145,125.0
20,68,2,114.19497,125.0
20,69,3,115.335304,125.0
20,70,2,122.70012,125.0
20,71,4,119.44105,125.0
20,72,4,113.67538,125.0
20,73,3,115.96865,125.0
20,74,4,100.95228,125.0
20,75,2,118.46763,125.0
20,76,2,111.43418,124.0
20,77,0,117.905014,123.0
20,78,4,102.165886,122.0
20,79,2,100.69634,121.0
20,80,4,103.843094,120.0
20,81,3,87.892815,119.0
20,82,4,90.06208,118.0
20,83,5,101.448784,117.0
20,84,0,100.43936,116.0
20,85,2,90.87609,115.0
20,86,5,112.83397,114.0
20,87,4,100.145905,113.0
20,88,4,111.95405,112.0
20,89,4,100.685875,111.0
20,90,4,95.43969,110.0
20,91,2,102.2072,109.0
20,92,0,115.847305,108.0
20,93,0,111.48881,107.0
20,94,2,113.91124,106.0
20,95,0,116.19745,105.0
20,96,2,129.14517,104.0
20,97,5,107.902245,103.0
20,98,1,117.67373,102.0
20,99,1,116.9165,101.0
20,100,1,107.42951,100.0
20,101,1,103.72143,99.0
20,102,2,104.1957,98.0
20,103,4,110.29035,97.0
20,104,4,116.030876,96.0
20,105,2,108.007774,95.0
20,106,2,111.476875,94.0
20,107,5,115.797,93.0
20,108,0,111.164085,92.0
20,109,4,125.17899,91.0
20,110,5,116.11494,90.0
20,111,2,117.93183,89.0
20,112,4,117.16484,88.0
20,113,5,108.97856,87.0
20,114,0,94.04601,86.0
20,115,3,97.29044,85.0
20,116,3,90.68198,84.0
20,117,2,102.73898,83.0
20,118,4,110.045135,82.0
20,119,5,102.382484,81.0
20,120,5,98.39689,80.0
20,121,3,99.63572,79.0
20,122,0,99.17502,78.0
20,123,2,111.0686,77.0
20,124,1,109.40748,76.0
20,125,4,112.221016,75.0
20,126,1,110.624794,74.0
20,127,0,102.274025,73.0
20,128,2,106.108574,72.0
20,129,4,99.11271,71.0
20,130,0,80.887276,70.0
20,131,0,88.667336,69.0
20,132,3,85.41498,68.0
20,133,5,68.92119,67.0
20,134,3,72.8862,66.0
20,135,3,61.184322,65.0
20,136,2,67.76571,64.0
20,137,2,74.105125,63.0
20,138,3,67.2401,62.0
20,139,1,68.58085,61.0
20,140,2,69.941795,60.0
20,141,4,83.00506,59.0
20,142,4,88.87201,58.0
20,143,0,77.475,57.0
20,144,0,79.45869,56.0
20,145,4,69.59845,55.0
20,146,0,66.49941,54.0
20,147,5,67.44072,53.0
20,148,4,51.90919,52.0
20,149,5,56.497517,51.0
20,150,1,56.563297,50.0
20,151,2,56.55168,49.0
20,152,2,59.44699,48.0
20,153,0,43.560986,47.0
20,154,1,51.862476,46.0
20,155,0,41.936146,45.0
20,156,2,42.894592,44.0
20,157,4,46.21282,43.0
20,158,2,39.16232,42.0
20,159,2,36.75259,41.0
20,160,5,39.871075,40.0
20,161,5,41.940464,39.0
20,162,5,33.419445,38.0
20,163,4,29.785753,37.0
20,164,5,36.494648,36.0
20,165,5,35.96431,35.0
20,166,3,34.577984,34.0
20,167,2,36.654842,33.0
20,168,5,28.940826,32.0
20,169,2,21.367924,31.0
20,170,5,31.603115,30.0
20,171,4,35.22406,29.0
20,172,4,27.60765,28.0
20,173,3,28.409943,27.0
20,174,4,24.157898,26.0
20,175,3,23.731014,25.0
20,176,2,28.148998,24.0
20,177,4,26.231434,23.0
20,178,0,29.631124,22.0
20,179,1,22.792118,21.0
20,180,4,19.371565,20.0
20,181,4,18.653162,19.0
20,182,2,19.848375,18.0
20,183,5,21.787796,17.0
20,184,2,15.943815,16.0
21,36,5,108.78904,125.0
21,37,0,110.774025,125.0
21,38,1,111.86482,125.0
21,39,0,111.42205,125.0
21,40,3,107.2111,125.0
21,41,3,104.77148,125.0
21,42,4,112.04964,125.0
21,43,0,115.89347,125.0
21,44,5,117.870674,125.0
21,45,4,119.60163,125.0
21,46,0,114.11221,125.0
21,47,3,117.156105,125.0
21,48,0,108.57245,125.0
21,49,1,118.10574,125.0
21,50,4,116.296326,125.0
21,51,3,114.33648,125.0
21,52,3,118.33933,125.0
21,53,5,108.33139,125.0
21,54,3,111.627335,125.0
21,55,0,119.1063,125.0
21,56,2,121.99777,125.0
21,57,3,114.65048,125.0
21,58,0,117.27709,125.0
21,59,1,118.33735,125.0
21,60,5,122.98197,125.0
21,61,1,120.50858,125.0
21,62,4,120.8428,125.0
21,63,4,119.2073,125.0
21,64,2,124.56768,125.0
21,65,4,118.87296,125.0
21,66,1,117.88734,125.0
21,67,2,122.97114,125.0
21,68,0,111.69835,125.0
21,69,4,112.64164,125.0
21,70,1,128.17264,125.0
21,71,3,122.443306,125.0
21,72,0,119.94707,125.0
21,73,2,115.66617,125.0
21,74,5,109.59513,125.0
21,75,3,111.44395,125.0
21,76,5,118.59609,125.0
21,77,3,124.0882,125.0
21,78,3,118.84174,125.0
21,79,4,116.43434,125.0
21,80,1,106.37447,125.0
21,81,0,103.12704,124.0
21,82,5,99.07433,123.0
21,83,4,102.31196,122.0
21,84,5,113.14775,121.0
21,85,3,100.380394,120.0
21,86,2,97.773476,119.0
21,87,0,101.705536,118.0
21,88,3,89.64788,117.0
21,89,0,99.629036,116.0
21,90,1,103.983826,115.0
21,91,4,99.565025,114.0
21,92,2,111.351006,113.0
21,93,1,112.4373,112.0
21,94,0,114.76223,111.0
21,95,1,111.57288,110.0
21,96,1,114.06397,109.0
21,97,4,107.80291,108.0
21,98,1,108.52578,107.0
21,99,5,105.858635,106.0
21,100,2,99.981636,105.0
21,101,0,92.831795,104.0
21,102,0,95.62631,103.0
21,103,1,96.79653,102.0
21,104,5,93.25059,101.0
21,105,1,98.18696,100.0
21,106,0,102.44451,99.0
21,107,2,103.65533,98.0
21,108,5,97.618416,97.0
21,109,4,90.91503,96.0
21,110,2,100.46809,95.0
21,111,5,100.87066,94.0
21,112,4,87.67714,93.0
21,113,4,92.40345,92.0
21,114,5,89.10311,91.0
21,115,5,84.85766,90.0
21,116,4,74.140785,89.0
21,117,4,79.61413,88.0
21,118,2,66.92371,87.0
21,119,3,78.43166,86.0
21,120,2,82.14387,85.0
21,121,1,83.02341,84.0
21,122,4,72.9746,83.0
21,123,4,71.352,82.0
21,124,2,65.37706,81.0
21,125,1,64.9891,80.0
21,126,0,70.97939,79.0
21,127,4,56.43211,78.0
21,128,0,55.169697,77.0
21,129,3,55.056118,76.0
21,130,1,64.95536,75.0
21,131,2,67.528275,74.0
21,132,2,56.68821,73.0
21,133,5,58.611546,72.0
21,134,0,62.247906,71.0
21,135,2,67.68166,70.0
21,136,3,65.09455,69.0
21,137,2,67.463486,68.0
21,138,2,68.2406,67.0
21,139,2,62.98131,66.0
21,140,5,52.396503,65.0
21,141,5,55.567947,64.0
21,142,3,62.348454,63.0
21,143,0,57.518528,62.0
21,144,4,50.94003,61.0
21,145,2,56.075184,60.0
21,146,4,54.74755,59.0
21,147,4,64.23169,58.0
21,148,3,58.490185,57.0
22,36,5,136.68927,114.0
22,37,5,130.04631,113.0
22,38,4,124.02732,112.0
22,39,2,128.1311,111.0
23,36,4,117.23401,125.0
23,37,5,117.149734,125.0
23,38,5,130.50128,125.0
23,39,4,130.43227,125.0
23,40,3,119.86834,125.0
23,41,2,118.805275,125.0
23,42,4,117.5369,125.0
23,43,0,117.51972,125.0
23,44,5,115.298256,125.0
23,45,5,127.703575,125.0
23,46,5,123.58402,125.0
23,47,1,114.270546,125.0
23,48,5,112.25875,125.0
23,49,1,111.98298,125.0
23,50,4,121.11422,125.0
23,51,1,119.193825,125.0
23,52,0,116.82293,125.0
23,53,0,116.23208,125.0
23,54,2,129.66022,125.0
23,55,1,129.04512,125.0
23,56,5,125.63897,125.0
23,57,4,118.21946,125.0
23,58,0,126.83108,125.0
23,59,2,120.326164,125.0
23,60,2,129.05997,125.0
23,61,5,121.4794,125.0
23,62,5,118.36894,125.0
23,63,1,109.367805,125.0
23,64,4,115.342155,125.0
23,65,3,116.3391,125.0
23,66,4,124.39929,125.0
23,67,5,125.67297,125.0
23,68,1,123.27625,125.0
23,69,4,125.0514,125.0
23,70,5,129.63496,125.0
23,71,2,121.05785,125.0
23,72,0,119.28118,125.0
23,73,5,118.194756,125.0
23,74,1,122.68926,125.0
23,75,1,126.5204,125.0
23,76,1,128.96101,125.0
23,77,5,123.27422,125.0
23,78,4,122.17041,125.0
23,79,5,114.77638,125.0
23,80,4,107.584816,125.0
23,81,1,107.53214,125.0
23,82,0,110.758736,125.0
23,83,5,101.67492,125.0
23,84,5,103.974495,125.0
23,85,5,111.26145,125.0
23,86,2,109.223946,125.0
23,87,0,105.07457,125.0
23,88,1,98.70218,125.0
23,89,0,94.14054,125.0
23,90,2,105.67382,125.0
23,91,4,116.793724,125.0
23,92,4,107.77757,125.0
23,93,2,109.70805,125.0
23,94,3,106.029564,125.0
23,95,4,114.294136,125.0
23,96,1,110.03072,125.0
23,97,3,105.57137,125.0
23,98,3,115.98301,125.0
23,99,4,116.987885,125.0
23,100,3,113.776535,125.0
23,101,3,98.54342,125.0
23,102,1,94.45795,125.0
23,103,3,102.68559,125.0
23,104,5,106.52339,125.0
23,105,5,112.98261,125.0
23,106,1,88.92008,125.0
23,107,3,86.572296,125.0
23,108,5,108.25128,125.0
23,109,5,108.82926,125.0
23,110,3,98.76273,125.0
23,111,2,94.80552,125.0
23,112,4,112.09023,125.0
23,113,5,108.42371,125.0
23,114,2,99.6626,125.0
23,115,5,98.532555,125.0
23,116,3,107.248055,125.0
23,117,3,115.997856,125.0
23,118,4,116.114586,125.0
23,119,4,101.35996,124.0
23,120,4,113.0521,123.0
23,121,5,118.27034,122.0
23,122,2,118.09377,121.0
23,123,5,111.96751,120.0
23,124,4,115.414505,119.0
23,125,3,109.34897,118.0
23,126,0,111.07704,117.0
23,127,3,118.00094,116.0
23,128,4,103.37854,115.0
23,129,1,117.02949,114.0
23,130,5,116.30436,113.0
24,36,0,96.81919,125.0
24,37,1,107.597626,125.0
24,38,2,94.75381,125.0
24,39,3,95.66549,125.0
24,40,2,106.10688,125.0
24,41,2,114.43662,125.0
24,42,5,118.930885,125.0
24,43,1,119.271,125.0
24,44,2,120.698746,125.0
24,45,0,117.067604,125.0
24,46,2,119.43521,125.0
24,47,4,119.78629,125.0
24,48,4,120.52039,125.0
24,49,1,115.46753,125.0
24,50,3,121.4076,125.0
24,51,4,117.93767,125.0
24,52,3,118.36561,125.0
24,53,5,126.3317,125.0
24,54,2,125.59849,125.0
24,55,5,119.67547,125.0
24,56,3,127.504135,125.0
24,57,4,130.36237,125.0
24,58,5,128.51866,125.0
24,59,0,131.42899,125.0
24,60,5,133.10107,125.0
24,61,0,116.8433,125.0
24,62,1,111.49661,125.0
24,63,3,114.51118,125.0
24,64,4,111.3162,125.0
24,65,2,120.68343,125.0
24,66,4,111.67987,125.0
24,67,2,118.774376,125.0
24,68,2,117.91502,125.0
24,69,4,113.03343,125.0
24,70,5,105.27978,125.0
24,71,0,101.07023,125.0
24,72,1,116.16766,125.0
24,73,4,114.14747,125.0
24,74,1,116.185104,125.0
24,75,4,122.24075,125.0
24,76,2,123.39367,125.0
24,77,0,125.41316,125.0
24,78,4,114.59291,125.0
24,79,3,109.535286,125.0
24,80,0,118.810295,125.0
24,81,4,115.97877,125.0
24,82,2,108.34706,124.0
24,83,4,109.1168,123.0
24,84,4,110.492355,122.0
24,85,4,115.472305,121.0
24,86,4,94.57386,120.0
24,87,2,93.89683,119.0
24,88,5,105.375336,118.0
24,89,3,100.53346,117.0
24,90,3,102.86703,116.0
24,91,0,101.65267,115.0
24,92,4,100.87133,114.0
24,93,3,110.97008,113.0
24,94,3,103.4678,112.0
24,95,4,103.38863,111.0
24,96,5,97.7134,110.0
24,97,4,93.62294,109.0
24,98,0,90.14541,108.0
24,99,0,94.200226,107.0
24,100,5,81.470634,106.0
24,101,2,86.86265,105.0
24,102,0,94.90625,104.0
24,103,2,83.13482,103.0
24,104,5,93.10138,102.0
24,105,4,96.040474,101.0
24,106,3,111.61651,100.0
24,107,2,91.88043,99.0
24,108,5,97.3182,98.0
24,109,4,91.69512,97.0
24,110,2,102.58071,96.0
24,111,2,104.1215,95.0
24,112,2,106.221016,94.0
24,113,2,84.21959,93.0
24,114,5,79.5904,92.0
24,115,4,95.76525,91.0
24,116,5,89.381485,90.0
24,117,3,97.79728,89.0
24,118,2,83.4387,88.0
24,119,2,79.60388,87.0
24,120,2,71.07432,86.0
24,121,5,73.23745,85.0
24,122,4,66.04604,84.0
24,123,2,59.508934,83.0
24,124,5,68.83343,82.0
24,125,2,53.01112,81.0
24,126,4,68.34138,80.0
24,127,3,70.20651,79.0
24,128,3,62.471172,78.0
24,129,4,60.793404,77.0
24,130,0,53.884045,76.0
24,131,2,52.092354,75.0
24,132,5,63.247265,74.0
24,133,3,56.77115,73.0
24,134,3,48.205917,72.0
24,135,1,55.2852,71.0
24,136,4,48.6432,70.0
24,137,0,51.280582,69.0
24,138,1,51.93124,68.0
24,139,2,53.727398,67.0
24,140,5,58.818478,66.0
24,141,4,54.647827,65.0
24,142,3,47.33965,64.0
24,143,2,54.328987,63.0
24,144,0,50.479397,62.0
24,145,0,46.95528,61.0
24,146,3,40.858097,60.0
24,147,2,45.6548,59.0
24,148,3,50.99931,58.0
24,149,2,46.618855,57.0
24,150,2,47.97124,56.0
24,151,4,42.676945,55.0
24,152,0,44.879093,54.0
24,153,5,45.142876,53.0
24,154,2,42.137386,52.0
24,155,4,43.553898,51.0
24,156,3,39.848354,50.0
24,157,0,41.25813,49.0
24,158,2,35.851025,48.0
24,159,5,35.192318,47.0
24,160,3,35.22378,46.0
24,161,2,33.793846,45.0
24,162,3,30.592453,44.0
24,163,1,33.117348,43.0
24,164,4,33.612522,42.0
24,165,4,36.72022,41.0
24,166,1,34.64914,40.0
24,167,0,31.279776,39.0
24,168,0,33.059765,38.0
24,169,1,25.56868,37.0
24,170,1,28.853344,36.0
24,171,4,25.287338,35.0
24,172,4,25.336123,34.0
24,173,3,19.900757,33.0
24,174,2,17.716848,32.0
24,175,2,16.257318,31.0
24,176,2,17.961061,30.0
24,177,3,17.878246,29.0
24,178,1,11.627772,28.0
24,179,5,16.118275,27.0
24,180,3,11.014037,26.0
24,181,2,11.141553,25.0
24,182,4,12.451229,24.0
24,183,0,13.419651,23.0
24,184,0,12.859846,22.0
24,185,4,14.897712,21.0
24,186,5,10.800186,20.0
25,36,0,120.13729,125.0
25,37,5,119.5581,125.0
25,38,2,106.54954,125.0
25,39,3,120.572754,125.0
25,40,2,112.47625,125.0
25,41,4,115.10119,125.0
25,42,0,108.32311,125.0
25,43,0,109.47947,125.0
25,44,4,112.05792,125.0
25,45,4,112.109825,125.0
25,46,1,118.93916,125.0
25,47,0,116.19097,125.0
25,48,4,112.81775,125.0
26,36,2,112.93478,125.0
26,37,3,118.27723,125.0
26,38,0,123.01707,125.0
26,39,2,113.55799,125.0
26,40,3,108.459694,125.0
26,41,0,110.23535,125.0
26,42,0,115.5324,125.0
26,43,5,120.97347,125.0
26,44,5,113.53262,125.0
26,45,4,115.59704,125.0
26,46,5,118.70973,125.0
26,47,3,121.15832,125.0
26,48,5,114.189644,125.0
26,49,0,118.15294,125.0
26,50,5,98.79419,125.0
26,51,5,104.07095,125.0
26,52,5,98.09757,125.0
26,53,1,106.7453,125.0
26,54,0,104.22669,125.0
26,55,0,98.939644,125.0
26,56,0,87.16505,125.0
26,57,2,110.70281,125.0
26,58,5,102.01406,125.0
26,59,4,103.644264,125.0
26,60,4,107.97544,125.0
26,61,0,107.302734,125.0
26,62,1,119.92933,125.0
26,63,3,120.08404,125.0
26,64,2,118.64388,125.0
26,65,0,128.04587,125.0
26,66,5,125.49308,125.0
26,67,5,105.982994,125.0
26,68,0,117.18061,125.0
26,69,1,120.9835,125.0
26,70,5,121.85717,125.0
26,71,5,120.521034,124.0
26,72,5,121.52265,123.0
26,73,3,125.02896,122.0
26,74,5,124.16607,121.0
26,75,5,118.70818,120.0
26,76,1,108.89538,119.0
27,36,0,127.71904,125.0
27,37,0,123.882286,125.0
27,38,3,126.01249,125.0
27,39,5,126.643486,125.0
27,40,0,129.50659,125.0
27,41,1,120.41454,125.0
27,42,5,129.33966,125.0
27,43,1,128.50363,125.0
27,44,5,129.44785,125.0
27,45,4,128.50691,125.0
27,46,4,126.14028,125.0
27,47,5,119.28853,125.0
27,48,5,125.40928,125.0
27,49,4,116.443214,125.0
27,50,1,117.36663,125.0
27,51,5,124.38577,125.0
27,52,4,125.2469,125.0
27,53,5,119.38586,125.0
27,54,5,115.06701,125.0
27,55,3,122.89921,125.0
27,56,4,120.88792,125.0
27,57,3,123.03329,125.0
27,58,0,124.91254,125.0
27,59,4,117.15868,125.0
27,60,0,123.35944,125.0
27,61,1,121.10605,125.0
27,62,1,123.90401,125.0
27,63,0,122.663475,125.0
27,64,2,122.33813,125.0
27,65,0,121.06407,125.0
27,66,5,118.88302,125.0
27,67,4,118.07148,125.0
27,68,5,115.26887,125.0
27,69,1,120.04201,125.0
27,70,5,121.18037,125.0
27,71,0,109.44583,125.0
27,72,0,103.543625,125.0
27,73,4,110.17529,125.0
27,74,0,117.75771,125.0
27,75,3,117.59722,125.0
27,76,1,106.49416,125.0
27,77,4,96.42654,125.0
27,78,4,111.08044,125.0
27,79,2,112.20249,125.0
27,80,3,116.69042,125.0
27,81,2,125.570335,125.0
27,82,2,110.347374,124.0
27,83,5,107.77016,123.0
27,84,4,120.40287,122.0
27,85,5,115.78419,121.0
27,86,1,112.97765,120.0
27,87,1,112.38738,119.0
27,88,3,115.25956,118.0
27,89,0,113.1268,117.0
27,90,3,115.943474,116.0
27,91,4,118.85626,115.0
27,92,0,113.76146,114.0
27,93,4,118.55428,113.0
27,94,0,116.74301,112.0
27,95,0,121.47456,111.0
27,96,0,120.101456,110.0
27,97,0,125.82805,109.0
27,98,5,127.88551,108.0
27,99,5,116.38116,107.0
27,100,5,120.10566,106.0
27,101,4,111.45826,105.0
27,102,5,115.30985,104.0
27,103,0,118.210945,103.0
27,104,2,103.23528,102.0
27,105,1,120.64889,101.0
27,106,5,130.24223,100.0
27,107,2,118.13589,99.0
27,108,2,122.000656,98.0
27,109,2,120.957306,97.0
27,110,3,121.20672,96.0
27,111,0,119.26072,95.0
27,112,3,111.25182,94.0
27,113,0,117.034874,93.0
27,114,4,108.30571,92.0
27,115,2,97.31488,91.0
27,116,0,100.942154,90.0
27,117,2,102.049194,89.0
27,118,5,90.30746,88.0
27,119,0,99.11209,87.0
27,120,0,103.03071,86.0
27,121,0,89.7864,85.0
27,122,5,79.90455,84.0
27,123,1,88.40428,83.0
27,124,0,73.0705,82.0
27,125,2,81.49268,81.0
27,126,3,79.89214,80.0
27,127,1,83.89525,79.0
27,128,0,69.194176,78.0
27,129,1,60.473,77.0
27,130,4,76.23958,76.0
27,131,4,69.367035,75.0
27,132,2,50.84846,74.0
27,133,3,56.03233,73.0
27,134,0,47.001232,72.0
27,135,1,51.65763,71.0
27,136,2,56.561466,70.0
27,137,4,69.14995,69.0
27,138,1,72.52224,68.0
27,139,5,88.105156,67.0
27,140,3,77.989914,66.0
28,36,4,127.24227,125.0
28,37,5,133.52802,125.0
28,38,3,130.8162,125.0
28,39,4,128.4204,125.0
28,40,4,131.44853,125.0
28,41,4,130.71277,125.0
28,42,1,128.36256,125.0
28,43,0,128.92645,125.0
28,44,3,121.11425,125.0
28,45,2,132.31273,125.0
28,46,3,121.54214,125.0
28,47,4,122.54508,125.0
28,48,2,120.334465,125.0
28,49,4,116.13061,125.0
28,50,3,122.182076,125.0
28,51,1,112.06318,125.0
28,52,2,112.02922,125.0
28,53,3,109.44883,125.0
28,54,5,112.46173,125.0
28,55,3,118.13082,125.0
28,56,4,108.15203,125.0
28,57,2,116.999825,125.0
28,58,5,116.10911,125.0
28,59,5,118.79167,125.0
28,60,5,117.6643,125.0
28,61,3,124.14739,125.0
28,62,2,124.57148,125.0
28,63,2,121.23484,125.0
28,64,2,127.95959,125.0
28,65,1,128.7426,125.0
28,66,1,128.84251,125.0
28,67,4,135.94151,125.0
28,68,4,132.67795,125.0
28,69,2,133.7958,125.0
28,70,5,121.240456,125.0
28,71,3,125.22137,125.0
28,72,2,131.8566,125.0
28,73,2,118.57688,125.0
28,74,2,126.12607,125.0
28,75,1,118.57696,125.0
28,76,2,124.7999,125.0
28,77,2,119.52406,125.0
28,78,3,118.50245,125.0
28,79,2,116.456825,125.0
28,80,1,127.8359,125.0
28,81,5,118.22048,125.0
28,82,5,117.28207,125.0
28,83,1,118.951126,125.0
28,84,2,118.70573,125.0
28,85,0,113.95888,125.0
28,86,2,109.06829,125.0
28,87,2,117.469795,125.0
28,88,4,124.36442,125.0
28,89,1,126.28698,125.0
28,90,3,138.97113,125.0
28,91,0,120.81371,125.0
28,92,0,130.02771,125.0
28,93,2,124.44309,125.0
28,94,0,124.75103,125.0
28,95,3,130.85481,125.0
28,96,1,131.55978,125.0
28,97,1,117.908104,125.0
28,98,1,118.44135,125.0
28,99,1,113.71621,125.0
28,100,4,107.71105,125.0
28,101,3,92.46597,125.0
28,102,2,93.82395,125.0
28,103,5,107.91156,125.0
28,104,0,102.65641,125.0
28,105,0,113.171425,125.0
28,106,4,103.41356,125.0
28,107,5,102.83582,125.0
28,108,4,111.15739,125.0
28,109,5,88.40563,125.0
28,110,5,93.13116,125.0
28,111,1,101.823204,125.0
28,112,3,97.24915,125.0
28,113,4,102.329025,125.0
28,114,3,103.494286,125.0
28,115,5,110.60697,125.0
28,116,3,110.184586,125.0
28,117,0,100.80178,125.0
28,118,1,106.06343,125.0
28,119,2,97.365105,125.0
28,120,3,111.476715,125.0
28,121,2,110.11899,125.0
28,122,0,126.49366,125.0
28,123,1,122.8875,125.0
28,124,4,112.858734,125.0
28,125,1,120.615776,125.0
28,126,4,118.28075,125.0
28,127,1,121.37598,125.0
28,128,0,116.93538,125.0
28,129,0,105.290405,125.0
28,130,4,115.49344,125.0
28,131,1,119.88954,124.0
28,132,0,103.299255,123.0
28,133,1,101.554054,122.0
28,134,4,122.00942,121.0
28,135,1,119.484924,120.0
28,136,0,109.0716,119.0
28,137,0,115.230095,118.0
28,138,1,107.94273,117.0
28,139,3,107.002754,116.0
28,140,5,109.158714,115.0
28,141,0,117.61684,114.0
28,142,1,121.37849,113.0
28,143,3,106.58511,112.0
28,144,2,106.41587,111.0
28,145,2,102.73406,110.0
28,146,4,97.67866,109.0
28,147,5,96.49856,108.0
28,148,1,89.59467,107.0
28,149,0,101.47683,106.0
28,150,0,101.38027,105.0
28,151,2,92.49872,104.0
28,152,4,81.90106,103.0
28,153,2,93.36582,102.0
28,154,5,96.366165,101.0
28,155,0,99.66668,100.0
28,156,0,87.53152,99.0
28,157,5,89.97643,98.0
28,158,0,72.46128,97.0
29,36,5,115.11454,125.0
29,37,2,111.60791,125.0
29,38,1,109.853584,125.0
29,39,4,107.50046,125.0
29,40,5,108.434715,125.0
29,41,4,121.66773,125.0
29,42,1,116.23968,125.0
29,43,2,120.79928,125.0
29,44,4,125.76669,125.0
29,45,3,130.53842,125.0
29,46,0,123.44245,125.0
29,47,3,127.17588,125.0
29,48,4,126.64731,125.0
29,49,3,125.16311,125.0
29,50,2,129.21951,125.0
29,51,1,118.03086,125.0
29,52,0,113.223114,125.0
29,53,2,107.17609,125.0
29,54,2,117.69329,125.0
29,55,4,118.876144,125.0
29,56,0,126.97725,125.0
29,57,4,122.48709,125.0
29,58,1,124.71206,125.0
29,59,5,123.047554,125.0
29,60,0,117.98184,125.0
29,61,4,112.726845,125.0
29,62,3,117.610756,125.0
29,63,0,123.288414,125.0
29,64,1,123.96795,125.0
29,65,3,111.45022,125.0
29,66,0,127.895256,125.0
29,67,4,129.87805,125.0
29,68,2,132.3258,125.0
29,69,3,131.38968,125.0
29,70,4,134.12479,125.0
29,71,5,124.46745,125.0
29,72,0,123.72715,125.0
29,73,4,120.28915,125.0
29,74,5,132.99878,125.0
29,75,2,128.99452,125.0
29,76,1,127.043076,125.0
29,77,2,123.231064,125.0
29,78,4,117.75828,125.0
29,79,0,109.653015,125.0
29,80,1,115.997116,125.0
29,81,2,105.75001,125.0
29,82,0,116.236786,125.0
29,83,0,117.3293,125.0
29,84,5,112.98069,125.0
29,85,0,106.01338,125.0
29,86,4,119.31278,125.0
29,87,3,119.47346,125.0
29,88,1,114.323326,125.0
29,89,4,125.189766,125.0
29,90,5,121.397095,125.0
29,91,2,108.696144,125.0
29,92,2,114.85656,125.0
29,93,0,112.74893,125.0
29,94,1,123.866196,125.0
29,95,4,116.41396,125.0
29,96,3,106.577515,125.0
29,97,4,104.34087,125.0
29,98,3,102.3417,125.0
29,99,1,106.655624,125.0
29,100,0,119.56701,125.0
29,101,4,113.965454,125.0
29,102,4,112.220955,125.0
29,103,4,111.70241,125.0
29,104,5,116.35287,125.0
29,105,1,120.79391,125.0
29,106,1,116.54807,125.0
29,107,2,117.25138,125.0
29,108,1,111.35134,125.0
29,109,2,116.67857,125.0
29,110,2,124.060486,125.0
29,111,0,122.46575,125.0
29,112,2,126.71027,125.0
29,113,4,113.61283,125.0
29,114,1,121.25896,125.0
29,115,0,127.86536,125.0
29,116,0,124.063774,125.0
29,117,5,119.66602,125.0
29,118,1,124.67614,125.0
29,119,0,119.90644,125.0
29,120,2,124.88511,125.0
29,121,0,114.79948,125.0
29,122,3,109.84609,125.0
29,123,0,100.1888,125.0
29,124,1,116.2745,125.0
29,125,5,105.73787,125.0
29,126,5,94.35967,125.0
29,127,3,86.715645,125.0
29,128,1,84.690125,125.0
29,129,1,80.57135,125.0
29,130,4,96.18061,125.0
29,131,0,81.59812,125.0
29,132,3,83.276146,125.0
29,133,3,85.9936,125.0
29,134,3,83.62063,125.0
29,135,5,71.87592,125.0
29,136,2,63.788433,125.0
29,137,3,60.907307,124.0
29,138,1,72.49334,123.0
29,139,3,72.02031,122.0
29,140,0,66.70239,121.0
29,141,3,69.90783,120.0
29,142,3,75.394035,119.0
29,143,3,77.4343,118.0
29,144,1,77.496315,117.0
29,145,2,98.739655,116.0
29,146,0,100.217735,115.0
29,147,2,101.773155,114.0
29,148,5,104.98734,113.0
29,149,1,101.02871,112.0
29,150,1,105.2809,111.0
29,151,4,100.263306,110.0
29,152,1,111.96606,109.0
29,153,4,105.775,108.0
29,154,4,97.167946,107.0
29,155,2,96.81696,106.0
29,156,4,90.32784,105.0
29,157,5,86.92782,104.0
29,158,0,100.45878,103.0
29,159,2,104.599174,102.0
29,160,5,102.17025,101.0
29,161,3,92.5796,100.0
29,162,0,89.618195,99.0
29,163,1,91.588936,98.0
29,164,4,88.96056,97.0
29,165,2,90.83962,96.0
29,166,2,98.24619,95.0
29,167,3,98.66593,94.0
29,168,2,92.88172,93.0
29,169,1,100.098076,92.0
29,170,4,97.91447,91.0
29,171,0,91.9178,90.0
30,36,0,119.0099,125.0
30,37,5,111.39826,125.0
30,38,3,114.73025,125.0
30,39,3,111.96764,125.0
30,40,3,119.38758,125.0
30,41,0,113.04444,125.0
30,42,4,114.04303,125.0
30,43,2,106.08611,125.0
30,44,0,110.03151,125.0
30,45,3,119.50743,125.0
30,46,3,108.729576,125.0
30,47,1,103.18194,125.0
30,48,2,105.60764,125.0
30,49,0,118.51217,125.0
30,50,1,97.478355,125.0
30,51,2,112.506256,125.0
30,52,2,112.06831,125.0
30,53,0,113.1471,125.0
30,54,0,115.07805,125.0
30,55,3,114.73958,125.0
30,56,4,118.77014,125.0
30,57,3,118.981094,125.0
30,58,5,121.760956,125.0
30,59,2,116.50355,125.0
30,60,3,118.47744,125.0
30,61,4,122.67223,125.0
30,62,3,115.80066,125.0
30,63,1,114.881676,125.0
30,64,3,119.66424,125.0
30,65,0,120.10595,125.0
30,66,4,116.44651,125.0
30,67,2,116.07622,125.0
30,68,4,111.29445,125.0
30,69,2,116.25382,125.0
30,70,0,113.54177,125.0
30,71,1,128.60674,125.0
30,72,3,127.79921,125.0
30,73,5,123.87412,125.0
30,74,4,116.98501,125.0
30,75,3,113.95521,125.0
30,76,4,125.940765,125.0
30,77,5,126.38131,125.0
30,78,4,120.61334,125.0
30,79,0,118.478966,125.0
30,80,5,116.22118,125.0
30,81,4,121.658745,125.0
30,82,3,109.52902,125.0
30,83,4,106.44683,125.0
30,84,0,116.98243,125.0
30,85,3,112.48876,125.0
30,86,3,109.82177,125.0
30,87,4,113.211845,125.0
30,88,5,114.27503,125.0
30,89,4,113.10241,125.0
30,90,4,111.72472,125.0
30,91,0,117.70489,125.0
30,92,1,123.96726,125.0
30,93,0,112.91352,125.0
30,94,5,114.37784,125.0
30,95,2,121.1365,125.0
30,96,4,115.99792,125.0
30,97,4,115.439865,125.0
30,98,1,117.41255,125.0
30,99,4,116.65066,125.0
30,100,2,115.231834,125.0
30,101,4,124.47845,125.0
30,102,1,111.503235,125.0
30,103,4,120.59615,125.0
30,104,0,116.60871,125.0
30,105,0,122.90125,125.0
30,106,2,113.33373,125.0
30,107,0,112.277306,125.0
30,108,4,120.993286,125.0
30,109,0,118.20353,125.0
30,110,2,122.465546,125.0
30,111,5,116.76586,125.0
30,112,0,111.78836,125.0
30,113,2,99.46487,125.0
30,114,0,103.68871,125.0
30,115,2,87.731895,125.0
30,116,4,95.55519,125.0
30,117,4,90.304665,125.0
30,118,3,114.74051,125.0
30,119,4,103.30191,125.0
30,120,4,106.42568,125.0
30,121,4,100.577995,125.0
30,122,5,101.38067,125.0
30,123,0,84.91143,125.0
30,124,0,89.53148,125.0
30,125,0,85.67242,125.0
30,126,4,97.30809,125.0
30,127,0,89.52367,125.0
30,128,4,87.02226,125.0
30,129,1,97.649155,125.0
30,130,5,99.0984,125.0
30,131,3,93.46433,125.0
30,132,3,93.16528,125.0
30,133,3,100.46418,125.0
30,134,0,107.88048,124.0
30,135,0,93.21795,123.0
30,136,4,99.3778,122.0
30,137,2,99.97098,121.0
30,138,1,82.59498,120.0
30,139,5,100.31107,119.0
30,140,5,98.69534,118.0
30,141,4,112.51794,117.0
30,142,0,116.8773,116.0
30,143,1,123.826454,115.0
31,36,2,104.753204,125.0
31,37,0,112.83096,125.0
31,38,4,97.32668,125.0
31,39,3,113.26792,125.0
31,40,5,110.45776,125.0
31,41,2,115.86896,125.0
31,42,1,114.450935,125.0
31,43,2,109.96291,125.0
31,44,0,105.866875,125.0
31,45,3,119.63891,125.0
31,46,3,124.66338,125.0
31,47,2,126.006004,125.0
31,48,2,124.54688,125.0
31,49,5,127.22002,125.0
31,50,3,113.37359,125.0
31,51,0,119.419655,125.0
31,52,0,114.44144,125.0
31,53,3,124.14314,125.0
31,54,0,116.768295,125.0
31,55,1,115.25614,125.0
31,56,5,120.22635,125.0
31,57,1,118.75065,125.0
31,58,1,112.71728,125.0
31,59,3,107.760445,125.0
31,60,0,103.535515,125.0
31,61,2,113.434,125.0
31,62,5,108.20142,125.0
31,63,1,104.82361,125.0
31,64,0,111.885994,125.0
31,65,2,105.99003,125.0
31,66,5,89.101364,125.0
31,67,3,112.50129,125.0
31,68,5,104.60324,125.0
31,69,0,98.60046,125.0
31,70,1,103.021675,125.0
31,71,0,109.10007,125.0
31,72,1,101.708626,125.0
31,73,0,111.61491,125.0
31,74,2,109.47054,125.0
31,75,0,112.64189,125.0
31,76,0,91.3594,125.0
31,77,5,97.39481,125.0
31,78,5,110.24863,125.0
31,79,3,99.49773,125.0
31,80,4,98.37946,124.0
31,81,4,108.70177,123.0
31,82,5,107.86431,122.0
31,83,0,107.14025,121.0
31,84,2,117.21901,120.0
31,85,5,118.72358,119.0
31,86,1,125.933784,118.0
31,87,1,124.81318,117.0
31,88,0,125.22765,116.0
31,89,0,124.19038,115.0
31,90,0,126.49932,114.0
31,91,4,119.506546,113.0
31,92,0,114.67887,112.0
31,93,1,101.50709,111.0
31,94,4,100.20793,110.0
31,95,5,103.820946,109.0
31,96,0,104.181206,108.0
31,97,4,78.74839,107.0
31,98,4,84.75709,106.0
31,99,5,89.422874,105.0
31,100,5,94.90163,104.0
31,101,3,101.260124,103.0
31,102,1,88.84366,102.0
31,103,2,83.14243,101.0
31,104,5,87.88278,100.0
31,105,5,91.89076,99.0
31,106,2,93.434006,98.0
31,107,4,98.9957,97.0
31,108,5,100.31005,96.0
31,109,2,98.02471,95.0
31,110,1,108.11395,94.0
31,111,2,111.65443,93.0
31,112,1,125.30694,92.0
31,113,0,118.61289,91.0
31,114,3,120.71875,90.0
31,115,1,109.369774,89.0
31,116,1,111.25053,88.0
31,117,5,99.83833,87.0
31,118,1,104.377464,86.0
31,119,2,102.34502,85.0
31,120,0,115.126945,84.0
31,121,4,119.03739,83.0
31,122,0,109.33241,82.0
31,123,3,99.2701,81.0
31,124,1,91.31022,80.0
31,125,5,86.77111,79.0
31,126,4,102.204346,78.0
31,127,3,100.99092,77.0
31,128,5,95.86878,76.0
31,129,5,96.98025,75.0
31,130,5,97.35098,74.0
31,131,5,85.38618,73.0
31,132,5,68.98692,72.0
31,133,1,79.93675,71.0
31,134,5,77.82186,70.0
31,135,0,67.693214,69.0
31,136,4,66.71311,68.0
31,137,5,69.42627,67.0
31,138,5,56.943672,66.0
31,139,2,48.95972,65.0
31,140,3,60.763046,64.0
31,141,1,70.6043,63.0
31,142,0,67.015,62.0
31,143,4,59.34321,61.0
31,144,4,62.975143,60.0
31,145,5,63.94067,59.0
31,146,1,68.06495,58.0
31,147,4,68.70943,57.0
31,148,1,74.05921,56.0
31,149,3,80.80218,55.0
31,150,3,68.81353,54.0
31,151,3,63.59106,53.0
31,152,5,65.00472,52.0
31,153,5,69.296326,51.0
31,154,4,41.28858,50.0
31,155,4,46.51829,49.0
31,156,2,53.81163,48.0
31,157,5,45.153694,47.0
31,158,1,50.153408,46.0
31,159,1,44.95592,45.0
31,160,0,44.66724,44.0
31,161,0,47.219856,43.0
31,162,0,50.22567,42.0
31,163,5,43.633823,41.0
31,164,5,36.1695,40.0
31,165,4,37.6421,39.0
31,166,3,45.023006,38.0
31,167,1,44.93966,37.0
31,168,0,40.893505,36.0
31,169,1,38.47875,35.0
31,170,3,40.930275,34.0
31,171,0,35.89465,33.0
31,172,3,34.350117,32.0
31,173,4,34.99667,31.0
31,174,5,32.006927,30.0
31,175,3,30.155529,29.0
31,176,0,32.306393,28.0
31,177,1,34.584244,27.0
31,178,5,27.656996,26.0
31,179,0,24.862804,25.0
31,180,1,21.9796,24.0
31,181,3,21.485405,23.0
31,182,4,20.484678,22.0
31,183,3,20.566551,21.0
31,184,5,18.363272,20.0
31,185,0,16.776009,19.0
31,186,4,13.792166,18.0
31,187,4,10.675138,17.0
31,188,1,11.997244,16.0
31,189,0,16.40869,15.0
31,190,4,10.205895,14.0
31,191,4,11.303977,13.0
31,192,3,9.236321,12.0
31,193,0,10.87689,11.0
31,194,4,11.070252,10.0
31,195,4,9.507563,9.0
31,196,0,11.403282,8.0
32,36,5,120.07578,125.0
32,37,1,112.81687,125.0
32,38,4,114.50466,125.0
32,39,5,128.85463,125.0
32,40,2,127.17654,125.0
32,41,0,123.91689,125.0
32,42,2,125.02268,125.0
32,43,2,117.65628,125.0
32,44,0,115.57702,125.0
32,45,0,104.55048,125.0
32,46,1,116.01444,125.0
32,47,1,109.10463,125.0
32,48,5,114.260704,125.0
32,49,1,117.19964,125.0
32,50,5,117.784904,125.0
32,51,5,111.91701,125.0
32,52,4,123.22647,125.0
32,53,2,116.34002,125.0
32,54,5,118.11016,125.0
32,55,4,114.20319,125.0
32,56,5,120.87255,125.0
32,57,4,125.8417,125.0
32,58,3,119.539505,125.0
32,59,1,111.57534,125.0
32,60,0,110.7349,125.0
32,61,4,111.69622,125.0
32,62,2,109.429756,125.0
32,63,2,117.063065,125.0
32,64,3,109.732475,125.0
32,65,5,116.25369,125.0
32,66,2,114.19844,125.0
32,67,5,116.18832,125.0
32,68,2,106.76033,125.0
32,69,5,113.32626,124.0
32,70,1,107.00237,123.0
32,71,3,105.499535,122.0
32,72,5,108.12078,121.0
32,73,0,102.4928,120.0
32,74,4,106.89957,119.0
32,75,2,118.20966,118.0
32,76,1,115.8364,117.0
32,77,2,116.67714,116.0
32,78,2,119.55044,115.0
32,79,3,115.92968,114.0
32,80,2,112.40644,113.0
32,81,1,115.19593,112.0
32,82,5,111.441505,111.0
32,83,5,103.04172,110.0
32,84,3,98.25031,109.0
32,85,4,103.7131,108.0
32,86,4,97.551926,107.0
32,87,5,107.674126,106.0
32,88,2,106.910645,105.0
32,89,5,109.99631,104.0
32,90,5,106.533936,103.0
32,91,5,99.08221,102.0
32,92,1,97.80212,101.0
32,93,3,97.95845,100.0
32,94,3,99.069496,99.0
32,95,2,91.96662,98.0
32,96,5,87.04558,97.0
32,97,3,100.37882,96.0
32,98,3,86.389595,95.0
32,99,2,95.1206,94.0
32,100,2,95.10815,93.0
32,101,1,96.188255,92.0
32,102,4,82.813484,91.0
32,103,0,73.63581,90.0
32,104,0,80.36846,89.0
32,105,4,84.65601,88.0
32,106,4,87.38786,87.0
32,107,4,73.23716,86.0
32,108,5,70.52666,85.0
32,109,0,69.3818,84.0
32,110,1,74.72491,83.0
32,111,2,62.189373,82.0
32,112,3,70.24751,81.0
32,113,3,81.7584,80.0
32,114,2,85.14163,79.0
32,115,5,84.63296,78.0
32,116,4,91.20903,77.0
32,117,4,92.24511,76.0
32,118,2,91.67536,75.0
32,119,5,85.91726,74.0
32,120,4,82.098045,73.0
32,121,5,79.31057,72.0
32,122,5,76.069824,71.0
32,123,4,80.29283,70.0
32,124,1,81.790535,69.0
32,125,5,54.804604,68.0
32,126,4,65.31285,67.0
32,127,1,61.859097,66.0
32,128,1,53.08904,65.0
32,129,3,53.378708,64.0
32,130,5,50.500214,63.0
32,131,1,44.3443,62.0
32,132,2,43.886135,61.0
32,133,0,48.708195,60.0
32,134,4,38.34972,59.0
32,135,5,42.53886,58.0
32,136,4,45.445522,57.0
32,137,1,48.4605,56.0
32,138,3,41.232952,55.0
32,139,4,37.49709,54.0
32,140,0,39.623096,53.0
32,141,3,30.500874,52.0
32,142,5,31.885094,51.0
32,143,2,24.751968,50.0
32,144,0,28.898132,49.0
32,145,2,28.541912,48.0
33,36,1,118.68856,120.0
33,37,3,118.10201,119.0
33,38,2,115.243126,118.0
33,39,1,103.90478,117.0
33,40,0,121.88223,116.0
33,41,3,123.33738,115.0
33,42,3,110.73903,114.0
33,43,0,114.99008,113.0
33,44,3,106.98295,112.0
33,45,3,103.73069,111.0
33,46,4,73.35444,110.0
33,47,4,91.40072,109.0
33,48,0,106.221794,108.0
33,49,3,113.82253,107.0
33,50,5,105.4479,106.0
34,36,5,111.14458,125.0
34,37,5,114.25689,125.0
34,38,0,117.70884,125.0
34,39,1,118.883575,125.0
34,40,3,116.13326,125.0
34,41,4,125.12414,125.0
34,42,0,109.778465,125.0
34,43,4,119.768,125.0
34,44,0,125.15802,125.0
34,45,4,122.425514,125.0
34,46,5,115.917114,125.0
34,47,2,114.545395,125.0
34,48,1,119.21528,125.0
34,49,0,121.07453,125.0
34,50,3,123.98785,125.0
34,51,5,128.51663,125.0
34,52,5,129.76291,125.0
34,53,0,120.17424,125.0
34,54,3,127.508965,125.0
34,55,5,119.70362,125.0
34,56,3,126.835884,125.0
34,57,2,124.446205,125.0
34,58,4,129.3377,125.0
34,59,3,123.612686,125.0
34,60,4,129.01494,125.0
34,61,4,127.11021,125.0
34,62,5,125.26142,125.0
34,63,1,122.26178,125.0
34,64,0,117.97917,125.0
34,65,5,123.85371,125.0
34,66,3,117.2425,125.0
34,67,1,119.8985,125.0
34,68,4,122.02999,125.0
34,69,1,119.74548,125.0
34,70,4,110.822525,125.0
34,71,0,106.478645,125.0
34,72,4,117.70295,125.0
34,73,0,124.99259,125.0
34,74,3,130.8292,125.0
34,75,5,123.660545,125.0
34,76,5,120.00448,125.0
34,77,1,122.80309,125.0
34,78,1,121.94789,125.0
34,79,5,123.154884,125.0
34,80,0,127.91015,125.0
34,81,4,130.11618,125.0
34,82,3,130.70883,125.0
34,83,5,129.9613,125.0
34,84,4,136.07846,125.0
34,85,5,137.14633,125.0
34,86,4,123.712875,124.0
34,87,0,119.00781,123.0
34,88,2,112.73984,122.0
34,89,3,116.73577,121.0
34,90,3,128.90358,120.0
34,91,3,117.43934,119.0
34,92,1,124.32962,118.0
34,93,5,117.94534,117.0
34,94,2,114.70336,116.0
34,95,4,110.06589,115.0
34,96,5,105.311745,114.0
34,97,3,110.02071,113.0
34,98,2,93.483795,112.0
34,99,5,102.46273,111.0
34,100,3,115.79455,110.0
34,101,5,107.89599,109.0
34,102,2,102.363655,108.0
34,103,1,109.1546,107.0
34,104,2,107.46491,106.0
34,105,4,100.30509,105.0
34,106,4,104.49543,104.0
34,107,2,92.14677,103.0
34,108,0,84.15536,102.0
34,109,4,97.96633,101.0
34,110,0,96.697426,100.0
34,111,3,83.28409,99.0
34,112,1,89.91264,98.0
34,113,3,78.69746,97.0
34,114,1,97.96071,96.0
34,115,1,97.46355,95.0
34,116,3,87.75959,94.0
34,117,2,95.04037,93.0
34,118,5,96.546104,92.0
34,119,1,82.26107,91.0
34,120,0,87.59179,90.0
34,121,2,93.01891,89.0
34,122,0,87.49631,88.0
34,123,5,78.80836,87.0
34,124,4,87.57798,86.0
34,125,0,86.10183,85.0
34,126,1,81.18445,84.0
34,127,3,75.70661,83.0
34,128,5,67.07865,82.0
34,129,4,68.1701,81.0
34,130,0,68.31302,80.0
34,131,5,66.59181,79.0
34,132,4,88.93762,78.0
34,133,5,93.746605,77.0
34,134,3,70.3193,76.0
34,135,2,88.07455,75.0
34,136,5,91.76293,74.0
34,137,0,88.56042,73.0
34,138,1,89.85104,72.0
34,139,0,83.266975,71.0
34,140,2,97.367165,70.0
34,141,5,79.46821,69.0
34,142,2,81.58638,68.0
34,143,2,72.87181,67.0
34,144,5,51.7822,66.0
34,145,0,51.99178,65.0
34,146,2,44.123905,64.0
34,147,0,46.28744,63.0
34,148,3,62.647293,62.0
34,149,4,49.574886,61.0
34,150,2,37.991684,60.0
34,151,5,44.264416,59.0
34,152,3,38.64262,58.0
34,153,1,41.06764,57.0
34,154,0,37.816162,56.0
34,155,0,40.027424,55.0
34,156,4,35.331566,54.0
34,157,1,44.2829,53.0
34,158,3,35.758266,52.0
34,159,1,38.950314,51.0
34,160,0,41.5556,50.0
34,161,3,33.950153,49.0
34,162,3,33.40447,48.0
34,163,3,26.5476,47.0
34,164,4,30.527004,46.0
34,165,5,27.501331,45.0
34,166,4,26.414978,44.0
34,167,3,24.867714,43.0
34,168,0,28.24631,42.0
34,169,2,27.624275,41.0
34,170,4,18.508595,40.0
34,171,4,17.073544,39.0
34,172,4,22.328077,38.0
34,173,0,25.0616,37.0
34,174,5,21.4551,36.0
34,175,2,20.274998,35.0
34,176,0,28.068745,34.0
34,177,2,22.471634,33.0
34,178,3,22.232523,32.0
34,179,2,24.415205,31.0
34,180,3,27.240803,30.0
34,181,5,26.033081,29.0
34,182,3,22.464386,28.0
34,183,5,22.857275,27.0
34,184,5,19.134491,26.0
34,185,1,18.053734,25.0
34,186,4,15.52578,24.0
34,187,5,11.95656,23.0
34,188,1,12.623728,22.0
34,189,2,12.071543,21.0
34,190,4,10.543086,20.0
34,191,5,10.673311,19.0
34,192,5,9.465933,18.0
34,193,0,9.162318,17.0
34,194,0,6.628773,16.0
34,195,0,11.146717,15.0
34,196,2,8.148799,14.0
34,197,2,5.945211,13.0
34,198,1,8.577941,12.0
34,199,1,6.731383,11.0
34,200,3,10.246946,10.0
34,201,1,10.106556,9.0
34,202,4,10.108434,8.0
34,203,0,6.1757936,7.0
35,36,2,110.08058,125.0
35,37,4,109.52498,125.0
35,38,0,102.64757,125.0
35,39,1,109.35618,125.0
35,40,1,104.10146,125.0
35,41,4,101.10598,125.0
35,42,5,99.889336,125.0
35,43,1,100.49753,125.0
35,44,5,105.2284,125.0
35,45,1,92.55962,125.0
35,46,5,107.07647,125.0
35,47,5,110.90003,125.0
35,48,0,117.77343,125.0
35,49,0,113.1561,125.0
35,50,1,110.8806,125.0
35,51,0,116.36469,125.0
35,52,0,118.327934,125.0
35,53,2,118.224915,125.0
35,54,2,124.21552,125.0
35,55,2,125.284874,125.0
35,56,4,112.60286,125.0
35,57,5,117.97298,125.0
35,58,0,116.836426,125.0
35,59,2,119.88555,125.0
35,60,4,118.36953,125.0
35,61,4,115.99755,125.0
35,62,4,125.33169,125.0
35,63,2,123.77518,125.0
35,64,3,129.91893,125.0
35,65,4,127.807045,125.0
35,66,1,125.33821,125.0
35,67,4,115.90591,125.0
35,68,3,115.47904,125.0
35,69,4,110.87541,125.0
35,70,1,117.589195,125.0
35,71,5,112.543526,125.0
35,72,2,118.20167,125.0
35,73,4,103.46703,125.0
35,74,4,119.58013,125.0
35,75,4,117.57086,125.0
35,76,0,116.979546,125.0
35,77,2,112.11704,125.0
35,78,4,105.991806,125.0
35,79,5,110.999306,125.0
35,80,1,108.57432,125.0
35,81,5,110.963585,125.0
35,82,0,114.071594,125.0
35,83,0,124.90873,125.0
35,84,4,129.88402,125.0
35,85,3,121.76378,124.0
35,86,3,107.35825,123.0
35,87,4,117.58218,122.0
35,88,4,120.66802,121.0
35,89,2,124.23161,120.0
35,90,5,121.64089,119.0
35,91,5,123.144165,118.0
35,92,4,116.59408,117.0
35,93,4,108.35987,116.0
35,94,4,109.77639,115.0
35,95,0,106.809746,114.0
35,96,1,112.123276,113.0
35,97,2,116.34485,112.0
35,98,4,120.303406,111.0
35,99,2,118.873344,110.0
35,100,1,100.39487,109.0
35,101,0,95.826164,108.0
35,102,1,102.148506,107.0
35,103,4,107.32302,106.0
35,104,5,100.01175,105.0
35,105,0,110.82556,104.0
35,106,2,115.09962,103.0
35,107,3,114.47492,102.0
35,108,5,108.256645,101.0
35,109,0,115.74291,100.0
35,110,5,113.64121,99.0
35,111,4,117.77512,98.0
35,112,4,118.00996,97.0
35,113,5,115.61968,96.0
35,114,2,116.30252,95.0
35,115,4,109.50289,94.0
35,116,5,113.99681,93.0
35,117,0,103.76234,92.0
35,118,4,102.90061,91.0
35,119,1,103.86324,90.0
35,120,0,110.20999,89.0
35,121,4,108.46074,88.0
35,122,4,112.06309,87.0
35,123,4,105.57458,86.0
35,124,2,108.4945,85.0
35,125,2,113.558014,84.0
35,126,5,107.406715,83.0
35,127,0,101.069695,82.0
35,128,4,100.39167,81.0
35,129,0,108.06603,80.0
35,130,1,100.28796,79.0
35,131,0,100.22004,78.0
35,132,0,95.2924,77.0
35,133,5,78.965195,76.0
35,134,3,98.524025,75.0
35,135,4,94.87305,74.0
35,136,0,89.43062,73.0
35,137,1,87.081535,72.0
35,138,0,92.320755,71.0
35,139,2,92.37101,70.0
35,140,2,96.40532,69.0
35,141,4,100.3078,68.0
35,142,5,106.05178,67.0
35,143,1,100.86003,66.0
35,144,2,104.14588,65.0
35,145,0,102.023254,64.0
35,146,3,95.39536,63.0
35,147,1,86.86402,62.0
35,148,0,83.93684,61.0
35,149,4,79.63015,60.0
35,150,4,85.54829,59.0
35,151,0,84.15209,58.0
35,152,0,75.84644,57.0
35,153,3,65.152054,56.0
35,154,0,62.12695,55.0
35,155,2,61.136242,54.0
35,156,3,61.71172,53.0
35,157,1,55.94523,52.0
35,158,2,62.84463,51.0
35,159,2,55.22253,50.0
35,160,2,52.243187,49.0
35,161,4,48.42538,48.0
35,162,1,59.526646,47.0
35,163,3,60.846577,46.0
35,164,5,77.17829,45.0
35,165,3,57.5527,44.0
35,166,2,65.7588,43.0
35,167,4,65.35866,42.0
35,168,4,47.51465,41.0
35,169,1,38.638004,40.0
35,170,1,36.08948,39.0
35,171,5,50.6074,38.0
35,172,5,45.15909,37.0
35,173,0,48.18681,36.0
35,174,2,46.921383,35.0
35,175,1,51.213192,34.0
35,176,4,48.064774,33.0
35,177,5,44.28728,32.0
35,178,4,40.470776,31.0
35,179,5,41.156414,30.0
35,180,0,40.36704,29.0
35,181,1,39.610516,28.0
35,182,2,36.725826,27.0
35,183,2,34.452442,26.0
35,184,2,31.370657,25.0
35,185,4,34.360382,24.0
35,186,2,35.94335,23.0
35,187,2,27.455082,22.0
35,188,5,26.845387,21.0
35,189,3,31.791893,20.0
35,190,4,35.95712,19.0
35,191,4,31.776817,18.0
35,192,0,31.088062,17.0
35,193,1,32.9392,16.0
35,194,4,27.7421,15.0
35,195,2,23.998772,14.0
35,196,1,25.989563,13.0
35,197,1,27.72894,12.0
35,198,2,27.551931,11.0
36,36,1,121.766914,109.0
36,37,5,115.765884,108.0
36,38,1,104.17731,107.0
36,39,3,102.764694,106.0
36,40,2,101.69079,105.0
36,41,5,104.659195,104.0
36,42,5,113.81305,103.0
36,43,3,119.95431,102.0
36,44,1,119.16515,101.0
36,45,5,108.54722,100.0
36,46,2,107.57647,99.0
36,47,2,116.49436,98.0
36,48,0,109.84586,97.0
36,49,2,114.92872,96.0
36,50,0,111.75574,95.0
36,51,1,118.246475,94.0
36,52,3,124.094666,93.0
36,53,1,113.72771,92.0
36,54,5,108.7972,91.0
36,55,0,109.17016,90.0
36,56,2,119.68865,89.0
36,57,4,113.50317,88.0
36,58,1,111.47622,87.0
36,59,4,110.14,86.0
36,60,0,117.943924,85.0
36,61,0,119.05082,84.0
36,62,1,122.168526,83.0
36,63,4,116.83202,82.0
36,64,5,124.38676,81.0
36,65,3,117.21122,80.0
36,66,2,126.39146,79.0
36,67,0,123.38875,78.0
36,68,2,124.119644,77.0
36,69,2,118.81404,76.0
36,70,1,129.94467,75.0
36,71,4,118.16146,74.0
36,72,1,112.46769,73.0
36,73,4,113.90791,72.0
36,74,5,120.89915,71.0
36,75,0,103.58796,70.0
36,76,3,114.52006,69.0
36,77,0,113.33604,68.0
36,78,0,88.36559,67.0
36,79,0,101.43546,66.0
36,80,5,95.29959,65.0
36,81,4,97.31072,64.0
36,82,1,86.22404,63.0
36,83,3,85.1999,62.0
36,84,4,69.90707,61.0
36,85,2,72.37931,60.0
36,86,0,85.35028,59.0
36,87,1,83.523926,58.0
36,88,2,88.08127,57.0
36,89,5,87.807076,56.0
36,90,0,79.97384,55.0
36,91,1,71.62,54.0
36,92,0,70.63062,53.0
36,93,1,63.483032,52.0
36,94,2,56.080334,51.0
36,95,0,66.58388,50.0
36,96,3,62.16148,49.0
36,97,2,79.36606,48.0
36,98,2,69.49842,47.0
36,99,2,77.29516,46.0
36,100,2,76.1166,45.0
36,101,3,77.398094,44.0
36,102,3,82.20172,43.0
36,103,5,81.85045,42.0
36,104,5,80.008095,41.0
36,105,4,78.464905,40.0
36,106,1,86.47969,39.0
36,107,5,79.91728,38.0
36,108,2,67.20292,37.0
36,109,0,79.03309,36.0
36,110,4,58.228275,35.0
36,111,0,60.334553,34.0
36,112,2,77.51124,33.0
36,113,0,74.46095,32.0
36,114,1,63.798508,31.0
36,115,2,65.04928,30.0
36,116,1,57.59299,29.0
36,117,2,52.095104,28.0
36,118,2,57.043087,27.0
36,119,1,59.040096,26.0
36,120,4,49.188206,25.0
36,121,5,58.727833,24.0
36,122,2,53.48843,23.0
36,123,1,50.305126,22.0
36,124,5,51.521053,21.0
36,125,4,46.437084,20.0
36,126,2,40.332035,19.0
37,36,3,107.173485,106.0
37,37,3,121.21381,105.0
37,38,3,112.734825,104.0
37,39,2,121.10215,103.0
37,40,2,111.15521,102.0
37,41,0,104.28913,101.0
37,42,0,114.106255,100.0
37,43,0,112.160515,99.0
37,44,0,112.52998,98.0
37,45,4,123.157326,97.0
37,46,5,120.637535,96.0
37,47,1,122.24402,95.0
37,48,5,116.50442,94.0
37,49,3,125.96347,93.0
37,50,5,121.7938,92.0
37,51,0,128.65956,91.0
37,52,1,124.89486,90.0
37,53,2,121.01069,89.0
37,54,0,119.20708,88.0
37,55,3,113.08767,87.0
37,56,5,95.66629,86.0
37,57,5,92.42124,85.0
37,58,4,100.85978,84.0
37,59,1,108.48106,83.0
37,60,5,102.45303,82.0
37,61,5,105.445244,81.0
37,62,5,103.74983,80.0
37,63,5,109.406906,79.0
37,64,1,106.5527,78.0
37,65,1,105.37572,77.0
37,66,2,96.28155,76.0
37,67,1,98.290436,75.0
37,68,4,111.13578,74.0
37,69,5,104.107765,73.0
37,70,5,102.64972,72.0
37,71,2,98.252594,71.0
37,72,5,80.605446,70.0
37,73,4,89.68011,69.0
37,74,0,78.40923,68.0
37,75,3,69.91062,67.0
37,76,4,71.31989,66.0
37,77,5,74.44935,65.0
37,78,0,61.548126,64.0
37,79,3,75.24002,63.0
37,80,5,54.422077,62.0
37,81,1,66.98323,61.0
37,82,4,50.885517,60.0
37,83,0,44.320522,59.0
37,84,3,50.051098,58.0
37,85,2,54.540092,57.0
37,86,2,47.055634,56.0
37,87,5,52.449116,55.0
37,88,0,56.235096,54.0
37,89,3,53.57021,53.0
37,90,5,47.863895,52.0
37,91,2,46.56442,51.0
37,92,4,42.36285,50.0
37,93,4,42.323154,49.0
37,94,2,34.5402,48.0
37,95,2,39.475964,47.0
37,96,3,39.821964,46.0
37,97,0,39.1843,45.0
37,98,3,40.629555,44.0
37,99,2,40.201336,43.0
37,100,0,38.48458,42.0
37,101,0,34.571545,41.0
37,102,5,39.032406,40.0
37,103,1,33.50678,39.0
37,104,4,38.64058,38.0
37,105,5,27.538765,37.0
37,106,0,36.18224,36.0
37,107,4,34.6261,35.0
37,108,0,21.875528,34.0
37,109,0,23.669338,33.0
37,110,4,23.763494,32.0
37,111,0,22.214024,31.0
37,112,5,19.167778,30.0
37,113,2,19.92576,29.0
37,114,3,19.752426,28.0
37,115,5,15.21886,27.0
37,116,1,13.098848,26.0
37,117,2,12.174725,25.0
37,118,2,10.658133,24.0
37,119,1,11.243452,23.0
37,120,5,10.779887,22.0
37,121,5,12.350153,21.0
38,36,0,113.63886,125.0
38,37,0,111.59497,125.0
38,38,4,118.281006,125.0
38,39,5,116.340034,125.0
38,40,5,110.15831,125.0
38,41,3,122.97107,125.0
38,42,1,121.62205,125.0
38,43,0,114.57154,125.0
38,44,2,114.22098,125.0
38,45,0,115.8347,125.0
38,46,0,111.05712,125.0
38,47,3,99.039375,125.0
38,48,3,121.64553,125.0
38,49,0,127.926384,125.0
38,50,0,120.988815,125.0
38,51,2,112.24752,124.0
38,52,2,103.601875,123.0
38,53,0,112.016365,122.0
38,54,3,106.43655,121.0
38,55,0,99.27382,120.0
38,56,2,102.48719,119.0
38,57,0,107.452,118.0
38,58,5,106.633026,117.0
38,59,4,118.77236,116.0
38,60,3,111.99677,115.0
38,61,4,120.43089,114.0
38,62,5,123.434715,113.0
38,63,0,122.7509,112.0
38,64,2,125.202126,111.0
38,65,2,115.64735,110.0
38,66,1,111.617165,109.0
38,67,4,110.068306,108.0
38,68,3,114.61733,107.0
38,69,1,110.26093,106.0
38,70,2,124.855415,105.0
38,71,3,105.26783,104.0
38,72,5,109.26713,103.0
38,73,4,111.761246,102.0
38,74,2,116.84512,101.0
38,75,2,114.40041,100.0
38,76,4,108.728,99.0
38,77,0,110.56554,98.0
38,78,1,109.66036,97.0
38,79,0,101.62645,96.0
38,80,1,112.15708,95.0
38,81,5,103.957664,94.0
38,82,1,90.485176,93.0
38,83,5,102.34824,92.0
38,84,0,112.81602,91.0
38,85,0,110.69403,90.0
38,86,0,107.3499,89.0
38,87,2,98.19983,88.0
38,88,5,108.706215,87.0
38,89,5,96.29163,86.0
38,90,0,96.90076,85.0
38,91,3,101.26791,84.0
38,92,0,97.96196,83.0
38,93,5,101.475365,82.0
38,94,4,107.81446,81.0
38,95,5,93.722855,80.0
38,96,5,113.61193,79.0
38,97,4,111.12151,78.0
38,98,2,109.10944,77.0
38,99,3,90.907814,76.0
38,100,5,93.484665,75.0
38,101,5,83.78592,74.0
38,102,5,80.4191,73.0
38,103,5,81.53849,72.0
38,104,5,75.23937,71.0
38,105,4,85.34558,70.0
38,106,2,90.85877,69.0
38,107,2,88.57836,68.0
38,108,4,90.25424,67.0
38,109,4,87.668465,66.0
38,110,3,91.67907,65.0
38,111,3,82.663704,64.0
38,112,4,74.61655,63.0
38,113,0,78.00029,62.0
38,114,0,71.87794,61.0
38,115,3,65.72763,60.0
38,116,1,54.139557,59.0
38,117,0,68.05336,58.0
38,118,1,49.33024,57.0
38,119,0,56.293724,56.0
38,120,1,54.53773,55.0
38,121,1,53.223137,54.0
38,122,4,57.749905,53.0
38,123,3,49.14902,52.0
38,124,4,52.17893,51.0
38,125,2,49.836655,50.0
39,36,1,99.43449,125.0
39,37,5,106.92864,125.0
40,36,2,101.276634,125.0
40,37,4,109.18691,124.0
40,38,3,114.33565,123.0
40,39,5,120.89903,122.0
40,40,0,112.66837,121.0
40,41,0,114.458916,120.0
40,42,0,108.931725,119.0
40,43,5,106.529976,118.0
40,44,3,99.16198,117.0
40,45,0,105.4622,116.0
40,46,0,107.96703,115.0
40,47,4,115.64519,114.0
40,48,0,112.98869,113.0
40,49,4,105.76539,112.0
40,50,5,119.79535,111.0
40,51,0,118.41245,110.0
40,52,1,125.722275,109.0
40,53,3,128.44075,108.0
40,54,4,128.70995,107.0
40,55,4,126.71078,106.0
40,56,4,130.12875,105.0
40,57,4,123.23527,104.0
40,58,5,118.796844,103.0
40,59,5,117.98817,102.0
40,60,0,114.9511,101.0
40,61,3,118.80775,100.0
40,62,3,106.78456,99.0
40,63,5,105.77372,98.0
40,64,4,121.40567,97.0
40,65,4,103.02177,96.0
40,66,0,88.173256,95.0
40,67,3,92.25798,94.0
40,68,5,103.507355,93.0
40,69,5,96.92572,92.0
40,70,3,87.55764,91.0
40,71,5,81.87693,90.0
40,72,4,86.985634,89.0
40,73,5,96.06258,88.0
40,74,2,91.82392,87.0
40,75,5,96.05127,86.0
40,76,2,95.926414,85.0
40,77,5,98.54691,84.0
40,78,3,100.1982,83.0
40,79,4,103.12892,82.0
40,80,0,114.02651,81.0
40,81,5,117.34935,80.0
40,82,2,116.5886,79.0
40,83,0,108.76111,78.0
40,84,4,98.340065,77.0
40,85,1,95.794426,76.0
40,86,1,107.59802,75.0
40,87,2,95.60725,74.0
40,88,2,97.94911,73.0
40,89,0,115.53835,72.0
40,90,5,101.777725,71.0
40,91,1,108.339516,70.0
40,92,2,109.70289,69.0
40,93,2,103.45896,68.0
40,94,3,111.30616,67.0
40,95,1,117.25849,66.0
40,96,2,120.7482,65.0
40,97,5,101.73887,64.0
40,98,3,117.64617,63.0
40,99,5,110.84428,62.0
40,100,4,109.58971,61.0
40,101,1,105.881485,60.0
40,102,3,104.87333,59.0
40,103,1,84.889565,58.0
40,104,0,92.12025,57.0
40,105,0,104.68771,56.0
40,106,0,94.55816,55.0
40,107,4,91.47331,54.0
40,108,4,83.509514,53.0
40,109,2,75.00413,52.0
40,110,5,78.75462,51.0
40,111,0,64.76447,50.0
40,112,0,68.00007,49.0
40,113,2,74.79871,48.0
40,114,4,59.61299,47.0
40,115,4,54.280533,46.0
40,116,4,56.910736,45.0
40,117,4,49.130703,44.0
40,118,5,47.218204,43.0
40,119,2,52.6779,42.0
40,120,2,42.45811,41.0
40,121,3,41.140053,40.0
40,122,5,41.495438,39.0
40,123,1,45.25165,38.0
40,124,0,40.802574,37.0
40,125,2,40.376217,36.0
40,126,4,42.6384,35.0
40,127,3,43.870556,34.0
40,128,5,39.92022,33.0
40,129,2,35.343742,32.0
40,130,0,41.576435,31.0
40,131,4,40.126007,30.0
40,132,3,44.473812,29.0
40,133,2,43.633453,28.0
41,36,4,113.731514,105.0
41,37,2,114.57177,104.0
41,38,1,118.41567,103.0
41,39,4,119.61743,102.0
41,40,2,115.90073,101.0
41,41,4,109.41568,100.0
41,42,5,104.156746,99.0
41,43,3,109.73925,98.0
41,44,0,116.721275,97.0
41,45,4,118.108086,96.0
41,46,1,124.93318,95.0
41,47,5,120.75673,94.0
41,48,0,112.4645,93.0
41,49,2,99.414024,92.0
41,50,2,104.11013,91.0
41,51,3,110.25813,90.0
41,52,0,111.210365,89.0
41,53,4,104.3041,88.0
41,54,1,107.912766,87.0
41,55,3,99.515564,86.0
41,56,5,100.34295,85.0
41,57,5,103.471886,84.0
41,58,0,96.85452,83.0
41,59,0,97.671394,82.0
41,60,5,113.46285,81.0
41,61,4,105.40965,80.0
41,62,4,94.860176,79.0
41,63,5,94.50752,78.0
41,64,3,106.62527,77.0
41,65,0,96.72429,76.0
41,66,1,104.59752,75.0
41,67,2,105.29151,74.0
41,68,0,113.9399,73.0
41,69,2,108.17838,72.0
41,70,5,96.61065,71.0
41,71,0,108.73011,70.0
41,72,0,110.23849,69.0
41,73,0,97.54812,68.0
41,74,0,91.67007,67.0
41,75,2,98.544426,66.0
41,76,1,102.2264,65.0
41,77,0,92.83092,64.0
41,78,3,89.22799,63.0
41,79,2,98.82435,62.0
41,80,2,92.624535,61.0
41,81,2,92.41819,60.0
41,82,4,86.261024,59.0
41,83,1,102.30938,58.0
41,84,0,81.86514,57.0
41,85,3,82.632744,56.0
41,86,5,86.21046,55.0
41,87,1,71.73407,54.0
41,88,5,62.569725,53.0
41,89,4,64.94659,52.0
41,90,3,51.644184,51.0
41,91,0,43.96044,50.0
41,92,3,62.488056,49.0
41,93,5,58.35876,48.0
41,94,3,72.824684,47.0
41,95,0,60.206127,46.0
41,96,2,74.3585,45.0
41,97,5,55.723045,44.0
41,98,4,56.88073,43.0
41,99,3,54.885098,42.0
41,100,4,49.723347,41.0
41,101,5,43.921486,40.0
41,102,3,39.10187,39.0
41,103,2,49.58139,38.0
41,104,3,39.139126,37.0
41,105,4,40.32226,36.0
41,106,5,34.451397,35.0
41,107,5,37.5063,34.0
41,108,3,29.068344,33.0
41,109,0,25.648,32.0
41,110,0,20.59615,31.0
41,111,0,20.320602,30.0
41,112,3,17.445606,29.0
41,113,3,15.5259495,28.0
41,114,4,13.579929,27.0
41,115,2,11.773276,26.0
41,116,2,12.44856,25.0
41,117,0,11.262947,24.0
41,118,3,9.730236,23.0
41,119,2,11.709864,22.0
41,120,2,7.4245067,21.0
41,121,5,8.76236,20.0
41,122,2,9.925905,19.0
41,123,1,8.448415,18.0
42,36,0,121.48369,125.0
42,37,5,119.82516,125.0
42,38,3,127.016914,125.0
42,39,5,123.760345,125.0
42,40,5,120.181114,125.0
42,41,5,129.4482,125.0
42,42,5,125.929634,124.0
42,43,5,123.8059,123.0
42,44,4,117.078285,122.0
42,45,5,111.075966,121.0
42,46,5,112.48745,120.0
42,47,4,98.96235,119.0
42,48,0,98.020454,118.0
42,49,1,107.2416,117.0
42,50,3,115.34098,116.0
42,51,1,126.597435,115.0
42,52,1,117.51151,114.0
42,53,4,122.84375,113.0
42,54,2,128.49599,112.0
42,55,2,128.19582,111.0
42,56,0,124.93424,110.0
42,57,5,128.06,109.0
42,58,0,119.434746,108.0
42,59,3,118.64577,107.0
42,60,3,123.040596,106.0
42,61,2,124.12963,105.0
42,62,0,123.55771,104.0
42,63,5,106.22945,103.0
42,64,3,112.38126,102.0
42,65,4,115.13274,101.0
42,66,3,99.317986,100.0
42,67,2,103.33106,99.0
42,68,0,109.35185,98.0
42,69,5,116.42579,97.0
42,70,2,105.137886,96.0
42,71,5,99.6083,95.0
42,72,1,98.88483,94.0
42,73,4,101.36561,93.0
42,74,1,101.27633,92.0
42,75,3,107.670586,91.0
42,76,1,114.21332,90.0
42,77,1,106.67307,89.0
42,78,2,102.032364,88.0
42,79,1,94.20942,87.0
42,80,4,91.95348,86.0
42,81,4,81.20772,85.0
42,82,3,89.7187,84.0
42,83,5,91.783356,83.0
42,84,0,83.42014,82.0
42,85,4,75.35839,81.0
42,86,5,68.45812,80.0
42,87,5,63.943382,79.0
42,88,3,68.87989,78.0
42,89,4,83.77957,77.0
42,90,5,84.71838,76.0
42,91,3,105.34495,75.0
42,92,5,100.53826,74.0
42,93,1,106.99036,73.0
42,94,1,102.17106,72.0
42,95,2,103.065605,71.0
42,96,1,96.17896,70.0
42,97,3,101.14539,69.0
42,98,3,93.40299,68.0
42,99,3,82.78687,67.0
42,100,4,72.34851,66.0
42,101,5,80.48197,65.0
42,102,1,95.07697,64.0
42,103,1,94.482956,63.0
42,104,4,77.82921,62.0
42,105,0,88.77854,61.0
42,106,2,78.423546,60.0
42,107,2,79.50231,59.0
42,108,2,95.95031,58.0
42,109,3,82.68458,57.0
42,110,5,80.73002,56.0
42,111,1,86.75453,55.0
42,112,2,88.95945,54.0
42,113,1,75.13653,53.0
42,114,2,67.21369,52.0
42,115,0,51.48437,51.0
42,116,5,50.5815,50.0
42,117,3,45.335377,49.0
42,118,1,48.95679,48.0
42,119,1,39.814163,47.0
42,120,4,42.747738,46.0
42,121,2,31.20121,45.0
42,122,3,32.325474,44.0
42,123,0,29.225979,43.0
42,124,2,28.350761,42.0
42,125,4,29.141193,41.0
42,126,1,33.808037,40.0
42,127,4,23.288336,39.0
42,128,4,24.048203,38.0
42,129,0,19.792484,37.0
42,130,5,20.235355,36.0
42,131,5,19.839302,35.0
42,132,5,26.327469,34.0
42,133,2,19.016872,33.0
42,134,5,16.722036,32.0
42,135,5,20.957438,31.0
42,136,2,16.423038,30.0
42,137,4,14.63684,29.0
42,138,1,18.809608,28.0
42,139,3,16.8101,27.0
42,140,2,13.176689,26.0
42,141,2,11.299305,25.0
42,142,2,9.219404,24.0
42,143,0,8.669926,23.0
42,144,1,10.20967,22.0
42,145,5,11.202852,21.0
42,146,4,9.887527,20.0
42,147,2,9.731267,19.0
42,148,3,10.594738,18.0
42,149,2,11.061116,17.0
42,150,3,9.099392,16.0
42,151,3,9.412937,15.0
42,152,0,9.189938,14.0
42,153,0,9.466871,13.0
42,154,4,7.5278277,12.0
42,155,5,4.7616334,11.0
42,156,0,5.324225,10.0
43,36,2,97.46409,125.0
43,37,0,105.415215,125.0
43,38,0,112.371956,125.0
43,39,4,109.79242,125.0
43,40,2,101.29072,125.0
43,41,2,92.728935,125.0
43,42,0,114.468864,125.0
43,43,5,102.47151,125.0
43,44,2,113.61909,125.0
43,45,2,117.650986,125.0
43,46,4,108.73582,125.0
43,47,3,127.592964,125.0
43,48,0,123.418526,125.0
43,49,5,124.50141,125.0
43,50,1,125.63237,125.0
43,51,0,124.18402,125.0
43,52,0,133.12506,125.0
43,53,5,113.92908,125.0
43,54,5,128.5153,125.0
43,55,2,127.742355,125.0
43,56,5,124.48354,125.0
43,57,1,119.23317,125.0
43,58,2,115.26853,125.0
43,59,2,107.34823,125.0
43,60,0,119.428444,125.0
43,61,5,118.19064,125.0
43,62,1,122.35447,125.0
43,63,5,117.72636,125.0
43,64,5,117.74367,125.0
43,65,2,114.830086,125.0
43,66,0,126.01807,125.0
43,67,3,120.469284,125.0
43,68,1,121.38119,125.0
43,69,0,113.2792,125.0
43,70,0,108.80546,125.0
43,71,4,106.293564,125.0
43,72,4,114.77619,125.0
43,73,5,116.24241,125.0
43,74,3,104.17688,125.0
43,75,2,114.953896,125.0
43,76,3,120.069824,125.0
43,77,3,115.0154,125.0
43,78,4,104.036674,125.0
43,79,5,109.6419,125.0
43,80,3,113.73776,125.0
43,81,3,112.615,125.0
43,82,2,110.77818,125.0
43,83,3,95.88381,125.0
43,84,2,111.94877,125.0
43,85,1,102.23943,125.0
43,86,2,111.25819,125.0
43,87,3,106.428505,125.0
43,88,1,108.90918,125.0
43,89,5,116.72895,125.0
43,90,0,112.79087,125.0
43,91,4,125.057495,125.0
43,92,5,121.35035,125.0
43,93,4,120.87525,125.0
43,94,0,127.600075,125.0
43,95,0,117.63479,125.0
43,96,1,117.39701,125.0
43,97,2,117.553604,125.0
43,98,0,115.38737,125.0
43,99,0,117.40691,125.0
43,100,4,125.13878,125.0
43,101,5,116.36351,125.0
43,102,0,102.90509,125.0
43,103,4,111.9282,125.0
43,104,4,101.735245,125.0
43,105,5,96.54095,125.0
43,106,0,79.788994,125.0
43,107,2,63.527843,124.0
43,108,4,87.87847,123.0
43,109,5,73.06139,122.0
43,110,2,62.28407,121.0
43,111,4,64.27091,120.0
43,112,3,77.80018,119.0
43,113,0,98.20539,118.0
43,114,2,98.59151,117.0
43,115,0,82.72692,116.0
43,116,5,106.24976,115.0
43,117,5,101.23681,114.0
43,118,4,104.35755,113.0
43,119,5,99.72254,112.0
43,120,3,112.66892,111.0
43,121,4,122.74599,110.0
43,122,0,122.82937,109.0
43,123,3,120.53548,108.0
43,124,2,121.941574,107.0
43,125,2,116.60549,106.0
43,126,5,126.80118,105.0
43,127,5,117.00068,104.0
43,128,4,120.171684,103.0
43,129,2,116.60993,102.0
43,130,4,115.54207,101.0
43,131,4,114.43566,100.0
43,132,3,110.47646,99.0
43,133,1,106.17062,98.0
43,134,0,112.71447,97.0
43,135,1,100.41364,96.0
43,136,3,110.65155,95.0
43,137,1,112.23467,94.0
43,138,5,115.462395,93.0
43,139,2,113.301216,92.0
43,140,4,108.73899,91.0
43,141,3,111.28961,90.0
43,142,0,119.65518,89.0
43,143,2,121.38088,88.0
43,144,0,127.126015,87.0
43,145,4,125.47675,86.0
43,146,0,116.9732,85.0
43,147,5,110.571266,84.0
43,148,2,106.41813,83.0
43,149,4,95.17495,82.0
43,150,5,103.57168,81.0
43,151,4,116.12249,80.0
43,152,5,108.15238,79.0
43,153,4,107.515854,78.0
43,154,0,97.24523,77.0
43,155,3,101.141975,76.0
43,156,4,93.734795,75.0
43,157,2,89.40327,74.0
43,158,1,104.64359,73.0
43,159,1,98.614006,72.0
43,160,2,92.008675,71.0
43,161,0,114.24874,70.0
43,162,2,97.867035,69.0
43,163,2,98.85421,68.0
43,164,2,81.66772,67.0
43,165,2,83.89098,66.0
43,166,5,89.47228,65.0
43,167,5,63.754818,64.0
43,168,4,96.65974,63.0
43,169,3,86.866905,62.0
43,170,4,77.76492,61.0
43,171,4,81.22354,60.0
43,172,1,90.90605,59.0
44,36,0,107.757286,125.0
44,37,3,121.203606,125.0
44,38,5,110.58141,125.0
44,39,3,116.45051,124.0
44,40,4,117.71148,123.0
44,41,0,120.7446,122.0
44,42,1,119.7014,121.0
44,43,4,119.33824,120.0
44,44,5,120.366394,119.0
44,45,4,122.37903,118.0
44,46,2,118.42993,117.0
44,47,0,101.271996,116.0
44,48,4,113.346306,115.0
44,49,4,102.59002,114.0
44,50,5,98.775566,113.0
44,51,1,110.69072,112.0
44,52,2,106.83203,111.0
44,53,4,111.20314,110.0
44,54,5,99.77897,109.0
45,36,3,137.99258,125.0
45,37,4,132.78781,125.0
45,38,3,133.28206,125.0
45,39,3,123.14243,125.0
45,40,0,114.69335,125.0
45,41,0,112.65685,125.0
45,42,0,113.69046,125.0
45,43,4,120.9649,125.0
45,44,4,123.22173,125.0
45,45,3,120.32335,125.0
45,46,5,108.677826,125.0
45,47,2,120.87533,125.0
45,48,2,116.67325,125.0
45,49,5,123.17782,125.0
45,50,4,111.56964,125.0
45,51,1,118.36605,125.0
45,52,0,122.941414,125.0
45,53,1,119.05471,125.0
45,54,4,112.369194,125.0
45,55,1,113.8894,125.0
45,56,1,109.987144,125.0
45,57,0,112.218925,125.0
45,58,4,117.97402,125.0
45,59,4,119.134026,125.0
45,60,1,128.63155,125.0
45,61,1,117.5366,125.0
45,62,0,125.415375,125.0
45,63,2,124.13172,125.0
45,64,2,128.35257,125.0
45,65,2,118.31721,125.0
45,66,4,120.863716,125.0
45,67,2,119.38152,125.0
45,68,0,120.38375,125.0
45,69,1,119.498634,125.0
45,70,0,110.54195,125.0
45,71,2,114.32356,125.0
45,72,4,120.980446,125.0
45,73,3,122.81756,125.0
45,74,2,126.12175,125.0
45,75,5,123.45713,125.0
45,76,4,120.66345,125.0
45,77,0,124.34722,125.0
45,78,4,131.12827,125.0
45,79,3,132.20068,125.0
45,80,4,132.33185,125.0
45,81,5,125.74052,125.0
45,82,2,124.29778,125.0
45,83,4,113.77851,125.0
45,84,1,119.8683,125.0
45,85,2,114.70011,125.0
45,86,5,117.37641,125.0
45,87,0,111.52763,125.0
45,88,1,124.28628,125.0
45,89,2,129.69495,125.0
45,90,4,125.49355,125.0
45,91,5,128.5006,125.0
45,92,0,135.20993,125.0
45,93,3,125.88776,125.0
45,94,1,128.9961,125.0
45,95,4,121.39322,125.0
45,96,5,124.052086,125.0
45,97,2,132.36751,125.0
45,98,5,118.00883,125.0
45,99,0,121.66677,125.0
45,100,0,119.25465,125.0
45,101,5,116.24954,125.0
45,102,0,114.18611,125.0
45,103,3,109.38471,125.0
45,104,1,117.27956,125.0
45,105,2,117.87959,125.0
45,106,1,115.323166,125.0
45,107,1,108.48466,125.0
45,108,4,109.50399,125.0
45,109,4,104.86666,125.0
45,110,2,101.48743,125.0
45,111,2,111.87681,125.0
45,112,2,121.32991,125.0
45,113,2,113.415405,125.0
45,114,4,128.01508,125.0
45,115,5,128.13156,125.0
45,116,0,129.85005,125.0
45,117,3,129.08922,125.0
45,118,5,131.09323,125.0
45,119,5,119.78439,125.0
45,120,5,121.2485,125.0
45,121,0,121.668335,125.0
45,122,4,109.15688,125.0
45,123,2,106.651535,125.0
45,124,5,120.743095,125.0
45,125,2,110.05044,125.0
45,126,5,121.591896,125.0
45,127,4,123.93479,125.0
45,128,5,127.15487,125.0
45,129,0,122.405396,125.0
45,130,4,126.3645,125.0
45,131,3,120.017204,125.0
45,132,0,122.326256,125.0
45,133,1,119.091225,125.0
45,134,2,118.132774,125.0
45,135,0,120.75289,125.0
45,136,1,114.15778,125.0
45,137,0,122.185905,125.0
45,138,1,119.455284,125.0
45,139,5,123.700325,125.0
45,140,0,124.007904,125.0
45,141,0,122.37037,125.0
45,142,4,125.513664,124.0
45,143,2,125.0826,123.0
45,144,0,118.47671,122.0
45,145,5,120.70044,121.0
45,146,5,113.95022,120.0
45,147,3,107.170204,119.0
45,148,2,105.54104,118.0
45,149,0,94.17895,117.0
45,150,2,92.38358,116.0
45,151,2,107.97987,115.0
45,152,3,94.51704,114.0
46,36,5,115.305885,125.0
46,37,4,102.31367,125.0
46,38,1,115.17911,125.0
46,39,0,106.44454,125.0
46,40,0,114.24443,125.0
46,41,0,105.56998,125.0
46,42,1,87.09469,125.0
46,43,4,95.14739,125.0
46,44,4,97.58944,125.0
46,45,1,105.24761,125.0
46,46,2,96.09276,125.0
46,47,5,108.72918,125.0
46,48,4,109.35287,125.0
46,49,5,117.00149,125.0
46,50,4,114.13491,125.0
46,51,2,114.31687,125.0
46,52,3,123.21261,125.0
46,53,0,126.7931,125.0
46,54,3,120.26888,125.0
46,55,4,109.44935,125.0
46,56,2,116.83285,125.0
46,57,2,120.52589,125.0
46,58,5,117.58987,125.0
46,59,0,120.87673,125.0
46,60,5,121.41675,125.0
46,61,3,118.93746,125.0
46,62,5,121.957596,125.0
46,63,4,120.109,125.0
46,64,0,122.95434,125.0
46,65,2,124.71526,125.0
46,66,0,123.88021,125.0
46,67,1,127.90308,125.0
46,68,5,123.065834,125.0
46,69,5,121.91567,124.0
46,70,0,124.508224,123.0
46,71,0,120.76974,122.0
46,72,0,114.025215,121.0
46,73,0,107.13649,120.0
46,74,5,117.73647,119.0
46,75,1,112.06237,118.0
46,76,1,118.08082,117.0
46,77,4,119.37597,116.0
46,78,2,106.22614,115.0
46,79,5,105.79928,114.0
46,80,1,106.30602,113.0
46,81,5,103.17364,112.0
46,82,4,108.718376,111.0
46,83,4,120.8367,110.0
46,84,1,119.8499,109.0
46,85,4,118.46954,108.0
46,86,1,107.83424,107.0
46,87,5,106.21656,106.0
46,88,1,105.28469,105.0
46,89,0,111.46557,104.0
46,90,5,109.298546,103.0
46,91,2,116.375824,102.0
46,92,4,100.119514,101.0
46,93,3,92.11218,100.0
46,94,0,98.039024,99.0
46,95,2,104.84014,98.0
46,96,0,106.47436,97.0
46,97,3,106.63657,96.0
46,98,4,105.00115,95.0
46,99,0,100.06094,94.0
46,100,0,106.75599,93.0
46,101,1,99.60517,92.0
46,102,1,100.20008,91.0
46,103,1,96.47326,90.0
46,104,4,107.06983,89.0
46,105,0,107.54624,88.0
46,106,3,109.02563,87.0
46,107,1,107.97119,86.0
46,108,4,100.64972,85.0
46,109,2,101.84229,84.0
46,110,5,102.942116,83.0
46,111,1,91.88095,82.0
46,112,4,85.298195,81.0
46,113,5,93.83477,80.0
46,114,5,76.56637,79.0
46,115,3,84.71616,78.0
46,116,5,88.21896,77.0
46,117,1,79.740456,76.0
46,118,2,80.581245,75.0
46,119,4,93.25667,74.0
46,120,2,102.44208,73.0
46,121,2,94.51865,72.0
46,122,2,100.818985,71.0
46,123,0,81.08747,70.0
46,124,5,102.586525,69.0
46,125,5,84.02665,68.0
46,126,4,84.85468,67.0
46,127,0,77.615204,66.0
46,128,5,70.47222,65.0
46,129,1,86.0698,64.0
46,130,5,88.72355,63.0
46,131,4,70.76058,62.0
46,132,5,48.175533,61.0
46,133,0,50.784817,60.0
46,134,1,60.214825,59.0
46,135,4,61.612064,58.0
46,136,3,49.994858,57.0
46,137,2,49.87357,56.0
46,138,1,45.364063,55.0
46,139,3,46.48241,54.0
46,140,1,40.87922,53.0
46,141,0,46.84576,52.0
46,142,1,48.68037,51.0
46,143,1,47.68231,50.0
46,144,0,45.071964,49.0
46,145,2,43.278088,48.0
46,146,2,56.154488,47.0
47,36,0,109.36689,125.0
47,37,4,114.64376,125.0
47,38,0,111.00634,125.0
47,39,3,99.95195,125.0
47,40,3,92.63983,125.0
47,41,3,90.868416,125.0
47,42,0,96.74955,125.0
47,43,1,93.36061,125.0
47,44,2,86.52874,125.0
47,45,2,99.4849,125.0
47,46,5,104.1833,125.0
47,47,3,96.42472,125.0
47,48,2,107.96581,125.0
47,49,3,105.11651,125.0
47,50,4,110.43035,125.0
47,51,2,109.359604,125.0
47,52,4,98.122826,125.0
47,53,2,107.43117,125.0
47,54,2,112.51151,125.0
47,55,0,127.775986,125.0
47,56,0,125.19558,125.0
47,57,0,119.35592,125.0
47,58,4,121.31952,125.0
47,59,5,121.460266,125.0
47,60,4,123.73257,125.0
47,61,5,122.040886,125.0
47,62,0,119.261925,125.0
47,63,4,115.40247,125.0
47,64,4,115.7415,125.0
47,65,1,126.3703,125.0
47,66,5,124.16299,125.0
47,67,2,114.32943,125.0
47,68,5,118.1806,125.0
47,69,1,128.51561,125.0
47,70,4,123.71537,125.0
47,71,1,121.80913,125.0
47,72,4,125.90794,125.0
47,73,4,127.73826,125.0
48,36,4,131.80865,125.0
48,37,1,138.43573,125.0
48,38,3,122.79189,125.0
48,39,0,133.45148,125.0
48,40,0,129.54237,125.0
48,41,2,136.35107,125.0
48,42,5,125.989876,125.0
48,43,3,118.80595,125.0
48,44,4,115.91305,125.0
48,45,0,125.75271,125.0
48,46,2,122.79774,124.0
48,47,4,126.53669,123.0
48,48,0,123.148735,122.0
48,49,4,125.362495,121.0
48,50,4,119.313576,120.0
48,51,0,119.235954,119.0
48,52,5,119.310356,118.0
48,53,5,106.37772,117.0
48,54,4,107.309944,116.0
48,55,2,88.21108,115.0
48,56,0,104.02913,114.0
48,57,1,110.51656,113.0
48,58,5,117.35786,112.0
48,59,4,104.04488,111.0
48,60,1,116.670456,110.0
48,61,5,118.116844,109.0
48,62,3,125.379105,108.0
48,63,1,111.44264,107.0
48,64,1,116.36558,106.0
48,65,5,113.37116,105.0
48,66,2,119.50803,104.0
48,67,4,113.379524,103.0
48,68,2,120.237434,102.0
48,69,3,118.87083,101.0
48,70,5,123.24453,100.0
48,71,2,117.4008,99.0
48,72,3,114.90892,98.0
48,73,2,106.47225,97.0
48,74,4,107.08076,96.0
48,75,1,91.16887,95.0
48,76,2,104.74147,94.0
48,77,3,103.189766,93.0
48,78,4,91.1424,92.0
49,36,4,128.67123,125.0
49,37,5,130.58429,125.0
49,38,2,124.69181,125.0
49,39,0,122.75538,125.0
49,40,0,116.195915,125.0
49,41,5,114.55475,125.0
49,42,5,116.169334,125.0
49,43,2,111.869606,125.0
49,44,5,111.56927,125.0
49,45,1,92.78398,125.0
49,46,0,96.920746,125.0
49,47,3,96.561676,125.0
49,48,1,103.16603,125.0
49,49,3,107.19645,125.0
49,50,4,103.00256,125.0
49,51,2,105.11113,125.0
49,52,2,95.5881,125.0
49,53,3,109.004486,125.0
49,54,2,106.80047,125.0
49,55,2,114.1379,125.0
49,56,0,108.9654,125.0
49,57,5,118.929665,125.0
49,58,4,123.03521,125.0
49,59,5,115.83218,125.0
49,60,0,127.8078,125.0
49,61,4,113.28534,125.0
49,62,0,116.544716,125.0
49,63,3,123.387276,125.0
49,64,4,123.902596,125.0
49,65,0,121.72028,125.0
49,66,1,122.826744,125.0
49,67,4,118.75831,125.0
49,68,5,126.51709,125.0
49,69,5,129.31248,125.0
49,70,5,120.62429,125.0
49,71,5,123.050896,125.0
49,72,5,125.552055,125.0
49,73,4,127.89211,125.0
49,74,4,117.81689,125.0
49,75,4,129.099,125.0
49,76,1,129.98642,125.0
49,77,2,126.97362,125.0
49,78,0,121.39912,125.0
49,79,0,123.61633,125.0
49,80,1,126.37067,125.0
49,81,5,133.68375,125.0
49,82,5,124.44949,125.0
49,83,2,119.81329,125.0
49,84,5,128.31204,125.0
49,85,3,123.33568,125.0
49,86,3,118.69332,125.0
49,87,3,123.92476,125.0
49,88,0,126.11698,125.0
49,89,3,128.56943,125.0
49,90,1,125.486465,125.0
49,91,3,123.2064,125.0
49,92,4,126.69871,125.0
49,93,0,120.61992,125.0
49,94,2,122.14789,125.0
49,95,2,111.32673,125.0
49,96,1,120.37408,125.0
49,97,4,123.04652,125.0
49,98,1,117.15101,125.0
49,99,4,109.3936,125.0
49,100,0,114.54821,125.0
49,101,5,110.1678,125.0
49,102,4,114.39246,125.0
49,103,1,111.85632,125.0
49,104,5,112.591415,125.0
49,105,1,112.02612,125.0
49,106,4,120.34487,125.0
49,107,4,119.87472,125.0
49,108,4,118.13555,125.0
49,109,2,113.281265,125.0
49,110,4,117.72452,125.0
49,111,2,113.350525,125.0
49,112,5,113.15707,125.0
49,113,4,112.61596,125.0
49,114,0,104.1773,125.0
49,115,1,121.22589,125.0
49,116,0,120.26523,125.0
49,117,0,123.62654,125.0
49,118,2,118.42716,125.0
49,119,2,113.76248,125.0
49,120,4,108.77262,125.0
49,121,5,111.16817,125.0
49,122,1,108.1534,125.0
49,123,3,112.855865,125.0
49,124,0,109.82146,125.0
49,125,0,115.89806,125.0
49,126,2,118.871185,125.0
49,127,2,128.20023,125.0
49,128,1,123.14922,125.0
49,129,2,123.59501,125.0
49,130,5,116.11785,125.0
49,131,0,106.354836,125.0
49,132,4,121.75115,125.0
49,133,5,119.142,125.0
49,134,2,111.332954,125.0
49,135,4,118.65228,125.0
49,136,2,118.7594,125.0
49,137,4,121.69948,125.0
49,138,5,115.87359,125.0
49,139,3,116.028435,125.0
49,140,0,96.880104,125.0
49,141,5,115.39051,125.0
49,142,0,119.60981,125.0
49,143,0,112.69384,125.0
49,144,2,113.09393,125.0
49,145,2,112.77917,125.0
49,146,3,103.131714,125.0
49,147,2,111.28283,125.0
49,148,2,105.841286,125.0
49,149,1,112.02224,125.0
49,150,0,122.11411,125.0
49,151,2,127.31622,125.0
49,152,5,125.61112,125.0
49,153,5,126.59005,125.0
49,154,1,129.5397,125.0
49,155,1,127.533714,125.0
49,156,2,130.54501,125.0
49,157,2,133.38474,125.0
49,158,5,122.81754,125.0
49,159,1,122.20476,125.0
49,160,1,123.67165,125.0
49,161,1,108.43654,125.0
49,162,5,109.64498,125.0
49,163,4,121.22546,125.0
49,164,2,122.90925,125.0
49,165,1,118.95875,125.0
49,166,5,116.56473,125.0
49,167,0,105.24069,125.0
49,168,1,119.37034,125.0
49,169,0,113.67486,125.0
49,170,2,110.286476,125.0
49,171,0,106.54532,125.0
49,172,2,101.92515,125.0
49,173,5,95.956375,125.0
49,174,1,94.045044,125.0
49,175,5,99.90313,125.0
49,176,5,90.34486,125.0
49,177,2,90.161064,125.0
49,178,3,101.173454,125.0
49,179,1,88.94778,125.0
49,180,4,109.17933,125.0
49,181,3,118.54961,125.0
49,182,2,99.34422,125.0
49,183,0,100.38645,125.0
49,184,5,96.90594,125.0
49,185,5,87.061295,125.0
49,186,4,90.66981,125.0
49,187,0,89.83693,125.0
49,188,3,92.81278,125.0
49,189,2,89.508644,125.0
49,190,4,81.37348,125.0
49,191,0,92.155235,125.0
49,192,0,94.817375,125.0
49,193,3,99.18571,125.0
49,194,1,103.64351,125.0
49,195,1,112.0259,125.0
49,196,3,100.664375,125.0
49,197,0,107.87508,125.0
49,198,1,94.08551,125.0
49,199,5,94.412285,125.0
49,200,5,97.511696,124.0
49,201,5,111.462555,123.0
49,202,0,92.90357,122.0
49,203,4,105.25979,121.0
49,204,2,97.11059,120.0
49,205,2,94.82136,119.0
49,206,4,99.50727,118.0
49,207,1,95.24828,117.0
49,208,4,100.83461,116.0
49,209,0,94.73345,115.0
49,210,0,88.29792,114.0
49,211,5,96.34495,113.0
49,212,1,79.826195,112.0
49,213,1,84.077866,111.0
49,214,5,80.681305,110.0
49,215,5,73.42253,109.0
49,216,1,79.49906,108.0
49,217,0,84.39893,107.0
49,218,3,91.78277,106.0
49,219,1,91.632835,105.0
49,220,3,84.67995,104.0
49,221,1,76.948296,103.0
49,222,5,80.176315,102.0
49,223,2,82.65043,101.0
49,224,0,74.125755,100.0
49,225,1,83.189964,99.0
49,226,5,82.91778,98.0
49,227,4,86.84161,97.0
49,228,4,81.73554,96.0
49,229,5,81.246956,95.0
49,230,0,87.82932,94.0
49,231,4,71.621544,93.0
49,232,1,91.467735,92.0
49,233,4,82.44598,91.0
49,234,4,78.81524,90.0
49,235,1,87.80337,89.0
49,236,3,86.96772,88.0
49,237,2,87.45396,87.0
49,238,5,78.62296,86.0
49,239,0,76.68057,85.0
49,240,0,63.987988,84.0
49,241,4,67.5355,83.0
49,242,3,67.06347,82.0
49,243,3,62.76623,81.0
49,244,4,55.243546,80.0
49,245,0,73.315605,79.0
49,246,2,45.764637,78.0
49,247,2,46.025265,77.0
49,248,0,46.012478,76.0
49,249,2,49.40959,75.0
49,250,1,45.211433,74.0
49,251,1,55.02799,73.0
49,252,5,56.78816,72.0
49,253,2,62.88268,71.0
49,254,0,56.975292,70.0
49,255,0,55.9729,69.0
49,256,0,60.3415,68.0
49,257,4,58.945717,67.0
49,258,1,71.1123,66.0
49,259,1,66.406,65.0
49,260,4,54.308975,64.0
49,261,0,64.61627,63.0
49,262,5,68.741974,62.0
49,263,3,61.040653,61.0
49,264,0,59.65686,60.0
49,265,5,56.17419,59.0
49,266,4,54.839424,58.0
49,267,0,51.03413,57.0
49,268,0,62.297382,56.0
49,269,0,51.0704,55.0
49,270,4,46.158054,54.0
49,271,3,55.68929,53.0
49,272,4,47.8333,52.0
49,273,5,47.616604,51.0
49,274,1,47.56723,50.0
49,275,1,47.47432,49.0
49,276,2,47.354473,48.0
49,277,3,42.81766,47.0
49,278,4,36.222042,46.0
49,279,2,33.73534,45.0
49,280,3,36.05277,44.0
49,281,0,39.85009,43.0
49,282,3,32.399227,42.0
49,283,0,36.674698,41.0
49,284,0,37.87422,40.0
49,285,2,34.53146,39.0
49,286,5,37.014122,38.0
49,287,5,34.639698,37.0
49,288,4,40.621223,36.0
49,289,1,34.06467,35.0
49,290,2,32.040836,34.0
49,291,5,38.186787,33.0
49,292,4,33.93787,32.0
49,293,3,28.236172,31.0
49,294,3,28.811918,30.0
49,295,4,25.262863,29.0
49,296,3,26.465134,28.0
49,297,3,25.751556,27.0
49,298,2,25.403141,26.0
49,299,0,20.699135,25.0
49,300,4,21.732891,24.0
49,301,0,20.205448,23.0
49,302,1,21.661087,22.0
49,303,1,22.485472,21.0
50,36,0,118.04711,117.0
50,37,5,104.413155,116.0
50,38,2,115.29864,115.0
50,39,4,113.623436,114.0
50,40,5,111.96083,113.0
50,41,2,125.68212,112.0
50,42,5,126.86118,111.0
50,43,2,119.79193,110.0
50,44,3,126.37927,109.0
50,45,3,126.19804,108.0
50,46,4,117.47144,107.0
50,47,4,107.49258,106.0
50,48,3,115.97379,105.0
50,49,5,125.8158,104.0
50,50,5,101.73838,103.0
50,51,4,99.92846,102.0
50,52,0,109.52731,101.0
50,53,5,95.665726,100.0
50,54,0,107.993484,99.0
50,55,5,118.2589,98.0
50,56,1,119.113594,97.0
50,57,5,111.90502,96.0
50,58,0,103.84767,95.0
50,59,3,108.24804,94.0
50,60,5,99.245094,93.0
50,61,0,93.730286,92.0
50,62,1,92.05524,91.0
50,63,3,92.61024,90.0
50,64,1,99.29469,89.0
50,65,2,106.00303,88.0
50,66,3,102.999886,87.0
50,67,5,116.1567,86.0
50,68,4,116.275,85.0
50,69,4,113.832825,84.0
50,70,5,108.91491,83.0
50,71,0,105.65446,82.0
50,72,4,114.21232,81.0
50,73,0,108.01734,80.0
50,74,5,104.15516,79.0
51,36,4,118.53341,125.0
51,37,3,120.06139,125.0
51,38,4,112.81333,125.0
51,39,3,120.41265,125.0
51,40,5,120.12389,125.0
51,41,0,120.2106,125.0
51,42,2,118.631195,125.0
51,43,2,110.33342,125.0
51,44,4,117.45289,125.0
51,45,0,115.97444,125.0
51,46,0,120.446945,125.0
51,47,2,123.47941,125.0
51,48,5,130.11945,125.0
51,49,3,125.825554,125.0
51,50,0,130.3028,125.0
51,51,0,124.65549,125.0
51,52,5,128.71231,125.0
51,53,2,114.5196,125.0
51,54,4,120.72787,125.0
51,55,3,136.10965,125.0
51,56,2,132.67422,125.0
51,57,1,131.94974,125.0
51,58,0,134.34302,125.0
51,59,2,129.71388,125.0
51,60,2,124.72704,125.0
51,61,5,122.261604,125.0
51,62,4,120.39158,125.0
51,63,4,118.62618,125.0
51,64,2,122.655014,125.0
51,65,2,122.689766,125.0
51,66,0,122.00321,125.0
51,67,1,117.16114,125.0
51,68,4,116.68995,125.0
51,69,0,110.272644,125.0
51,70,0,116.42834,125.0
51,71,3,107.07412,125.0
51,72,4,102.07806,125.0
51,73,4,109.44582,125.0
51,74,2,119.545586,125.0
51,75,2,125.14081,125.0
51,76,0,124.04312,125.0
51,77,5,123.522446,125.0
51,78,4,115.90956,125.0
51,79,1,124.44204,125.0
51,80,2,123.212654,125.0
51,81,4,110.017265,125.0
51,82,3,114.612465,125.0
51,83,2,119.84304,125.0
51,84,4,122.56115,125.0
51,85,0,128.34875,125.0
51,86,3,128.72212,125.0
51,87,2,123.30358,125.0
51,88,0,122.413635,125.0
51,89,2,123.06014,125.0
51,90,4,122.34655,125.0
51,91,5,121.57278,125.0
51,92,1,116.29599,125.0
51,93,5,112.289635,125.0
51,94,1,108.73754,125.0
51,95,4,102.62003,125.0
51,96,0,113.37152,125.0
51,97,2,115.9326,125.0
51,98,4,117.38572,125.0
51,99,0,104.33222,125.0
51,100,2,109.60473,125.0
51,101,2,114.069954,125.0
51,102,3,111.26592,125.0
51,103,3,109.47248,125.0
51,104,5,107.905334,125.0
51,105,3,108.858406,125.0
51,106,5,107.27143,125.0
51,107,4,109.1283,125.0
51,108,4,100.87154,125.0
51,109,3,101.29107,125.0
51,110,0,108.17553,125.0
51,111,0,100.873604,125.0
51,112,0,109.8079,125.0
51,113,0,124.45304,125.0
51,114,2,123.053085,125.0
51,115,2,120.56403,125.0
51,116,0,118.33072,125.0
51,117,1,125.81945,125.0
51,118,4,126.28863,125.0
51,119,4,127.776794,125.0
51,120,4,123.742935,125.0
51,121,4,118.30489,125.0
51,122,5,118.46351,125.0
51,123,4,111.76736,125.0
51,124,1,112.275085,125.0
51,125,4,107.664696,125.0
51,126,2,110.84773,125.0
51,127,1,109.69073,125.0
51,128,4,117.42335,125.0
51,129,2,107.58631,125.0
51,130,3,107.647766,125.0
51,131,2,105.52715,125.0
51,132,0,107.20141,125.0
51,133,5,97.59536,125.0
51,134,4,111.290115,124.0
51,135,0,103.460205,123.0
51,136,1,101.9607,122.0
51,137,4,95.03068,121.0
51,138,5,99.06408,120.0
51,139,2,110.86764,119.0
51,140,2,112.81779,118.0
51,141,5,113.38728,117.0
51,142,4,99.36059,116.0
51,143,1,98.98594,115.0
51,144,5,100.11602,114.0
52,36,2,116.04984,125.0
52,37,0,121.8781,125.0
52,38,3,123.9928,125.0
52,39,1,127.53467,125.0
52,40,4,133.6508,125.0
52,41,5,123.04072,125.0
52,42,4,131.89926,125.0
52,43,4,122.61332,125.0
52,44,4,120.81382,125.0
52,45,3,128.58963,125.0
52,46,5,124.01241,125.0
52,47,2,131.61832,125.0
52,48,5,127.77871,125.0
52,49,4,120.55347,125.0
52,50,0,125.23792,125.0
52,51,1,122.31808,125.0
52,52,2,119.09386,125.0
52,53,4,123.45469,125.0
52,54,1,125.02243,125.0
52,55,5,106.12638,125.0
52,56,5,99.451004,125.0
52,57,0,107.03769,125.0
52,58,3,115.52331,125.0
52,59,4,115.005196,125.0
52,60,2,113.748146,125.0
52,61,3,108.17435,125.0
52,62,3,117.5317,125.0
52,63,0,117.17884,125.0
52,64,3,112.74291,125.0
52,65,1,112.47359,125.0
52,66,1,124.87798,125.0
52,67,0,112.62772,125.0
52,68,3,113.53441,125.0
52,69,1,119.86561,125.0
52,70,5,120.468666,125.0
52,71,5,118.85136,125.0
52,72,4,120.84191,125.0
52,73,3,123.473495,125.0
52,74,2,117.68619,125.0
52,75,1,123.179886,125.0
52,76,0,129.63339,125.0
52,77,2,119.43726,125.0
52,78,5,125.96878,125.0
52,79,4,113.10563,125.0
52,80,5,116.58121,125.0
52,81,3,115.6019,125.0
52,82,5,115.449066,125.0
52,83,3,119.31883,125.0
52,84,2,120.16391,125.0
52,85,5,107.505806,125.0
52,86,4,111.2255,125.0
52,87,4,117.02671,125.0
52,88,1,118.534836,125.0
52,89,2,118.656364,125.0
52,90,5,121.64508,125.0
52,91,2,121.719925,125.0
52,92,4,106.649254,125.0
52,93,1,103.48228,125.0
52,94,2,109.30264,124.0
52,95,1,118.090385,123.0
52,96,2,108.041794,122.0
52,97,3,115.26131,121.0
52,98,4,119.528755,120.0
52,99,2,115.88243,119.0
52,100,0,117.965,118.0
52,101,4,112.49875,117.0
52,102,4,104.152214,116.0
52,103,3,115.50309,115.0
52,104,3,111.289474,114.0
52,105,5,117.85785,113.0
52,106,2,110.44429,112.0
52,107,5,111.80724,111.0
52,108,0,111.477745,110.0
52,109,5,110.393036,109.0
52,110,4,101.088264,108.0
52,111,3,97.369156,107.0
52,112,4,93.18348,106.0
52,113,2,109.533745,105.0
52,114,0,113.3623,104.0
52,115,5,107.65575,103.0
52,116,1,107.01728,102.0
52,117,4,101.02959,101.0
52,118,5,94.33555,100.0
52,119,5,96.49096,99.0
52,120,5,91.45405,98.0
52,121,0,92.23104,97.0
52,122,1,98.720024,96.0
52,123,4,100.20113,95.0
52,124,2,100.84514,94.0
52,125,1,93.754295,93.0
52,126,0,88.55805,92.0
52,127,5,100.86248,91.0
52,128,3,93.71337,90.0
52,129,5,89.90149,89.0
52,130,4,88.98757,88.0
52,131,3,98.22101,87.0
52,132,2,105.70583,86.0
52,133,4,101.167274,85.0
52,134,3,98.2533,84.0
52,135,1,91.22156,83.0
52,136,0,95.059395,82.0
52,137,4,86.17578,81.0
52,138,5,92.97242,80.0
52,139,5,82.16339,79.0
52,140,0,81.34406,78.0
52,141,0,72.829216,77.0
52,142,2,63.350178,76.0
52,143,4,56.066174,75.0
52,144,2,50.719727,74.0
52,145,2,51.955288,73.0
52,146,5,49.77666,72.0
52,147,3,58.045784,71.0
52,148,4,56.42613,70.0
52,149,3,49.93714,69.0
52,150,4,43.422745,68.0
52,151,2,51.706173,67.0
52,152,1,50.911274,66.0
52,153,2,40.42874,65.0
52,154,4,44.231464,64.0
52,155,4,48.251827,63.0
52,156,2,39.013165,62.0
52,157,2,40.276688,61.0
52,158,3,39.49058,60.0
52,159,1,35.013035,59.0
52,160,5,36.56827,58.0
52,161,0,34.228855,57.0
52,162,1,40.16038,56.0
52,163,5,44.42623,55.0
52,164,0,41.589977,54.0
52,165,0,42.757053,53.0
52,166,5,42.352818,52.0
52,167,5,40.07563,51.0
52,168,2,43.82958,50.0
52,169,4,42.61603,49.0
52,170,0,45.92026,48.0
52,171,4,32.109882,47.0
52,172,0,35.058643,46.0
52,173,0,32.1898,45.0
52,174,1,31.447788,44.0
52,175,3,26.087708,43.0
52,176,3,26.58406,42.0
52,177,2,27.519566,41.0
52,178,0,24.785004,40.0
52,179,1,25.476055,39.0
52,180,1,23.078535,38.0
52,181,3,17.436989,37.0
52,182,0,19.075718,36.0
52,183,5,21.559677,35.0
52,184,2,17.396631,34.0
52,185,2,20.44386,33.0
52,186,0,22.830873,32.0
52,187,4,26.371536,31.0
52,188,5,25.70898,30.0
52,189,4,22.123072,29.0
53,36,2,120.480934,125.0
53,37,2,121.95965,125.0
53,38,3,118.48373,125.0
53,39,2,114.42186,125.0
53,40,3,121.23548,125.0
53,41,5,103.55181,125.0
53,42,2,104.61159,125.0
53,43,3,105.592064,125.0
53,44,2,122.568214,125.0
53,45,5,132.36035,125.0
53,46,3,121.66969,125.0
53,47,4,119.88861,125.0
53,48,4,112.69394,125.0
53,49,2,113.74117,125.0
53,50,2,120.2309,125.0
53,51,4,118.12478,125.0
53,52,4,112.85691,125.0
53,53,1,113.58477,125.0
53,54,4,115.625534,125.0
53,55,2,97.483345,125.0
53,56,4,105.76948,125.0
53,57,3,94.408005,125.0
53,58,2,94.449066,125.0
53,59,5,108.31931,125.0
53,60,1,111.01382,125.0
53,61,5,110.045906,125.0
53,62,3,115.343094,125.0
53,63,1,109.7717,125.0
53,64,4,106.656136,125.0
53,65,1,104.61508,125.0
53,66,2,110.46614,124.0
53,67,5,112.17697,123.0
53,68,4,108.7011,122.0
53,69,0,109.25506,121.0
53,70,4,106.71528,120.0
53,71,5,94.661476,119.0
53,72,1,109.59526,118.0
53,73,0,101.03968,117.0
53,74,5,99.03475,116.0
53,75,4,98.890205,115.0
53,76,5,96.68795,114.0
53,77,2,96.35564,113.0
53,78,4,94.02214,112.0
53,79,0,103.474144,111.0
53,80,3,108.67118,110.0
53,81,1,107.63212,109.0
53,82,2,103.303154,108.0
53,83,2,116.10754,107.0
53,84,4,110.39626,106.0
53,85,5,107.763115,105.0
53,86,2,87.8209,104.0
53,87,3,92.0828,103.0
53,88,4,95.35276,102.0
53,89,2,103.84139,101.0
53,90,2,98.76908,100.0
53,91,2,88.77361,99.0
53,92,5,83.47707,98.0
53,93,4,94.275986,97.0
53,94,4,102.885666,96.0
53,95,1,98.33215,95.0
53,96,2,99.33814,94.0
53,97,1,105.18708,93.0
53,98,4,108.24029,92.0
53,99,1,105.40821,91.0
53,100,0,98.43784,90.0
53,101,4,100.62078,89.0
53,102,5,101.92188,88.0
53,103,0,101.10328,87.0
53,104,2,91.964226,86.0
53,105,2,97.91386,85.0
53,106,5,96.88476,84.0
53,107,4,97.41921,83.0
53,108,5,101.87479,82.0
53,109,0,88.011665,81.0
53,110,4,83.61515,80.0
53,111,0,89.83343,79.0
53,112,0,99.41179,78.0
53,113,4,82.26194,77.0
53,114,4,75.41478,76.0
53,115,4,58.34678,75.0
53,116,0,62.818302,74.0
53,117,1,70.71592,73.0
53,118,1,70.90267,72.0
53,119,0,70.87208,71.0
53,120,4,50.96624,70.0
53,121,5,51.784058,69.0
53,122,0,54.04267,68.0
53,123,2,62.581005,67.0
53,124,5,57.407166,66.0
53,125,1,75.65395,65.0
53,126,4,70.186264,64.0
53,127,4,66.862915,63.0
53,128,5,49.90667,62.0
53,129,0,53.579403,61.0
53,130,2,58.12936,60.0
53,131,1,61.0527,59.0
53,132,2,67.07189,58.0
53,133,2,58.269203,57.0
53,134,5,52.07759,56.0
53,135,3,53.666454,55.0
53,136,3,52.92487,54.0
53,137,1,43.672806,53.0
53,138,3,37.300594,52.0
53,139,0,58.921852,51.0
53,140,3,45.39681,50.0
53,141,1,59.836216,49.0
53,142,4,44.34949,48.0
53,143,2,56.582386,47.0
53,144,2,58.47076,46.0
53,145,3,48.690002,45.0
53,146,5,51.376583,44.0
53,147,1,46.46678,43.0
53,148,5,50.31873,42.0
53,149,1,46.681366,41.0
53,150,4,44.501633,40.0
53,151,5,43.69427,39.0
53,152,3,36.076893,38.0
53,153,3,35.82768,37.0
53,154,5,32.703167,36.0
53,155,0,40.091995,35.0
53,156,4,32.927914,34.0
53,157,4,27.85985,33.0
53,158,0,21.791155,32.0
53,159,0,25.64202,31.0
53,160,5,26.42891,30.0
53,161,1,25.946198,29.0
53,162,0,25.989044,28.0
53,163,2,22.94984,27.0
53,164,2,20.432724,26.0
54,36,0,122.10098,125.0
54,37,0,115.05985,125.0
54,38,0,104.99077,125.0
54,39,4,101.501625,125.0
54,40,5,109.60645,125.0
54,41,5,104.1068,125.0
54,42,5,108.94542,125.0
54,43,0,114.18533,125.0
54,44,2,103.53982,125.0
54,45,1,108.615944,125.0
54,46,4,123.0568,125.0
54,47,4,128.72067,125.0
54,48,0,125.1573,125.0
54,49,5,116.61657,125.0
54,50,2,116.87365,125.0
54,51,1,120.51709,125.0
54,52,0,109.40943,125.0
54,53,2,111.20384,125.0
54,54,4,118.796036,125.0
54,55,2,105.36666,125.0
54,56,2,110.783066,125.0
54,57,2,113.94293,125.0
54,58,3,119.304436,125.0
54,59,5,116.63071,125.0
54,60,0,127.034065,125.0
54,61,4,124.38087,125.0
54,62,1,121.60766,125.0
54,63,5,121.68415,125.0
54,64,5,127.78016,125.0
54,65,5,128.34608,125.0
54,66,3,114.259636,125.0
54,67,0,122.520386,125.0
54,68,2,125.16963,125.0
54,69,4,128.01724,125.0
54,70,1,128.47787,125.0
54,71,3,124.756516,125.0
54,72,5,113.53622,125.0
54,73,2,135.34697,125.0
54,74,4,131.2871,125.0
54,75,1,122.86814,125.0
54,76,0,127.20076,125.0
54,77,0,119.213036,125.0
54,78,1,114.27474,125.0
54,79,4,119.59142,125.0
54,80,5,125.14482,125.0
54,81,5,125.85361,125.0
54,82,4,121.905556,125.0
54,83,0,120.639305,125.0
54,84,5,126.62827,125.0
54,85,2,119.39655,125.0
54,86,2,125.86085,125.0
54,87,2,126.45561,125.0
54,88,5,121.69635,125.0
54,89,4,124.34646,125.0
54,90,4,119.66398,125.0
54,91,0,115.72934,125.0
54,92,4,112.76319,125.0
54,93,0,106.32246,125.0
54,94,1,122.003716,124.0
54,95,4,117.533134,123.0
54,96,5,118.49787,122.0
54,97,3,118.03192,121.0
54,98,0,127.4336,120.0
54,99,0,122.260796,119.0
54,100,0,119.91858,118.0
54,101,0,118.68441,117.0
54,102,3,114.42762,116.0
54,103,0,121.46674,115.0
54,104,4,110.1965,114.0
54,105,0,109.07807,113.0
54,106,0,99.97886,112.0
54,107,2,103.20602,111.0
54,108,0,86.85497,110.0
54,109,4,81.24905,109.0
54,110,5,60.317497,108.0
54,111,4,64.633,107.0
54,112,2,68.43771,106.0
54,113,5,51.26219,105.0
54,114,0,74.81037,104.0
54,115,1,78.879845,103.0
54,116,2,85.51002,102.0
54,117,0,91.08136,101.0
54,118,1,89.14828,100.0
54,119,2,91.939835,99.0
54,120,3,98.17529,98.0
54,121,1,90.82084,97.0
55,36,1,125.78207,125.0
55,37,2,127.32783,125.0
55,38,3,125.97907,125.0
55,39,3,127.17639,125.0
55,40,3,118.08788,125.0
55,41,2,124.8588,125.0
55,42,1,122.23619,125.0
55,43,2,118.42161,125.0
55,44,2,117.2546,125.0
55,45,2,126.80336,125.0
55,46,1,127.21949,125.0
55,47,0,119.72234,125.0
55,48,4,122.89859,125.0
55,49,3,118.057724,125.0
55,50,4,129.66278,125.0
55,51,2,121.98043,125.0
55,52,5,124.02298,125.0
55,53,4,128.22563,125.0
55,54,4,119.921425,125.0
55,55,5,122.168724,125.0
55,56,2,117.80172,125.0
55,57,2,119.52775,125.0
55,58,4,123.27907,125.0
55,59,3,124.62673,125.0
55,60,4,117.1784,125.0
55,61,5,118.918846,125.0
55,62,1,121.671974,125.0
55,63,0,116.26043,125.0
55,64,4,119.051,125.0
55,65,4,110.448586,125.0
55,66,2,114.674034,125.0
55,67,5,116.46068,125.0
55,68,4,107.876335,125.0
55,69,4,104.94365,125.0
55,70,5,106.4796,125.0
55,71,4,107.47577,125.0
55,72,2,115.26905,125.0
55,73,4,106.22685,125.0
55,74,1,117.91837,125.0
55,75,4,113.05317,125.0
55,76,0,118.73355,125.0
55,77,5,105.47088,125.0
55,78,1,109.460464,125.0
55,79,5,112.4701,125.0
55,80,0,106.142845,125.0
55,81,2,101.84948,125.0
55,82,4,104.415565,125.0
55,83,3,105.59063,125.0
55,84,3,103.952225,125.0
55,85,4,113.209785,125.0
55,86,5,114.09463,125.0
55,87,0,127.64231,125.0
55,88,1,119.688095,125.0
55,89,4,113.46857,125.0
55,90,0,107.445984,125.0
55,91,4,107.2806,125.0
55,92,2,109.911835,125.0
55,93,4,98.63735,125.0
55,94,4,113.74191,125.0
55,95,1,109.706795,125.0
55,96,2,114.75558,125.0
55,97,4,109.34345,125.0
55,98,3,117.00501,125.0
55,99,3,109.76586,125.0
55,100,2,113.63371,125.0
55,101,0,112.42514,125.0
55,102,4,115.49201,125.0
55,103,5,123.6812,125.0
55,104,4,127.59436,125.0
55,105,2,124.80018,125.0
55,106,3,125.98885,125.0
55,107,2,121.427315,125.0
55,108,0,115.36931,125.0
55,109,1,130.81934,125.0
55,110,0,128.51938,125.0
55,111,0,123.75711,125.0
55,112,4,123.11331,125.0
55,113,1,123.19515,125.0
56,36,4,109.211784,115.0
56,37,2,96.40467,114.0
56,38,3,105.48455,113.0
56,39,5,120.25689,112.0
56,40,3,125.40606,111.0
56,41,4,121.47346,110.0
56,42,4,110.61146,109.0
56,43,5,105.06688,108.0
56,44,0,113.40663,107.0
56,45,5,108.70862,106.0
56,46,5,113.17219,105.0
56,47,4,121.490166,104.0
56,48,1,112.337685,103.0
56,49,1,110.777,102.0
56,50,1,113.98641,101.0
56,51,5,112.55673,100.0
56,52,5,116.7631,99.0
56,53,1,121.2057,98.0
56,54,1,118.805504,97.0
56,55,3,94.588104,96.0
56,56,4,81.97432,95.0
56,57,5,83.843185,94.0
56,58,3,96.19611,93.0
56,59,3,91.74195,92.0
56,60,5,101.386665,91.0
56,61,2,109.21061,90.0
56,62,5,118.446175,89.0
56,63,3,105.489426,88.0
56,64,0,106.717995,87.0
56,65,4,112.529465,86.0
56,66,0,114.317154,85.0
56,67,4,122.04644,84.0
56,68,2,113.58123,83.0
56,69,0,106.42401,82.0
56,70,5,105.341286,81.0
56,71,3,103.32314,80.0
56,72,4,109.92899,79.0
56,73,2,108.143105,78.0
56,74,0,97.46389,77.0
56,75,1,95.64138,76.0
56,76,5,103.893105,75.0
56,77,3,101.58021,74.0
56,78,3,98.27723,73.0
56,79,3,99.33739,72.0
56,80,0,98.506775,71.0
56,81,4,90.306244,70.0
56,82,4,94.95754,69.0
56,83,2,92.66773,68.0
56,84,0,86.10255,67.0
56,85,3,88.88186,66.0
56,86,2,82.66562,65.0
56,87,4,89.461845,64.0
56,88,3,77.256805,63.0
56,89,4,80.75182,62.0
56,90,3,90.85819,61.0
56,91,1,84.81166,60.0
56,92,2,88.437355,59.0
56,93,3,99.32697,58.0
56,94,5,95.84525,57.0
56,95,0,96.87468,56.0
56,96,1,97.16968,55.0
56,97,1,95.142365,54.0
56,98,5,99.83368,53.0
56,99,5,105.15016,52.0
56,100,2,103.37051,51.0
56,101,2,100.68017,50.0
56,102,1,108.10081,49.0
56,103,0,108.31179,48.0
56,104,0,96.06852,47.0
56,105,1,86.26586,46.0
56,106,4,96.45777,45.0
56,107,5,87.6793,44.0
56,108,0,85.108894,43.0
56,109,1,88.22718,42.0
56,110,5,68.05645,41.0
56,111,5,67.309555,40.0
56,112,1,64.74518,39.0
56,113,3,78.13464,38.0
56,114,4,52.466198,37.0
56,115,0,47.402348,36.0
56,116,3,54.368347,35.0
56,117,2,60.7655,34.0
56,118,2,43.930717,33.0
56,119,0,49.347107,32.0
56,120,1,52.00781,31.0
56,121,5,39.89659,30.0
56,122,0,43.38295,29.0
56,123,4,31.484003,28.0
56,124,1,34.619446,27.0
56,125,0,31.075167,26.0
56,126,2,31.378817,25.0
56,127,4,28.610561,24.0
56,128,4,23.72071,23.0
56,129,1,31.926525,22.0
56,130,2,38.853077,21.0
56,131,3,36.351044,20.0
56,132,5,25.105885,19.0
56,133,0,26.19572,18.0
56,134,2,29.82752,17.0
56,135,3,34.297287,16.0
56,136,2,28.64367,15.0
57,36,4,115.511925,125.0
57,37,3,114.229485,125.0
57,38,5,122.55306,125.0
57,39,1,117.202835,125.0
57,40,0,119.84499,125.0
57,41,3,110.17785,125.0
57,42,0,126.28606,125.0
57,43,2,119.074394,125.0
57,44,5,114.50938,125.0
57,45,2,116.046364,125.0
57,46,5,116.886185,125.0
57,47,2,107.34585,125.0
57,48,4,106.45989,125.0
57,49,3,106.83367,125.0
57,50,1,105.40846,125.0
57,51,3,102.3981,125.0
57,52,4,102.060356,125.0
57,53,3,103.15741,125.0
57,54,2,106.560844,125.0
57,55,3,88.60627,125.0
57,56,2,88.92634,125.0
57,57,3,111.30746,125.0
57,58,2,109.39433,125.0
57,59,0,115.144615,125.0
57,60,2,124.07601,125.0
57,61,1,132.69603,125.0
57,62,3,113.762245,125.0
57,63,2,122.21734,125.0
57,64,1,121.69671,125.0
57,65,5,125.53733,125.0
57,66,4,133.71025,125.0
57,67,2,134.05551,125.0
57,68,5,126.20103,125.0
57,69,0,120.52124,125.0
57,70,3,120.42257,125.0
57,71,1,125.49047,125.0
57,72,2,122.05307,125.0
57,73,5,125.008766,125.0
57,74,4,131.93463,125.0
57,75,5,127.365295,125.0
57,76,5,131.96756,125.0
57,77,5,121.680824,125.0
57,78,0,122.31319,125.0
57,79,0,124.63546,125.0
57,80,2,113.867355,125.0
57,81,3,121.376045,125.0
57,82,4,107.95801,125.0
57,83,0,104.77328,125.0
57,84,2,106.43722,125.0
57,85,1,109.06465,125.0
57,86,5,110.686195,125.0
57,87,0,110.42711,125.0
57,88,2,119.947716,125.0
57,89,5,117.422104,125.0
57,90,4,114.76381,125.0
57,91,0,120.04491,125.0
57,92,2,123.62746,125.0
57,93,0,109.39139,125.0
57,94,0,119.90946,125.0
57,95,5,115.293495,125.0
57,96,1,118.4781,125.0
57,97,0,126.58578,125.0
57,98,0,122.50013,125.0
57,99,1,113.65204,125.0
57,100,4,126.75533,125.0
57,101,0,120.50786,125.0
57,102,5,118.90394,125.0
57,103,5,122.1697,125.0
57,104,2,118.734344,125.0
57,105,2,119.983376,125.0
57,106,2,115.863686,125.0
57,107,3,119.96167,125.0
57,108,0,122.53742,125.0
57,109,4,108.30184,125.0
57,110,3,104.456505,125.0
57,111,2,110.609856,125.0
57,112,3,109.82522,125.0
57,113,2,117.362045,125.0
57,114,1,117.963486,125.0
57,115,4,124.72534,125.0
57,116,5,121.8706,125.0
57,117,2,116.04493,125.0
57,118,2,111.969505,125.0
57,119,1,112.67468,125.0
57,120,4,124.62129,125.0
57,121,4,116.29417,125.0
57,122,5,128.77995,125.0
57,123,5,129.38591,125.0
57,124,0,127.63886,125.0
57,125,2,127.20575,125.0
57,126,0,126.040504,125.0
57,127,1,133.50473,125.0
57,128,0,124.35953,125.0
57,129,4,125.03754,125.0
57,130,3,132.76898,125.0
57,131,5,114.96606,125.0
57,132,5,115.94719,125.0
57,133,2,103.83232,125.0
57,134,2,111.960045,125.0
57,135,0,102.463,125.0
57,136,5,103.83874,125.0
57,137,0,104.832985,125.0
57,138,2,98.10359,125.0
57,139,4,113.55094,124.0
57,140,4,106.36447,123.0
57,141,1,108.79975,122.0
57,142,3,98.36067,121.0
57,143,4,100.58244,120.0
57,144,0,98.01391,119.0
57,145,3,93.97423,118.0
57,146,5,108.68455,117.0
57,147,2,109.139885,116.0
57,148,2,111.7131,115.0
57,149,3,100.41623,114.0
57,150,1,96.934425,113.0
57,151,5,100.1155,112.0
57,152,0,98.27314,111.0
57,153,4,98.622246,110.0
57,154,5,105.03927,109.0
57,155,1,104.884796,108.0
57,156,2,111.212395,107.0
57,157,5,117.654015,106.0
57,158,5,113.04283,105.0
57,159,1,101.843155,104.0
57,160,4,98.940895,103.0
58,36,2,126.72826,125.0
58,37,0,123.80288,125.0
58,38,2,123.29365,125.0
58,39,4,121.027145,125.0
58,40,2,131.13208,125.0
58,41,5,131.04007,125.0
58,42,0,122.20074,125.0
58,43,2,130.48334,125.0
58,44,2,128.1915,125.0
58,45,0,131.13559,125.0
58,46,5,126.46398,125.0
58,47,1,128.8618,125.0
58,48,4,135.41467,125.0
58,49,2,131.56213,125.0
58,50,4,124.7953,125.0
58,51,0,128.24817,125.0
58,52,0,125.471725,125.0
58,53,3,126.87516,125.0
58,54,3,125.94398,125.0
58,55,5,129.48471,125.0
58,56,2,132.10121,125.0
58,57,0,124.448204,125.0
58,58,2,129.00601,125.0
58,59,1,128.16925,125.0
58,60,5,128.31482,125.0
58,61,0,134.46785,125.0
58,62,3,113.64091,125.0
58,63,4,112.579094,125.0
58,64,4,119.850204,125.0
58,65,1,110.145935,125.0
58,66,1,112.131004,125.0
58,67,5,107.332726,125.0
58,68,0,115.358116,125.0
58,69,3,111.41482,125.0
58,70,1,106.041695,125.0
58,71,0,93.37472,125.0
58,72,2,95.36215,125.0
58,73,1,104.28533,125.0
58,74,5,115.185326,125.0
58,75,2,127.53082,125.0
58,76,2,124.75068,125.0
58,77,5,123.62763,125.0
58,78,3,122.19692,125.0
58,79,0,118.77984,125.0
58,80,4,118.4849,125.0
58,81,4,120.09899,125.0
58,82,2,123.81163,125.0
58,83,4,113.07553,125.0
58,84,0,112.24258,125.0
58,85,4,107.76734,125.0
58,86,4,93.84481,125.0
58,87,0,101.188545,125.0
58,88,3,110.26145,125.0
58,89,3,114.88781,124.0
58,90,3,105.81226,123.0
58,91,5,112.05483,122.0
58,92,3,107.51075,121.0
58,93,1,108.39979,120.0
58,94,2,109.30076,119.0
58,95,0,121.75938,118.0
58,96,5,120.15092,117.0
58,97,2,122.244835,116.0
58,98,5,119.83161,115.0
58,99,0,120.69825,114.0
58,100,5,118.80338,113.0
58,101,3,121.47481,112.0
58,102,0,122.51412,111.0
58,103,3,122.738976,110.0
58,104,4,123.5781,109.0
58,105,3,116.083855,108.0
58,106,0,123.11825,107.0
58,107,5,107.313255,106.0
58,108,0,107.376205,105.0
58,109,2,100.29211,104.0
58,110,2,85.860756,103.0
58,111,3,94.73313,102.0
58,112,0,83.49045,101.0
58,113,0,100.293526,100.0
58,114,1,102.7795,99.0
58,115,4,104.55164,98.0
58,116,2,102.98095,97.0
58,117,2,105.56481,96.0
58,118,2,107.744286,95.0
58,119,0,85.49405,94.0
58,120,3,89.45158,93.0
58,121,5,94.689064,92.0
58,122,2,95.133064,91.0
58,123,5,89.52769,90.0
58,124,3,91.97105,89.0
58,125,3,84.454384,88.0
58,126,5,90.303276,87.0
58,127,2,94.3924,86.0
58,128,3,78.514595,85.0
58,129,5,85.88912,84.0
58,130,5,82.33996,83.0
58,131,5,85.73184,82.0
58,132,5,89.60596,81.0
58,133,3,98.92716,80.0
58,134,0,93.24414,79.0
58,135,0,92.79128,78.0
58,136,5,72.81156,77.0
58,137,2,101.432076,76.0
58,138,3,95.02786,75.0
58,139,4,91.44549,74.0
58,140,5,102.5529,73.0
58,141,5,93.67274,72.0
58,142,5,89.17703,71.0
58,143,0,94.39323,70.0
58,144,2,92.88952,69.0
58,145,4,67.16138,68.0
58,146,2,71.2807,67.0
58,147,1,77.70287,66.0
58,148,5,79.258766,65.0
58,149,5,75.66552,64.0
58,150,2,69.017914,63.0
58,151,4,68.71145,62.0
58,152,2,58.095806,61.0
58,153,2,54.706043,60.0
58,154,1,49.747566,59.0
58,155,3,51.986385,58.0
58,156,5,46.353268,57.0
58,157,0,42.399353,56.0
58,158,0,54.374874,55.0
58,159,0,59.042908,54.0
58,160,4,58.25153,53.0
58,161,2,50.51903,52.0
58,162,3,54.08839,51.0
58,163,2,43.902992,50.0
58,164,3,45.13162,49.0
58,165,2,61.240276,48.0
58,166,3,54.379086,47.0
58,167,5,46.51965,46.0
58,168,3,49.266468,45.0
58,169,3,42.71256,44.0
58,170,2,46.218273,43.0
58,171,4,40.276623,42.0
58,172,3,43.16995,41.0
58,173,5,44.51829,40.0
58,174,5,46.949924,39.0
58,175,0,52.32111,38.0
58,176,5,44.3492,37.0
59,36,3,128.95212,125.0
59,37,2,125.888535,125.0
59,38,0,121.366325,125.0
59,39,2,99.67884,125.0
59,40,3,113.52335,125.0
59,41,5,115.63471,125.0
59,42,2,111.10672,125.0
59,43,1,114.19684,125.0
59,44,2,120.223015,125.0
59,45,4,108.71128,125.0
59,46,1,116.69426,125.0
59,47,2,114.539894,125.0
59,48,4,117.790245,125.0
59,49,4,119.84838,125.0
59,50,0,112.5868,125.0
59,51,5,105.281,125.0
59,52,0,105.703804,125.0
59,53,3,118.34561,125.0
59,54,0,113.345795,125.0
59,55,0,117.88836,125.0
59,56,2,112.81119,125.0
59,57,1,123.68375,125.0
59,58,0,118.83309,125.0
59,59,5,125.77764,125.0
59,60,5,118.328636,125.0
59,61,0,121.36619,125.0
59,62,3,123.95606,125.0
59,63,4,126.85369,125.0
59,64,0,127.27292,125.0
59,65,3,118.92396,125.0
59,66,0,120.770775,125.0
59,67,3,114.142784,125.0
59,68,1,112.55242,125.0
59,69,2,124.07888,125.0
59,70,4,123.91415,125.0
59,71,2,121.88028,125.0
59,72,2,123.41495,125.0
59,73,1,118.85727,125.0
59,74,3,115.58906,125.0
59,75,2,105.99095,125.0
59,76,5,105.508224,125.0
59,77,3,105.33485,125.0
59,78,0,111.178505,125.0
59,79,5,104.84971,125.0
59,80,3,116.52553,125.0
59,81,0,113.08183,125.0
59,82,1,107.97319,125.0
59,83,5,109.236565,125.0
59,84,5,114.51941,124.0
59,85,4,116.05785,123.0
59,86,5,117.75074,122.0
59,87,4,118.36568,121.0
59,88,0,120.377304,120.0
59,89,5,111.35961,119.0
59,90,3,114.001656,118.0
59,91,3,107.153175,117.0
59,92,5,102.657715,116.0
59,93,4,103.88912,115.0
59,94,2,110.3231,114.0
60,36,5,127.488884,125.0
60,37,0,118.7033,125.0
60,38,4,123.1451,125.0
60,39,0,115.920364,125.0
60,40,5,125.224686,125.0
60,41,2,109.43296,125.0
60,42,5,115.69252,125.0
60,43,2,116.119316,125.0
60,44,1,116.99248,125.0
60,45,4,124.062,125.0
60,46,2,117.78799,125.0
60,47,4,123.60647,125.0
60,48,5,121.95938,125.0
60,49,5,124.5254,125.0
60,50,2,121.07018,125.0
60,51,2,123.112785,125.0
60,52,1,123.31426,125.0
60,53,4,126.99427,125.0
60,54,5,122.29348,125.0
60,55,1,121.17042,125.0
60,56,5,123.00005,125.0
60,57,5,127.09457,125.0
60,58,4,123.45995,125.0
60,59,0,125.22738,125.0
60,60,5,122.15708,125.0
60,61,0,115.22318,125.0
60,62,0,109.92918,125.0
60,63,5,115.11805,125.0
60,64,5,108.34116,125.0
60,65,2,111.31321,125.0
60,66,2,106.3272,125.0
60,67,2,100.22072,125.0
60,68,0,103.74638,125.0
60,69,4,109.83685,125.0
60,70,3,120.61762,125.0
60,71,3,113.69886,125.0
60,72,3,102.34743,125.0
60,73,4,105.920876,125.0
60,74,0,113.88795,125.0
60,75,1,103.61023,125.0
60,76,2,109.69571,125.0
60,77,5,111.184364,125.0
60,78,2,117.630455,125.0
60,79,3,124.14069,125.0
60,80,4,115.83504,125.0
60,81,2,119.10859,125.0
60,82,1,115.854774,125.0
60,83,3,105.51702,125.0
60,84,1,94.65356,125.0
60,85,3,81.226425,125.0
60,86,2,106.65468,125.0
60,87,4,104.99694,125.0
60,88,4,106.49608,125.0
60,89,3,98.33713,125.0
60,90,0,100.40943,125.0
60,91,0,106.996414,125.0
60,92,2,98.3316,125.0
60,93,4,97.317566,125.0
60,94,5,100.25846,125.0
60,95,2,102.59924,125.0
60,96,3,109.63868,125.0
60,97,2,103.41672,125.0
60,98,0,107.676125,125.0
60,99,2,119.73191,125.0
60,100,4,115.22142,125.0
60,101,0,123.30033,125.0
60,102,3,114.14385,125.0
60,103,0,121.377495,125.0
60,104,2,109.3134,125.0
60,105,4,101.17736,125.0
60,106,3,115.77545,125.0
60,107,2,111.75545,125.0
60,108,3,114.923965,125.0
60,109,2,86.64118,125.0
60,110,0,100.011665,125.0
60,111,0,95.89631,125.0
60,112,4,87.096504,125.0
60,113,4,81.361565,125.0
60,114,3,99.37144,125.0
60,115,2,106.785866,125.0
60,116,4,100.22338,125.0
60,117,0,101.73466,125.0
60,118,5,122.39758,125.0
60,119,5,111.00303,125.0
60,120,1,111.62124,125.0
60,121,0,113.619545,125.0
60,122,4,100.08779,125.0
60,123,4,110.340065,124.0
60,124,2,101.34077,123.0
60,125,5,102.807396,122.0
60,126,0,90.10902,121.0
60,127,3,96.523155,120.0
60,128,4,99.01618,119.0
60,129,3,105.63801,118.0
60,130,2,93.95143,117.0
60,131,3,98.77588,116.0
60,132,2,110.123985,115.0
60,133,1,112.66182,114.0
60,134,4,116.865715,113.0
60,135,5,112.31198,112.0
60,136,4,113.292946,111.0
60,137,1,110.929756,110.0
60,138,4,106.61615,109.0
60,139,2,103.11944,108.0
60,140,2,112.432014,107.0
60,141,0,106.35711,106.0
60,142,2,115.269104,105.0
60,143,4,109.32394,104.0
60,144,5,100.057076,103.0
60,145,0,105.53127,102.0
60,146,2,107.620544,101.0
60,147,2,106.34246,100.0
61,36,0,115.78423,125.0
61,37,1,121.4285,125.0
61,38,2,119.84979,125.0
61,39,1,112.319695,125.0
61,40,1,110.56066,125.0
61,41,5,107.83452,125.0
61,42,5,121.63375,125.0
61,43,4,117.75622,125.0
61,44,4,121.22535,125.0
61,45,0,116.65366,125.0
61,46,1,112.359856,125.0
61,47,0,119.87989,125.0
61,48,1,115.39283,125.0
61,49,0,113.50767,125.0
61,50,0,108.52966,125.0
61,51,5,112.857796,125.0
61,52,5,117.73971,125.0
61,53,5,111.16407,125.0
61,54,5,122.29217,125.0
61,55,5,115.50768,125.0
61,56,3,101.00752,124.0
61,57,3,105.42225,123.0
61,58,1,116.823235,122.0
61,59,4,112.680824,121.0
61,60,2,104.56386,120.0
61,61,2,99.48234,119.0
61,62,0,98.3258,118.0
61,63,4,103.07107,117.0
61,64,0,97.55781,116.0
61,65,3,97.64352,115.0
61,66,5,76.67639,114.0
61,67,5,104.36791,113.0
61,68,0,101.35271,112.0
61,69,2,102.64729,111.0
61,70,0,98.82694,110.0
61,71,4,105.49034,109.0
61,72,5,108.085236,108.0
61,73,5,99.51264,107.0
61,74,2,99.6302,106.0
61,75,2,108.48295,105.0
61,76,0,109.183815,104.0
61,77,0,95.98618,103.0
61,78,2,104.87213,102.0
61,79,2,103.69155,101.0
61,80,1,114.994545,100.0
61,81,3,115.16296,99.0
61,82,3,111.16992,98.0
61,83,1,110.01209,97.0
61,84,1,109.75155,96.0
61,85,5,115.48941,95.0
61,86,3,110.0265,94.0
61,87,3,104.68566,93.0
61,88,3,105.4353,92.0
61,89,5,104.0329,91.0
61,90,5,97.54923,90.0
61,91,4,108.60558,89.0
61,92,5,112.72869,88.0
61,93,3,100.370445,87.0
61,94,1,95.81241,86.0
61,95,5,85.380394,85.0
61,96,0,99.27706,84.0
61,97,3,82.352165,83.0
61,98,0,91.8797,82.0
61,99,4,97.74091,81.0
61,100,5,96.76769,80.0
61,101,1,92.424126,79.0
61,102,2,97.621376,78.0
61,103,1,93.15697,77.0
61,104,1,113.11602,76.0
61,105,2,101.1139,75.0
61,106,4,108.73026,74.0
61,107,0,98.34442,73.0
61,108,4,90.5671,72.0
61,109,3,100.41169,71.0
61,110,0,83.4634,70.0
61,111,1,93.96635,69.0
61,112,5,80.62597,68.0
61,113,1,96.28078,67.0
61,114,5,78.563324,66.0
61,115,0,67.298256,65.0
61,116,3,74.99003,64.0
61,117,0,72.53367,63.0
61,118,0,59.661644,62.0
61,119,4,55.051857,61.0
61,120,0,45.700344,60.0
61,121,4,46.60638,59.0
61,122,2,37.071255,58.0
61,123,2,37.790073,57.0
61,124,2,34.916084,56.0
61,125,2,26.30471,55.0
61,126,1,30.362888,54.0
61,127,2,28.995262,53.0
61,128,2,24.830624,52.0
61,129,4,30.981045,51.0
61,130,2,32.490604,50.0
61,131,3,36.570126,49.0
61,132,0,33.266495,48.0
61,133,3,43.085407,47.0
61,134,5,41.861675,46.0
61,135,2,44.04273,45.0
61,136,4,42.007862,44.0
61,137,0,59.335056,43.0
61,138,5,49.619114,42.0
61,139,2,59.768925,41.0
61,140,2,52.680035,40.0
61,141,2,61.56216,39.0
61,142,0,57.256252,38.0
61,143,3,65.48552,37.0
61,144,3,59.80549,36.0
61,145,4,47.898674,35.0
61,146,5,53.285564,34.0
61,147,5,49.838936,33.0
61,148,0,44.898357,32.0
61,149,5,39.363026,31.0
61,150,4,44.611145,30.0
61,151,5,33.714497,29.0
61,152,3,28.136936,28.0
61,153,3,31.505516,27.0
61,154,5,23.69496,26.0
61,155,1,23.054974,25.0
61,156,0,20.658207,24.0
61,157,5,20.116776,23.0
61,158,2,16.701132,22.0
61,159,3,13.95253,21.0
62,36,5,112.0326,125.0
62,37,0,114.87034,125.0
62,38,0,113.87301,125.0
62,39,1,123.40832,125.0
62,40,2,126.046265,125.0
62,41,0,127.457924,125.0
62,42,5,117.72352,125.0
62,43,3,121.20233,125.0
62,44,3,114.32603,125.0
62,45,4,109.33192,125.0
62,46,1,116.33727,125.0
62,47,5,110.21639,125.0
62,48,3,121.45254,125.0
62,49,4,116.374626,125.0
62,50,3,106.30971,125.0
62,51,4,114.4609,125.0
62,52,1,113.6088,125.0
62,53,4,121.06971,125.0
62,54,1,124.14483,125.0
62,55,1,129.14307,125.0
62,56,4,117.21493,125.0
62,57,2,122.68809,125.0
62,58,5,114.564575,125.0
62,59,3,106.09439,125.0
62,60,1,106.98738,125.0
62,61,5,106.91906,125.0
62,62,2,125.04868,125.0
62,63,5,119.96794,125.0
62,64,5,115.88746,125.0
62,65,5,105.99744,125.0
62,66,3,115.334335,125.0
62,67,3,118.78987,125.0
62,68,0,120.6842,125.0
62,69,1,119.91265,125.0
62,70,1,118.39504,125.0
62,71,2,120.53596,125.0
62,72,1,115.33326,125.0
62,73,5,125.3025,125.0
62,74,4,119.693596,125.0
62,75,4,126.88934,125.0
62,76,2,124.501335,125.0
62,77,2,123.63619,125.0
62,78,4,120.93431,125.0
62,79,5,120.18856,125.0
62,80,2,121.441124,125.0
62,81,5,126.72411,125.0
62,82,5,115.01714,125.0
62,83,5,110.27274,125.0
62,84,5,111.613686,125.0
62,85,4,120.545204,125.0
62,86,5,116.93979,125.0
62,87,1,117.459755,125.0
62,88,2,123.404396,125.0
62,89,5,117.180275,125.0
62,90,0,113.37723,125.0
62,91,0,117.401115,125.0
62,92,1,115.71296,125.0
62,93,1,128.54126,125.0
62,94,4,125.48069,125.0
62,95,2,134.9119,125.0
62,96,4,129.95348,125.0
62,97,0,127.03297,125.0
62,98,4,124.18602,125.0
62,99,4,123.66343,125.0
62,100,1,124.109276,125.0
62,101,1,116.17152,125.0
62,102,3,121.04877,125.0
62,103,2,120.25126,125.0
62,104,1,127.217316,125.0
62,105,2,118.11248,125.0
62,106,4,115.175804,125.0
62,107,5,125.659325,125.0
62,108,2,123.740814,125.0
62,109,5,122.096016,125.0
62,110,3,129.81973,125.0
62,111,2,125.03498,125.0
62,112,5,112.52326,125.0
62,113,0,112.626495,125.0
62,114,1,112.60007,125.0
62,115,5,106.33422,125.0
62,116,1,114.10707,125.0
62,117,5,126.082466,125.0
62,118,2,116.13613,125.0
62,119,4,118.65423,125.0
62,120,0,117.549225,125.0
62,121,3,122.66564,125.0
62,122,2,122.87875,125.0
62,123,2,126.22813,125.0
62,124,2,115.03819,125.0
62,125,1,118.64097,125.0
62,126,2,114.2622,125.0
62,127,1,118.09339,125.0
62,128,0,120.42832,125.0
62,129,2,130.53964,125.0
62,130,5,124.3975,125.0
62,131,3,128.23474,125.0
62,132,2,129.1113,125.0
62,133,2,130.47585,125.0
62,134,1,131.21123,125.0
62,135,1,129.81677,125.0
62,136,4,130.00897,125.0
62,137,2,133.59787,125.0
62,138,2,133.94228,125.0
62,139,1,130.1471,125.0
62,140,3,131.61697,125.0
62,141,1,127.73052,125.0
62,142,1,119.094505,125.0
62,143,0,120.21992,125.0
62,144,4,122.46674,125.0
62,145,4,120.463295,125.0
62,146,4,114.20742,125.0
62,147,0,118.51414,125.0
62,148,3,104.94576,125.0
62,149,1,108.70946,125.0
62,150,5,102.00538,125.0
62,151,4,89.70756,125.0
62,152,1,77.600655,125.0
62,153,4,78.17887,125.0
62,154,4,73.27552,125.0
62,155,4,75.4923,125.0
62,156,0,76.929985,125.0
62,157,2,75.271645,125.0
62,158,3,78.24956,125.0
62,159,2,64.162704,125.0
62,160,0,76.85906,125.0
62,161,2,79.64701,125.0
62,162,2,73.329765,124.0
62,163,2,68.33998,123.0
62,164,4,78.15531,122.0
62,165,2,82.455124,121.0
62,166,5,80.039795,120.0
62,167,3,87.0183,119.0
62,168,5,79.43273,118.0
62,169,2,56.637688,117.0
62,170,1,65.2539,116.0
62,171,2,87.434135,115.0
62,172,5,69.40559,114.0
62,173,0,64.68717,113.0
62,174,3,83.689896,112.0
62,175,4,92.330124,111.0
62,176,2,88.61778,110.0
62,177,2,80.43203,109.0
62,178,2,99.00462,108.0
62,179,2,96.00853,107.0
62,180,2,76.94216,106.0
62,181,1,80.12032,105.0
62,182,1,87.05744,104.0
62,183,0,87.21255,103.0
62,184,2,84.369545,102.0
62,185,0,90.53426,101.0
62,186,3,88.749825,100.0
62,187,2,102.24859,99.0
62,188,4,86.125465,98.0
62,189,2,80.32745,97.0
62,190,4,83.05413,96.0
62,191,1,81.9646,95.0
62,192,4,82.17501,94.0
62,193,4,58.76767,93.0
62,194,5,61.930256,92.0
62,195,5,74.46793,91.0
62,196,4,73.773125,90.0
62,197,4,63.5189,89.0
62,198,0,72.830185,88.0
62,199,0,63.73351,87.0
62,200,1,71.48856,86.0
62,201,2,81.12122,85.0
62,202,2,72.0929,84.0
62,203,0,82.595146,83.0
62,204,0,82.57249,82.0
62,205,1,80.68119,81.0
62,206,3,69.65465,80.0
62,207,2,64.30158,79.0
62,208,4,67.89661,78.0
62,209,2,54.930344,77.0
62,210,4,60.772892,76.0
62,211,4,60.872456,75.0
62,212,4,61.971592,74.0
62,213,0,56.593853,73.0
62,214,3,60.976734,72.0
62,215,2,70.12019,71.0
62,216,3,59.462597,70.0
62,217,4,47.178265,69.0
62,218,5,50.99312,68.0
62,219,1,53.017406,67.0
62,220,4,44.592297,66.0
62,221,4,42.0894,65.0
62,222,1,39.38353,64.0
62,223,4,42.416397,63.0
62,224,0,41.080273,62.0
62,225,3,34.495586,61.0
62,226,2,44.733166,60.0
62,227,1,33.267,59.0
62,228,2,29.031578,58.0
62,229,2,27.300888,57.0
62,230,2,28.769703,56.0
62,231,2,25.566742,55.0
62,232,2,22.684643,54.0
63,36,1,115.58491,125.0
63,37,5,120.858604,125.0
63,38,4,116.21743,125.0
63,39,5,122.27268,125.0
63,40,5,122.44506,125.0
63,41,0,125.828285,125.0
63,42,1,127.354,125.0
63,43,2,127.12257,125.0
63,44,1,111.881325,125.0
63,45,5,111.491554,125.0
63,46,1,103.77546,125.0
63,47,0,111.15236,125.0
63,48,5,114.14072,125.0
63,49,3,119.931465,125.0
63,50,2,112.70874,125.0
63,51,2,118.06487,125.0
63,52,4,121.29101,125.0
63,53,5,124.73748,125.0
63,54,2,124.35879,125.0
63,55,4,129.43842,125.0
63,56,2,125.84527,125.0
63,57,5,115.245476,125.0
63,58,5,129.39436,125.0
63,59,4,123.283226,125.0
63,60,5,122.95533,125.0
63,61,4,116.574,125.0
63,62,2,122.014366,125.0
63,63,5,119.454216,125.0
63,64,2,119.648705,125.0
63,65,2,116.14978,125.0
63,66,0,104.19598,125.0
63,67,4,108.456985,125.0
63,68,3,116.70925,125.0
63,69,4,112.25979,125.0
63,70,4,99.560616,125.0
63,71,3,109.73211,125.0
63,72,1,111.87409,125.0
63,73,0,122.367424,125.0
63,74,2,116.613686,125.0
63,75,0,117.8911,125.0
63,76,1,121.415764,125.0
63,77,1,123.761665,125.0
63,78,0,110.61306,125.0
63,79,4,102.952644,125.0
63,80,1,88.54005,125.0
63,81,2,106.17126,125.0
63,82,5,114.893936,125.0
63,83,2,104.331474,125.0
63,84,0,120.46658,125.0
63,85,1,107.89682,125.0
63,86,3,104.73672,125.0
63,87,2,100.07484,125.0
63,88,4,116.98336,125.0
63,89,5,105.205536,125.0
63,90,3,109.7886,125.0
63,91,3,102.547005,125.0
63,92,1,95.98105,125.0
63,93,2,105.5825,125.0
63,94,2,108.47975,125.0
63,95,0,107.79418,125.0
63,96,1,103.00104,125.0
63,97,0,105.79055,125.0
63,98,2,101.67004,125.0
63,99,0,99.84116,125.0
63,100,1,108.51661,125.0
63,101,5,101.43933,125.0
63,102,5,112.59009,125.0
63,103,4,120.21469,124.0
63,104,0,109.5884,123.0
63,105,1,117.17269,122.0
63,106,0,120.66094,121.0
63,107,0,114.31473,120.0
63,108,0,124.1941,119.0
63,109,0,112.878716,118.0
63,110,3,118.726425,117.0
63,111,1,122.66855,116.0
63,112,0,109.52413,115.0
63,113,3,121.91665,114.0
63,114,0,122.22148,113.0
63,115,0,120.217606,112.0
63,116,1,125.90247,111.0
63,117,3,131.01997,110.0
63,118,2,130.41466,109.0
63,119,3,129.62036,108.0
63,120,5,130.56952,107.0
63,121,0,124.83307,106.0
63,122,1,121.65623,105.0
63,123,2,124.16813,104.0
63,124,0,111.007996,103.0
63,125,2,113.81971,102.0
63,126,4,110.24046,101.0
63,127,3,102.13711,100.0
63,128,2,107.292755,99.0
63,129,4,95.87003,98.0
63,130,0,101.92445,97.0
63,131,0,106.872246,96.0
63,132,1,95.54305,95.0
63,133,3,104.92985,94.0
63,134,2,113.42429,93.0
63,135,0,96.17348,92.0
63,136,1,95.92274,91.0
63,137,5,86.74573,90.0
63,138,2,66.36517,89.0
63,139,5,68.44123,88.0
63,140,0,54.8723,87.0
63,141,0,58.98724,86.0
63,142,5,44.85166,85.0
63,143,2,53.245823,84.0
63,144,3,54.034054,83.0
63,145,2,55.55096,82.0
63,146,3,60.541515,81.0
63,147,0,72.84266,80.0
63,148,0,71.41044,79.0
63,149,5,71.92569,78.0
63,150,5,72.190636,77.0
63,151,1,83.741005,76.0
63,152,4,76.99099,75.0
63,153,3,74.19275,74.0
63,154,0,83.81823,73.0
63,155,2,75.3124,72.0
64,36,4,130.83588,125.0
64,37,2,118.81335,125.0
64,38,4,120.23084,125.0
64,39,4,123.87595,125.0
64,40,2,123.29893,125.0
64,41,0,121.317314,125.0
64,42,2,108.43364,125.0
64,43,4,113.46171,125.0
64,44,1,122.522545,125.0
64,45,5,113.82677,125.0
64,46,5,120.05547,125.0
64,47,5,108.297005,125.0
64,48,1,98.63383,125.0
64,49,1,106.656334,125.0
64,50,4,101.64065,125.0
64,51,3,98.444305,125.0
64,52,4,110.650375,125.0
64,53,5,111.64391,125.0
64,54,0,113.54341,125.0
64,55,2,116.98568,125.0
64,56,3,113.84173,125.0
64,57,4,124.03687,125.0
64,58,3,109.90146,125.0
64,59,0,107.154655,125.0
64,60,2,106.98058,125.0
64,61,4,127.85836,125.0
64,62,5,131.59479,125.0
64,63,1,124.5886,125.0
64,64,5,121.05895,125.0
64,65,2,118.346695,125.0
64,66,4,127.106346,125.0
64,67,5,123.17571,125.0
64,68,0,123.43464,125.0
64,69,3,123.89453,125.0
64,70,3,126.517815,125.0
64,71,1,123.943085,125.0
64,72,0,132.00587,124.0
64,73,1,122.90307,123.0
64,74,2,127.70778,122.0
64,75,0,127.78082,121.0
64,76,3,123.69926,120.0
64,77,0,118.8935,119.0
64,78,4,114.941154,118.0
64,79,3,116.77581,117.0
64,80,5,123.77184,116.0
64,81,2,116.522224,115.0
64,82,2,117.8051,114.0
64,83,2,117.910225,113.0
64,84,4,111.31336,112.0
64,85,5,125.58457,111.0
64,86,0,105.81323,110.0
64,87,5,113.82839,109.0
64,88,3,109.21206,108.0
64,89,4,104.88003,107.0
64,90,0,116.0196,106.0
64,91,5,102.49451,105.0
64,92,2,98.17809,104.0
64,93,3,115.58223,103.0
64,94,0,116.31955,102.0
64,95,2,121.48316,101.0
64,96,0,104.288826,100.0
64,97,2,109.067245,99.0
64,98,2,98.13441,98.0
64,99,2,97.38073,97.0
64,100,3,96.04291,96.0
64,101,3,115.96224,95.0
64,102,2,113.69694,94.0
64,103,5,100.884926,93.0
64,104,2,92.39735,92.0
64,105,0,104.826195,91.0
64,106,1,109.28887,90.0
64,107,0,114.88438,89.0
64,108,3,114.45895,88.0
64,109,0,119.11428,87.0
64,110,3,106.904594,86.0
64,111,3,113.56443,85.0
64,112,4,118.972984,84.0
64,113,2,118.0172,83.0
64,114,1,123.04128,82.0
64,115,0,106.19238,81.0
64,116,1,111.19962,80.0
64,117,3,102.85908,79.0
64,118,3,98.3403,78.0
64,119,4,93.93405,77.0
64,120,1,92.46693,76.0
64,121,2,93.82943,75.0
64,122,1,106.2009,74.0
64,123,4,99.77653,73.0
64,124,5,109.57189,72.0
64,125,4,108.14625,71.0
64,126,0,116.189186,70.0
64,127,4,103.639885,69.0
64,128,5,94.73844,68.0
64,129,0,88.51176,67.0
64,130,4,81.0262,66.0
64,131,5,76.074135,65.0
64,132,3,73.174736,64.0
64,133,3,78.33048,63.0
64,134,2,62.509716,62.0
64,135,1,51.795567,61.0
64,136,2,74.5066,60.0
64,137,3,64.338554,59.0
64,138,5,57.97818,58.0
64,139,2,70.32473,57.0
64,140,5,66.665474,56.0
64,141,5,51.400326,55.0
64,142,1,46.53706,54.0
64,143,2,46.997223,53.0
64,144,5,43.372433,52.0
64,145,0,33.84759,51.0
64,146,5,40.01036,50.0
64,147,0,36.77795,49.0
64,148,4,41.48306,48.0
64,149,1,45.6602,47.0
64,150,2,48.705585,46.0
64,151,4,39.64196,45.0
64,152,3,48.82239,44.0
64,153,0,43.719456,43.0
64,154,3,52.32101,42.0
64,155,0,59.938313,41.0
64,156,1,65.199425,40.0
64,157,0,47.117477,39.0
64,158,4,46.73997,38.0
64,159,0,50.278553,37.0
64,160,4,49.931614,36.0
64,161,3,42.9473,35.0
64,162,5,40.286137,34.0
64,163,5,43.210094,33.0
64,164,0,28.317076,32.0
64,165,1,28.761223,31.0
64,166,2,20.594532,30.0
64,167,4,27.075426,29.0
64,168,5,25.713589,28.0
65,36,3,115.38033,125.0
65,37,0,106.14161,125.0
65,38,4,107.513565,125.0
65,39,5,114.429054,125.0
65,40,5,110.498146,125.0
65,41,1,106.785545,125.0
65,42,2,109.31997,125.0
65,43,4,110.97924,125.0
65,44,2,113.15279,125.0
65,45,0,107.792534,125.0
65,46,1,110.68115,125.0
65,47,5,112.71988,125.0
65,48,0,110.67713,125.0
65,49,2,114.97579,125.0
65,50,1,119.53527,125.0
65,51,5,114.815956,125.0
65,52,3,118.9127,125.0
65,53,0,116.610504,125.0
65,54,5,105.7367,125.0
65,55,3,114.96846,125.0
65,56,4,114.67419,125.0
65,57,4,117.68842,125.0
65,58,5,110.74261,125.0
65,59,1,116.043846,125.0
65,60,1,114.14752,125.0
65,61,3,109.36525,125.0
65,62,3,104.127144,125.0
65,63,0,106.80409,125.0
65,64,4,103.99461,125.0
65,65,4,106.56375,125.0
65,66,5,112.58634,125.0
65,67,5,111.16055,125.0
65,68,3,110.514946,125.0
65,69,2,109.66246,125.0
65,70,0,110.44557,125.0
65,71,0,113.25385,125.0
66,36,2,114.631035,125.0
66,37,2,108.17643,124.0
66,38,3,105.85885,123.0
66,39,1,108.8052,122.0
66,40,2,109.04334,121.0
66,41,3,110.110756,120.0
66,42,5,115.51519,119.0
66,43,3,106.25269,118.0
66,44,4,98.10067,117.0
66,45,0,96.48847,116.0
66,46,2,88.33369,115.0
66,47,5,90.00481,114.0
66,48,1,104.60082,113.0
66,49,2,101.886665,112.0
66,50,5,104.35403,111.0
66,51,2,111.16772,110.0
66,52,3,109.445724,109.0
66,53,3,113.67643,108.0
66,54,4,110.647064,107.0
66,55,0,110.933395,106.0
66,56,5,110.592064,105.0
66,57,4,97.05595,104.0
66,58,5,103.86283,103.0
66,59,0,93.7653,102.0
66,60,0,90.15502,101.0
66,61,4,100.53983,100.0
66,62,5,98.39042,99.0
66,63,5,109.49116,98.0
66,64,5,104.15124,97.0
66,65,1,109.70493,96.0
66,66,4,113.3789,95.0
66,67,3,102.01066,94.0
66,68,5,104.658455,93.0
66,69,0,90.51415,92.0
66,70,0,104.897545,91.0
66,71,0,100.720055,90.0
66,72,1,88.50889,89.0
66,73,2,109.42852,88.0
66,74,0,95.30625,87.0
66,75,0,93.17789,86.0
66,76,2,91.75676,85.0
66,77,1,100.58382,84.0
66,78,3,109.3556,83.0
66,79,4,100.50425,82.0
66,80,1,91.54908,81.0
66,81,4,93.20228,80.0
66,82,4,95.27611,79.0
66,83,4,87.37051,78.0
66,84,4,89.46992,77.0
66,85,0,77.46441,76.0
66,86,4,83.016785,75.0
66,87,2,87.22857,74.0
66,88,5,79.56929,73.0
66,89,2,84.03872,72.0
66,90,2,97.31332,71.0
66,91,0,86.37835,70.0
66,92,5,85.66079,69.0
66,93,4,85.22715,68.0
66,94,2,70.80039,67.0
66,95,4,71.58274,66.0
66,96,0,70.92776,65.0
66,97,4,80.90285,64.0
66,98,2,78.373405,63.0
66,99,5,61.62369,62.0
66,100,5,66.47802,61.0
66,101,1,71.06117,60.0
66,102,0,67.82267,59.0
66,103,4,78.775375,58.0
66,104,1,72.47601,57.0
66,105,0,71.87971,56.0
66,106,3,70.73339,55.0
66,107,5,57.138153,54.0
66,108,3,61.079796,53.0
66,109,2,72.799995,52.0
66,110,5,57.077526,51.0
66,111,0,60.90725,50.0
66,112,0,48.31769,49.0
66,113,5,54.868633,48.0
66,114,4,49.272152,47.0
66,115,2,52.760975,46.0
66,116,0,53.03388,45.0
66,117,0,55.73373,44.0
66,118,3,44.51009,43.0
66,119,5,51.02801,42.0
66,120,1,43.779476,41.0
66,121,5,38.49229,40.0
66,122,0,30.634274,39.0
66,123,2,37.78243,38.0
66,124,3,34.47244,37.0
66,125,3,26.117958,36.0
66,126,0,36.086308,35.0
66,127,0,27.361053,34.0
66,128,4,38.05994,33.0
66,129,5,38.87785,32.0
66,130,5,34.582996,31.0
66,131,3,34.563385,30.0
66,132,0,34.125675,29.0
66,133,5,35.798687,28.0
66,134,5,35.034695,27.0
66,135,2,32.315983,26.0
66,136,3,33.29776,25.0
66,137,3,31.404846,24.0
66,138,5,33.966442,23.0
66,139,5,30.83313,22.0
66,140,3,31.402454,21.0
66,141,1,29.220871,20.0
66,142,3,26.949043,19.0
66,143,0,26.795626,18.0
66,144,4,28.551548,17.0
66,145,5,33.943787,16.0
66,146,3,31.80679,15.0
66,147,2,27.1674,14.0
67,36,3,118.659775,112.0
67,37,2,118.70139,111.0
67,38,5,118.16837,110.0
67,39,2,111.23263,109.0
67,40,5,111.31212,108.0
67,41,3,104.672585,107.0
67,42,2,111.64233,106.0
67,43,1,112.01459,105.0
67,44,0,105.00384,104.0
67,45,0,109.915306,103.0
67,46,2,110.83649,102.0
67,47,0,100.88924,101.0
67,48,5,101.299324,100.0
67,49,3,107.073845,99.0
67,50,0,114.48579,98.0
67,51,2,128.77267,97.0
67,52,3,118.5534,96.0
67,53,1,122.32917,95.0
67,54,1,115.884285,94.0
67,55,1,108.89869,93.0
67,56,0,107.32662,92.0
67,57,0,122.00294,91.0
67,58,2,107.888306,90.0
67,59,2,116.12026,89.0
67,60,4,123.14234,88.0
67,61,4,119.87117,87.0
67,62,3,120.50211,86.0
67,63,3,123.10549,85.0
67,64,2,119.83705,84.0
67,65,1,125.89603,83.0
67,66,4,130.88338,82.0
67,67,5,134.57654,81.0
67,68,3,128.10095,80.0
67,69,4,125.77305,79.0
67,70,4,123.04856,78.0
67,71,0,118.91296,77.0
68,36,0,120.31674,125.0
68,37,2,128.32524,125.0
68,38,2,123.639,125.0
68,39,5,112.15399,125.0
68,40,3,118.73893,125.0
68,41,4,120.01724,125.0
68,42,4,120.663994,125.0
68,43,3,127.45489,125.0
68,44,2,127.05191,125.0
68,45,0,125.40385,125.0
68,46,4,121.83808,125.0
68,47,0,121.63237,125.0
68,48,3,122.554474,125.0
68,49,5,111.520424,125.0
68,50,2,121.37536,125.0
68,51,5,117.94204,125.0
68,52,0,114.99451,125.0
68,53,5,117.91295,125.0
68,54,4,114.894615,125.0
68,55,5,121.31661,125.0
68,56,4,111.45229,125.0
68,57,1,108.23435,125.0
68,58,3,102.69068,125.0
68,59,2,102.19948,125.0
68,60,0,108.88899,125.0
68,61,2,120.57649,125.0
68,62,5,116.24768,125.0
68,63,3,118.57496,125.0
68,64,0,111.95935,125.0
68,65,5,120.437416,125.0
68,66,4,107.04315,125.0
68,67,4,102.43221,125.0
68,68,3,112.18485,125.0
68,69,4,103.61628,125.0
68,70,3,113.6621,125.0
68,71,5,92.20518,124.0
68,72,4,86.88926,123.0
68,73,5,104.66253,122.0
68,74,5,108.80485,121.0
68,75,5,97.83741,120.0
68,76,1,108.417076,119.0
68,77,2,96.915405,118.0
68,78,0,103.80916,117.0
68,79,4,99.19065,116.0
68,80,5,101.449356,115.0
68,81,0,101.158745,114.0
68,82,4,90.69816,113.0
68,83,1,98.74648,112.0
68,84,3,107.347145,111.0
68,85,0,100.2473,110.0
68,86,3,109.23557,109.0
68,87,0,109.57527,108.0
68,88,2,126.03302,107.0
68,89,4,120.507744,106.0
68,90,5,118.8637,105.0
68,91,0,120.117516,104.0
68,92,2,115.56171,103.0
68,93,1,121.21584,102.0
68,94,5,118.64736,101.0
68,95,5,117.52262,100.0
68,96,5,121.76221,99.0
68,97,4,118.528725,98.0
68,98,5,107.7277,97.0
68,99,0,116.50209,96.0
68,100,2,104.691444,95.0
68,101,1,102.18766,94.0
68,102,5,106.43591,93.0
68,103,0,92.03733,92.0
68,104,5,98.82502,91.0
68,105,0,94.36348,90.0
68,106,4,91.66927,89.0
68,107,5,87.08776,88.0
68,108,4,84.914345,87.0
68,109,4,87.10168,86.0
68,110,2,97.09753,85.0
68,111,4,81.337975,84.0
68,112,0,86.798096,83.0
68,113,3,101.03478,82.0
68,114,0,93.7934,81.0
68,115,0,91.8963,80.0
68,116,3,89.15585,79.0
68,117,5,78.82091,78.0
68,118,2,96.32207,77.0
68,119,3,84.26588,76.0
68,120,4,83.10998,75.0
68,121,2,76.59165,74.0
68,122,4,58.227997,73.0
68,123,1,64.345566,72.0
68,124,1,61.396336,71.0
68,125,5,71.05509,70.0
68,126,2,56.918602,69.0
68,127,3,60.78619,68.0
68,128,1,56.966156,67.0
68,129,1,54.789745,66.0
68,130,5,59.499676,65.0
68,131,5,58.07813,64.0
68,132,0,57.245872,63.0
68,133,3,66.63393,62.0
68,134,4,67.02938,61.0
68,135,1,60.11834,60.0
68,136,0,65.83361,59.0
68,137,3,48.631702,58.0
68,138,2,50.355938,57.0
68,139,5,52.51476,56.0
68,140,2,63.711197,55.0
68,141,5,63.434624,54.0
68,142,0,72.042114,53.0
68,143,4,74.11747,52.0
68,144,2,60.37174,51.0
68,145,4,62.271217,50.0
68,146,1,61.685577,49.0
68,147,4,53.466896,48.0
68,148,4,51.79004,47.0
68,149,3,53.326023,46.0
68,150,5,50.722713,45.0
68,151,0,60.822216,44.0
68,152,2,48.15812,43.0
68,153,0,45.796913,42.0
68,154,5,47.908627,41.0
68,155,2,43.8019,40.0
68,156,0,35.102016,39.0
68,157,3,31.816109,38.0
68,158,5,29.286179,37.0
68,159,3,40.03103,36.0
68,160,2,35.088936,35.0
68,161,3,31.254118,34.0
68,162,2,37.28014,33.0
68,163,1,33.280663,32.0
68,164,5,27.951471,31.0
68,165,2,34.48998,30.0
68,166,2,30.269598,29.0
68,167,4,32.94656,28.0
68,168,3,31.283583,27.0
68,169,5,28.212137,26.0
68,170,0,27.536728,25.0
68,171,0,26.365978,24.0
68,172,5,25.225018,23.0
68,173,2,18.611397,22.0
68,174,2,13.391834,21.0
68,175,3,16.311783,20.0
68,176,0,16.686642,19.0
68,177,5,14.612265,18.0
68,178,0,14.820817,17.0
68,179,3,13.45813,16.0
68,180,0,11.206907,15.0
68,181,4,8.627218,14.0
68,182,2,10.115831,13.0
68,183,2,8.145461,12.0
68,184,2,8.801222,11.0
68,185,2,6.344273,10.0
68,186,1,6.77506,9.0
68,187,2,7.793958,8.0
69,36,2,117.34193,125.0
69,37,4,124.927345,125.0
69,38,1,122.44082,125.0
69,39,5,122.38612,125.0
69,40,5,121.22697,125.0
69,41,0,120.056305,125.0
69,42,4,115.3042,125.0
69,43,2,106.75067,125.0
69,44,0,123.63845,125.0
69,45,2,123.931404,125.0
69,46,2,125.22542,125.0
69,47,0,103.31665,125.0
69,48,0,94.48035,125.0
69,49,1,104.1838,125.0
69,50,0,94.59893,125.0
69,51,4,101.00352,124.0
69,52,5,99.968994,123.0
69,53,5,86.73467,122.0
69,54,2,79.43967,121.0
70,36,0,123.973564,125.0
70,37,0,121.67896,125.0
70,38,1,121.17979,125.0
70,39,4,128.91963,125.0
70,40,4,124.65095,125.0
70,41,4,118.17397,125.0
70,42,1,112.41215,125.0
70,43,2,111.59739,125.0
70,44,5,109.16241,125.0
70,45,1,111.22999,125.0
70,46,5,122.79698,125.0
70,47,2,122.2239,125.0
70,48,0,124.58214,125.0
70,49,5,135.84967,125.0
70,50,4,133.79994,125.0
70,51,1,132.14899,125.0
70,52,2,125.33747,125.0
70,53,0,131.62558,125.0
70,54,3,134.79999,125.0
70,55,3,130.02992,125.0
70,56,0,136.43286,125.0
70,57,4,132.43066,125.0
70,58,5,129.86896,125.0
70,59,1,127.0195,125.0
70,60,2,123.91191,125.0
70,61,0,116.5273,125.0
70,62,3,108.25904,125.0
70,63,1,109.31216,125.0
70,64,2,110.903564,125.0
70,65,1,109.06049,125.0
70,66,5,108.91587,125.0
70,67,3,103.72985,125.0
70,68,5,106.40364,125.0
70,69,5,101.581,125.0
70,70,2,106.46702,125.0
70,71,5,107.150764,125.0
70,72,3,110.91489,125.0
70,73,3,118.862854,125.0
70,74,2,119.95919,125.0
70,75,0,119.56083,125.0
70,76,0,111.20582,125.0
70,77,1,115.39706,125.0
70,78,5,126.374985,125.0
70,79,0,127.19756,125.0
70,80,2,113.26121,125.0
70,81,0,118.65898,125.0
70,82,3,127.025856,125.0
70,83,0,129.07797,125.0
70,84,0,124.17684,125.0
70,85,0,115.088646,125.0
70,86,3,114.27771,125.0
70,87,1,128.11618,125.0
70,88,5,124.06591,125.0
70,89,5,121.06353,125.0
70,90,4,135.06674,125.0
70,91,5,122.12671,125.0
70,92,0,126.86071,125.0
70,93,0,124.75497,125.0
70,94,4,124.78554,125.0
70,95,5,128.79527,125.0
70,96,3,128.87662,125.0
70,97,5,121.29599,125.0
70,98,0,118.849,125.0
70,99,4,106.823746,125.0
70,100,1,115.70835,125.0
70,101,2,113.57898,125.0
70,102,5,99.15273,125.0
70,103,2,107.644615,125.0
70,104,1,115.314255,125.0
70,105,0,105.68633,125.0
70,106,5,119.1675,125.0
70,107,3,111.997375,125.0
70,108,5,118.083046,125.0
70,109,5,118.94482,125.0
70,110,4,111.493965,125.0
70,111,4,109.576805,125.0
70,112,5,108.60653,125.0
70,113,5,118.5399,125.0
70,114,3,116.45327,125.0
70,115,5,119.008064,125.0
70,116,5,115.088104,125.0
70,117,4,109.0124,125.0
70,118,2,111.82665,125.0
70,119,4,107.04862,125.0
70,120,2,108.40782,125.0
70,121,5,115.32499,125.0
70,122,3,105.85046,124.0
70,123,3,104.28217,123.0
70,124,2,98.78692,122.0
70,125,4,114.30697,121.0
70,126,5,108.94383,120.0
70,127,5,121.89086,119.0
70,128,2,105.86578,118.0
70,129,3,121.77701,117.0
70,130,1,111.78669,116.0
70,131,0,117.02902,115.0
70,132,0,113.77939,114.0
70,133,1,116.808235,113.0
70,134,4,111.67123,112.0
70,135,1,108.67715,111.0
70,136,4,98.63441,110.0
70,137,5,114.109276,109.0
70,138,4,116.09287,108.0
70,139,5,119.540886,107.0
70,140,4,114.56653,106.0
70,141,3,118.55276,105.0
70,142,2,108.23847,104.0
70,143,3,99.488754,103.0
70,144,0,116.637,102.0
70,145,1,125.4245,101.0
70,146,1,95.4714,100.0
70,147,0,98.635796,99.0
70,148,1,93.8261,98.0
70,149,1,98.91569,97.0
70,150,1,91.69861,96.0
70,151,0,99.20852,95.0
70,152,4,85.919914,94.0
71,36,2,100.74984,125.0
71,37,5,97.37498,125.0
71,38,2,101.42872,125.0
71,39,5,101.648285,125.0
71,40,1,117.2492,125.0
71,41,5,113.380936,125.0
71,42,0,116.61189,125.0
71,43,2,122.46877,125.0
71,44,3,125.11662,125.0
71,45,1,126.792725,125.0
71,46,3,131.44495,125.0
71,47,4,130.49069,125.0
71,48,2,126.40874,125.0
71,49,0,126.27883,125.0
71,50,4,121.4865,125.0
71,51,0,129.90654,125.0
71,52,5,126.700935,125.0
71,53,4,118.76648,125.0
71,54,2,117.56338,125.0
71,55,5,122.30383,125.0
71,56,5,114.201645,125.0
71,57,5,121.85314,125.0
71,58,5,120.37402,125.0
71,59,1,123.91378,125.0
71,60,5,109.95273,125.0
71,61,2,114.98849,125.0
71,62,3,120.00929,124.0
71,63,1,115.17629,123.0
71,64,2,114.063484,122.0
71,65,2,113.49197,121.0
71,66,1,130.42279,120.0
71,67,4,121.56533,119.0
71,68,3,122.8252,118.0
72,36,0,115.45032,125.0
72,37,0,114.93464,125.0
72,38,5,122.24041,125.0
72,39,2,118.479034,125.0
72,40,2,115.856445,125.0
72,41,0,119.193184,125.0
72,42,0,121.90716,125.0
72,43,1,116.1928,125.0
72,44,2,97.09165,125.0
72,45,1,107.65687,125.0
72,46,5,104.960175,125.0
72,47,3,102.39066,125.0
72,48,2,114.03641,125.0
72,49,2,113.05981,125.0
72,50,3,120.92361,125.0
72,51,0,110.04071,125.0
72,52,0,114.556175,125.0
72,53,3,105.82559,125.0
72,54,4,105.21197,125.0
72,55,4,105.86602,125.0
72,56,4,95.08935,125.0
72,57,2,101.30721,124.0
72,58,3,108.10743,123.0
72,59,4,101.451164,122.0
72,60,0,115.54862,121.0
72,61,4,107.84779,120.0
72,62,5,108.27717,119.0
72,63,4,107.751076,118.0
72,64,5,111.577614,117.0
72,65,5,119.05183,116.0
72,66,1,121.04004,115.0
72,67,1,117.48376,114.0
72,68,3,106.966515,113.0
72,69,5,101.79824,112.0
72,70,5,115.62079,111.0
72,71,5,110.61492,110.0
72,72,5,113.85253,109.0
72,73,3,108.55741,108.0
72,74,2,111.24975,107.0
72,75,5,107.478325,106.0
72,76,3,117.98113,105.0
72,77,0,104.76174,104.0
72,78,0,114.02175,103.0
72,79,3,105.578316,102.0
72,80,2,111.66036,101.0
72,81,4,109.45601,100.0
72,82,0,112.91359,99.0
72,83,4,111.271996,98.0
72,84,5,110.14634,97.0
72,85,5,111.30978,96.0
72,86,2,106.12311,95.0
72,87,3,103.85323,94.0
72,88,1,110.501976,93.0
72,89,0,112.54949,92.0
72,90,4,109.8821,91.0
72,91,5,107.27287,90.0
72,92,2,96.62698,89.0
72,93,0,79.612206,88.0
72,94,3,103.01963,87.0
72,95,0,97.549446,86.0
72,96,4,94.68672,85.0
72,97,1,100.34998,84.0
72,98,5,90.09251,83.0
72,99,0,105.05607,82.0
72,100,1,91.13057,81.0
72,101,2,96.9729,80.0
72,102,2,103.488884,79.0
72,103,4,102.47187,78.0
72,104,5,102.26101,77.0
72,105,5,103.33129,76.0
72,106,5,104.4063,75.0
72,107,2,82.09919,74.0
72,108,0,81.70693,73.0
72,109,0,86.21845,72.0
72,110,0,88.556915,71.0
72,111,0,73.380875,70.0
72,112,0,78.77665,69.0
72,113,1,93.4317,68.0
72,114,0,77.80492,67.0
72,115,0,87.00221,66.0
72,116,0,90.73756,65.0
72,117,1,95.28283,64.0
72,118,4,89.6369,63.0
72,119,4,93.25971,62.0
72,120,0,87.83485,61.0
72,121,3,95.65933,60.0
72,122,2,89.49214,59.0
72,123,4,103.14621,58.0
72,124,0,95.33993,57.0
72,125,5,86.019554,56.0
72,126,0,65.28498,55.0
72,127,5,69.64399,54.0
72,128,2,68.74072,53.0
72,129,0,58.60611,52.0
72,130,5,67.289764,51.0
72,131,4,50.910934,50.0
73,36,5,108.57531,125.0
73,37,1,116.69402,125.0
73,38,4,114.31359,125.0
73,39,3,112.138695,125.0
73,40,0,129.70306,125.0
73,41,2,118.65088,125.0
73,42,3,118.62699,125.0
73,43,4,127.62725,125.0
73,44,0,130.36374,125.0
73,45,5,129.17831,125.0
73,46,0,132.1199,125.0
73,47,1,122.02604,125.0
73,48,0,132.56552,125.0
73,49,1,129.5619,125.0
73,50,0,129.50064,125.0
73,51,1,132.86789,125.0
73,52,3,131.54323,125.0
73,53,2,130.3456,125.0
73,54,5,125.392235,125.0
73,55,0,119.6156,125.0
73,56,3,126.33679,125.0
73,57,1,120.50167,125.0
73,58,3,122.797195,125.0
73,59,2,132.43098,125.0
73,60,5,121.92849,125.0
73,61,1,126.624954,125.0
73,62,4,123.61727,125.0
73,63,2,116.08726,125.0
73,64,2,115.63743,125.0
73,65,3,127.16303,125.0
73,66,4,113.2102,125.0
73,67,5,109.50586,125.0
73,68,5,116.2506,125.0
73,69,3,117.71468,125.0
73,70,3,122.418,125.0
73,71,1,117.90776,125.0
73,72,1,121.29572,125.0
73,73,1,120.67675,125.0
73,74,4,112.4961,125.0
73,75,2,118.35204,125.0
73,76,3,122.54904,125.0
73,77,5,133.56032,125.0
73,78,1,128.03387,125.0
73,79,3,122.23103,125.0
73,80,5,120.60308,125.0
73,81,0,117.7384,125.0
73,82,4,108.96001,125.0
73,83,0,112.50729,125.0
73,84,2,113.722565,125.0
73,85,5,115.882935,125.0
73,86,3,116.479996,125.0
73,87,0,113.897606,125.0
73,88,5,101.79077,125.0
73,89,1,114.84879,125.0
73,90,2,108.3885,125.0
73,91,0,113.76812,125.0
73,92,5,111.95389,125.0
73,93,0,106.5716,125.0
73,94,0,100.25564,125.0
73,95,3,107.29876,125.0
73,96,0,87.55932,125.0
73,97,4,103.806435,125.0
73,98,1,88.45092,125.0
73,99,5,87.7342,125.0
73,100,4,86.483986,125.0
73,101,0,88.40937,125.0
73,102,4,90.54357,125.0
73,103,3,101.22675,125.0
73,104,2,97.41959,125.0
73,105,0,100.771324,125.0
73,106,4,101.68342,125.0
73,107,1,115.57175,125.0
73,108,1,122.57157,125.0
73,109,1,119.38676,125.0
73,110,3,112.82397,125.0
73,111,3,107.97287,125.0
73,112,3,108.76882,125.0
74,36,2,114.9842,125.0
74,37,3,114.25655,125.0
74,38,2,107.987785,125.0
74,39,0,114.61576,125.0
74,40,4,110.13621,125.0
74,41,1,117.56602,125.0
74,42,2,113.85375,125.0
74,43,0,107.92038,125.0
74,44,0,115.793144,125.0
74,45,3,126.79972,125.0
74,46,5,128.71599,125.0
74,47,4,121.615135,125.0
74,48,1,114.10618,125.0
74,49,0,118.24532,125.0
74,50,3,118.8836,125.0
74,51,1,109.22903,125.0
74,52,2,112.33972,125.0
74,53,5,117.16059,125.0
74,54,2,121.177925,125.0
74,55,3,115.737976,125.0
74,56,1,108.19297,125.0
74,57,3,112.43626,125.0
74,58,4,110.29085,125.0
74,59,4,105.1627,125.0
74,60,2,110.616806,125.0
74,61,5,113.09913,125.0
74,62,5,97.58959,125.0
74,63,5,102.34998,125.0
74,64,2,109.77906,125.0
74,65,0,113.15191,125.0
74,66,5,108.75381,125.0
74,67,2,109.02464,125.0
74,68,3,119.81962,125.0
74,69,4,118.882774,125.0
74,70,0,113.96596,125.0
74,71,2,116.20729,125.0
74,72,1,115.29644,125.0
74,73,5,121.56203,125.0
74,74,0,128.33128,125.0
74,75,2,125.129234,125.0
74,76,1,127.367165,125.0
74,77,2,133.8695,125.0
74,78,0,125.88871,125.0
74,79,0,126.96749,125.0
74,80,1,124.66752,125.0
74,81,0,123.925575,125.0
74,82,4,119.89797,125.0
74,83,1,120.85777,125.0
74,84,3,120.278465,125.0
74,85,1,113.58637,125.0
74,86,0,103.4761,125.0
74,87,1,110.335945,125.0
74,88,5,118.3451,125.0
74,89,3,110.249275,125.0
74,90,4,118.51206,125.0
74,91,1,104.02828,125.0
74,92,4,91.67594,125.0
74,93,2,90.94948,125.0
74,94,0,102.817085,125.0
74,95,5,100.745186,125.0
74,96,5,109.25413,125.0
74,97,5,101.609856,125.0
74,98,5,105.121254,125.0
74,99,0,99.76178,125.0
74,100,1,114.284225,125.0
74,101,0,115.511955,125.0
74,102,2,120.38993,125.0
74,103,4,118.87443,125.0
74,104,1,124.354485,125.0
74,105,4,115.092064,125.0
74,106,5,117.143,125.0
74,107,5,108.07621,125.0
74,108,2,113.89724,125.0
74,109,5,116.26731,125.0
74,110,0,102.95962,125.0
74,111,0,105.86724,125.0
74,112,4,108.457954,125.0
74,113,1,101.07988,125.0
74,114,2,96.03806,125.0
74,115,5,94.68087,125.0
74,116,2,92.206764,125.0
74,117,1,92.476585,125.0
74,118,1,95.87872,125.0
74,119,3,101.138176,125.0
74,120,1,104.98843,125.0
74,121,4,98.96697,125.0
74,122,2,88.8252,125.0
74,123,1,100.90017,125.0
74,124,0,118.30916,125.0
74,125,2,119.539314,125.0
74,126,3,121.48376,125.0
74,127,5,115.41268,125.0
74,128,2,123.87951,125.0
74,129,0,130.87381,125.0
74,130,0,128.09866,125.0
74,131,1,128.96036,125.0
74,132,4,124.70901,125.0
74,133,2,123.04155,125.0
74,134,2,113.6123,125.0
74,135,3,128.74274,125.0
74,136,5,123.5176,125.0
74,137,4,133.76315,125.0
75,36,2,104.23176,125.0
75,37,2,107.50711,125.0
75,38,0,114.28652,125.0
75,39,2,112.123505,125.0
75,40,5,117.7256,125.0
75,41,1,119.491585,125.0
75,42,2,112.654106,125.0
75,43,1,104.16564,125.0
75,44,3,111.2777,125.0
75,45,0,111.53916,125.0
75,46,1,116.41241,125.0
75,47,2,121.353615,125.0
75,48,2,125.58348,125.0
75,49,5,128.10712,125.0
75,50,0,123.75873,125.0
75,51,4,123.9698,125.0
75,52,0,116.66456,125.0
75,53,2,122.880905,125.0
75,54,2,121.37942,125.0
75,55,2,115.9461,125.0
75,56,3,114.24058,125.0
75,57,2,119.2925,125.0
75,58,1,119.16711,125.0
75,59,5,127.252014,125.0
75,60,5,134.2117,125.0
75,61,5,128.78256,125.0
75,62,1,121.23812,125.0
75,63,1,128.13565,125.0
75,64,4,119.918365,125.0
75,65,1,126.80317,125.0
75,66,5,122.16304,125.0
75,67,0,109.513405,125.0
75,68,1,117.44056,125.0
75,69,1,112.265,125.0
75,70,0,118.40977,125.0
75,71,1,105.87826,125.0
75,72,2,105.45374,125.0
75,73,3,105.54128,125.0
75,74,4,117.566124,125.0
75,75,5,109.28727,125.0
75,76,4,100.687065,125.0
75,77,4,103.5261,124.0
75,78,5,93.96938,123.0
75,79,4,90.51421,122.0
75,80,1,85.14451,121.0
75,81,5,96.13253,120.0
75,82,0,103.90449,119.0
75,83,0,107.35276,118.0
75,84,2,110.66414,117.0
75,85,2,118.16296,116.0
75,86,3,113.764854,115.0
75,87,2,113.29689,114.0
75,88,3,113.4483,113.0
76,36,3,118.70653,125.0
76,37,5,120.17899,125.0
76,38,0,113.4567,125.0
76,39,4,109.859924,125.0
76,40,4,108.71876,125.0
76,41,5,112.7362,125.0
76,42,2,116.37501,125.0
76,43,3,121.52097,125.0
76,44,5,120.00995,125.0
76,45,1,121.221504,125.0
76,46,3,123.30431,125.0
76,47,0,111.36981,125.0
76,48,1,121.55555,125.0
76,49,4,116.80039,125.0
76,50,0,130.96123,125.0
76,51,1,131.51291,125.0
76,52,2,129.44589,125.0
76,53,0,129.00969,125.0
76,54,2,130.28381,125.0
76,55,0,130.80376,125.0
76,56,5,129.48706,125.0
76,57,0,136.04869,125.0
76,58,0,122.62353,125.0
76,59,0,110.77401,125.0
76,60,4,125.76858,125.0
76,61,2,122.998856,125.0
76,62,0,108.80714,125.0
76,63,3,118.097694,125.0
76,64,2,117.79504,125.0
76,65,2,114.94922,125.0
76,66,5,123.489784,125.0
76,67,2,117.630745,125.0
76,68,4,119.57726,125.0
76,69,2,115.71726,125.0
76,70,2,103.32649,125.0
76,71,2,92.53273,125.0
76,72,2,95.921005,125.0
76,73,5,95.798775,125.0
76,74,2,91.3359,125.0
76,75,4,87.4178,125.0
76,76,5,98.61678,125.0
76,77,4,96.92312,125.0
76,78,4,75.47843,125.0
76,79,4,85.94773,125.0
76,80,3,86.06774,125.0
76,81,3,71.467995,125.0
76,82,0,70.20974,125.0
76,83,4,68.54069,125.0
76,84,1,60.415386,125.0
76,85,2,61.622677,125.0
76,86,2,63.81085,125.0
76,87,5,86.901985,125.0
76,88,5,93.30894,125.0
76,89,1,86.98846,125.0
76,90,4,96.40889,125.0
76,91,3,93.72407,124.0
76,92,4,100.8572,123.0
76,93,1,112.90811,122.0
76,94,0,110.133286,121.0
76,95,5,109.22499,120.0
76,96,5,113.540436,119.0
76,97,4,126.672195,118.0
76,98,0,124.31303,117.0
76,99,0,121.83762,116.0
76,100,2,122.89968,115.0
76,101,3,126.686714,114.0
76,102,0,123.512886,113.0
76,103,5,119.36268,112.0
76,104,2,119.86504,111.0
76,105,3,130.5672,110.0
76,106,4,121.15057,109.0
76,107,2,122.8881,108.0
76,108,0,127.97036,107.0
76,109,3,123.73936,106.0
76,110,3,127.77073,105.0
76,111,3,131.89279,104.0
76,112,1,125.32438,103.0
76,113,2,117.83716,102.0
76,114,2,114.53001,101.0
76,115,2,104.99027,100.0
76,116,4,119.5115,99.0
76,117,2,114.01881,98.0
76,118,3,109.37333,97.0
76,119,5,112.88973,96.0
76,120,2,116.934135,95.0
76,121,4,105.417244,94.0
76,122,4,100.80068,93.0
76,123,0,96.66253,92.0
76,124,2,90.81791,91.0
76,125,4,77.66995,90.0
76,126,1,71.3753,89.0
76,127,5,91.037285,88.0
76,128,1,66.408356,87.0
76,129,2,75.432396,86.0
76,130,4,71.16905,85.0
76,131,5,79.57195,84.0
76,132,0,70.75666,83.0
76,133,4,79.30732,82.0
76,134,0,60.115112,81.0
76,135,1,58.83997,80.0
76,136,5,52.633385,79.0
76,137,4,52.73539,78.0
76,138,2,52.45805,77.0
76,139,4,48.02475,76.0
76,140,4,44.460575,75.0
76,141,5,45.60654,74.0
76,142,3,41.83777,73.0
76,143,3,44.892277,72.0
76,144,4,44.830143,71.0
76,145,4,45.2969,70.0
76,146,0,48.840935,69.0
76,147,3,51.358456,68.0
76,148,0,60.376453,67.0
76,149,4,56.239902,66.0
76,150,4,52.66936,65.0
76,151,2,54.81917,64.0
76,152,3,74.4042,63.0
76,153,5,70.36132,62.0
76,154,2,70.213326,61.0
76,155,2,73.42332,60.0
76,156,2,82.45673,59.0
76,157,4,62.756355,58.0
76,158,3,54.245316,57.0
76,159,5,51.794865,56.0
76,160,2,48.59142,55.0
76,161,3,48.149452,54.0
76,162,5,39.353024,53.0
76,163,4,35.99573,52.0
76,164,0,40.061108,51.0
76,165,0,41.56764,50.0
76,166,1,29.165108,49.0
76,167,5,28.269249,48.0
76,168,2,24.94146,47.0
76,169,4,27.325886,46.0
76,170,2,16.719679,45.0
76,171,0,19.985325,44.0
76,172,1,19.758074,43.0
76,173,4,16.98121,42.0
76,174,4,15.808868,41.0
76,175,3,16.504238,40.0
76,176,5,17.500427,39.0
76,177,4,16.47805,38.0
76,178,0,13.82871,37.0
76,179,0,14.431301,36.0
76,180,0,11.662857,35.0
76,181,2,15.899582,34.0
76,182,4,14.886915,33.0
76,183,4,15.017973,32.0
76,184,5,17.206793,31.0
76,185,2,17.596226,30.0
76,186,3,11.210583,29.0
76,187,2,11.218517,28.0
76,188,5,9.823282,27.0
76,189,2,13.616337,26.0
76,190,4,12.036105,25.0
76,191,1,12.119413,24.0
76,192,5,9.342965,23.0
76,193,2,9.850787,22.0
76,194,2,10.538823,21.0
76,195,5,8.854752,20.0
76,196,1,10.083188,19.0
76,197,2,8.797361,18.0
76,198,2,7.2208157,17.0
76,199,4,6.331963,16.0
76,200,1,6.2628074,15.0
76,201,1,5.8292565,14.0
76,202,0,7.575269,13.0
76,203,4,5.498778,12.0
76,204,3,4.293808,11.0
76,205,5,5.2822986,10.0
77,36,3,108.52538,125.0
77,37,4,102.57815,125.0
77,38,1,111.2055,125.0
77,39,1,120.34588,125.0
77,40,5,117.38004,125.0
77,41,3,114.47097,125.0
77,42,0,99.35268,125.0
77,43,4,117.67585,125.0
77,44,3,98.94153,125.0
77,45,0,106.44366,125.0
77,46,4,109.01121,125.0
77,47,1,113.377235,125.0
77,48,5,119.90697,125.0
77,49,1,111.20901,125.0
77,50,4,124.4645,125.0
77,51,5,119.11072,125.0
77,52,4,110.711754,125.0
77,53,4,108.59461,125.0
77,54,2,114.08097,125.0
77,55,4,114.85574,125.0
77,56,5,111.136024,125.0
77,57,0,113.78096,125.0
77,58,4,103.77357,125.0
77,59,1,113.83695,125.0
77,60,3,109.44668,125.0
77,61,4,117.10629,125.0
77,62,4,125.43997,125.0
77,63,2,125.35961,125.0
77,64,4,118.996284,125.0
77,65,0,118.63291,125.0
77,66,3,111.7739,125.0
77,67,2,111.15507,125.0
77,68,4,115.2145,125.0
77,69,0,109.33182,125.0
77,70,4,102.823944,125.0
77,71,0,107.148186,125.0
77,72,4,111.26373,124.0
77,73,2,101.57691,123.0
77,74,2,101.53833,122.0
77,75,3,108.97612,121.0
77,76,2,105.65222,120.0
77,77,0,100.45067,119.0
77,78,5,94.60095,118.0
77,79,5,74.48594,117.0
77,80,3,87.98789,116.0
77,81,2,73.478355,115.0
77,82,2,74.56863,114.0
77,83,1,83.24234,113.0
77,84,4,81.1213,112.0
77,85,5,81.99195,111.0
77,86,5,80.74911,110.0
77,87,3,74.26458,109.0
77,88,4,94.69041,108.0
77,89,3,108.659004,107.0
77,90,4,118.925064,106.0
77,91,0,120.91837,105.0
77,92,2,109.99355,104.0
77,93,5,116.00976,103.0
77,94,3,117.34274,102.0
77,95,0,106.53455,101.0
77,96,3,105.182625,100.0
77,97,2,118.57912,99.0
77,98,2,114.16827,98.0
77,99,0,115.188446,97.0
77,100,2,108.97055,96.0
77,101,1,94.98936,95.0
77,102,1,107.65918,94.0
77,103,4,108.09218,93.0
77,104,0,108.58485,92.0
77,105,3,103.41587,91.0
77,106,0,104.89415,90.0
77,107,0,106.00445,89.0
77,108,2,97.70641,88.0
77,109,4,103.90426,87.0
77,110,1,106.87211,86.0
77,111,1,106.4199,85.0
77,112,2,104.739655,84.0
77,113,5,111.913414,83.0
77,114,0,101.44491,82.0
77,115,2,89.49857,81.0
77,116,4,71.25463,80.0
77,117,2,67.46639,79.0
77,118,0,60.49477,78.0
77,119,4,46.08465,77.0
77,120,0,54.682827,76.0
77,121,2,40.19543,75.0
77,122,5,39.316,74.0
77,123,3,42.957836,73.0
77,124,1,48.321957,72.0
77,125,5,48.46977,71.0
77,126,2,50.106647,70.0
77,127,2,42.523815,69.0
77,128,4,55.224487,68.0
77,129,3,51.64715,67.0
77,130,4,47.986225,66.0
77,131,0,43.350906,65.0
77,132,1,51.131428,64.0
77,133,2,53.861996,63.0
77,134,4,49.17065,62.0
77,135,5,57.750973,61.0
77,136,2,48.803974,60.0
77,137,2,43.238804,59.0
77,138,0,57.533577,58.0
77,139,5,65.67719,57.0
77,140,4,70.84133,56.0
77,141,0,78.337494,55.0
77,142,4,77.146904,54.0
77,143,4,77.01882,53.0
77,144,4,77.85744,52.0
77,145,5,61.09358,51.0
77,146,4,67.38581,50.0
77,147,2,69.655235,49.0
77,148,4,42.370304,48.0
77,149,0,54.854664,47.0
77,150,0,51.952328,46.0
77,151,4,37.03379,45.0
77,152,0,36.67219,44.0
77,153,5,39.535778,43.0
77,154,4,36.065662,42.0
77,155,1,35.946095,41.0
77,156,2,30.23596,40.0
77,157,1,28.646797,39.0
77,158,3,36.75196,38.0
77,159,1,31.213966,37.0
77,160,5,27.923054,36.0
77,161,5,27.9501,35.0
77,162,1,23.186665,34.0
78,36,3,118.648796,125.0
78,37,0,123.857605,125.0
78,38,5,127.46148,125.0
78,39,5,126.35673,125.0
78,40,2,112.06395,125.0
78,41,1,114.08791,125.0
78,42,4,123.417625,125.0
78,43,0,118.879326,125.0
78,44,5,109.47315,125.0
78,45,1,110.343414,125.0
78,46,4,104.26704,125.0
78,47,4,106.39091,125.0
78,48,2,104.60772,125.0
78,49,0,104.317314,125.0
78,50,2,100.5139,125.0
78,51,0,116.363174,125.0
78,52,0,119.20314,125.0
78,53,5,125.290405,125.0
78,54,2,116.472145,125.0
78,55,0,126.48838,124.0
78,56,5,112.79113,123.0
78,57,4,120.72382,122.0
78,58,4,118.29943,121.0
78,59,3,110.45353,120.0
78,60,2,123.80096,119.0
78,61,0,126.03194,118.0
78,62,5,127.04943,117.0
78,63,2,128.3241,116.0
78,64,5,124.4703,115.0
78,65,2,120.97373,114.0
78,66,0,125.20594,113.0
78,67,0,110.039116,112.0
78,68,5,118.706665,111.0
78,69,5,113.92875,110.0
78,70,4,106.695885,109.0
78,71,1,90.70562,108.0
78,72,1,85.48029,107.0
79,36,3,126.6355,125.0
79,37,2,129.23238,125.0
79,38,2,128.22993,125.0
79,39,2,119.80533,125.0
79,40,2,118.83216,124.0
79,41,1,127.67722,123.0
79,42,0,123.92673,122.0
79,43,3,119.14701,121.0
79,44,1,114.274734,120.0
79,45,1,122.123665,119.0
79,46,2,113.18541,118.0
79,47,3,120.10626,117.0
79,48,0,123.98547,116.0
79,49,2,128.7056,115.0
79,50,5,124.25255,114.0
79,51,2,115.108955,113.0
79,52,2,114.43613,112.0
79,53,1,123.617485,111.0
79,54,2,117.35006,110.0
79,55,4,116.995,109.0
79,56,3,129.85394,108.0
79,57,0,111.26148,107.0
79,58,1,119.01504,106.0
79,59,0,119.35104,105.0
79,60,2,129.83524,104.0
79,61,0,125.24229,103.0
79,62,0,126.35923,102.0
79,63,0,119.902725,101.0
79,64,2,112.62254,100.0
79,65,1,109.7531,99.0
79,66,1,116.80748,98.0
79,67,5,107.37776,97.0
79,68,4,107.20251,96.0
79,69,5,104.56438,95.0
79,70,0,97.030075,94.0
79,71,0,98.68735,93.0
79,72,3,101.15597,92.0
79,73,0,99.41128,91.0
79,74,5,118.59587,90.0
79,75,1,100.26938,89.0
79,76,1,102.40159,88.0
79,77,5,109.97861,87.0
79,78,2,113.5429,86.0
79,79,5,100.175476,85.0
79,80,2,100.61813,84.0
79,81,0,112.2617,83.0
79,82,4,118.03658,82.0
79,83,5,101.427704,81.0
79,84,2,110.09043,80.0
79,85,4,107.16633,79.0
79,86,0,111.72283,78.0
79,87,2,111.81504,77.0
79,88,2,108.916084,76.0
79,89,2,91.7454,75.0
79,90,1,89.632515,74.0
79,91,0,74.271385,73.0
79,92,0,92.99471,72.0
79,93,3,78.677826,71.0
79,94,5,86.44842,70.0
79,95,1,88.588326,69.0
79,96,2,82.69601,68.0
79,97,2,84.392265,67.0
79,98,0,69.46978,66.0
79,99,4,78.96859,65.0
79,100,1,80.496284,64.0
79,101,2,76.22944,63.0
80,36,0,109.47508,125.0
80,37,5,116.655365,125.0
80,38,0,122.06938,125.0
80,39,4,122.446724,125.0
80,40,2,109.91192,125.0
80,41,0,102.2284,125.0
80,42,1,112.417305,125.0
80,43,4,107.94747,125.0
80,44,2,113.99067,125.0
80,45,4,118.22396,125.0
80,46,4,115.978966,125.0
80,47,4,118.38524,125.0
80,48,2,112.998276,125.0
80,49,1,113.62353,125.0
80,50,4,114.212456,125.0
80,51,5,105.366615,125.0
80,52,4,122.83892,125.0
80,53,5,118.229,125.0
80,54,5,119.46213,125.0
80,55,4,114.032074,125.0
80,56,0,113.2268,125.0
80,57,2,114.86336,125.0
80,58,0,121.342896,125.0
80,59,5,116.28097,125.0
80,60,3,121.41508,125.0
80,61,5,118.83483,125.0
80,62,2,129.04172,125.0
80,63,0,124.25868,125.0
80,64,2,121.293976,125.0
80,65,3,120.585556,125.0
80,66,0,115.05572,125.0
80,67,2,117.55837,125.0
80,68,0,107.4059,125.0
80,69,4,118.11814,125.0
80,70,4,120.54873,125.0
80,71,5,120.94575,125.0
80,72,2,123.54087,125.0
80,73,1,114.91222,125.0
80,74,2,118.9744,125.0
80,75,5,119.31192,125.0
80,76,0,121.61378,125.0
80,77,4,117.00971,125.0
80,78,3,116.445435,125.0
80,79,1,113.827866,125.0
80,80,3,112.59455,125.0
80,81,2,125.29084,125.0
80,82,2,129.9198,125.0
80,83,2,134.78027,125.0
80,84,4,126.6061,125.0
80,85,5,130.72693,125.0
80,86,0,128.55867,125.0
80,87,2,124.238686,125.0
80,88,3,120.56709,125.0
80,89,4,124.47088,125.0
80,90,4,120.68362,125.0
80,91,1,114.836876,125.0
80,92,0,112.60728,125.0
80,93,3,122.027534,125.0
80,94,1,115.51066,125.0
80,95,5,103.2299,125.0
80,96,1,111.98972,125.0
80,97,4,106.94182,125.0
80,98,2,110.32297,125.0
80,99,3,111.59843,124.0
80,100,5,103.64742,123.0
80,101,0,102.4998,122.0
80,102,5,106.98368,121.0
80,103,5,106.99433,120.0
80,104,5,106.82723,119.0
80,105,5,91.70051,118.0
80,106,3,89.334496,117.0
80,107,2,100.920204,116.0
80,108,0,90.86085,115.0
80,109,0,92.138084,114.0
80,110,5,91.31786,113.0
80,111,5,89.57553,112.0
80,112,0,78.28057,111.0
80,113,3,86.99738,110.0
80,114,4,71.95158,109.0
80,115,2,77.56347,108.0
80,116,0,77.664154,107.0
80,117,4,64.01554,106.0
80,118,4,66.90205,105.0
80,119,1,70.015274,104.0
80,120,3,88.80352,103.0
80,121,4,82.17982,102.0
80,122,5,87.42524,101.0
80,123,5,69.7145,100.0
80,124,3,89.53336,99.0
80,125,1,95.334145,98.0
80,126,5,89.61091,97.0
80,127,4,97.60029,96.0
80,128,4,99.75019,95.0
80,129,5,105.39072,94.0
80,130,2,121.79385,93.0
80,131,4,116.133316,92.0
80,132,3,110.19984,91.0
80,133,1,98.77795,90.0
81,36,5,126.52859,125.0
81,37,0,124.185394,125.0
81,38,2,128.72058,125.0
81,39,0,124.45129,125.0
81,40,0,116.97785,125.0
81,41,5,103.769424,125.0
81,42,5,105.24896,125.0
81,43,4,100.95731,125.0
81,44,1,103.55273,125.0
81,45,4,120.34487,125.0
81,46,4,115.254005,125.0
81,47,4,105.60285,125.0
81,48,0,101.89057,125.0
81,49,0,102.59087,125.0
81,50,2,122.71261,125.0
81,51,3,120.34729,125.0
81,52,3,117.00413,125.0
81,53,2,122.8635,125.0
81,54,2,123.12249,125.0
81,55,5,119.48837,125.0
81,56,1,117.79635,125.0
81,57,3,110.929245,125.0
81,58,0,122.97517,125.0
81,59,2,124.12257,125.0
81,60,4,119.48412,125.0
81,61,0,123.515205,125.0
81,62,5,118.256485,125.0
81,63,5,114.60813,125.0
81,64,0,119.163246,125.0
81,65,5,119.443375,125.0
81,66,4,124.38753,125.0
81,67,4,118.82219,125.0
81,68,1,107.1409,125.0
81,69,4,115.382576,125.0
81,70,4,112.69437,125.0
81,71,0,118.98997,125.0
81,72,3,116.27887,125.0
81,73,0,121.79651,125.0
81,74,1,112.7217,125.0
81,75,4,107.423805,125.0
81,76,4,114.42381,125.0
81,77,0,106.578445,125.0
81,78,0,106.04375,125.0
81,79,0,100.939354,125.0
81,80,4,112.349815,125.0
81,81,3,118.058105,125.0
81,82,2,116.22088,125.0
81,83,5,109.95013,125.0
81,84,4,98.523544,125.0
81,85,0,113.04529,125.0
81,86,4,103.73625,125.0
81,87,5,105.58637,125.0
81,88,3,110.121284,125.0
81,89,0,108.54361,125.0
81,90,0,115.40033,125.0
81,91,4,115.63465,125.0
81,92,5,118.293724,125.0
81,93,2,120.74156,125.0
81,94,2,113.47635,125.0
81,95,2,121.68178,125.0
81,96,4,113.284904,125.0
81,97,0,111.73618,124.0
81,98,0,106.12691,123.0
81,99,5,109.82404,122.0
81,100,0,98.76416,121.0
81,101,5,91.62736,120.0
81,102,2,84.4413,119.0
81,103,2,88.91671,118.0
81,104,5,78.95388,117.0
81,105,5,76.24329,116.0
81,106,0,85.08188,115.0
81,107,1,78.56811,114.0
81,108,2,94.269554,113.0
81,109,4,82.204895,112.0
81,110,0,84.76537,111.0
81,111,3,74.52213,110.0
81,112,0,82.06083,109.0
81,113,0,101.98249,108.0
81,114,2,96.742424,107.0
81,115,4,94.316795,106.0
81,116,2,86.7067,105.0
81,117,2,96.32461,104.0
81,118,2,87.31692,103.0
81,119,2,79.82487,102.0
81,120,1,91.71139,101.0
81,121,4,99.6968,100.0
81,122,2,89.68459,99.0
81,123,5,87.96824,98.0
81,124,3,85.77178,97.0
81,125,4,86.42454,96.0
81,126,2,97.17273,95.0
81,127,0,93.535866,94.0
81,128,4,102.65769,93.0
81,129,1,98.28184,92.0
81,130,4,100.49851,91.0
81,131,2,109.17548,90.0
81,132,0,103.21931,89.0
81,133,2,109.22264,88.0
81,134,3,106.6202,87.0
81,135,0,105.027885,86.0
81,136,0,112.754906,85.0
81,137,0,107.623795,84.0
81,138,5,111.71189,83.0
81,139,2,110.92049,82.0
81,140,1,111.66235,81.0
81,141,2,106.73024,80.0
81,142,5,116.09772,79.0
81,143,5,109.98516,78.0
81,144,1,115.11712,77.0
81,145,4,109.623024,76.0
81,146,0,105.254555,75.0
81,147,4,96.59124,74.0
81,148,4,101.89782,73.0
81,149,4,85.94126,72.0
81,150,3,98.03677,71.0
81,151,4,84.996414,70.0
81,152,0,81.062035,69.0
81,153,5,87.92833,68.0
81,154,0,82.8175,67.0
81,155,4,64.4161,66.0
81,156,0,78.392006,65.0
81,157,5,69.806915,64.0
81,158,2,76.40803,63.0
81,159,4,68.320045,62.0
81,160,1,80.02267,61.0
81,161,0,76.22874,60.0
81,162,2,80.98914,59.0
81,163,5,75.39295,58.0
81,164,0,68.07798,57.0
81,165,4,66.64967,56.0
81,166,2,70.92634,55.0
81,167,3,67.02239,54.0
81,168,4,62.78753,53.0
81,169,5,58.72388,52.0
81,170,2,40.794857,51.0
81,171,5,41.924313,50.0
81,172,0,38.469677,49.0
81,173,2,36.16921,48.0
81,174,5,35.973927,47.0
81,175,0,31.624128,46.0
81,176,3,31.35278,45.0
81,177,4,35.042645,44.0
81,178,2,37.298237,43.0
81,179,2,42.112877,42.0
81,180,4,42.099323,41.0
81,181,0,41.764137,40.0
81,182,3,45.28281,39.0
81,183,2,40.000107,38.0
81,184,0,43.355404,37.0
81,185,5,31.826494,36.0
81,186,0,31.486797,35.0
81,187,4,37.141617,34.0
81,188,1,40.012707,33.0
81,189,4,32.437992,32.0
81,190,2,32.209538,31.0
81,191,2,32.40849,30.0
81,192,4,27.4398,29.0
81,193,4,27.63474,28.0
81,194,3,29.200611,27.0
81,195,1,29.896862,26.0
81,196,0,29.86013,25.0
81,197,1,26.730633,24.0
81,198,0,32.326237,23.0
81,199,3,26.974865,22.0
81,200,5,32.89995,21.0
81,201,2,29.640373,20.0
81,202,0,27.723856,19.0
81,203,4,29.056595,18.0
81,204,1,27.195198,17.0
81,205,4,23.131752,16.0
81,206,5,20.067326,15.0
81,207,1,15.642019,14.0
81,208,4,17.81837,13.0
81,209,5,16.059608,12.0
81,210,1,12.534321,11.0
81,211,4,13.940784,10.0
81,212,5,11.390528,9.0
81,213,1,10.438235,8.0
82,36,5,119.27778,125.0
82,37,0,119.52793,125.0
82,38,5,119.45864,125.0
82,39,5,122.08933,125.0
82,40,2,119.57345,125.0
82,41,1,106.65039,125.0
82,42,3,115.58997,125.0
82,43,2,107.42379,125.0
82,44,2,91.55327,125.0
82,45,3,109.71728,125.0
82,46,0,105.9885,125.0
82,47,1,103.341736,124.0
82,48,5,101.37363,123.0
82,49,3,104.49576,122.0
82,50,4,100.502266,121.0
82,51,4,92.90858,120.0
82,52,2,101.30981,119.0
82,53,5,106.16971,118.0
82,54,1,99.32297,117.0
82,55,4,97.21299,116.0
82,56,5,101.70735,115.0
82,57,0,103.93757,114.0
82,58,5,109.268654,113.0
82,59,2,113.60389,112.0
82,60,4,119.17485,111.0
82,61,0,115.51293,110.0
82,62,5,120.73385,109.0
82,63,2,122.00471,108.0
82,64,5,123.53692,107.0
82,65,1,123.10156,106.0
82,66,2,124.37121,105.0
82,67,2,132.43933,104.0
82,68,4,123.724106,103.0
82,69,1,125.4181,102.0
82,70,3,125.58434,101.0
82,71,0,125.21979,100.0
82,72,2,129.4315,99.0
82,73,0,124.479744,98.0
82,74,5,109.04986,97.0
82,75,5,105.09744,96.0
82,76,2,122.96409,95.0
82,77,1,122.51354,94.0
82,78,3,115.12443,93.0
82,79,5,111.79798,92.0
82,80,3,118.935356,91.0
82,81,1,106.67047,90.0
82,82,5,90.72191,89.0
82,83,0,85.86504,88.0
82,84,3,71.64675,87.0
82,85,0,83.14564,86.0
82,86,2,80.55787,85.0
82,87,5,82.05515,84.0
82,88,5,81.314064,83.0
82,89,5,85.24853,82.0
82,90,1,82.51595,81.0
82,91,2,79.92274,80.0
82,92,5,86.46725,79.0
82,93,0,91.18632,78.0
82,94,5,90.13045,77.0
82,95,5,95.670685,76.0
82,96,4,92.9194,75.0
82,97,5,98.21145,74.0
82,98,1,100.31231,73.0
82,99,3,87.425865,72.0
82,100,4,89.607765,71.0
82,101,4,88.34064,70.0
82,102,1,87.41094,69.0
82,103,5,65.96254,68.0
82,104,4,66.841255,67.0
82,105,3,58.72221,66.0
82,106,0,58.784805,65.0
82,107,1,68.72149,64.0
82,108,0,61.544437,63.0
82,109,1,77.046104,62.0
82,110,0,68.99587,61.0
82,111,0,68.237206,60.0
82,112,4,47.061188,59.0
82,113,3,45.060623,58.0
82,114,1,60.955685,57.0
82,115,4,45.07667,56.0
82,116,1,54.683746,55.0
82,117,2,39.879036,54.0
82,118,5,44.609898,53.0
82,119,0,48.824856,52.0
82,120,1,60.41113,51.0
82,121,4,69.30642,50.0
82,122,2,72.32401,49.0
82,123,2,56.972763,48.0
82,124,0,67.26927,47.0
82,125,2,52.906757,46.0
82,126,4,64.759674,45.0
82,127,5,68.40474,44.0
82,128,2,68.70061,43.0
82,129,2,44.804058,42.0
82,130,5,39.068363,41.0
82,131,5,47.129574,40.0
82,132,2,40.53744,39.0
82,133,1,39.718082,38.0
82,134,5,37.8606,37.0
82,135,3,57.978294,36.0
82,136,0,44.753963,35.0
82,137,4,44.100292,34.0
82,138,0,36.304974,33.0
82,139,5,31.04791,32.0
82,140,0,23.241718,31.0
82,141,0,21.51873,30.0
82,142,1,28.45629,29.0
82,143,4,27.81744,28.0
82,144,2,23.950695,27.0
82,145,2,23.190954,26.0
82,146,3,25.537632,25.0
82,147,3,19.1943,24.0
82,148,3,16.126783,23.0
82,149,0,13.94503,22.0
82,150,2,16.311043,21.0
82,151,0,12.694424,20.0
82,152,4,12.076726,19.0
82,153,2,12.010101,18.0
82,154,5,11.196067,17.0
82,155,1,12.219631,16.0
82,156,0,14.358997,15.0
82,157,4,11.182373,14.0
82,158,4,11.187965,13.0
82,159,2,10.720551,12.0
82,160,5,6.746292,11.0
82,161,4,8.056223,10.0
82,162,0,6.943874,9.0
83,36,5,122.4107,125.0
83,37,5,113.61126,125.0
83,38,0,107.303856,125.0
83,39,3,115.71492,125.0
83,40,2,125.6337,125.0
83,41,4,125.152214,125.0
83,42,0,127.91877,125.0
83,43,0,129.09595,125.0
83,44,4,132.79346,125.0
83,45,5,126.03045,125.0
83,46,5,124.68264,125.0
83,47,5,119.75602,125.0
83,48,2,115.140305,125.0
83,49,4,123.84086,125.0
83,50,5,118.53054,125.0
83,51,2,121.92774,125.0
83,52,5,119.11922,125.0
83,53,2,110.08758,125.0
83,54,2,99.76217,125.0
83,55,5,121.76612,125.0
83,56,3,127.33439,125.0
83,57,2,125.30204,125.0
83,58,5,121.26016,125.0
83,59,1,129.56656,125.0
83,60,0,130.98119,125.0
83,61,5,121.81869,125.0
83,62,5,118.348305,125.0
83,63,3,105.80305,125.0
83,64,4,125.0731,125.0
83,65,5,124.80012,125.0
83,66,1,125.4159,125.0
83,67,2,126.9257,125.0
83,68,5,126.082146,125.0
83,69,2,123.73568,125.0
83,70,2,125.535904,125.0
83,71,3,115.57517,125.0
83,72,1,118.49027,125.0
83,73,1,107.930084,125.0
84,36,1,127.122154,125.0
84,37,3,122.450584,125.0
84,38,5,131.04724,125.0
84,39,0,128.28947,125.0
84,40,4,121.492744,125.0
84,41,5,127.254906,125.0
84,42,0,126.72459,125.0
84,43,2,127.640495,125.0
84,44,4,125.66929,125.0
84,45,2,119.990555,125.0
84,46,4,112.39714,125.0
84,47,1,115.72796,125.0
84,48,0,113.319115,125.0
84,49,1,122.03002,125.0
84,50,2,119.61966,125.0
84,51,1,103.67483,125.0
84,52,5,104.27616,125.0
84,53,3,120.0836,125.0
84,54,1,112.8466,125.0
84,55,1,115.196815,125.0
84,56,5,110.838066,125.0
84,57,2,113.04554,125.0
84,58,2,118.000786,125.0
84,59,4,133.27782,125.0
84,60,2,126.99497,125.0
84,61,5,129.53883,125.0
84,62,1,132.02936,125.0
84,63,4,119.03927,125.0
84,64,4,123.684845,125.0
84,65,5,132.03328,125.0
84,66,4,125.74215,125.0
84,67,3,130.1648,125.0
84,68,2,117.90432,125.0
84,69,1,125.96215,125.0
84,70,2,120.862144,125.0
84,71,1,113.02344,125.0
84,72,0,107.343254,125.0
84,73,1,108.0525,125.0
84,74,5,119.090744,125.0
84,75,5,128.53006,125.0
84,76,2,123.9143,125.0
84,77,1,116.94062,125.0
84,78,2,118.57044,125.0
84,79,5,109.8971,125.0
84,80,2,119.098045,125.0
84,81,0,117.82215,125.0
84,82,2,115.20348,125.0
84,83,4,115.66819,125.0
84,84,0,109.70256,125.0
84,85,1,124.928856,125.0
84,86,3,123.75118,125.0
84,87,2,125.24659,125.0
84,88,3,128.28806,125.0
84,89,2,124.934395,125.0
84,90,0,127.59501,125.0
84,91,3,125.954475,125.0
84,92,0,127.46623,125.0
84,93,3,124.624016,125.0
84,94,2,119.75782,125.0
84,95,0,124.818985,125.0
84,96,4,112.56057,125.0
84,97,2,119.67789,125.0
84,98,5,112.631424,125.0
84,99,1,118.52444,125.0
84,100,3,118.580696,125.0
84,101,3,120.2633,125.0
84,102,3,110.65835,125.0
84,103,2,118.403786,125.0
84,104,5,127.99551,125.0
84,105,0,122.81586,125.0
84,106,5,121.01773,124.0
84,107,1,117.57391,123.0
84,108,4,114.84055,122.0
84,109,2,109.41349,121.0
84,110,0,116.04071,120.0
84,111,4,112.186615,119.0
84,112,4,110.175575,118.0
84,113,4,108.53993,117.0
84,114,3,109.38429,116.0
84,115,0,119.67286,115.0
84,116,3,112.59301,114.0
84,117,4,117.28292,113.0
84,118,5,102.091095,112.0
84,119,4,105.900986,111.0
84,120,0,102.140724,110.0
84,121,5,112.58119,109.0
84,122,5,101.33779,108.0
84,123,1,116.78666,107.0
84,124,5,110.28974,106.0
84,125,3,112.07294,105.0
84,126,1,114.058495,104.0
84,127,1,125.04056,103.0
84,128,4,111.22715,102.0
84,129,1,111.232216,101.0
84,130,1,100.830086,100.0
84,131,5,114.36816,99.0
84,132,3,108.40666,98.0
84,133,4,108.8027,97.0
84,134,4,104.434166,96.0
84,135,0,109.939674,95.0
84,136,0,108.663055,94.0
84,137,5,94.70063,93.0
84,138,2,105.66957,92.0
84,139,0,104.520515,91.0
84,140,5,101.84319,90.0
84,141,5,96.86825,89.0
84,142,5,77.99572,88.0
84,143,1,87.60767,87.0
84,144,4,89.145226,86.0
84,145,0,75.34786,85.0
84,146,5,76.964516,84.0
84,147,2,84.711784,83.0
84,148,1,73.76087,82.0
84,149,4,78.68888,81.0
84,150,2,68.13903,80.0
84,151,5,70.12389,79.0
84,152,2,73.73058,78.0
84,153,0,81.654045,77.0
84,154,3,72.83274,76.0
84,155,4,81.68219,75.0
84,156,3,88.53924,74.0
84,157,4,84.87593,73.0
84,158,2,77.82862,72.0
84,159,0,82.13553,71.0
84,160,2,86.58161,70.0
84,161,4,85.14083,69.0
84,162,3,90.343575,68.0
84,163,4,82.84121,67.0
84,164,2,83.17637,66.0
84,165,0,76.41982,65.0
84,166,2,64.57719,64.0
84,167,5,77.02114,63.0
84,168,1,70.68512,62.0
84,169,4,73.11248,61.0
84,170,2,79.246315,60.0
84,171,2,58.374203,59.0
84,172,3,49.84431,58.0
86,36,2,112.411705,125.0
86,37,4,110.576805,125.0
86,38,5,89.83637,125.0
86,39,3,84.68281,125.0
86,40,2,90.494,125.0
86,41,2,101.83065,125.0
86,42,5,99.38752,125.0
86,43,2,98.69106,125.0
86,44,0,98.77557,125.0
86,45,5,105.91947,125.0
86,46,4,116.826675,125.0
86,47,3,100.338264,125.0
86,48,4,115.25455,125.0
86,49,2,122.728096,125.0
86,50,3,124.146736,125.0
86,51,5,128.88498,125.0
86,52,4,114.32342,125.0
86,53,2,121.36832,125.0
86,54,0,114.71232,125.0
86,55,5,115.91297,125.0
86,56,0,108.3042,125.0
86,57,2,105.557884,125.0
86,58,0,95.81048,125.0
86,59,4,93.16778,125.0
86,60,1,103.77577,125.0
86,61,2,94.93134,125.0
86,62,2,89.27255,125.0
86,63,3,109.55378,125.0
86,64,4,103.99932,125.0
86,65,0,109.71693,125.0
86,66,2,112.69922,125.0
86,67,5,105.17196,125.0
86,68,4,107.28773,125.0
86,69,3,114.632484,125.0
86,70,5,93.72631,125.0
86,71,0,103.98504,125.0
86,72,2,105.2062,125.0
86,73,1,109.58665,125.0
86,74,1,107.13276,125.0
86,75,1,92.583755,124.0
86,76,3,92.38892,123.0
86,77,3,86.260155,122.0
86,78,1,72.816475,121.0
86,79,0,82.79735,120.0
86,80,0,92.82368,119.0
86,81,2,79.10223,118.0
86,82,3,88.20085,117.0
86,83,1,95.27338,116.0
86,84,1,88.49535,115.0
86,85,5,94.365456,114.0
86,86,3,84.10132,113.0
86,87,5,87.54567,112.0
86,88,1,84.13261,111.0
86,89,5,82.804276,110.0
86,90,2,94.32894,109.0
86,91,3,90.66163,108.0
86,92,3,83.577965,107.0
86,93,2,86.97537,106.0
86,94,2,94.00938,105.0
86,95,2,86.357445,104.0
86,96,2,92.39553,103.0
86,97,4,94.215416,102.0
86,98,1,119.85153,101.0
86,99,3,116.4253,100.0
86,100,5,121.844246,99.0
86,101,5,125.45104,98.0
86,102,3,120.61979,97.0
86,103,5,120.34688,96.0
86,104,0,124.083855,95.0
86,105,5,120.00596,94.0
86,106,2,117.103355,93.0
86,107,4,107.27039,92.0
86,108,1,109.92097,91.0
86,109,5,112.23843,90.0
86,110,5,109.005905,89.0
87,36,4,109.588806,125.0
87,37,4,120.08904,125.0
87,38,5,117.690506,125.0
87,39,5,121.55726,125.0
87,40,1,123.33271,125.0
87,41,4,119.982506,125.0
87,42,5,128.11603,125.0
87,43,5,118.87373,125.0
87,44,0,115.76717,125.0
87,45,2,113.31877,125.0
87,46,1,124.79681,125.0
87,47,0,117.667076,125.0
87,48,5,116.216286,124.0
87,49,0,117.8787,123.0
87,50,5,111.521774,122.0
87,51,1,115.59466,121.0
87,52,5,117.63827,120.0
87,53,1,113.89028,119.0
87,54,2,103.73945,118.0
87,55,0,114.94947,117.0
87,56,5,105.51058,116.0
88,36,2,102.86502,125.0
88,37,0,109.12661,125.0
88,38,2,109.63763,125.0
88,39,2,100.82337,125.0
88,40,1,104.555855,125.0
88,41,2,104.5076,125.0
88,42,1,104.59404,125.0
88,43,2,106.91064,125.0
88,44,0,113.989136,125.0
88,45,5,117.11217,125.0
88,46,0,110.425865,125.0
88,47,2,101.16763,125.0
88,48,1,98.62624,125.0
88,49,0,103.879715,125.0
88,50,0,96.94514,125.0
88,51,3,104.835365,125.0
88,52,0,116.93318,125.0
88,53,4,106.31135,125.0
88,54,5,96.492065,125.0
88,55,1,114.591324,125.0
88,56,4,114.08108,125.0
88,57,5,113.686516,125.0
88,58,4,104.86325,125.0
88,59,1,115.01538,124.0
88,60,3,116.06309,123.0
88,61,0,110.66918,122.0
88,62,4,113.41987,121.0
88,63,0,107.82891,120.0
88,64,2,106.14788,119.0
88,65,2,114.00954,118.0
88,66,5,104.46287,117.0
88,67,5,102.07531,116.0
88,68,3,116.39045,115.0
89,36,1,125.63427,125.0
89,37,1,112.67556,125.0
89,38,0,109.782684,125.0
89,39,2,119.353294,125.0
89,40,0,115.650406,125.0
89,41,2,112.9658,125.0
89,42,5,105.3368,125.0
89,43,2,105.199715,125.0
89,44,3,111.44662,125.0
89,45,1,118.56448,125.0
89,46,2,125.012505,125.0
89,47,4,122.781456,125.0
89,48,0,129.79495,125.0
89,49,5,122.83978,125.0
89,50,3,128.07663,125.0
89,51,4,121.69911,125.0
89,52,4,121.142914,125.0
89,53,2,120.54101,125.0
89,54,2,117.620895,125.0
89,55,0,123.57467,125.0
89,56,0,122.02937,125.0
89,57,1,122.938576,125.0
89,58,5,121.093315,125.0
89,59,1,126.6905,125.0
89,60,2,130.0166,125.0
89,61,2,127.07308,125.0
89,62,5,118.78285,125.0
89,63,3,114.21304,125.0
89,64,2,111.523,125.0
89,65,1,109.4213,125.0
89,66,3,101.66707,125.0
89,67,3,97.63373,125.0
89,68,4,115.05848,125.0
89,69,5,116.09455,125.0
89,70,4,102.86985,125.0
89,71,2,114.79925,125.0
89,72,0,100.43726,125.0
89,73,2,115.26828,125.0
89,74,5,106.1804,125.0
89,75,1,124.072845,125.0
89,76,4,120.57238,125.0
89,77,4,124.5177,125.0
89,78,2,114.72904,125.0
89,79,0,101.57941,125.0
89,80,1,116.80605,125.0
89,81,0,112.856834,125.0
89,82,5,120.081245,125.0
89,83,2,108.06703,125.0
89,84,3,102.5299,125.0
89,85,2,113.28225,125.0
89,86,4,105.991455,125.0
89,87,0,109.489876,125.0
89,88,4,109.66688,125.0
89,89,4,106.547905,125.0
89,90,4,103.34188,125.0
89,91,4,98.94143,125.0
89,92,4,93.646645,125.0
89,93,0,101.03251,125.0
89,94,5,104.67142,125.0
89,95,2,108.5109,125.0
89,96,2,119.09074,125.0
89,97,1,123.08218,125.0
89,98,1,127.78308,125.0
89,99,2,123.32562,125.0
89,100,4,117.58285,125.0
89,101,4,124.69008,125.0
89,102,2,123.85253,125.0
89,103,3,115.97701,125.0
89,104,3,121.57964,125.0
89,105,3,118.54121,125.0
89,106,4,119.39403,125.0
89,107,0,115.22825,125.0
89,108,2,115.630486,125.0
89,109,5,117.56261,125.0
89,110,2,116.64204,125.0
89,111,4,114.85484,125.0
89,112,5,117.11717,125.0
89,113,2,118.75416,125.0
89,114,1,120.35263,125.0
89,115,5,125.61488,125.0
89,116,5,124.4373,125.0
89,117,5,120.64808,125.0
89,118,4,127.47773,125.0
89,119,4,123.44413,125.0
89,120,3,123.56182,125.0
89,121,5,125.56607,125.0
89,122,2,128.82755,125.0
89,123,4,126.7118,125.0
89,124,2,128.11134,125.0
89,125,2,117.18305,125.0
89,126,3,121.80012,125.0
89,127,5,113.45369,125.0
89,128,0,115.71736,125.0
89,129,4,117.233925,125.0
89,130,2,116.72134,125.0
89,131,3,109.34869,125.0
89,132,0,97.12516,125.0
89,133,0,102.34363,125.0
89,134,5,107.988335,125.0
89,135,1,115.05536,125.0
89,136,4,113.19202,125.0
89,137,1,118.3379,125.0
89,138,2,127.48604,125.0
89,139,5,120.24282,125.0
89,140,0,118.99697,125.0
89,141,1,116.30396,125.0
89,142,2,117.56372,125.0
89,143,2,119.65577,125.0
89,144,3,120.281364,125.0
89,145,4,129.60425,125.0
89,146,3,119.720726,125.0
89,147,3,112.819725,125.0
89,148,4,116.67723,125.0
89,149,3,113.957405,125.0
89,150,0,122.00083,125.0
89,151,1,116.96254,125.0
89,152,0,117.57068,125.0
89,153,4,120.766945,125.0
89,154,0,119.148605,125.0
89,155,4,115.44529,125.0
89,156,1,110.107475,125.0
89,157,0,117.029175,125.0
89,158,0,117.94033,125.0
89,159,2,123.12759,125.0
89,160,0,114.93549,125.0
89,161,0,112.60456,125.0
89,162,0,114.752266,125.0
89,163,5,102.70298,125.0
89,164,3,114.94062,125.0
89,165,0,108.30562,125.0
89,166,1,106.323555,125.0
89,167,2,114.58956,125.0
89,168,5,119.066475,125.0
89,169,1,113.55784,125.0
89,170,5,109.18545,125.0
89,171,4,113.41519,125.0
89,172,0,119.65824,125.0
89,173,2,114.36194,125.0
89,174,3,116.70829,125.0
89,175,5,120.82618,125.0
89,176,0,111.22704,125.0
89,177,4,109.87739,125.0
90,36,5,115.14825,125.0
90,37,4,112.12408,125.0
90,38,3,118.41707,125.0
90,39,3,109.57008,125.0
90,40,1,104.72939,125.0
90,41,0,100.32457,125.0
90,42,0,117.87264,125.0
90,43,1,103.5197,125.0
90,44,5,108.12137,125.0
90,45,5,114.61921,125.0
90,46,4,120.96462,125.0
90,47,2,120.20196,125.0
90,48,2,117.09653,125.0
90,49,2,110.91312,125.0
90,50,1,111.39886,124.0
90,51,2,113.33507,123.0
90,52,5,118.80176,122.0
90,53,4,109.15446,121.0
90,54,1,115.86613,120.0
90,55,1,115.913345,119.0
90,56,5,108.936615,118.0
90,57,1,98.635056,117.0
90,58,0,113.49879,116.0
90,59,3,116.35075,115.0
90,60,1,113.493095,114.0
90,61,0,105.18067,113.0
90,62,2,105.717674,112.0
90,63,0,104.42674,111.0
90,64,0,120.778145,110.0
90,65,0,117.11474,109.0
90,66,5,110.503456,108.0
90,67,4,107.34297,107.0
90,68,2,112.23498,106.0
90,69,2,100.56168,105.0
90,70,5,101.49032,104.0
90,71,2,108.92444,103.0
90,72,2,106.39711,102.0
90,73,3,115.87216,101.0
90,74,5,120.69721,100.0
90,75,2,109.1629,99.0
90,76,5,117.81948,98.0
90,77,0,112.599236,97.0
90,78,2,111.57644,96.0
90,79,1,122.85124,95.0
90,80,3,115.520164,94.0
90,81,4,113.941734,93.0
90,82,1,120.69798,92.0
90,83,2,109.00348,91.0
90,84,3,106.172356,90.0
90,85,4,96.8279,89.0
90,86,5,101.33358,88.0
90,87,5,106.64375,87.0
90,88,0,101.99877,86.0
90,89,2,112.131676,85.0
90,90,3,102.47317,84.0
90,91,2,107.28582,83.0
90,92,4,107.4081,82.0
90,93,0,109.77407,81.0
90,94,1,98.38224,80.0
90,95,4,83.65925,79.0
90,96,2,87.586815,78.0
90,97,2,101.01234,77.0
90,98,1,86.96589,76.0
90,99,3,74.357605,75.0
90,100,1,73.12585,74.0
90,101,4,85.90764,73.0
90,102,2,96.70217,72.0
90,103,4,104.47145,71.0
90,104,4,99.85706,70.0
90,105,2,89.93824,69.0
90,106,0,94.02708,68.0
90,107,2,103.0501,67.0
90,108,3,104.18804,66.0
90,109,4,105.340164,65.0
90,110,2,104.78611,64.0
90,111,3,82.31821,63.0
90,112,0,97.35276,62.0
90,113,5,95.20766,61.0
90,114,5,83.96494,60.0
90,115,3,92.56661,59.0
90,116,3,84.55243,58.0
90,117,0,78.25239,57.0
90,118,5,70.988045,56.0
90,119,4,63.747025,55.0
90,120,2,63.124287,54.0
90,121,3,60.621788,53.0
90,122,4,44.549694,52.0
90,123,5,53.08208,51.0
90,124,4,39.358448,50.0
90,125,1,44.838657,49.0
90,126,4,36.920425,48.0
90,127,4,39.904896,47.0
90,128,0,32.90684,46.0
90,129,0,30.975212,45.0
90,130,1,33.434864,44.0
90,131,5,28.387833,43.0
90,132,0,28.525658,42.0
90,133,5,38.21507,41.0
90,134,3,33.471394,40.0
90,135,2,29.88979,39.0
90,136,1,33.219807,38.0
90,137,4,34.134457,37.0
90,138,4,39.386314,36.0
90,139,5,36.224598,35.0
90,140,1,34.21786,34.0
90,141,4,35.878246,33.0
90,142,4,34.815235,32.0
90,143,4,30.49152,31.0
90,144,0,29.105719,30.0
90,145,3,27.183773,29.0
90,146,5,28.041939,28.0
91,36,3,113.9819,125.0
91,37,4,114.46654,125.0
91,38,5,114.3422,125.0
91,39,5,110.73758,125.0
91,40,0,105.20403,125.0
91,41,2,107.8503,125.0
91,42,5,112.51823,125.0
91,43,4,117.035286,125.0
91,44,3,116.61318,125.0
91,45,1,122.198326,125.0
91,46,4,119.31004,125.0
91,47,3,121.28751,125.0
91,48,1,122.55655,125.0
91,49,1,116.28688,125.0
91,50,1,111.269936,125.0
91,51,3,95.67802,125.0
91,52,2,100.36814,125.0
91,53,2,98.97093,125.0
91,54,4,111.85386,125.0
91,55,4,117.46839,125.0
91,56,1,111.161415,125.0
91,57,2,123.74496,125.0
91,58,0,112.47367,125.0
91,59,3,119.373955,125.0
91,60,5,123.83941,125.0
91,61,2,102.37208,125.0
91,62,3,115.259224,125.0
91,63,0,122.019554,125.0
91,64,3,121.01841,125.0
91,65,2,136.95612,125.0
91,66,5,118.02635,125.0
91,67,2,121.02094,125.0
91,68,2,120.28202,125.0
91,69,2,112.01101,125.0
91,70,4,113.6638,125.0
91,71,5,111.98854,125.0
91,72,5,106.78191,125.0
91,73,0,106.76739,125.0
91,74,2,93.98516,125.0
91,75,1,99.25738,125.0
91,76,4,96.33881,125.0
91,77,2,91.815895,125.0
91,78,1,100.52165,125.0
91,79,4,113.46371,125.0
91,80,0,95.515236,125.0
91,81,5,106.52897,125.0
91,82,4,110.42852,125.0
91,83,2,100.96602,125.0
91,84,5,113.74908,125.0
91,85,2,113.45254,125.0
91,86,4,118.821045,125.0
91,87,5,120.22103,125.0
91,88,0,125.93878,125.0
91,89,5,118.864006,125.0
91,90,4,116.49383,125.0
91,91,2,108.964455,125.0
91,92,0,113.251,125.0
91,93,4,101.422264,125.0
91,94,5,92.60751,125.0
91,95,5,97.64273,125.0
91,96,1,107.66488,125.0
91,97,5,98.24656,125.0
91,98,5,105.61496,125.0
91,99,5,105.83768,125.0
91,100,0,110.07023,125.0
91,101,0,106.173134,125.0
91,102,0,108.46383,125.0
91,103,1,114.12767,125.0
91,104,5,108.34339,125.0
91,105,4,116.51378,125.0
91,106,5,121.41911,125.0
91,107,0,117.86494,125.0
91,108,3,117.10848,125.0
91,109,3,118.201256,125.0
91,110,4,120.07587,125.0
91,111,0,131.68088,125.0
91,112,1,121.93679,125.0
91,113,1,119.6818,125.0
91,114,5,108.027565,125.0
91,115,1,87.67315,125.0
91,116,4,111.24563,125.0
91,117,3,94.51426,125.0
91,118,5,103.79398,125.0
91,119,1,94.42678,125.0
91,120,2,108.37226,125.0
91,121,0,114.93837,125.0
91,122,0,127.31661,125.0
91,123,1,130.20248,125.0
91,124,3,118.00202,125.0
91,125,0,121.25373,125.0
91,126,3,106.95146,125.0
91,127,4,118.946625,125.0
91,128,1,107.48806,125.0
91,129,2,105.46984,125.0
91,130,5,109.212166,125.0
91,131,3,115.8428,125.0
91,132,3,113.58087,125.0
91,133,5,115.21827,125.0
91,134,4,112.96684,125.0
91,135,2,127.452934,125.0
91,136,2,113.94555,125.0
91,137,1,116.2631,125.0
91,138,0,118.53924,125.0
91,139,4,120.60167,125.0
91,140,5,108.112144,125.0
91,141,4,112.67765,125.0
91,142,2,114.78763,125.0
91,143,5,100.245964,125.0
91,144,5,101.90395,125.0
91,145,2,88.91485,125.0
91,146,0,92.94588,125.0
91,147,5,86.339485,125.0
91,148,2,83.46711,124.0
91,149,4,85.34475,123.0
91,150,5,68.6398,122.0
91,151,0,67.55193,121.0
91,152,2,89.26713,120.0
91,153,5,88.92416,119.0
91,154,4,72.06316,118.0
91,155,4,85.13978,117.0
91,156,1,94.599434,116.0
91,157,4,85.45379,115.0
91,158,1,86.08129,114.0
91,159,4,110.635475,113.0
91,160,0,113.406075,112.0
91,161,5,93.78199,111.0
91,162,5,94.258736,110.0
91,163,1,99.36643,109.0
91,164,1,116.09131,108.0
91,165,2,103.69718,107.0
91,166,1,101.12882,106.0
91,167,1,74.22253,105.0
91,168,4,70.46099,104.0
91,169,5,85.6839,103.0
91,170,5,95.86825,102.0
91,171,3,97.84865,101.0
91,172,2,116.54751,100.0
91,173,4,105.5234,99.0
91,174,1,106.829,98.0
91,175,2,94.35758,97.0
91,176,3,88.04432,96.0
91,177,4,94.69625,95.0
91,178,4,101.30366,94.0
91,179,4,93.592964,93.0
91,180,2,86.2894,92.0
91,181,2,93.903435,91.0
91,182,5,77.535065,90.0
91,183,5,79.02935,89.0
91,184,0,92.211494,88.0
91,185,0,92.03566,87.0
91,186,3,98.57828,86.0
91,187,3,107.98937,85.0
91,188,0,90.03541,84.0
91,189,1,90.36396,83.0
91,190,0,99.90694,82.0
91,191,4,106.7908,81.0
91,192,4,103.75311,80.0
91,193,3,100.32961,79.0
91,194,2,97.92828,78.0
91,195,1,113.23916,77.0
91,196,0,105.51898,76.0
91,197,5,107.1568,75.0
91,198,2,102.6351,74.0
91,199,4,113.5205,73.0
91,200,0,112.69551,72.0
91,201,0,120.43775,71.0
91,202,2,118.416145,70.0
91,203,5,115.99377,69.0
91,204,2,106.865974,68.0
91,205,2,105.41422,67.0
91,206,2,102.89362,66.0
91,207,0,109.52285,65.0
91,208,2,102.262794,64.0
91,209,4,109.57092,63.0
91,210,4,99.793396,62.0
91,211,1,112.415504,61.0
91,212,0,104.93925,60.0
91,213,0,92.659164,59.0
91,214,1,107.0652,58.0
91,215,5,89.70871,57.0
91,216,1,77.27439,56.0
91,217,0,85.712204,55.0
91,218,3,86.111,54.0
91,219,4,95.12011,53.0
91,220,0,94.27569,52.0
91,221,4,91.38007,51.0
91,222,0,106.39881,50.0
91,223,0,92.41106,49.0
91,224,0,72.084564,48.0
91,225,2,79.015465,47.0
91,226,0,79.33932,46.0
91,227,3,64.96256,45.0
91,228,3,70.16744,44.0
91,229,4,60.32907,43.0
91,230,2,63.312595,42.0
91,231,4,47.885998,41.0
91,232,0,53.373028,40.0
91,233,2,47.30083,39.0
91,234,0,59.083263,38.0
92,36,0,113.22964,125.0
92,37,2,106.13041,125.0
92,38,5,113.85827,125.0
92,39,0,108.46987,125.0
92,40,4,107.58022,125.0
92,41,1,115.23301,125.0
92,42,2,114.82798,125.0
92,43,5,114.74183,125.0
92,44,5,111.1958,125.0
92,45,4,118.07694,125.0
92,46,4,123.783554,124.0
92,47,2,120.680046,123.0
92,48,2,112.13391,122.0
92,49,2,116.559845,121.0
92,50,4,119.404945,120.0
92,51,3,120.97439,119.0
92,52,4,115.41859,118.0
92,53,5,111.55654,117.0
92,54,3,116.973,116.0
92,55,3,107.304436,115.0
92,56,3,112.94752,114.0
92,57,5,114.469536,113.0
92,58,5,114.43147,112.0
92,59,1,119.49954,111.0
92,60,0,111.83207,110.0
92,61,2,110.60968,109.0
92,62,0,105.34747,108.0
92,63,2,105.43821,107.0
92,64,2,117.87261,106.0
92,65,2,119.95875,105.0
92,66,2,131.05222,104.0
92,67,1,129.66586,103.0
92,68,4,114.515205,102.0
92,69,5,117.34255,101.0
92,70,3,107.92253,100.0
92,71,0,115.30744,99.0
92,72,0,128.0323,98.0
92,73,5,134.431,97.0
92,74,2,129.19403,96.0
92,75,2,126.19921,95.0
92,76,0,124.297005,94.0
92,77,3,120.33895,93.0
92,78,3,118.804016,92.0
92,79,4,116.06876,91.0
92,80,2,121.51519,90.0
92,81,2,129.49991,89.0
92,82,0,125.73234,88.0
92,83,0,114.87213,87.0
92,84,2,117.46775,86.0
92,85,4,97.39331,85.0
92,86,2,82.2837,84.0
92,87,4,84.858376,83.0
92,88,2,83.52276,82.0
92,89,5,90.95947,81.0
92,90,0,89.54485,80.0
92,91,4,103.11257,79.0
92,92,2,99.60505,78.0
92,93,4,98.8601,77.0
92,94,2,90.05342,76.0
92,95,4,90.028015,75.0
92,96,2,88.006516,74.0
92,97,0,80.309044,73.0
92,98,3,87.86042,72.0
92,99,4,89.498985,71.0
92,100,0,92.113365,70.0
92,101,5,82.29316,69.0
92,102,4,87.37893,68.0
92,103,3,103.447655,67.0
92,104,3,85.274864,66.0
92,105,3,85.36972,65.0
92,106,0,77.379326,64.0
92,107,4,74.25507,63.0
92,108,5,90.35485,62.0
92,109,5,74.70071,61.0
92,110,2,91.71378,60.0
92,111,3,81.10175,59.0
92,112,3,71.43859,58.0
92,113,2,71.21974,57.0
92,114,5,67.2623,56.0
92,115,4,67.30524,55.0
92,116,0,89.990746,54.0
92,117,2,88.87174,53.0
92,118,5,93.68543,52.0
92,119,5,85.34568,51.0
92,120,1,75.389275,50.0
92,121,1,66.20021,49.0
92,122,5,89.41117,48.0
92,123,4,78.29107,47.0
92,124,0,74.402626,46.0
92,125,0,79.829926,45.0
92,126,1,82.09873,44.0
92,127,5,89.13331,43.0
92,128,4,85.274895,42.0
92,129,5,82.66456,41.0
92,130,2,88.723465,40.0
92,131,4,71.86021,39.0
92,132,4,75.02828,38.0
92,133,2,57.016968,37.0
92,134,0,61.976715,36.0
92,135,3,78.07586,35.0
92,136,5,48.537148,34.0
92,137,1,50.62538,33.0
92,138,1,49.23221,32.0
92,139,1,51.675518,31.0
92,140,3,58.268406,30.0
92,141,0,58.639263,29.0
92,142,3,50.341972,28.0
92,143,3,47.078114,27.0
92,144,4,51.53258,26.0
92,145,0,43.365185,25.0
92,146,1,48.442307,24.0
92,147,1,39.938675,23.0
92,148,5,33.76814,22.0
92,149,4,32.88453,21.0
92,150,2,33.779743,20.0
93,36,1,130.02304,125.0
93,37,0,126.29844,125.0
93,38,4,127.70747,125.0
93,39,0,128.92638,125.0
93,40,0,115.226524,125.0
93,41,0,110.114784,125.0
93,42,2,108.48357,125.0
93,43,5,94.95899,125.0
93,44,4,87.5621,125.0
93,45,5,87.31806,125.0
93,46,5,78.06049,125.0
93,47,3,104.69084,125.0
93,48,5,97.593056,125.0
93,49,5,102.52145,125.0
93,50,1,99.86289,125.0
93,51,5,104.07453,125.0
93,52,2,100.42749,125.0
93,53,2,98.25143,125.0
93,54,5,98.79948,125.0
93,55,0,97.93314,125.0
93,56,3,96.63619,125.0
93,57,0,97.82884,125.0
93,58,2,97.38498,125.0
93,59,1,109.29969,125.0
93,60,1,108.847496,125.0
93,61,0,116.208626,125.0
93,62,1,109.90287,125.0
93,63,0,102.30584,125.0
93,64,4,111.369965,125.0
93,65,1,108.09736,125.0
93,66,1,92.76559,125.0
93,67,5,101.13126,125.0
93,68,4,102.4743,125.0
93,69,5,98.661125,125.0
93,70,0,113.31281,125.0
93,71,0,117.194664,125.0
93,72,1,97.69296,125.0
93,73,1,109.78247,125.0
93,74,5,101.94824,125.0
93,75,2,106.63798,125.0
93,76,2,109.98964,125.0
93,77,2,100.89688,125.0
93,78,0,95.53507,125.0
93,79,5,100.73536,125.0
93,80,0,100.40157,125.0
93,81,4,108.966866,125.0
93,82,0,108.13208,125.0
93,83,0,116.25538,125.0
93,84,4,117.52791,125.0
93,85,0,104.82319,125.0
93,86,2,95.72271,125.0
93,87,5,101.75859,125.0
93,88,5,93.54357,125.0
93,89,1,102.99865,125.0
93,90,5,110.006165,125.0
93,91,3,114.76202,125.0
93,92,4,108.223076,125.0
93,93,0,100.53888,125.0
93,94,2,107.597595,125.0
93,95,4,109.167625,125.0
93,96,4,88.04806,125.0
93,97,5,87.87356,125.0
93,98,1,93.37833,125.0
93,99,1,102.959595,125.0
93,100,0,111.64022,125.0
93,101,2,112.98809,125.0
93,102,4,112.15507,125.0
93,103,0,121.1295,125.0
93,104,3,113.557045,125.0
93,105,4,114.21261,125.0
93,106,3,112.66514,125.0
93,107,3,100.33162,125.0
93,108,3,78.5666,125.0
93,109,1,55.193573,125.0
93,110,0,80.68745,125.0
93,111,2,103.6345,125.0
93,112,5,108.32754,125.0
93,113,2,113.41558,125.0
93,114,5,111.59751,125.0
93,115,4,117.903465,125.0
93,116,1,122.449615,125.0
93,117,3,121.01492,125.0
93,118,2,121.751045,125.0
93,119,3,129.07175,125.0
93,120,2,131.8548,125.0
93,121,0,133.1388,125.0
93,122,3,128.99055,125.0
93,123,1,130.9693,125.0
93,124,0,126.639015,125.0
93,125,5,135.64339,125.0
93,126,2,128.84491,125.0
93,127,4,129.20303,125.0
93,128,4,115.1236,125.0
93,129,0,120.74428,125.0
93,130,1,113.39207,125.0
93,131,2,119.30181,125.0
93,132,5,129.72543,125.0
93,133,1,122.75665,125.0
93,134,5,123.30969,125.0
93,135,1,119.09421,125.0
93,136,2,119.76664,125.0
93,137,4,131.50266,125.0
93,138,1,130.06104,125.0
93,139,2,115.382835,125.0
93,140,3,128.46533,125.0
93,141,0,122.90595,125.0
93,142,0,128.22394,125.0
93,143,5,131.14075,125.0
93,144,4,133.53024,125.0
93,145,3,129.6535,125.0
93,146,4,122.5218,125.0
93,147,0,128.31902,125.0
93,148,5,129.4386,125.0
93,149,0,121.89471,125.0
93,150,4,127.08467,125.0
93,151,4,114.00366,125.0
93,152,4,117.80523,125.0
93,153,1,117.786194,125.0
93,154,4,110.729256,125.0
93,155,3,111.21078,125.0
93,156,4,116.839134,125.0
93,157,2,120.865135,125.0
93,158,5,120.3405,125.0
93,159,0,117.16533,125.0
93,160,0,126.65784,125.0
93,161,5,124.29919,125.0
93,162,5,117.49169,125.0
93,163,5,118.866165,125.0
93,164,3,115.74583,125.0
93,165,4,112.79899,125.0
93,166,4,111.322815,125.0
93,167,0,107.68472,125.0
93,168,3,106.98519,125.0
93,169,1,117.24726,125.0
93,170,4,118.83781,125.0
93,171,5,116.12901,125.0
93,172,4,104.54775,125.0
93,173,2,114.307014,125.0
93,174,3,114.75762,125.0
93,175,5,112.62325,125.0
93,176,4,100.82396,125.0
93,177,5,109.32807,125.0
93,178,3,115.259865,125.0
93,179,0,113.300545,125.0
93,180,3,118.16518,125.0
93,181,0,124.84829,125.0
93,182,4,118.631096,125.0
93,183,0,112.23383,125.0
93,184,0,112.333855,125.0
93,185,5,101.083374,125.0
93,186,4,99.97234,125.0
93,187,5,104.165535,125.0
93,188,4,84.13125,125.0
93,189,1,103.6367,125.0
93,190,2,100.631035,125.0
93,191,0,104.76502,125.0
93,192,3,111.562645,125.0
93,193,2,106.57046,125.0
93,194,5,111.39378,125.0
93,195,1,102.82725,125.0
93,196,5,92.51037,125.0
93,197,0,101.17592,125.0
93,198,3,104.46094,125.0
93,199,5,94.06443,125.0
93,200,2,94.43007,125.0
93,201,4,97.7284,125.0
93,202,4,102.22942,125.0
93,203,0,90.70232,125.0
93,204,0,101.73702,125.0
93,205,0,109.184784,124.0
93,206,3,106.00535,123.0
93,207,5,105.30108,122.0
93,208,1,102.7888,121.0
93,209,0,112.642204,120.0
93,210,5,115.0792,119.0
93,211,0,111.18122,118.0
93,212,0,118.09366,117.0
93,213,1,107.140076,116.0
93,214,1,107.80349,115.0
93,215,3,105.499214,114.0
93,216,0,107.06675,113.0
93,217,4,105.00013,112.0
93,218,0,110.91838,111.0
93,219,2,110.805595,110.0
93,220,0,119.491905,109.0
93,221,0,106.71694,108.0
93,222,5,102.52009,107.0
93,223,5,90.67106,106.0
93,224,3,91.613556,105.0
93,225,2,100.6083,104.0
93,226,5,95.906395,103.0
93,227,1,95.63609,102.0
93,228,1,78.90702,101.0
93,229,3,90.62059,100.0
93,230,2,106.49949,99.0
93,231,1,99.69897,98.0
93,232,2,99.87819,97.0
93,233,3,95.805626,96.0
93,234,5,72.91334,95.0
93,235,2,71.994705,94.0
93,236,5,60.07763,93.0
93,237,3,76.87883,92.0
93,238,2,71.83608,91.0
93,239,0,62.797657,90.0
93,240,4,46.794495,89.0
93,241,2,46.792828,88.0
93,242,5,51.362988,87.0
93,243,2,60.709858,86.0
93,244,2,65.0647,85.0
94,36,1,105.19343,125.0
94,37,3,116.373116,125.0
94,38,5,105.615364,125.0
94,39,5,117.75176,125.0
94,40,3,119.233955,125.0
94,41,2,119.460175,125.0
94,42,0,117.33053,125.0
94,43,1,119.88919,125.0
94,44,1,126.00979,125.0
94,45,1,126.12385,125.0
94,46,4,121.040764,125.0
94,47,4,121.15095,125.0
94,48,4,126.38784,125.0
94,49,5,130.28314,125.0
94,50,2,129.30397,125.0
94,51,2,131.26614,125.0
94,52,2,127.873764,125.0
94,53,3,129.34573,125.0
94,54,3,130.64297,125.0
94,55,0,127.29687,125.0
94,56,4,126.98391,125.0
94,57,3,124.862335,125.0
94,58,1,122.91068,125.0
94,59,0,121.27382,125.0
94,60,4,118.60479,125.0
94,61,1,114.12946,125.0
94,62,0,112.68682,125.0
94,63,5,120.41582,125.0
94,64,0,124.30106,124.0
94,65,3,123.00541,123.0
94,66,0,125.02521,122.0
94,67,5,125.82343,121.0
94,68,1,132.59775,120.0
94,69,2,131.17612,119.0
94,70,2,132.91837,118.0
94,71,5,125.61927,117.0
94,72,0,118.18308,116.0
94,73,4,119.83424,115.0
94,74,5,117.4058,114.0
94,75,0,99.83881,113.0
94,76,0,99.40103,112.0
94,77,2,91.989586,111.0
94,78,3,96.877556,110.0
94,79,0,102.225365,109.0
94,80,4,113.362144,108.0
94,81,1,114.708244,107.0
94,82,0,108.355965,106.0
94,83,5,111.17178,105.0
94,84,5,107.345985,104.0
94,85,3,106.10176,103.0
94,86,2,110.841705,102.0
94,87,4,89.636246,101.0
94,88,4,84.56752,100.0
94,89,5,83.90393,99.0
94,90,3,92.670296,98.0
94,91,2,100.189735,97.0
94,92,4,97.40707,96.0
94,93,1,98.54574,95.0
94,94,1,88.59794,94.0
94,95,3,94.00895,93.0
94,96,0,85.76418,92.0
94,97,1,85.2279,91.0
94,98,0,101.709236,90.0
94,99,5,115.9881,89.0
94,100,5,104.639,88.0
94,101,4,105.05596,87.0
94,102,4,103.54258,86.0
94,103,0,113.4589,85.0
94,104,2,108.061325,84.0
94,105,4,101.56968,83.0
94,106,1,100.55271,82.0
94,107,3,97.4807,81.0
94,108,5,97.28434,80.0
94,109,4,101.46546,79.0
94,110,0,85.935104,78.0
94,111,2,79.11704,77.0
94,112,0,82.38659,76.0
94,113,3,81.826515,75.0
94,114,0,90.5487,74.0
94,115,2,92.072,73.0
94,116,4,87.09901,72.0
94,117,5,97.39928,71.0
94,118,5,98.42474,70.0
94,119,2,86.28734,69.0
94,120,5,71.28853,68.0
94,121,3,82.47935,67.0
94,122,1,75.49598,66.0
94,123,0,84.67675,65.0
94,124,4,88.23566,64.0
94,125,2,89.48865,63.0
94,126,3,94.30099,62.0
94,127,4,97.94207,61.0
94,128,4,103.97059,60.0
94,129,5,91.94815,59.0
94,130,3,86.54838,58.0
94,131,2,87.11822,57.0
94,132,2,101.49307,56.0
94,133,0,99.272575,55.0
95,36,3,113.09958,125.0
95,37,5,113.84426,125.0
95,38,2,107.11225,125.0
95,39,0,114.815445,125.0
95,40,3,103.58155,125.0
95,41,5,114.24261,125.0
95,42,4,115.35566,125.0
95,43,1,119.170296,125.0
95,44,5,110.804214,125.0
95,45,5,124.34962,125.0
95,46,2,128.36642,125.0
95,47,1,125.3975,125.0
95,48,5,127.63808,125.0
95,49,1,126.1905,125.0
95,50,3,134.15712,125.0
95,51,3,133.77023,125.0
95,52,2,127.43946,125.0
95,53,5,123.918884,125.0
95,54,2,128.88583,125.0
95,55,5,120.088356,125.0
95,56,1,116.53631,125.0
95,57,5,129.41565,125.0
95,58,0,117.48328,125.0
95,59,5,105.29009,125.0
95,60,0,106.10348,125.0
95,61,5,102.40429,125.0
95,62,4,98.26511,125.0
95,63,0,87.00784,125.0
95,64,5,64.77971,125.0
95,65,0,94.54145,125.0
95,66,0,98.94628,125.0
95,67,3,95.15507,125.0
95,68,0,100.02517,125.0
95,69,3,99.897606,125.0
95,70,2,102.03681,125.0
95,71,2,113.87924,125.0
95,72,3,117.425385,125.0
95,73,3,122.48087,125.0
95,74,0,119.63963,125.0
95,75,0,115.833824,125.0
95,76,0,121.30743,125.0
95,77,3,125.5728,125.0
95,78,4,113.62624,125.0
95,79,3,109.75732,125.0
95,80,1,110.08785,125.0
95,81,3,103.157845,125.0
95,82,1,108.909706,125.0
95,83,1,108.750275,125.0
95,84,1,94.245094,125.0
95,85,5,105.05576,125.0
95,86,5,99.87333,125.0
95,87,3,95.14741,125.0
95,88,0,93.20174,125.0
95,89,5,101.61939,125.0
96,36,2,107.65178,125.0
96,37,2,122.970375,125.0
96,38,5,125.04622,125.0
96,39,0,123.366005,125.0
96,40,0,129.46786,125.0
96,41,5,115.35731,125.0
96,42,4,123.52599,125.0
96,43,2,111.94952,125.0
96,44,3,115.18365,125.0
96,45,5,123.193275,125.0
96,46,3,129.72513,125.0
96,47,0,130.2271,125.0
96,48,0,132.32568,125.0
96,49,3,131.25146,125.0
96,50,0,127.70591,125.0
96,51,4,122.93417,125.0
96,52,3,127.52701,125.0
96,53,1,130.86755,125.0
96,54,1,122.4042,125.0
96,55,1,106.8055,125.0
96,56,1,118.15676,125.0
96,57,4,108.406105,125.0
96,58,4,104.88719,125.0
96,59,4,109.36593,125.0
96,60,4,97.9253,125.0
96,61,0,97.85966,125.0
96,62,0,111.28457,125.0
96,63,4,110.29205,125.0
96,64,4,97.54984,125.0
96,65,2,110.4102,125.0
96,66,2,111.971985,125.0
96,67,2,112.29967,125.0
96,68,4,117.1835,125.0
96,69,5,110.98879,125.0
96,70,5,121.258484,125.0
96,71,0,125.63524,125.0
96,72,0,118.58134,125.0
96,73,1,133.34471,125.0
96,74,3,131.43506,125.0
96,75,3,126.28469,125.0
96,76,2,136.91203,125.0
96,77,3,133.61768,125.0
96,78,1,126.17843,125.0
96,79,0,131.61705,125.0
96,80,2,126.24941,125.0
96,81,2,125.48328,125.0
96,82,0,121.06374,125.0
96,83,1,124.796165,125.0
96,84,0,120.65583,125.0
96,85,4,116.50628,125.0
96,86,0,117.75118,125.0
96,87,2,121.189255,125.0
96,88,4,116.97462,125.0
96,89,0,121.66056,125.0
96,90,5,114.85471,125.0
96,91,2,118.67784,125.0
96,92,2,115.40451,125.0
96,93,5,96.53221,125.0
96,94,1,104.14184,125.0
96,95,2,104.7996,125.0
96,96,5,91.84506,125.0
96,97,5,96.26101,125.0
97,36,1,115.06336,125.0
97,37,1,106.97394,125.0
97,38,1,86.995155,125.0
97,39,0,81.22086,125.0
97,40,5,91.70639,125.0
97,41,3,97.824165,125.0
97,42,0,117.256195,125.0
97,43,1,105.70538,125.0
97,44,2,122.85369,125.0
97,45,0,118.713005,125.0
97,46,4,113.53477,125.0
97,47,0,127.21554,125.0
97,48,0,124.83378,125.0
97,49,3,126.3137,125.0
97,50,1,126.22619,125.0
97,51,0,128.41653,125.0
97,52,5,125.79266,125.0
97,53,1,124.74064,125.0
97,54,5,124.05959,125.0
97,55,2,126.1127,125.0
97,56,5,123.03265,125.0
97,57,2,119.77019,125.0
97,58,1,120.83336,125.0
97,59,3,131.52515,125.0
97,60,1,125.744705,125.0
97,61,2,112.57702,125.0
97,62,5,123.80427,125.0
97,63,1,121.593414,125.0
97,64,2,113.32305,125.0
97,65,3,124.14223,125.0
97,66,0,112.57136,125.0
97,67,0,114.84388,125.0
97,68,0,121.24337,125.0
97,69,5,111.55276,125.0
97,70,5,118.404175,125.0
97,71,4,111.95877,125.0
97,72,5,115.7266,125.0
97,73,0,123.47007,125.0
97,74,3,121.31385,125.0
97,75,3,113.9565,125.0
97,76,1,112.667076,125.0
97,77,0,117.225914,125.0
97,78,5,115.63201,125.0
97,79,4,122.88299,125.0
97,80,5,121.707306,125.0
97,81,2,120.77365,125.0
97,82,3,114.11106,125.0
97,83,1,118.75678,125.0
97,84,0,125.73177,125.0
97,85,0,123.253914,125.0
97,86,1,119.16304,125.0
97,87,1,109.71571,125.0
97,88,1,117.636246,125.0
97,89,4,108.70102,125.0
97,90,0,118.60546,125.0
97,91,5,111.068855,125.0
97,92,3,113.28249,124.0
97,93,1,113.40757,123.0
97,94,5,123.01998,122.0
97,95,4,119.582886,121.0
97,96,4,104.39934,120.0
97,97,2,108.72521,119.0
97,98,1,105.850075,118.0
97,99,2,108.91596,117.0
97,100,3,108.95461,116.0
97,101,5,127.748055,115.0
97,102,1,122.68277,114.0
97,103,5,127.51095,113.0
97,104,1,113.506096,112.0
97,105,0,115.72477,111.0
97,106,0,115.43423,110.0
97,107,5,115.634834,109.0
97,108,2,110.36644,108.0
97,109,5,105.890495,107.0
97,110,0,107.678696,106.0
97,111,3,108.08945,105.0
97,112,0,115.34505,104.0
97,113,5,108.57325,103.0
97,114,1,106.88138,102.0
97,115,0,118.82035,101.0
97,116,3,105.359276,100.0
97,117,3,104.17481,99.0
97,118,0,101.77277,98.0
97,119,5,105.26433,97.0
97,120,4,102.60377,96.0
97,121,2,108.89,95.0
97,122,1,105.45193,94.0
97,123,2,111.96494,93.0
97,124,3,100.72753,92.0
97,125,5,114.56011,91.0
97,126,5,110.50339,90.0
97,127,0,96.89697,89.0
97,128,2,87.91265,88.0
97,129,1,104.64473,87.0
97,130,4,98.04209,86.0
97,131,5,101.22778,85.0
97,132,1,95.116394,84.0
97,133,5,102.57902,83.0
97,134,0,95.9298,82.0
98,36,4,107.36383,125.0
98,37,1,119.64089,125.0
98,38,3,110.75021,125.0
98,39,2,110.89778,125.0
98,40,5,106.841606,125.0
98,41,0,106.423805,125.0
98,42,0,114.51798,125.0
98,43,4,108.92299,125.0
98,44,0,100.73945,125.0
98,45,4,103.19242,125.0
98,46,5,106.348305,125.0
98,47,5,106.48129,125.0
98,48,5,104.99415,125.0
98,49,0,104.35433,125.0
98,50,0,110.25793,125.0
98,51,4,108.90272,125.0
98,52,2,105.97878,125.0
98,53,4,88.789894,125.0
98,54,4,95.99706,125.0
98,55,2,113.79722,125.0
98,56,5,106.64981,124.0
98,57,0,100.55671,123.0
98,58,1,117.77212,122.0
98,59,1,108.74679,121.0
98,60,3,104.000694,120.0
98,61,2,101.954216,119.0
98,62,2,97.39175,118.0
98,63,4,99.4748,117.0
98,64,1,104.46324,116.0
98,65,5,109.5561,115.0
98,66,0,104.914696,114.0
98,67,5,86.39076,113.0
98,68,2,94.78169,112.0
98,69,1,94.0796,111.0
98,70,3,104.09893,110.0
98,71,4,114.72445,109.0
98,72,5,103.222176,108.0
98,73,2,106.98232,107.0
98,74,2,102.73034,106.0
98,75,1,104.48856,105.0
98,76,4,113.47625,104.0
98,77,0,107.83282,103.0
98,78,4,108.608986,102.0
98,79,2,117.450325,101.0
98,80,0,111.77663,100.0
98,81,5,99.804085,99.0
98,82,0,106.49406,98.0
98,83,4,97.29267,97.0
98,84,4,120.52273,96.0
98,85,1,114.1285,95.0
98,86,3,117.507454,94.0
98,87,5,108.201904,93.0
98,88,2,105.01809,92.0
98,89,2,87.1096,91.0
98,90,5,94.410805,90.0
98,91,3,101.93786,89.0
98,92,1,117.614136,88.0
98,93,0,106.17217,87.0
98,94,5,112.04536,86.0
98,95,4,103.08531,85.0
98,96,2,108.2484,84.0
98,97,3,105.85998,83.0
98,98,0,106.40008,82.0
98,99,2,100.38739,81.0
98,100,5,105.330414,80.0
98,101,5,103.31289,79.0
98,102,4,102.15046,78.0
98,103,3,102.32174,77.0
98,104,2,107.002426,76.0
98,105,3,124.547485,75.0
98,106,0,115.3044,74.0
98,107,1,102.43789,73.0
98,108,4,113.98167,72.0
98,109,4,117.4872,71.0
98,110,4,107.704124,70.0
98,111,0,115.94025,69.0
98,112,2,102.8617,68.0
98,113,0,105.82095,67.0
98,114,4,109.63424,66.0
98,115,0,106.321915,65.0
98,116,3,104.89231,64.0
98,117,0,96.269035,63.0
98,118,5,109.41829,62.0
98,119,4,103.089134,61.0
98,120,0,88.0505,60.0
98,121,3,92.6077,59.0
99,36,0,119.29803,125.0
99,37,0,121.90464,125.0
99,38,5,126.03455,125.0
99,39,4,126.18534,125.0
99,40,2,119.01356,125.0
99,41,3,117.93069,125.0
99,42,4,106.51902,125.0
99,43,5,108.942024,125.0
99,44,2,108.518524,125.0
99,45,2,112.78724,125.0
99,46,4,113.60006,125.0
99,47,4,114.18511,125.0
99,48,3,110.63702,125.0
99,49,2,117.89099,125.0
99,50,4,120.19304,125.0
99,51,3,126.35636,125.0
99,52,3,119.222115,125.0
99,53,1,115.1254,125.0
99,54,5,120.86621,125.0
99,55,0,122.71105,125.0
99,56,4,128.61627,125.0
99,57,4,120.4965,125.0
99,58,0,111.20556,125.0
99,59,5,121.14573,125.0
99,60,5,123.6833,125.0
99,61,2,117.985664,125.0
99,62,4,97.7418,125.0
99,63,4,113.68932,125.0
99,64,0,100.47938,125.0
99,65,1,112.226456,125.0
99,66,5,103.46752,125.0
99,67,2,109.51933,125.0
99,68,1,105.851326,125.0
99,69,0,100.02593,125.0
99,70,0,96.042046,125.0
99,71,5,111.378334,125.0
99,72,5,100.423744,125.0
99,73,5,97.88589,125.0
99,74,1,87.28192,125.0
99,75,2,91.23946,125.0
99,76,0,76.911575,125.0
99,77,0,85.714485,125.0
99,78,1,91.01716,125.0
99,79,4,87.62801,125.0
99,80,5,94.510735,125.0
99,81,0,83.939415,125.0
99,82,2,92.17953,125.0
99,83,2,93.81689,125.0
99,84,1,90.12229,125.0
99,85,3,98.434395,125.0
99,86,5,98.96357,125.0
99,87,4,103.13095,125.0
99,88,0,99.18972,125.0
99,89,4,102.523254,125.0
99,90,3,102.882416,124.0
99,91,1,95.7162,123.0
99,92,4,114.80533,122.0
99,93,5,111.625435,121.0
99,94,2,110.826744,120.0
99,95,1,98.59052,119.0
99,96,2,99.91601,118.0
99,97,3,88.21546,117.0
100,36,5,110.44818,125.0
100,37,3,114.74641,125.0
100,38,3,107.5207,125.0
100,39,5,117.1572,125.0
100,40,5,123.21763,125.0
100,41,5,120.68761,125.0
100,42,4,117.26461,125.0
100,43,5,122.76639,125.0
100,44,3,115.089325,125.0
100,45,0,112.391594,125.0
100,46,0,115.74999,125.0
100,47,2,124.22871,125.0
100,48,5,114.498665,125.0
100,49,5,116.85645,125.0
100,50,2,119.235695,125.0
100,51,2,121.8435,125.0
100,52,4,129.305,125.0
100,53,0,126.14628,125.0
100,54,5,120.52044,125.0
100,55,2,121.21736,125.0
100,56,5,118.67542,125.0
100,57,4,121.3522,125.0
100,58,1,120.28271,125.0
100,59,3,122.46368,125.0
100,60,3,128.45103,125.0
100,61,4,118.68789,125.0
100,62,1,126.36169,125.0
100,63,3,114.201485,125.0
100,64,5,115.165535,125.0
100,65,1,103.145,125.0
100,66,5,119.11665,125.0
100,67,1,105.672264,125.0
100,68,3,108.51734,125.0
100,69,5,113.06635,125.0
100,70,1,99.75272,125.0
100,71,3,91.19442,125.0
100,72,4,101.84438,125.0
100,73,5,100.8348,125.0
100,74,0,104.91234,125.0
100,75,0,116.512474,125.0
100,76,4,114.12525,125.0
100,77,4,113.45013,125.0
100,78,3,104.86922,125.0
100,79,5,96.68102,125.0
100,80,2,99.87968,125.0
100,81,3,95.89286,125.0
100,82,5,120.30637,125.0
100,83,3,122.73428,125.0
100,84,1,120.6932,125.0
100,85,0,116.21418,125.0
100,86,2,114.397194,125.0
100,87,2,115.96932,125.0
100,88,1,120.37129,125.0
100,89,0,108.93815,125.0
100,90,1,117.980385,125.0
100,91,5,110.84228,125.0
100,92,2,109.439125,125.0
100,93,5,107.373505,125.0
100,94,2,110.284874,124.0
100,95,0,100.28468,123.0
100,96,0,110.22934,122.0
100,97,0,95.37939,121.0
100,98,4,115.09299,120.0
100,99,4,114.91767,119.0
100,100,0,108.129036,118.0
100,101,3,131.36682,117.0
100,102,0,131.04605,116.0
100,103,0,120.71205,115.0
100,104,3,123.53308,114.0
100,105,4,112.790855,113.0
100,106,4,105.72449,112.0
100,107,5,97.51216,111.0
100,108,0,98.14135,110.0
100,109,1,95.731285,109.0
100,110,4,95.89083,108.0
100,111,0,92.14774,107.0
100,112,4,76.56137,106.0
100,113,5,89.134056,105.0
100,114,4,87.57512,104.0
100,115,4,68.00579,103.0
100,116,2,80.320015,102.0
100,117,2,96.05687,101.0
100,118,4,86.5746,100.0
100,119,5,92.46702,99.0
100,120,4,101.66956,98.0
100,121,2,90.751015,97.0
100,122,3,96.47242,96.0
100,123,4,109.9464,95.0
100,124,0,107.031784,94.0
100,125,1,96.48387,93.0
100,126,0,101.85257,92.0
100,127,0,98.07566,91.0
100,128,0,94.495255,90.0
100,129,0,90.71156,89.0
100,130,1,89.0123,88.0
100,131,5,79.914215,87.0
100,132,5,64.0728,86.0
100,133,5,70.660545,85.0
100,134,5,57.863647,84.0
100,135,2,60.498875,83.0
100,136,4,56.207565,82.0
100,137,1,58.540676,81.0
100,138,5,58.830315,80.0
100,139,5,57.47187,79.0
100,140,3,54.872585,78.0
100,141,1,54.63094,77.0
100,142,3,53.106174,76.0
100,143,2,60.161625,75.0
100,144,5,58.14171,74.0
100,145,2,56.215824,73.0
100,146,4,65.86483,72.0
100,147,5,67.62197,71.0
100,148,1,66.79271,70.0
100,149,0,59.427914,69.0
100,150,3,62.66348,68.0
100,151,5,58.77994,67.0
100,152,5,52.092907,66.0
100,153,1,57.976162,65.0
100,154,4,57.891483,64.0
100,155,4,53.70644,63.0
100,156,5,54.398304,62.0
100,157,0,55.96875,61.0
100,158,1,57.58726,60.0
100,159,5,56.84734,59.0
100,160,2,57.941605,58.0
100,161,0,49.849606,57.0
100,162,3,51.926044,56.0
100,163,4,52.8266,55.0
100,164,2,41.903057,54.0
100,165,1,39.37913,53.0
100,166,1,35.814915,52.0
100,167,0,36.744923,51.0
100,168,0,38.472973,50.0
100,169,3,34.79989,49.0
100,170,2,36.30907,48.0
100,171,2,36.942715,47.0
100,172,5,39.386154,46.0
100,173,0,38.94224,45.0
100,174,5,44.80483,44.0
100,175,0,41.648327,43.0
100,176,5,39.58881,42.0
100,177,2,34.666027,41.0
100,178,5,35.26328,40.0
100,179,3,37.176502,39.0
100,180,0,36.907623,38.0
100,181,0,40.07973,37.0
100,182,2,37.391697,36.0
100,183,0,40.521103,35.0
100,184,4,39.098328,34.0
100,185,3,42.553394,33.0
100,186,1,42.35757,32.0
100,187,3,39.49601,31.0
100,188,5,34.4325,30.0
100,189,5,34.499516,29.0
100,190,1,31.726063,28.0
100,191,2,28.887547,27.0
100,192,1,22.325193,26.0
100,193,3,19.22787,25.0
100,194,3,15.472783,24.0
100,195,0,20.102379,23.0
100,196,2,17.13029,22.0
100,197,1,12.199693,21.0
100,198,5,15.473895,20.0
