unit_number,cycle,operating_regime,predicted_rul,actual_rul
1,36,5,122.82958,125.0
1,37,5,125.00271,125.0
1,38,2,120.333206,125.0
1,39,0,128.36328,125.0
1,40,0,119.58203,125.0
1,41,2,117.47987,125.0
1,42,2,101.744385,125.0
1,43,1,115.549,125.0
1,44,5,112.32945,125.0
1,45,2,123.91623,125.0
1,46,3,117.92176,125.0
1,47,5,110.490326,125.0
1,48,3,121.31277,125.0
1,49,5,121.335945,125.0
1,50,1,127.67854,125.0
1,51,4,124.2425,125.0
1,52,2,120.44079,125.0
1,53,2,125.450325,125.0
1,54,5,121.445694,125.0
1,55,4,127.76963,125.0
1,56,5,126.15918,125.0
1,57,5,122.86523,125.0
1,58,1,125.22309,125.0
1,59,4,122.744934,125.0
1,60,0,128.89568,125.0
1,61,3,126.61437,125.0
1,62,5,120.90626,125.0
1,63,4,120.07191,125.0
1,64,1,125.57697,125.0
1,65,0,120.87357,125.0
1,66,3,116.34083,125.0
1,67,3,121.52633,125.0
1,68,5,112.73262,125.0
1,69,2,122.80012,125.0
1,70,0,120.520195,125.0
1,71,4,121.048256,125.0
1,72,2,119.899345,125.0
1,73,1,124.52043,125.0
1,74,4,123.59104,125.0
1,75,3,125.473976,125.0
1,76,3,124.100975,125.0
1,77,5,121.69161,125.0
1,78,4,125.20492,125.0
1,79,4,128.5357,125.0
1,80,5,126.75181,125.0
1,81,3,127.00706,125.0
1,82,5,130.5586,125.0
1,83,3,128.37393,125.0
1,84,2,116.86617,125.0
1,85,4,116.418365,125.0
1,86,4,119.17707,125.0
1,87,2,117.51537,125.0
1,88,5,123.87794,125.0
1,89,3,115.775215,125.0
1,90,3,119.92252,125.0
1,91,4,122.665565,125.0
1,92,3,120.894745,125.0
1,93,3,111.07722,125.0
1,94,4,116.27424,125.0
1,95,5,111.83152,125.0
1,96,0,113.996544,125.0
1,97,1,118.63482,125.0
1,98,0,116.74233,125.0
1,99,4,111.82292,125.0
1,100,3,124.39048,125.0
1,101,0,124.48311,125.0
1,102,4,111.25021,125.0
1,103,5,118.567276,125.0
1,104,2,122.7151,125.0
1,105,3,122.38476,125.0
1,106,5,123.79398,125.0
1,107,3,126.01035,125.0
1,108,3,125.10143,125.0
1,109,3,120.23715,125.0
1,110,5,118.80721,125.0
1,111,3,115.31042,125.0
1,112,3,117.64634,125.0
1,113,1,101.23708,125.0
1,114,5,118.214806,125.0
1,115,5,108.7247,125.0
1,116,1,100.21693,125.0
1,117,3,106.98414,125.0
1,118,1,103.72755,125.0
1,119,3,99.02244,125.0
1,120,2,99.82717,125.0
1,121,1,80.73504,125.0
1,122,0,92.68453,125.0
1,123,5,105.15873,125.0
1,124,5,101.73452,125.0
1,125,1,97.86887,125.0
1,126,5,98.25219,125.0
1,127,4,112.2578,125.0
1,128,0,105.69657,124.0
1,129,5,116.83163,123.0
1,130,4,119.9472,122.0
1,131,4,118.19737,121.0
1,132,5,111.761116,120.0
1,133,5,117.35615,119.0
1,134,5,119.19894,118.0
1,135,1,108.36277,117.0
1,136,5,105.73635,116.0
1,137,5,103.70722,115.0
1,138,3,114.02189,114.0
1,139,1,117.94123,113.0
1,140,5,109.50176,112.0
1,141,3,116.11109,111.0
1,142,4,119.21696,110.0
1,143,5,117.13465,109.0
1,144,5,120.39571,108.0
1,145,3,115.07857,107.0
1,146,4,123.57198,106.0
1,147,5,125.45873,105.0
1,148,1,122.21053,104.0
1,149,5,116.19455,103.0
1,150,1,112.219475,102.0
1,151,0,115.779175,101.0
1,152,5,123.49678,100.0
1,153,4,119.37403,99.0
1,154,5,118.23465,98.0
1,155,3,121.1338,97.0
1,156,2,114.0399,96.0
1,157,1,108.593315,95.0
1,158,5,101.21514,94.0
1,159,3,121.44045,93.0
1,160,1,119.097565,92.0
1,161,3,111.158325,91.0
1,162,0,108.274704,90.0
1,163,4,96.22821,89.0
1,164,0,98.07585,88.0
1,165,4,80.94502,87.0
1,166,3,78.45158,86.0
1,167,0,61.96148,85.0
1,168,3,82.64977,84.0
1,169,0,103.09268,83.0
1,170,1,82.70571,82.0
1,171,4,71.727646,81.0
1,172,0,76.08801,80.0
1,173,2,90.978905,79.0
1,174,5,100.48281,78.0
1,175,0,91.26012,77.0
1,176,5,93.59371,76.0
1,177,5,98.96729,75.0
1,178,0,86.92521,74.0
1,179,4,94.90354,73.0
1,180,5,108.81841,72.0
1,181,2,115.15635,71.0
1,182,0,91.69222,70.0
1,183,0,101.20644,69.0
1,184,1,88.40383,68.0
1,185,1,76.02405,67.0
1,186,2,57.691994,66.0
1,187,3,62.55284,65.0
1,188,1,61.849907,64.0
1,189,2,64.563385,63.0
1,190,3,63.408066,62.0
1,191,1,56.3602,61.0
1,192,4,46.98076,60.0
1,193,1,40.118195,59.0
1,194,4,42.78431,58.0
1,195,2,41.10503,57.0
1,196,1,30.417328,56.0
1,197,2,28.745832,55.0
1,198,3,42.23207,54.0
1,199,4,28.350395,53.0
1,200,2,33.90562,52.0
1,201,5,31.616432,51.0
1,202,5,39.49279,50.0
1,203,1,34.85567,49.0
1,204,5,35.698067,48.0
1,205,2,31.806915,47.0
1,206,0,35.209145,46.0
1,207,4,31.469542,45.0
1,208,5,35.902695,44.0
1,209,3,29.825718,43.0
1,210,2,33.439255,42.0
1,211,3,36.789394,41.0
1,212,2,35.892124,40.0
1,213,2,37.230568,39.0
1,214,3,41.974438,38.0
1,215,1,36.212257,37.0
1,216,3,41.79902,36.0
1,217,5,40.174828,35.0
1,218,2,42.053375,34.0
1,219,2,31.326536,33.0
1,220,5,32.117012,32.0
1,221,4,30.708061,31.0
1,222,5,25.255377,30.0
1,223,3,19.734959,29.0
1,224,0,24.098864,28.0
1,225,2,10.857701,27.0
1,226,1,17.065508,26.0
1,227,0,16.789877,25.0
1,228,5,17.215696,24.0
1,229,5,19.580013,23.0
1,230,2,17.962934,22.0
2,36,0,119.67039,125.0
2,37,5,110.12835,125.0
2,38,5,95.517914,125.0
2,39,0,80.924706,125.0
2,40,3,87.6854,125.0
2,41,1,104.70976,125.0
2,42,2,105.63227,125.0
2,43,5,103.60086,125.0
2,44,4,115.45721,125.0
2,45,2,110.74403,125.0
2,46,2,120.0586,125.0
2,47,1,123.11265,125.0
2,48,2,119.39414,125.0
2,49,3,121.03121,125.0
2,50,3,115.4766,125.0
2,51,1,117.37965,125.0
2,52,3,129.93208,125.0
2,53,1,125.17953,125.0
2,54,3,120.14739,125.0
2,55,0,119.56678,125.0
2,56,4,119.88992,125.0
2,57,2,124.155396,125.0
2,58,0,125.009315,125.0
2,59,2,124.31049,125.0
2,60,5,120.30103,125.0
2,61,5,116.01542,125.0
2,62,5,126.68179,125.0
2,63,5,118.06328,125.0
2,64,4,118.706406,125.0
2,65,5,124.73823,125.0
2,66,0,122.74052,125.0
2,67,3,116.99223,125.0
2,68,3,119.611916,124.0
2,69,1,121.60988,123.0
2,70,1,118.103676,122.0
2,71,4,122.34437,121.0
2,72,1,128.35847,120.0
2,73,5,111.753654,119.0
2,74,3,115.224815,118.0
2,75,0,111.16323,117.0
2,76,4,106.65576,116.0
2,77,5,100.0743,115.0
2,78,4,111.75374,114.0
2,79,5,116.06138,113.0
2,80,0,114.945946,112.0
2,81,4,107.429184,111.0
2,82,3,111.39167,110.0
2,83,5,113.68695,109.0
2,84,0,107.89625,108.0
2,85,5,112.816154,107.0
2,86,4,108.89841,106.0
2,87,5,118.457146,105.0
2,88,4,103.624275,104.0
2,89,3,112.612816,103.0
2,90,1,105.09945,102.0
2,91,0,100.78498,101.0
2,92,0,101.54946,100.0
2,93,5,98.2866,99.0
2,94,3,107.47722,98.0
2,95,0,118.06604,97.0
2,96,4,125.350555,96.0
2,97,5,125.73585,95.0
2,98,4,110.6271,94.0
2,99,4,121.75828,93.0
2,100,1,117.51525,92.0
2,101,2,126.86325,91.0
2,102,4,116.940346,90.0
2,103,5,118.94374,89.0
2,104,4,120.44366,88.0
2,105,1,118.19419,87.0
2,106,3,121.874985,86.0
2,107,4,119.7913,85.0
2,108,5,116.539696,84.0
2,109,5,125.44639,83.0
2,110,3,115.04192,82.0
2,111,0,114.27119,81.0
2,112,1,100.60241,80.0
2,113,1,78.42942,79.0
2,114,3,93.73355,78.0
2,115,2,71.89092,77.0
2,116,5,108.189964,76.0
2,117,0,107.17958,75.0
2,118,3,89.4302,74.0
2,119,2,90.983376,73.0
2,120,2,93.084206,72.0
2,121,1,84.161476,71.0
2,122,2,91.86794,70.0
2,123,0,113.2915,69.0
2,124,3,104.27326,68.0
2,125,4,113.80898,67.0
2,126,5,116.67332,66.0
2,127,2,84.89947,65.0
2,128,2,80.045586,64.0
2,129,1,72.81284,63.0
2,130,0,82.83599,62.0
2,131,5,80.95541,61.0
2,132,5,96.92484,60.0
2,133,5,92.82874,59.0
2,134,2,93.58837,58.0
2,135,4,93.698204,57.0
2,136,0,83.35073,56.0
2,137,5,99.98164,55.0
2,138,3,91.37307,54.0
2,139,1,99.45309,53.0
2,140,4,102.69842,52.0
2,141,4,103.917816,51.0
2,142,5,110.43861,50.0
2,143,5,114.91808,49.0
2,144,3,114.79267,48.0
2,145,5,104.83989,47.0
2,146,3,109.39553,46.0
2,147,2,117.51415,45.0
2,148,1,102.916664,44.0
2,149,5,98.37051,43.0
2,150,0,76.13534,42.0
2,151,2,64.016685,41.0
2,152,2,59.245872,40.0
2,153,5,57.38555,39.0
3,36,0,127.02697,125.0
3,37,1,126.44222,125.0
3,38,4,127.32527,125.0
3,39,1,130.32452,125.0
3,40,1,115.92234,125.0
3,41,5,130.79117,125.0
3,42,5,128.1277,125.0
3,43,3,121.342575,125.0
3,44,1,125.28843,125.0
3,45,3,124.96995,125.0
3,46,0,114.802345,125.0
3,47,5,116.978905,125.0
3,48,0,113.55442,125.0
3,49,0,127.93876,125.0
3,50,0,119.29278,125.0
3,51,1,118.18897,125.0
3,52,3,110.19376,125.0
3,53,2,124.643394,125.0
3,54,5,114.64816,125.0
3,55,4,117.81029,125.0
3,56,3,118.360146,125.0
3,57,4,115.8102,125.0
3,58,5,116.792114,125.0
3,59,2,130.53821,125.0
3,60,2,119.07929,125.0
3,61,2,122.65218,125.0
3,62,0,115.58848,125.0
3,63,5,120.82705,125.0
3,64,1,129.25482,125.0
3,65,3,124.1114,125.0
3,66,5,128.32019,125.0
3,67,1,125.43178,125.0
3,68,5,129.7255,125.0
3,69,5,126.892105,125.0
3,70,5,124.37899,125.0
3,71,5,124.23368,125.0
3,72,3,119.61389,125.0
3,73,1,126.10058,125.0
3,74,4,134.18187,125.0
3,75,2,124.80202,125.0
3,76,2,124.680695,125.0
3,77,3,125.56779,125.0
3,78,2,125.76898,125.0
3,79,5,125.988106,125.0
3,80,5,123.73347,125.0
3,81,4,114.22558,125.0
3,82,1,127.86465,125.0
3,83,0,122.965706,125.0
3,84,0,121.42295,125.0
3,85,3,123.297295,125.0
3,86,5,119.66204,125.0
3,87,1,115.123314,125.0
3,88,2,126.09673,125.0
3,89,1,119.53045,125.0
3,90,2,126.95319,125.0
3,91,4,123.71842,125.0
3,92,1,126.41587,125.0
3,93,3,123.01553,125.0
3,94,0,126.69614,125.0
3,95,3,123.391075,125.0
3,96,3,122.5413,125.0
3,97,1,118.395424,125.0
3,98,5,112.82672,125.0
3,99,2,113.56987,125.0
3,100,1,115.488785,125.0
3,101,5,111.7185,125.0
3,102,4,108.53835,125.0
3,103,2,94.46404,125.0
3,104,5,100.07421,125.0
3,105,0,103.402145,125.0
3,106,4,103.821075,125.0
3,107,1,83.295845,125.0
3,108,1,90.14994,125.0
3,109,0,95.292885,125.0
3,110,4,88.12029,125.0
3,111,5,103.69854,125.0
3,112,5,118.2053,125.0
3,113,4,114.06287,125.0
3,114,0,106.449646,125.0
3,115,4,109.99287,125.0
3,116,5,112.89709,125.0
3,117,4,107.46246,125.0
3,118,1,103.53124,125.0
3,119,5,111.60183,125.0
3,120,1,110.26478,125.0
3,121,0,113.13039,125.0
3,122,0,114.579765,125.0
3,123,1,109.23942,125.0
3,124,4,101.03852,124.0
3,125,1,113.095406,123.0
3,126,0,115.326836,122.0
3,127,0,122.55193,121.0
3,128,3,121.8785,120.0
3,129,0,117.488716,119.0
3,130,1,109.80103,118.0
3,131,2,121.2546,117.0
3,132,1,103.542625,116.0
3,133,2,109.108025,115.0
3,134,3,110.89978,114.0
3,135,5,121.66315,113.0
3,136,2,124.4064,112.0
3,137,2,111.68074,111.0
3,138,1,118.91352,110.0
3,139,4,110.27877,109.0
3,140,5,116.00178,108.0
3,141,5,110.15774,107.0
4,36,5,125.037224,125.0
4,37,5,122.57485,125.0
4,38,5,128.68341,125.0
4,39,3,126.02541,125.0
4,40,2,129.55743,125.0
4,41,0,118.74722,125.0
4,42,5,113.52929,125.0
4,43,2,124.1839,125.0
4,44,3,122.26513,125.0
4,45,5,115.73562,125.0
4,46,2,103.19596,125.0
4,47,5,112.23174,125.0
4,48,3,115.42947,125.0
4,49,1,119.30809,125.0
4,50,0,110.779655,125.0
4,51,2,106.78135,125.0
4,52,3,101.2316,125.0
4,53,5,102.21134,125.0
4,54,5,104.23557,125.0
4,55,2,104.233505,125.0
4,56,4,117.095436,125.0
4,57,5,123.944145,125.0
4,58,1,117.31504,125.0
4,59,5,121.05719,125.0
4,60,3,124.59036,125.0
4,61,5,114.0517,125.0
4,62,4,125.734184,125.0
4,63,5,123.93554,125.0
4,64,3,124.078865,125.0
4,65,1,132.17784,125.0
4,66,4,122.02946,125.0
4,67,4,125.7938,125.0
4,68,4,122.0416,125.0
4,69,4,112.51873,125.0
4,70,5,118.798294,125.0
4,71,3,107.83228,125.0
4,72,1,121.745995,125.0
4,73,0,124.82113,125.0
4,74,0,115.63401,125.0
4,75,1,115.2668,125.0
4,76,0,120.08947,125.0
4,77,1,97.74477,125.0
4,78,5,108.64428,125.0
4,79,1,92.88629,125.0
4,80,2,102.55103,125.0
4,81,5,110.58834,125.0
4,82,3,115.82721,125.0
4,83,3,122.799065,125.0
4,84,5,114.83642,125.0
4,85,4,108.29014,125.0
4,86,4,107.328224,125.0
4,87,5,104.90677,125.0
4,88,2,124.99859,125.0
4,89,0,121.58405,125.0
4,90,5,122.62329,125.0
4,91,3,130.28836,125.0
4,92,5,126.63378,125.0
4,93,5,115.16834,125.0
4,94,3,111.90311,125.0
4,95,3,100.57012,125.0
4,96,0,101.02799,125.0
4,97,5,67.227135,125.0
4,98,4,107.69445,125.0
4,99,2,77.22291,125.0
4,100,5,84.80616,125.0
4,101,2,89.270485,125.0
4,102,5,87.83027,125.0
4,103,4,73.25948,125.0
4,104,1,63.200657,125.0
4,105,5,59.6859,125.0
4,106,5,76.6608,125.0
4,107,3,84.87653,125.0
4,108,5,107.80317,125.0
4,109,4,112.46827,125.0
4,110,3,107.479355,125.0
4,111,0,119.528984,125.0
4,112,4,113.84394,125.0
4,113,0,116.35999,125.0
4,114,0,123.48078,125.0
4,115,5,127.40708,125.0
4,116,0,120.69176,125.0
4,117,0,123.833534,125.0
4,118,4,127.007195,125.0
4,119,5,126.62316,125.0
4,120,5,123.144,125.0
4,121,1,129.6152,125.0
4,122,5,123.35372,125.0
4,123,2,125.28895,125.0
4,124,3,123.82212,125.0
4,125,4,122.513626,125.0
4,126,1,118.4119,125.0
4,127,0,121.290985,125.0
4,128,0,119.24047,125.0
4,129,3,122.843666,125.0
4,130,5,128.7424,125.0
4,131,5,124.52697,125.0
4,132,0,125.43819,125.0
4,133,1,115.49373,125.0
4,134,2,125.954704,125.0
4,135,3,114.778244,125.0
4,136,4,122.30233,125.0
4,137,1,126.249504,125.0
4,138,2,129.67633,125.0
4,139,3,134.99771,125.0
4,140,3,127.64869,125.0
4,141,3,126.40312,125.0
4,142,3,128.4596,125.0
4,143,4,125.02627,125.0
4,144,4,123.19811,125.0
4,145,5,119.505455,125.0
4,146,1,122.91863,125.0
4,147,0,127.005516,125.0
4,148,5,126.401,125.0
4,149,5,128.16843,125.0
4,150,2,120.96751,125.0
4,151,3,121.35061,125.0
4,152,3,123.99151,125.0
4,153,3,125.95379,125.0
4,154,0,113.6175,125.0
4,155,3,121.25544,125.0
4,156,0,114.03924,125.0
4,157,5,94.47732,125.0
4,158,1,95.05724,125.0
4,159,0,107.822075,124.0
4,160,2,114.962944,123.0
4,161,1,108.707214,122.0
4,162,0,107.804146,121.0
4,163,4,105.68686,120.0
4,164,5,123.201546,119.0
4,165,2,116.116394,118.0
4,166,4,115.32464,117.0
4,167,5,113.81046,116.0
4,168,4,114.69842,115.0
4,169,1,109.07186,114.0
4,170,4,93.007195,113.0
4,171,5,95.3941,112.0
4,172,4,101.921616,111.0
4,173,4,80.77306,110.0
4,174,5,93.397156,109.0
4,175,1,94.75393,108.0
4,176,0,89.296005,107.0
4,177,5,107.98182,106.0
4,178,2,104.08758,105.0
4,179,1,101.40778,104.0
4,180,3,87.54789,103.0
4,181,5,81.299736,102.0
4,182,3,109.66982,101.0
4,183,1,95.35323,100.0
4,184,0,102.62393,99.0
4,185,3,98.822685,98.0
4,186,4,87.633766,97.0
4,187,1,87.75565,96.0
4,188,4,88.77647,95.0
4,189,4,81.830864,94.0
4,190,3,83.60865,93.0
4,191,5,81.10824,92.0
4,192,5,74.09914,91.0
4,193,1,96.618324,90.0
4,194,0,88.52335,89.0
4,195,1,84.32055,88.0
4,196,2,94.46496,87.0
4,197,4,92.13689,86.0
4,198,1,85.93682,85.0
4,199,5,83.91988,84.0
4,200,3,77.08372,83.0
4,201,5,75.33701,82.0
4,202,5,68.65089,81.0
4,203,3,67.93861,80.0
4,204,2,72.69436,79.0
4,205,3,62.085167,78.0
4,206,3,61.044975,77.0
4,207,0,73.78804,76.0
4,208,2,69.40795,75.0
5,36,4,121.06125,125.0
5,37,4,112.38491,125.0
5,38,4,116.779945,125.0
5,39,3,118.39548,125.0
5,40,2,112.416824,125.0
5,41,5,119.94393,125.0
5,42,5,115.31666,125.0
5,43,1,122.53022,125.0
5,44,4,120.79777,125.0
5,45,5,125.151695,125.0
5,46,5,119.15625,125.0
5,47,1,124.22039,125.0
5,48,4,117.559364,125.0
5,49,5,119.50146,125.0
5,50,0,122.56692,125.0
5,51,2,122.93116,125.0
6,36,1,127.79856,125.0
6,37,4,124.42901,125.0
6,38,2,127.181694,125.0
6,39,5,117.00567,125.0
6,40,3,121.8903,125.0
6,41,5,125.438354,125.0
6,42,5,119.027695,125.0
6,43,1,122.25474,125.0
6,44,5,121.339165,125.0
6,45,5,118.590385,125.0
6,46,3,121.898384,125.0
6,47,5,120.99739,125.0
6,48,4,118.569496,125.0
6,49,3,115.9296,125.0
6,50,4,112.89675,125.0
6,51,0,116.58715,125.0
6,52,3,116.97265,125.0
6,53,1,113.749825,125.0
6,54,0,100.90958,125.0
6,55,5,94.20309,125.0
6,56,5,110.85336,125.0
6,57,2,106.071144,125.0
6,58,1,110.29609,125.0
6,59,2,103.00878,125.0
6,60,3,106.99066,125.0
6,61,0,114.13775,125.0
6,62,4,120.74619,125.0
6,63,0,118.54919,125.0
6,64,0,115.07195,125.0
6,65,0,114.857735,125.0
6,66,5,119.512184,125.0
6,67,5,108.010216,125.0
6,68,1,113.72935,125.0
6,69,5,116.74861,125.0
6,70,5,116.62043,125.0
6,71,5,127.31538,125.0
6,72,3,120.18266,125.0
6,73,5,121.75325,125.0
6,74,2,122.44357,125.0
6,75,5,115.055824,125.0
6,76,5,116.16321,125.0
6,77,2,112.897,125.0
6,78,1,103.495674,125.0
6,79,3,117.50617,125.0
6,80,2,110.93039,125.0
6,81,5,94.8023,125.0
6,82,2,99.69868,125.0
6,83,2,104.59386,125.0
6,84,2,86.74619,125.0
6,85,1,94.481705,125.0
6,86,5,105.90685,125.0
6,87,5,85.93985,125.0
6,88,3,105.51983,125.0
6,89,1,101.55986,125.0
6,90,0,100.86137,125.0
6,91,5,121.542,125.0
6,92,1,120.542564,125.0
6,93,4,117.99482,125.0
6,94,5,122.025406,125.0
6,95,0,124.52494,125.0
6,96,3,126.37455,125.0
6,97,5,117.21413,125.0
6,98,5,125.02436,125.0
6,99,4,128.21747,125.0
6,100,5,128.1207,124.0
6,101,2,122.08378,123.0
6,102,4,114.3647,122.0
6,103,4,107.611,121.0
6,104,5,107.81254,120.0
6,105,5,107.57888,119.0
6,106,2,115.55741,118.0
6,107,5,123.87095,117.0
6,108,4,119.91939,116.0
6,109,5,118.78263,115.0
6,110,5,120.250206,114.0
6,111,1,126.60706,113.0
6,112,5,112.4985,112.0
6,113,5,116.96139,111.0
6,114,0,117.07559,110.0
6,115,5,102.757355,109.0
6,116,2,114.29687,108.0
6,117,4,119.89063,107.0
6,118,3,113.721985,106.0
6,119,4,108.583244,105.0
6,120,2,113.091125,104.0
6,121,3,107.94033,103.0
6,122,1,114.79146,102.0
6,123,1,116.345726,101.0
6,124,2,108.12616,100.0
6,125,5,115.60836,99.0
6,126,5,106.940346,98.0
6,127,1,109.137856,97.0
6,128,5,102.55215,96.0
6,129,3,116.58459,95.0
6,130,0,105.03535,94.0
6,131,2,107.74138,93.0
6,132,0,99.54676,92.0
6,133,2,103.48955,91.0
6,134,0,91.40234,90.0
6,135,3,90.92588,89.0
6,136,1,91.66505,88.0
6,137,0,84.89374,87.0
6,138,4,78.56742,86.0
6,139,4,64.69283,85.0
6,140,2,57.867058,84.0
6,141,4,73.22079,83.0
6,142,5,60.687817,82.0
6,143,5,73.304665,81.0
6,144,5,62.88199,80.0
6,145,1,65.40424,79.0
6,146,0,61.87941,78.0
7,36,2,118.048805,112.0
7,37,0,111.46904,111.0
7,38,4,117.71893,110.0
7,39,3,121.6036,109.0
7,40,5,115.60278,108.0
7,41,1,120.56259,107.0
7,42,0,120.08189,106.0
7,43,1,114.10555,105.0
7,44,0,120.62203,104.0
7,45,3,119.58799,103.0
7,46,1,105.637886,102.0
7,47,5,110.63973,101.0
7,48,4,116.04745,100.0
7,49,5,116.14155,99.0
7,50,0,101.6845,98.0
7,51,5,107.61456,97.0
7,52,4,111.032936,96.0
7,53,3,107.063995,95.0
7,54,1,122.6402,94.0
8,36,5,99.7344,125.0
8,37,2,119.945145,125.0
8,38,4,116.0349,125.0
8,39,2,121.284935,125.0
8,40,0,119.60856,125.0
8,41,4,124.50595,125.0
8,42,5,123.69611,125.0
8,43,5,124.85529,125.0
8,44,1,127.24982,125.0
8,45,4,122.650085,125.0
8,46,5,118.99186,125.0
8,47,5,126.18127,125.0
8,48,5,126.33254,125.0
8,49,1,120.14418,125.0
8,50,4,127.69137,125.0
8,51,3,123.14248,125.0
8,52,1,123.87854,125.0
8,53,4,121.794136,125.0
8,54,5,115.030846,125.0
8,55,0,123.20977,125.0
8,56,5,125.87444,125.0
8,57,1,124.76632,125.0
8,58,2,124.47825,125.0
8,59,2,126.62389,125.0
8,60,1,125.22917,125.0
8,61,2,129.44264,125.0
8,62,2,127.413734,125.0
8,63,1,122.67658,125.0
8,64,3,128.44662,125.0
8,65,3,127.061424,125.0
8,66,0,127.35791,125.0
8,67,1,127.890526,125.0
8,68,0,114.96827,125.0
8,69,0,122.85565,125.0
8,70,5,126.94426,125.0
8,71,0,124.78381,125.0
8,72,2,119.899666,125.0
8,73,4,120.0816,125.0
8,74,4,114.15888,125.0
8,75,2,114.9592,125.0
8,76,4,106.83133,125.0
8,77,5,118.05157,125.0
8,78,4,113.93925,125.0
8,79,2,108.95305,125.0
8,80,5,116.374115,125.0
8,81,3,113.501915,125.0
8,82,5,114.19935,125.0
8,83,0,114.53811,125.0
8,84,1,121.012856,125.0
8,85,0,118.35328,125.0
8,86,4,117.461174,125.0
8,87,0,127.00147,125.0
8,88,0,119.35265,125.0
8,89,0,115.73263,125.0
8,90,0,117.91927,125.0
8,91,3,107.10164,125.0
8,92,0,101.174576,125.0
8,93,3,102.647865,125.0
8,94,5,91.46659,125.0
8,95,4,114.96705,125.0
8,96,2,110.82381,125.0
8,97,3,111.465675,125.0
8,98,0,111.73102,125.0
8,99,0,105.57723,125.0
8,100,5,118.949066,125.0
8,101,3,114.814095,125.0
8,102,1,115.841255,125.0
8,103,4,117.98701,125.0
8,104,3,114.02622,125.0
8,105,5,113.3025,125.0
8,106,1,100.044685,125.0
8,107,4,92.309784,125.0
8,108,0,97.38575,125.0
8,109,1,114.57844,125.0
8,110,4,98.68664,125.0
8,111,5,111.19874,125.0
8,112,1,95.07743,125.0
8,113,5,77.170784,125.0
8,114,5,70.791176,125.0
8,115,1,70.001976,125.0
8,116,0,76.311455,125.0
8,117,1,80.479774,125.0
8,118,1,85.190865,125.0
8,119,2,88.26641,125.0
8,120,1,80.90652,125.0
8,121,0,96.484535,125.0
8,122,1,80.46504,125.0
8,123,0,105.93333,125.0
8,124,5,113.21015,125.0
8,125,1,110.12935,125.0
8,126,0,126.70115,125.0
8,127,5,119.96549,125.0
8,128,2,127.24137,125.0
8,129,3,120.452675,125.0
8,130,4,115.465164,125.0
8,131,2,123.90539,125.0
8,132,1,126.619026,125.0
8,133,3,124.98798,125.0
8,134,1,123.125114,125.0
8,135,2,117.24868,125.0
8,136,1,119.75157,125.0
8,137,2,99.6081,125.0
8,138,2,95.792145,124.0
8,139,3,80.69807,123.0
8,140,0,95.058,122.0
8,141,2,108.35285,121.0
8,142,5,100.86829,120.0
8,143,4,111.80725,119.0
8,144,2,98.493065,118.0
8,145,0,95.880356,117.0
8,146,5,94.34893,116.0
8,147,0,99.44514,115.0
8,148,2,100.696785,114.0
8,149,3,96.28382,113.0
8,150,1,89.97794,112.0
8,151,4,92.3467,111.0
8,152,4,97.79194,110.0
8,153,0,90.39922,109.0
8,154,1,85.8462,108.0
8,155,5,72.05152,107.0
8,156,3,78.456795,106.0
8,157,0,87.26484,105.0
8,158,5,79.09098,104.0
8,159,2,79.30215,103.0
8,160,4,76.41273,102.0
8,161,5,61.229813,101.0
8,162,1,44.895485,100.0
8,163,5,37.734962,99.0
8,164,3,45.15306,98.0
8,165,4,50.93483,97.0
8,166,2,40.27829,96.0
8,167,5,38.731354,95.0
8,168,5,41.03938,94.0
8,169,1,50.79663,93.0
8,170,5,50.046616,92.0
8,171,2,42.626083,91.0
8,172,4,35.038754,90.0
8,173,4,51.68726,89.0
8,174,5,56.15052,88.0
8,175,5,65.07508,87.0
8,176,4,71.29218,86.0
8,177,4,66.36884,85.0
8,178,1,66.9713,84.0
8,179,3,46.918365,83.0
8,180,5,67.63681,82.0
8,181,5,64.919624,81.0
8,182,5,68.26847,80.0
8,183,1,69.223434,79.0
8,184,2,58.928207,78.0
8,185,4,75.56972,77.0
8,186,5,65.45179,76.0
8,187,3,58.12738,75.0
8,188,0,61.766964,74.0
8,189,2,53.97139,73.0
8,190,3,42.27366,72.0
8,191,2,42.78712,71.0
8,192,3,52.429443,70.0
8,193,2,42.50451,69.0
8,194,2,47.000107,68.0
8,195,0,37.981102,67.0
8,196,0,43.0764,66.0
8,197,5,45.465668,65.0
8,198,5,34.027977,64.0
8,199,5,33.46922,63.0
8,200,3,39.037506,62.0
8,201,3,35.69303,61.0
8,202,5,29.580967,60.0
8,203,1,49.52211,59.0
8,204,5,51.98461,58.0
8,205,1,37.707245,57.0
8,206,5,41.638367,56.0
8,207,0,30.759283,55.0
8,208,0,31.751677,54.0
8,209,3,30.091524,53.0
8,210,3,14.500419,52.0
8,211,3,24.343397,51.0
8,212,4,27.028305,50.0
8,213,4,17.635942,49.0
8,214,4,20.526686,48.0
8,215,0,12.594405,47.0
8,216,1,20.468122,46.0
8,217,3,26.066328,45.0
8,218,3,26.436243,44.0
8,219,1,29.972063,43.0
8,220,2,29.684286,42.0
8,221,5,25.897593,41.0
8,222,5,30.75191,40.0
8,223,2,24.26153,39.0
8,224,1,28.774267,38.0
8,225,4,22.847706,37.0
8,226,2,22.235704,36.0
8,227,4,22.527914,35.0
8,228,4,20.500835,34.0
8,229,4,11.934774,33.0
8,230,4,6.935721,32.0
8,231,4,8.613279,31.0
8,232,5,13.558664,30.0
8,233,1,15.703859,29.0
8,234,2,24.216805,28.0
8,235,5,22.279928,27.0
8,236,1,32.197243,26.0
8,237,2,28.288467,25.0
8,238,4,25.935137,24.0
8,239,5,24.275568,23.0
8,240,3,28.322607,22.0
8,241,5,29.056437,21.0
8,242,5,34.9592,20.0
8,243,0,30.096777,19.0
8,244,1,28.096775,18.0
8,245,2,26.660894,17.0
8,246,3,21.530632,16.0
8,247,3,20.630562,15.0
8,248,0,24.403744,14.0
9,36,2,121.49886,125.0
9,37,5,129.673,125.0
9,38,3,127.2389,125.0
9,39,1,127.99474,125.0
9,40,5,127.13627,125.0
9,41,0,126.46361,125.0
9,42,3,127.5928,125.0
9,43,1,128.90695,125.0
9,44,1,120.791756,125.0
9,45,3,121.72605,125.0
9,46,3,120.0073,125.0
9,47,1,125.22067,125.0
9,48,3,129.23163,125.0
9,49,3,123.95883,125.0
9,50,5,130.02814,125.0
9,51,2,125.263695,125.0
9,52,5,126.01038,125.0
9,53,5,115.78136,125.0
9,54,0,115.964584,125.0
9,55,0,114.30036,125.0
9,56,2,115.30099,125.0
9,57,2,125.59214,125.0
9,58,1,128.6608,125.0
9,59,1,118.904274,125.0
9,60,4,126.94428,125.0
9,61,0,121.682335,125.0
9,62,0,115.88332,125.0
9,63,5,123.842964,125.0
9,64,5,133.3441,125.0
9,65,3,127.73521,125.0
9,66,1,130.31238,125.0
9,67,5,126.81635,125.0
9,68,5,128.1263,125.0
9,69,0,130.08032,125.0
9,70,4,127.60593,125.0
9,71,3,122.456825,125.0
9,72,0,124.36225,125.0
9,73,3,122.88272,125.0
9,74,5,117.49741,125.0
9,75,3,124.81547,125.0
9,76,5,115.28666,125.0
9,77,1,125.59811,125.0
9,78,0,128.61366,125.0
9,79,5,126.82853,125.0
9,80,5,121.7754,125.0
9,81,4,118.69961,125.0
9,82,4,124.60634,125.0
9,83,0,126.326035,125.0
9,84,0,120.71425,125.0
9,85,1,124.493324,125.0
9,86,2,120.27647,125.0
9,87,5,131.65173,125.0
9,88,0,123.75632,125.0
9,89,4,117.07109,125.0
9,90,1,113.92526,125.0
9,91,3,119.97113,125.0
9,92,3,126.84724,125.0
9,93,1,123.98316,125.0
9,94,5,121.150185,125.0
9,95,2,114.767006,125.0
9,96,0,116.53892,125.0
9,97,0,120.48597,125.0
9,98,4,115.13029,125.0
9,99,3,116.89393,125.0
9,100,5,115.597946,125.0
9,101,5,128.99985,125.0
9,102,4,123.85063,125.0
9,103,4,123.68236,125.0
9,104,0,122.81551,125.0
9,105,1,125.11851,125.0
9,106,4,110.87344,125.0
9,107,4,115.47877,125.0
9,108,1,117.17929,125.0
9,109,0,126.40024,125.0
9,110,3,114.959015,125.0
9,111,0,112.316895,125.0
9,112,5,124.93437,125.0
9,113,1,115.66729,125.0
9,114,3,121.51676,125.0
9,115,1,127.42799,125.0
9,116,3,122.40083,125.0
9,117,4,123.539055,125.0
9,118,5,119.82563,125.0
9,119,5,117.874664,125.0
9,120,5,112.80399,125.0
9,121,2,115.58254,125.0
9,122,2,119.97656,125.0
9,123,4,124.12354,125.0
9,124,5,116.40975,125.0
9,125,0,114.646736,125.0
9,126,2,106.0389,125.0
9,127,3,117.36753,125.0
9,128,2,115.6059,125.0
9,129,0,115.19135,125.0
9,130,2,93.48894,125.0
9,131,1,96.97553,125.0
9,132,4,112.013374,125.0
9,133,3,115.03651,125.0
9,134,4,109.970184,125.0
9,135,2,105.88372,125.0
9,136,2,98.95988,125.0
9,137,2,99.48073,125.0
9,138,0,92.03275,125.0
9,139,0,108.78267,125.0
9,140,4,111.39409,125.0
9,141,5,115.63851,125.0
9,142,1,115.666336,125.0
9,143,2,111.119514,125.0
9,144,5,112.45964,125.0
9,145,5,115.13966,125.0
9,146,3,101.53932,125.0
9,147,2,100.37194,125.0
9,148,4,109.60926,125.0
9,149,3,123.47585,125.0
9,150,5,120.25797,125.0
9,151,0,116.11241,125.0
9,152,2,118.05662,125.0
9,153,5,116.3199,125.0
9,154,3,106.289406,125.0
9,155,2,124.71607,125.0
9,156,5,113.72958,125.0
9,157,5,115.78986,125.0
9,158,5,112.51775,125.0
9,159,4,112.08355,125.0
9,160,4,113.8742,125.0
9,161,5,107.65751,125.0
9,162,5,106.79041,125.0
9,163,4,114.72299,125.0
9,164,0,117.50199,125.0
9,165,1,118.04127,125.0
9,166,5,121.748726,125.0
9,167,2,124.28629,125.0
9,168,1,128.23805,125.0
9,169,3,120.91131,125.0
9,170,1,115.61732,125.0
9,171,2,124.721825,125.0
9,172,3,118.34821,125.0
9,173,5,114.51185,125.0
9,174,2,119.88803,125.0
9,175,0,122.47879,125.0
9,176,5,129.80875,125.0
9,177,4,127.37822,125.0
9,178,0,122.34112,125.0
9,179,2,124.50951,125.0
9,180,4,119.56487,125.0
9,181,5,122.322365,125.0
9,182,2,121.64234,125.0
9,183,4,117.82396,125.0
9,184,3,117.31102,125.0
9,185,1,129.02353,125.0
9,186,4,121.764915,125.0
9,187,0,123.88179,125.0
9,188,4,119.73756,125.0
9,189,0,122.03973,125.0
9,190,5,114.08079,125.0
9,191,2,117.210075,125.0
9,192,0,115.727196,125.0
9,193,5,122.120094,125.0
9,194,5,117.2815,125.0
9,195,5,120.624565,125.0
9,196,3,109.15932,125.0
9,197,3,104.53521,125.0
9,198,2,113.04422,125.0
9,199,1,105.69312,125.0
9,200,3,112.01766,125.0
9,201,4,113.022064,125.0
9,202,5,112.13969,125.0
9,203,1,107.93898,125.0
9,204,3,92.969795,125.0
9,205,2,116.29888,125.0
9,206,5,110.84079,125.0
9,207,0,122.02973,125.0
9,208,1,116.13999,125.0
9,209,1,117.65316,125.0
9,210,3,104.34606,125.0
9,211,0,112.13647,125.0
9,212,1,105.99081,125.0
9,213,1,103.41247,125.0
9,214,2,109.803154,125.0
9,215,3,110.74557,125.0
9,216,2,114.0962,125.0
9,217,5,123.84464,125.0
9,218,4,118.70532,125.0
9,219,4,119.96551,125.0
9,220,5,119.859764,125.0
9,221,0,119.2904,125.0
9,222,0,129.62994,125.0
9,223,3,121.84002,125.0
9,224,3,119.47607,125.0
9,225,5,123.22491,125.0
9,226,5,115.356316,125.0
9,227,4,117.316124,125.0
9,228,2,121.53933,125.0
9,229,5,110.02817,125.0
9,230,1,116.38954,125.0
9,231,5,112.69151,125.0
9,232,4,109.37553,125.0
9,233,4,106.74001,125.0
9,234,3,114.646255,125.0
9,235,2,109.78798,125.0
9,236,1,106.47881,125.0
9,237,2,85.44028,125.0
9,238,0,97.1977,125.0
9,239,4,85.79925,125.0
9,240,1,77.68922,125.0
9,241,4,88.860176,125.0
9,242,0,110.136734,125.0
9,243,1,109.9636,125.0
9,244,0,113.65505,125.0
9,245,4,97.611855,125.0
9,246,3,104.20315,125.0
9,247,5,95.93232,125.0
9,248,1,89.667656,125.0
9,249,1,65.11022,125.0
9,250,3,96.601906,125.0
9,251,4,94.115486,125.0
9,252,0,84.824844,125.0
9,253,4,91.962715,125.0
9,254,5,94.4248,125.0
9,255,2,112.057594,125.0
9,256,0,115.908485,125.0
9,257,3,110.248405,125.0
9,258,0,118.20397,125.0
9,259,5,110.38036,124.0
9,260,0,105.88595,123.0
9,261,2,104.81281,122.0
9,262,5,95.19807,121.0
9,263,5,98.36112,120.0
9,264,3,105.08248,119.0
9,265,4,100.902626,118.0
9,266,0,100.86636,117.0
9,267,0,94.83735,116.0
9,268,5,90.14521,115.0
9,269,3,105.695274,114.0
9,270,0,95.96077,113.0
9,271,2,88.393745,112.0
9,272,4,97.88984,111.0
9,273,1,104.89782,110.0
9,274,0,99.62255,109.0
9,275,0,86.704895,108.0
9,276,4,101.66746,107.0
9,277,2,96.850685,106.0
9,278,5,104.2821,105.0
9,279,3,94.06034,104.0
9,280,3,88.17121,103.0
9,281,0,77.741455,102.0
9,282,5,69.65402,101.0
9,283,0,64.71646,100.0
9,284,3,59.163933,99.0
11,36,1,119.40528,125.0
11,37,3,118.0503,125.0
11,38,5,94.352005,125.0
11,39,0,122.83899,125.0
11,40,0,120.10371,125.0
11,41,5,107.05753,125.0
11,42,0,92.20788,125.0
11,43,1,93.268936,125.0
11,44,5,92.60343,125.0
11,45,0,82.910675,125.0
11,46,4,107.37192,125.0
11,47,2,118.45941,125.0
11,48,1,113.55605,125.0
11,49,0,112.244484,125.0
11,50,5,112.09163,125.0
11,51,1,102.01478,125.0
11,52,2,111.07861,125.0
11,53,3,112.020905,125.0
11,54,5,117.78672,125.0
11,55,3,123.35903,125.0
11,56,0,113.19904,125.0
11,57,5,119.824005,125.0
11,58,2,107.76572,125.0
11,59,3,113.09724,125.0
11,60,1,105.518074,125.0
11,61,4,115.524055,125.0
11,62,5,123.68185,125.0
11,63,2,121.22209,125.0
11,64,1,110.85758,125.0
11,65,2,114.25991,125.0
11,66,0,97.21041,125.0
11,67,1,107.079796,125.0
11,68,3,117.92881,125.0
11,69,5,121.51964,125.0
11,70,2,112.406715,125.0
11,71,3,116.58846,125.0
11,72,5,122.243355,125.0
11,73,4,112.49772,125.0
11,74,0,114.97269,125.0
11,75,0,118.8337,125.0
11,76,1,119.27143,125.0
11,77,2,112.74492,125.0
11,78,5,122.210686,125.0
11,79,4,124.011444,125.0
11,80,1,121.46244,125.0
11,81,4,124.548775,125.0
11,82,5,124.36512,125.0
12,36,3,116.84971,125.0
12,37,5,117.34404,125.0
12,38,5,110.9475,125.0
12,39,5,107.294205,125.0
12,40,3,110.998856,125.0
12,41,5,118.54157,125.0
12,42,4,116.86669,125.0
12,43,1,121.06344,125.0
12,44,5,114.18877,125.0
12,45,5,126.089165,125.0
12,46,3,109.01318,125.0
12,47,5,120.51651,125.0
12,48,1,121.13446,125.0
12,49,0,130.41145,125.0
12,50,3,126.22753,125.0
12,51,4,121.962456,125.0
12,52,5,114.35087,125.0
12,53,0,130.00325,125.0
12,54,4,119.00761,125.0
12,55,0,121.506195,125.0
12,56,3,129.18102,125.0
12,57,3,120.379906,125.0
12,58,0,123.57028,125.0
12,59,4,119.36143,125.0
12,60,5,126.267166,125.0
12,61,1,123.83416,125.0
12,62,1,115.55784,125.0
12,63,2,118.52386,125.0
12,64,4,123.00036,125.0
12,65,3,114.83782,125.0
12,66,1,116.20784,125.0
12,67,2,116.74681,125.0
12,68,3,124.57493,125.0
12,69,4,121.46009,125.0
12,70,5,119.07442,125.0
12,71,3,121.12051,125.0
12,72,0,125.2407,125.0
12,73,0,121.46489,125.0
12,74,5,126.62715,125.0
12,75,5,131.16928,125.0
12,76,0,123.33742,125.0
12,77,1,120.141235,125.0
12,78,3,122.08564,125.0
12,79,5,123.31461,125.0
12,80,3,121.16097,125.0
12,81,4,125.75965,125.0
12,82,3,130.71332,125.0
12,83,2,128.27861,125.0
12,84,5,119.85941,125.0
12,85,0,120.91866,125.0
12,86,5,126.233925,125.0
12,87,2,118.326515,125.0
12,88,0,119.55407,125.0
12,89,3,112.14819,125.0
12,90,0,120.630714,125.0
12,91,1,127.45823,125.0
12,92,0,117.11909,125.0
12,93,5,125.19056,125.0
12,94,4,113.42786,125.0
12,95,1,117.979866,125.0
12,96,5,111.33468,125.0
12,97,2,113.16669,125.0
12,98,0,120.88979,125.0
12,99,3,118.95944,125.0
12,100,1,115.66996,125.0
12,101,0,117.81559,125.0
12,102,0,116.857475,125.0
12,103,0,106.19558,125.0
12,104,2,120.66509,125.0
12,105,0,112.87646,125.0
12,106,3,113.58431,125.0
12,107,3,125.34518,125.0
12,108,0,117.664055,125.0
12,109,2,117.626945,125.0
12,110,4,121.816055,125.0
12,111,4,115.279045,125.0
12,112,4,119.59383,125.0
12,113,5,119.33431,125.0
12,114,2,117.131,125.0
12,115,0,118.069496,125.0
12,116,5,115.323975,125.0
12,117,5,123.765686,125.0
12,118,5,121.95858,125.0
12,119,4,110.48704,125.0
12,120,3,112.57636,125.0
12,121,0,111.21784,125.0
12,122,3,113.77234,125.0
12,123,0,115.468735,125.0
12,124,5,122.87475,125.0
12,125,0,119.40687,125.0
12,126,2,122.17628,125.0
12,127,1,125.67846,125.0
12,128,4,125.10387,125.0
12,129,5,125.5247,125.0
12,130,4,109.413185,125.0
12,131,0,114.85747,125.0
12,132,4,101.805534,125.0
12,133,4,117.779015,125.0
12,134,2,113.51796,125.0
12,135,4,99.12463,125.0
12,136,4,89.16938,125.0
12,137,1,93.43905,125.0
12,138,3,107.29449,125.0
12,139,5,114.24749,125.0
12,140,5,116.888306,125.0
12,141,2,109.61351,125.0
12,142,5,113.099335,125.0
12,143,3,100.71235,125.0
12,144,1,91.19709,125.0
12,145,2,90.18698,125.0
12,146,0,88.88811,125.0
12,147,4,112.42269,125.0
12,148,2,105.42486,125.0
12,149,4,109.71812,125.0
12,150,4,116.97346,125.0
12,151,5,104.67519,125.0
12,152,2,114.02773,125.0
12,153,1,116.30372,124.0
12,154,2,101.61346,123.0
12,155,3,123.95833,122.0
12,156,5,113.936775,121.0
12,157,5,115.83698,120.0
12,158,5,120.7878,119.0
12,159,4,111.78302,118.0
12,160,1,112.3895,117.0
12,161,5,114.68644,116.0
12,162,5,119.03802,115.0
12,163,0,105.773,114.0
12,164,5,117.74093,113.0
12,165,0,109.24604,112.0
12,166,3,116.58163,111.0
12,167,0,117.40023,110.0
12,168,2,122.302025,109.0
12,169,3,124.39835,108.0
12,170,1,120.82534,107.0
12,171,3,118.07998,106.0
12,172,4,111.75271,105.0
12,173,5,114.6029,104.0
12,174,3,111.02243,103.0
12,175,0,125.82169,102.0
12,176,3,112.907845,101.0
12,177,1,117.945564,100.0
12,178,5,111.57513,99.0
12,179,5,115.64242,98.0
12,180,4,115.45079,97.0
12,181,5,111.827675,96.0
12,182,5,107.47135,95.0
12,183,3,110.83869,94.0
12,184,2,113.577286,93.0
12,185,5,119.23429,92.0
12,186,5,118.39985,91.0
12,187,3,119.60177,90.0
12,188,1,120.15519,89.0
12,189,3,93.7602,88.0
12,190,1,95.93521,87.0
12,191,5,88.09263,86.0
12,192,5,86.33832,85.0
12,193,5,84.74092,84.0
12,194,5,80.384796,83.0
12,195,2,81.26887,82.0
12,196,4,80.43273,81.0
12,197,5,63.748642,80.0
12,198,4,62.108665,79.0
12,199,1,67.86819,78.0
12,200,0,66.37217,77.0
12,201,5,64.1883,76.0
12,202,4,62.180588,75.0
12,203,5,71.39373,74.0
12,204,5,69.30431,73.0
12,205,4,72.670265,72.0
12,206,0,64.79543,71.0
12,207,2,65.56485,70.0
12,208,1,66.794754,69.0
12,209,1,65.947,68.0
12,210,1,53.645454,67.0
12,211,3,63.95729,66.0
12,212,5,67.039406,65.0
12,213,0,60.271683,64.0
12,214,3,51.28144,63.0
12,215,5,56.59729,62.0
12,216,3,60.16648,61.0
12,217,0,62.644653,60.0
12,218,1,42.015114,59.0
12,219,5,43.853683,58.0
12,220,4,55.50158,57.0
12,221,2,50.579082,56.0
12,222,5,55.22776,55.0
12,223,2,44.357685,54.0
12,224,1,47.39637,53.0
12,225,1,47.216064,52.0
12,226,1,35.60341,51.0
12,227,5,39.08632,50.0
12,228,0,42.556496,49.0
12,229,1,35.643764,48.0
12,230,4,35.071346,47.0
12,231,0,38.986534,46.0
12,232,5,41.347652,45.0
12,233,2,45.17125,44.0
12,234,3,43.049564,43.0
12,235,5,35.78149,42.0
12,236,4,37.978687,41.0
12,237,0,41.962467,40.0
12,238,2,36.560524,39.0
12,239,0,38.9,38.0
12,240,5,33.531105,37.0
12,241,0,29.697077,36.0
12,242,4,31.656244,35.0
12,243,3,28.434084,34.0
12,244,5,24.758562,33.0
12,245,0,28.806664,32.0
12,246,5,25.10562,31.0
12,247,0,17.52421,30.0
12,248,0,16.267754,29.0
12,249,2,19.248413,28.0
12,250,5,18.734316,27.0
12,251,1,18.06259,26.0
12,252,1,14.880198,25.0
12,253,1,13.459098,24.0
12,254,3,15.555406,23.0
12,255,2,15.148346,22.0
12,256,5,13.583937,21.0
12,257,1,13.507648,20.0
12,258,2,14.642806,19.0
12,259,1,14.467488,18.0
12,260,4,13.545484,17.0
12,261,0,13.1990185,16.0
12,262,4,15.011121,15.0
12,263,1,14.761349,14.0
12,264,3,14.7969265,13.0
12,265,0,14.638272,12.0
12,266,5,14.51276,11.0
12,267,5,14.505543,10.0
12,268,5,12.682847,9.0
12,269,0,12.80434,8.0
12,270,5,13.21442,7.0
13,36,3,120.188484,125.0
13,37,1,118.11128,125.0
13,38,2,129.61633,125.0
13,39,4,126.36699,125.0
13,40,5,123.09429,125.0
13,41,3,120.720215,125.0
13,42,1,116.58138,125.0
13,43,4,125.133125,125.0
13,44,2,115.37411,125.0
13,45,4,114.15662,125.0
13,46,1,122.16804,125.0
13,47,0,121.62084,125.0
13,48,2,120.83599,125.0
13,49,5,112.41546,125.0
13,50,1,106.2347,125.0
13,51,5,117.84742,125.0
13,52,4,112.87036,125.0
13,53,1,114.96593,125.0
13,54,1,114.256836,125.0
13,55,0,116.4278,125.0
13,56,2,122.62676,125.0
13,57,4,125.26564,125.0
13,58,1,124.62876,125.0
13,59,3,120.65339,125.0
13,60,0,123.05592,125.0
13,61,5,107.36823,125.0
13,62,1,111.420876,125.0
13,63,4,105.30957,125.0
13,64,1,105.747955,125.0
13,65,3,120.233406,125.0
13,66,5,126.76539,125.0
13,67,5,121.20687,125.0
13,68,1,121.00997,125.0
13,69,5,121.799,125.0
13,70,5,105.29365,125.0
13,71,3,110.566414,125.0
13,72,5,112.08564,125.0
13,73,3,117.88882,125.0
13,74,3,114.41744,125.0
13,75,0,113.07971,125.0
13,76,0,108.19555,125.0
13,77,3,95.61989,125.0
13,78,0,106.232735,125.0
13,79,4,104.96451,125.0
13,80,5,116.26957,125.0
13,81,3,114.141014,125.0
13,82,5,105.487495,125.0
13,83,2,110.19326,125.0
13,84,4,108.13267,125.0
13,85,3,102.067314,125.0
13,86,0,108.06629,125.0
13,87,4,108.49857,125.0
13,88,0,106.78219,125.0
13,89,5,114.24566,125.0
13,90,2,121.91723,125.0
13,91,4,127.67512,125.0
13,92,3,111.92732,125.0
13,93,2,121.82612,125.0
13,94,3,110.926285,125.0
13,95,0,115.34842,125.0
13,96,1,125.95971,125.0
13,97,3,111.73504,125.0
13,98,4,115.333405,125.0
13,99,0,115.30175,125.0
13,100,1,107.8852,125.0
13,101,1,112.305916,125.0
13,102,2,107.12554,125.0
13,103,1,101.670845,125.0
13,104,5,113.0337,125.0
13,105,5,105.982704,125.0
13,106,2,83.1032,125.0
13,107,5,97.418846,125.0
13,108,0,93.93823,125.0
13,109,5,96.64319,125.0
13,110,1,102.910835,125.0
13,111,5,91.93586,125.0
13,112,3,114.8467,125.0
13,113,4,116.96531,125.0
13,114,2,112.95037,125.0
13,115,2,121.9477,125.0
13,116,5,107.94398,125.0
13,117,5,110.075294,125.0
13,118,3,105.63244,125.0
13,119,4,105.14565,125.0
13,120,3,123.398994,125.0
13,121,1,121.50005,125.0
13,122,2,111.66817,125.0
13,123,4,117.28865,125.0
13,124,0,114.73904,125.0
13,125,2,97.911964,125.0
13,126,0,100.43364,125.0
13,127,4,99.41511,125.0
13,128,5,101.24499,125.0
13,129,0,103.686874,125.0
13,130,2,109.22382,125.0
13,131,5,107.78268,125.0
13,132,2,98.53728,125.0
13,133,3,91.838,125.0
13,134,5,97.149315,125.0
13,135,3,104.23084,125.0
13,136,0,117.98663,125.0
13,137,5,121.06011,125.0
13,138,4,113.183716,125.0
13,139,5,125.25252,125.0
13,140,2,123.53134,125.0
13,141,5,121.56433,125.0
13,142,3,120.66386,125.0
13,143,3,119.912056,125.0
13,144,2,119.77389,125.0
13,145,0,102.30897,125.0
13,146,3,107.91222,125.0
13,147,2,109.80676,125.0
13,148,5,123.411674,125.0
13,149,2,121.65481,125.0
13,150,1,116.03914,125.0
13,151,5,115.52648,125.0
13,152,0,123.516045,125.0
13,153,2,117.32908,125.0
13,154,5,123.91094,125.0
13,155,3,123.945625,125.0
13,156,3,122.8125,125.0
13,157,3,121.08729,125.0
13,158,0,123.31906,125.0
13,159,2,120.82557,125.0
13,160,1,122.83895,125.0
13,161,5,120.64008,125.0
13,162,3,122.625404,125.0
13,163,2,126.090515,125.0
13,164,2,123.77741,125.0
13,165,5,122.06365,125.0
13,166,4,112.3991,125.0
13,167,5,123.97823,125.0
13,168,5,102.59819,125.0
13,169,5,95.78614,125.0
13,170,0,113.55773,125.0
13,171,4,120.80086,125.0
13,172,1,101.520424,125.0
13,173,5,102.55547,125.0
13,174,0,96.97852,124.0
13,175,5,105.766205,123.0
13,176,4,111.24947,122.0
13,177,5,104.930275,121.0
13,178,1,91.04462,120.0
13,179,3,88.909096,119.0
13,180,2,89.34478,118.0
13,181,4,89.68549,117.0
13,182,0,100.77813,116.0
13,183,2,91.641075,115.0
13,184,3,83.90917,114.0
13,185,5,85.900826,113.0
13,186,4,67.07932,112.0
13,187,2,68.97121,111.0
13,188,3,74.6502,110.0
13,189,0,102.789375,109.0
13,190,3,99.6521,108.0
13,191,0,107.05407,107.0
13,192,5,112.26675,106.0
13,193,2,117.49625,105.0
13,194,5,107.39771,104.0
13,195,2,106.64536,103.0
13,196,3,101.67304,102.0
13,197,5,104.78484,101.0
13,198,3,105.94463,100.0
13,199,4,95.199455,99.0
13,200,5,85.1149,98.0
13,201,5,80.513504,97.0
13,202,4,78.21644,96.0
13,203,5,88.080055,95.0
13,204,5,79.435555,94.0
13,205,0,83.17362,93.0
13,206,1,80.61141,92.0
13,207,0,79.80045,91.0
13,208,0,87.3422,90.0
13,209,1,89.28457,89.0
13,210,4,85.403496,88.0
13,211,2,94.741234,87.0
13,212,3,98.787346,86.0
13,213,5,102.190544,85.0
13,214,4,92.25095,84.0
13,215,5,86.53573,83.0
13,216,3,66.901886,82.0
13,217,2,69.55016,81.0
13,218,5,63.12108,80.0
13,219,3,72.39104,79.0
13,220,3,72.05938,78.0
13,221,5,70.66538,77.0
13,222,2,68.3755,76.0
13,223,5,63.69492,75.0
13,224,2,64.589134,74.0
13,225,2,65.64945,73.0
13,226,0,71.63364,72.0
13,227,3,66.11623,71.0
14,36,4,119.841194,125.0
14,37,1,125.02662,125.0
14,38,5,122.53828,125.0
14,39,5,121.135994,125.0
14,40,5,119.62865,125.0
14,41,4,114.289345,125.0
14,42,1,121.61296,125.0
14,43,2,112.060936,125.0
14,44,1,116.03587,125.0
14,45,1,117.08475,125.0
14,46,5,124.338715,125.0
14,47,3,121.46078,125.0
14,48,4,125.937645,125.0
14,49,5,128.07866,125.0
14,50,5,118.515976,125.0
14,51,3,119.922615,125.0
14,52,5,120.96086,125.0
14,53,0,121.69927,125.0
14,54,3,119.6654,125.0
14,55,3,120.52041,125.0
14,56,2,123.190704,125.0
14,57,3,124.24824,125.0
14,58,0,117.579636,125.0
14,59,1,114.31475,125.0
14,60,3,112.05472,125.0
14,61,2,117.153564,125.0
14,62,2,115.99171,125.0
14,63,3,106.9132,125.0
14,64,5,114.10511,125.0
14,65,0,121.56155,125.0
14,66,1,122.993614,125.0
14,67,0,125.763466,125.0
14,68,5,117.96964,125.0
14,69,2,119.817726,125.0
14,70,1,122.95594,125.0
14,71,4,110.50365,125.0
14,72,0,104.080666,125.0
14,73,5,112.70136,125.0
14,74,3,116.76188,125.0
14,75,5,123.43274,125.0
14,76,4,121.33994,125.0
14,77,3,130.51376,125.0
14,78,0,128.89844,125.0
14,79,5,125.62681,125.0
14,80,4,126.899,125.0
14,81,3,126.182884,125.0
14,82,5,130.55942,125.0
14,83,5,120.25888,124.0
14,84,5,128.05673,123.0
14,85,0,120.31905,122.0
14,86,4,102.67395,121.0
14,87,2,123.398476,120.0
14,88,5,121.36999,119.0
14,89,4,117.31104,118.0
14,90,4,103.61144,117.0
14,91,5,103.91368,116.0
14,92,3,103.829475,115.0
14,93,2,114.49956,114.0
14,94,0,110.774574,113.0
14,95,4,118.78698,112.0
14,96,2,114.49694,111.0
14,97,4,119.14849,110.0
14,98,0,113.857254,109.0
14,99,5,109.87342,108.0
14,100,3,109.25599,107.0
14,101,4,115.801796,106.0
14,102,5,117.15818,105.0
15,36,1,121.36689,125.0
15,37,5,124.44813,125.0
15,38,4,128.9917,125.0
15,39,5,126.38,125.0
15,40,2,127.26076,125.0
15,41,0,124.02332,125.0
15,42,5,126.536064,125.0
15,43,3,127.90239,125.0
15,44,2,128.93863,125.0
15,45,5,117.16142,125.0
15,46,4,120.134285,125.0
15,47,2,117.248924,125.0
15,48,1,108.25082,125.0
15,49,2,112.91485,125.0
15,50,0,114.54891,125.0
15,51,4,120.36452,125.0
15,52,3,115.43658,125.0
15,53,3,114.76992,125.0
15,54,3,117.855156,125.0
15,55,2,118.70001,125.0
15,56,5,97.65864,124.0
15,57,5,106.303024,123.0
15,58,4,119.24863,122.0
15,59,3,109.33772,121.0
15,60,5,110.43448,120.0
15,61,5,123.78167,119.0
15,62,4,119.70471,118.0
15,63,5,119.27976,117.0
15,64,0,118.688835,116.0
15,65,3,122.493126,115.0
15,66,2,115.73157,114.0
15,67,2,115.84289,113.0
15,68,1,122.945885,112.0
15,69,1,124.45541,111.0
15,70,4,121.623695,110.0
15,71,0,121.11727,109.0
15,72,1,121.39852,108.0
15,73,3,126.03663,107.0
15,74,4,121.7489,106.0
15,75,5,120.811226,105.0
15,76,0,119.44289,104.0
15,77,0,120.42251,103.0
15,78,4,123.33939,102.0
15,79,5,111.18612,101.0
15,80,1,123.179474,100.0
15,81,4,120.68008,99.0
15,82,3,118.30527,98.0
15,83,3,123.96124,97.0
15,84,4,122.064865,96.0
15,85,0,115.43572,95.0
15,86,2,113.037025,94.0
15,87,3,119.38601,93.0
15,88,2,108.68304,92.0
15,89,1,114.76721,91.0
15,90,3,124.26294,90.0
15,91,2,113.167786,89.0
15,92,3,116.64408,88.0
15,93,1,104.29847,87.0
15,94,5,96.89372,86.0
15,95,4,89.17126,85.0
15,96,0,96.558464,84.0
15,97,5,98.93812,83.0
15,98,2,98.23209,82.0
15,99,5,94.460144,81.0
15,100,5,94.3494,80.0
15,101,2,97.200066,79.0
15,102,5,84.076096,78.0
15,103,3,82.21852,77.0
15,104,1,90.66979,76.0
15,105,3,77.68829,75.0
15,106,5,76.23678,74.0
15,107,3,91.07223,73.0
15,108,3,65.34833,72.0
15,109,5,71.797966,71.0
15,110,3,89.61477,70.0
15,111,0,85.025475,69.0
15,112,5,70.00996,68.0
15,113,5,78.388145,67.0
15,114,2,77.95048,66.0
15,115,3,72.629654,65.0
15,116,2,70.805954,64.0
15,117,2,76.62701,63.0
15,118,3,66.41447,62.0
15,119,3,62.675533,61.0
15,120,3,52.574398,60.0
15,121,5,73.40088,59.0
15,122,2,59.002182,58.0
15,123,5,62.436157,57.0
15,124,1,50.721535,56.0
15,125,5,48.64255,55.0
15,126,5,49.857964,54.0
15,127,2,41.317772,53.0
15,128,4,30.917044,52.0
15,129,5,39.579247,51.0
15,130,2,31.557312,50.0
15,131,3,29.99,49.0
15,132,4,35.588367,48.0
15,133,3,33.073593,47.0
15,134,5,31.15946,46.0
15,135,0,38.931194,45.0
15,136,4,34.008785,44.0
15,137,0,45.750793,43.0
15,138,5,37.983837,42.0
15,139,2,46.314835,41.0
15,140,2,49.93525,40.0
15,141,0,46.273315,39.0
15,142,3,50.011414,38.0
15,143,5,47.399246,37.0
15,144,2,53.972115,36.0
15,145,0,47.390244,35.0
15,146,1,44.435677,34.0
15,147,2,43.171432,33.0
15,148,4,38.356693,32.0
15,149,3,38.13498,31.0
15,150,1,32.85889,30.0
15,151,0,42.73887,29.0
15,152,5,38.75916,28.0
15,153,5,44.59503,27.0
15,154,5,37.368095,26.0
15,155,5,43.180794,25.0
15,156,1,39.44438,24.0
15,157,3,40.09282,23.0
15,158,5,42.582542,22.0
15,159,0,44.87539,21.0
15,160,3,39.03395,20.0
15,161,2,37.696793,19.0
15,162,2,28.534533,18.0
15,163,1,16.669699,17.0
15,164,5,20.477108,16.0
15,165,5,30.621588,15.0
15,166,0,25.173964,14.0
15,167,4,16.864706,13.0
15,168,1,19.900723,12.0
16,36,1,127.19746,125.0
16,37,1,117.49324,125.0
16,38,3,123.42883,125.0
16,39,5,131.65868,125.0
16,40,0,129.8016,125.0
16,41,5,132.74051,125.0
16,42,2,117.30915,125.0
16,43,4,113.300934,125.0
16,44,3,126.68903,125.0
16,45,2,120.95923,125.0
16,46,4,122.67803,125.0
16,47,4,126.97623,125.0
16,48,1,124.33587,125.0
16,49,3,124.79908,125.0
16,50,1,122.98685,125.0
16,51,5,122.632545,125.0
16,52,5,120.77842,125.0
16,53,0,122.128654,125.0
16,54,2,119.78907,125.0
16,55,4,123.778206,125.0
16,56,0,127.56069,125.0
16,57,3,119.51884,125.0
16,58,5,117.692894,125.0
16,59,4,122.575554,125.0
16,60,2,126.15424,125.0
16,61,3,124.81339,125.0
16,62,2,120.97501,125.0
16,63,4,120.57917,125.0
16,64,5,123.16888,125.0
16,65,2,121.391884,125.0
16,66,5,119.10854,125.0
16,67,3,114.15323,125.0
16,68,5,108.4477,125.0
16,69,2,113.94399,125.0
16,70,1,121.03425,125.0
16,71,0,123.233345,125.0
16,72,1,129.3359,125.0
16,73,2,126.847626,125.0
16,74,5,127.84734,125.0
16,75,4,131.70175,125.0
16,76,1,124.0649,125.0
16,77,0,120.28348,125.0
16,78,2,117.27435,125.0
16,79,2,121.06462,125.0
16,80,3,125.20021,125.0
16,81,0,113.90926,125.0
16,82,0,122.4333,125.0
16,83,1,124.44482,125.0
16,84,1,115.996605,125.0
16,85,2,106.37397,125.0
16,86,5,101.012764,125.0
16,87,2,101.90282,125.0
16,88,4,98.21943,125.0
16,89,5,104.364265,125.0
16,90,3,112.499756,125.0
16,91,5,112.33528,125.0
16,92,2,115.355095,125.0
16,93,4,114.02461,125.0
16,94,3,118.49743,125.0
16,95,3,122.182945,125.0
16,96,3,130.20184,125.0
16,97,4,124.61073,125.0
16,98,3,119.95173,125.0
16,99,3,107.10313,125.0
16,100,5,104.44877,125.0
16,101,4,112.79423,125.0
16,102,0,91.86397,125.0
16,103,3,72.74638,125.0
16,104,0,74.116875,125.0
16,105,1,94.835396,125.0
16,106,5,99.35853,125.0
16,107,4,102.762825,125.0
16,108,4,107.97785,125.0
16,109,0,108.63075,125.0
16,110,5,114.76708,125.0
16,111,2,113.62929,125.0
16,112,5,115.709595,125.0
16,113,1,110.218605,125.0
16,114,3,112.72067,125.0
16,115,2,116.49607,125.0
16,116,5,121.032394,125.0
16,117,4,116.43831,125.0
16,118,0,123.80284,125.0
16,119,3,123.74096,125.0
16,120,5,117.33682,125.0
16,121,1,124.32263,125.0
16,122,4,121.39551,125.0
16,123,4,121.78312,125.0
16,124,2,121.34493,125.0
16,125,5,113.61422,125.0
16,126,0,121.199265,125.0
16,127,3,120.38206,125.0
16,128,4,106.78796,125.0
16,129,5,115.03695,125.0
16,130,0,125.14587,125.0
16,131,3,126.8328,125.0
16,132,1,132.56833,125.0
16,133,5,125.45025,125.0
16,134,0,130.27963,125.0
16,135,4,127.34234,125.0
16,136,2,121.59804,125.0
16,137,5,124.55126,125.0
16,138,0,125.51127,125.0
16,139,2,127.62115,125.0
16,140,0,127.64824,125.0
16,141,4,117.40952,125.0
16,142,2,121.94067,125.0
16,143,0,110.17459,125.0
16,144,0,121.77216,125.0
16,145,1,122.31548,125.0
16,146,1,120.00031,125.0
16,147,2,107.50396,125.0
16,148,5,120.171196,125.0
16,149,5,116.17512,125.0
16,150,3,124.74766,125.0
16,151,4,122.24902,125.0
16,152,5,122.68844,125.0
16,153,0,121.631645,125.0
16,154,1,119.33877,125.0
16,155,5,126.82319,125.0
16,156,1,122.86509,125.0
16,157,5,106.355934,125.0
16,158,0,125.64888,125.0
16,159,5,120.43991,125.0
16,160,4,125.1828,125.0
16,161,5,118.02949,125.0
16,162,5,109.284996,125.0
16,163,2,123.63327,125.0
16,164,1,124.06942,125.0
16,165,2,119.047554,125.0
16,166,3,117.57276,125.0
16,167,2,124.89073,125.0
16,168,1,117.187996,125.0
16,169,2,114.00334,125.0
16,170,5,113.87119,125.0
16,171,5,128.9885,125.0
16,172,4,127.583244,125.0
16,173,5,121.98869,125.0
16,174,1,116.52169,125.0
16,175,5,125.004005,125.0
16,176,0,127.85284,125.0
16,177,0,120.5908,125.0
16,178,2,115.26242,125.0
16,179,2,92.8469,125.0
16,180,4,110.647484,125.0
16,181,0,94.10832,125.0
16,182,5,101.367226,125.0
16,183,5,106.9116,125.0
16,184,0,121.10441,125.0
16,185,3,107.16926,125.0
16,186,1,119.78249,125.0
16,187,0,120.16528,125.0
16,188,3,121.37205,125.0
16,189,5,113.25656,125.0
16,190,4,124.50439,125.0
16,191,5,120.58653,125.0
16,192,0,119.28394,125.0
16,193,4,115.09489,125.0
16,194,3,110.32805,125.0
16,195,2,119.24059,125.0
16,196,5,118.191986,125.0
16,197,2,113.32035,125.0
16,198,3,114.04597,125.0
16,199,0,109.5828,125.0
16,200,3,107.77743,125.0
16,201,1,117.159065,125.0
16,202,2,125.9947,125.0
16,203,5,121.51461,125.0
16,204,2,120.83071,125.0
16,205,1,108.97596,125.0
16,206,2,119.55312,125.0
16,207,3,121.71877,125.0
16,208,3,115.51654,125.0
16,209,2,120.43859,125.0
16,210,5,128.70251,125.0
16,211,4,125.6821,125.0
16,212,0,125.57104,125.0
16,213,1,125.29867,125.0
16,214,1,126.96128,125.0
16,215,2,123.72901,125.0
16,216,2,117.335175,125.0
16,217,2,110.62044,125.0
16,218,4,102.54971,125.0
16,219,0,104.120346,125.0
16,220,4,112.260765,125.0
16,221,3,124.12184,125.0
16,222,3,102.48999,125.0
16,223,1,112.2913,125.0
16,224,5,110.0089,125.0
16,225,0,118.933914,125.0
16,226,0,117.25052,125.0
16,227,0,119.4228,125.0
16,228,1,120.76766,125.0
16,229,3,122.0129,125.0
16,230,1,104.82227,125.0
16,231,0,117.69361,125.0
16,232,3,114.23111,125.0
16,233,3,127.91093,125.0
16,234,1,118.25885,125.0
16,235,2,115.008644,125.0
16,236,3,119.49044,125.0
16,237,5,118.52477,125.0
16,238,2,120.39421,125.0
16,239,2,116.13357,125.0
16,240,2,113.51948,125.0
17,36,1,128.95184,125.0
17,37,3,125.73868,125.0
17,38,2,122.166756,125.0
17,39,5,128.0154,125.0
17,40,1,125.93167,125.0
17,41,5,125.18282,125.0
17,42,3,124.64806,125.0
17,43,3,130.50876,125.0
17,44,4,129.2039,125.0
17,45,5,125.41522,125.0
17,46,3,125.16082,125.0
17,47,1,128.72333,125.0
17,48,5,119.79,125.0
17,49,4,124.09175,125.0
17,50,5,119.558426,125.0
17,51,1,124.82134,125.0
17,52,0,130.53711,125.0
17,53,0,126.61596,125.0
17,54,3,125.51263,125.0
17,55,1,120.20495,125.0
17,56,2,117.721855,125.0
17,57,4,125.54304,125.0
17,58,2,120.741875,125.0
17,59,0,121.875305,125.0
17,60,2,128.9094,125.0
17,61,0,128.19836,125.0
17,62,5,126.20252,125.0
17,63,1,125.54167,125.0
17,64,1,118.32986,125.0
17,65,5,119.93702,125.0
17,66,5,123.23221,125.0
17,67,5,128.19472,125.0
17,68,5,125.43334,125.0
17,69,2,123.30398,125.0
17,70,0,124.92698,125.0
17,71,1,116.97941,125.0
17,72,5,121.924194,125.0
17,73,5,125.167786,125.0
17,74,0,121.33596,125.0
17,75,2,114.40185,125.0
17,76,4,119.98521,125.0
17,77,3,120.84132,125.0
17,78,0,122.71409,125.0
17,79,1,118.20845,125.0
17,80,4,129.4563,125.0
17,81,5,126.91436,125.0
17,82,5,120.45748,125.0
17,83,4,127.096085,125.0
17,84,0,124.01492,125.0
17,85,0,120.88375,125.0
17,86,5,122.34849,125.0
17,87,5,120.06623,125.0
17,88,0,109.24851,125.0
17,89,5,108.16521,125.0
17,90,1,118.25129,125.0
17,91,5,124.18685,125.0
17,92,1,126.1872,125.0
17,93,2,121.75504,125.0
17,94,2,127.28188,125.0
17,95,3,128.60492,125.0
17,96,2,123.56504,125.0
17,97,3,117.11317,125.0
17,98,2,117.53628,125.0
17,99,0,125.45612,125.0
17,100,0,123.11115,125.0
17,101,2,117.88941,125.0
17,102,3,121.77204,125.0
17,103,5,112.32243,125.0
17,104,5,110.911476,125.0
17,105,4,114.07052,125.0
17,106,5,112.31652,125.0
17,107,2,122.26711,125.0
17,108,5,122.88404,125.0
17,109,2,108.015816,125.0
17,110,2,122.23266,125.0
17,111,2,119.466194,125.0
17,112,2,106.26238,125.0
17,113,3,99.75585,125.0
17,114,4,109.30171,125.0
17,115,3,107.99395,125.0
17,116,5,104.28742,125.0
17,117,2,110.513824,125.0
17,118,2,108.65162,125.0
17,119,3,101.33857,125.0
17,120,2,108.18746,125.0
17,121,2,119.82392,125.0
17,122,5,117.480446,125.0
17,123,4,122.50318,125.0
17,124,0,112.20743,125.0
17,125,5,115.159935,125.0
17,126,1,104.73676,125.0
17,127,1,109.27308,125.0
17,128,1,100.49723,125.0
17,129,5,119.300705,125.0
17,130,0,114.87842,125.0
17,131,2,121.83459,125.0
17,132,1,104.628525,125.0
17,133,3,107.893074,125.0
17,134,0,109.52502,125.0
17,135,0,104.89727,125.0
17,136,2,108.24301,125.0
17,137,1,93.99105,125.0
17,138,1,83.61739,125.0
17,139,2,99.5714,125.0
17,140,1,87.0687,125.0
17,141,2,113.163795,125.0
17,142,3,108.68673,125.0
17,143,1,106.573044,125.0
17,144,4,115.2723,125.0
17,145,5,108.67514,125.0
17,146,1,112.56973,125.0
17,147,0,122.994255,125.0
17,148,3,122.69682,125.0
17,149,0,124.74723,125.0
17,150,4,127.06223,125.0
17,151,0,123.96418,125.0
17,152,3,120.56335,125.0
17,153,4,119.18988,125.0
17,154,0,123.46476,125.0
17,155,1,122.43624,125.0
17,156,5,124.748695,125.0
17,157,5,130.13239,125.0
17,158,5,127.83772,125.0
17,159,5,116.50266,125.0
17,160,5,116.08721,125.0
17,161,3,102.98242,125.0
17,162,5,107.11226,125.0
17,163,5,104.52506,125.0
17,164,1,121.94723,125.0
17,165,4,107.16097,125.0
17,166,3,108.88691,125.0
17,167,1,109.75602,125.0
17,168,0,110.530495,125.0
17,169,5,94.090935,125.0
17,170,4,102.39061,125.0
17,171,4,104.10048,125.0
17,172,3,117.065186,125.0
17,173,0,115.74269,125.0
17,174,5,116.14507,125.0
17,175,3,123.8144,125.0
17,176,4,108.82476,125.0
17,177,4,117.88828,125.0
17,178,5,107.96692,125.0
17,179,4,108.14399,125.0
17,180,5,117.00913,125.0
17,181,3,117.07195,125.0
17,182,0,121.44366,125.0
17,183,1,122.15752,125.0
17,184,5,117.92275,125.0
17,185,4,117.69703,125.0
17,186,0,114.47765,125.0
17,187,2,106.895836,125.0
17,188,5,105.269844,125.0
17,189,1,105.69428,125.0
17,190,1,105.11295,125.0
17,191,5,104.37104,125.0
17,192,3,115.711136,125.0
17,193,0,114.643715,125.0
17,194,4,114.691376,125.0
17,195,3,123.5644,125.0
17,196,0,117.07357,125.0
17,197,5,110.86532,125.0
17,198,4,122.05808,125.0
17,199,4,125.415565,125.0
17,200,4,118.72434,125.0
17,201,5,118.25569,125.0
17,202,3,121.361404,125.0
17,203,5,127.85675,125.0
17,204,5,128.7018,125.0
17,205,4,123.20694,125.0
17,206,3,122.71276,125.0
17,207,3,124.21482,125.0
17,208,3,123.703995,125.0
17,209,1,112.67071,125.0
17,210,0,117.929504,125.0
17,211,2,122.06836,125.0
17,212,5,122.09882,125.0
17,213,4,123.55047,125.0
17,214,0,123.41544,125.0
17,215,3,122.3592,125.0
17,216,0,125.366104,125.0
17,217,4,121.772514,125.0
17,218,4,115.46763,125.0
17,219,0,121.09359,125.0
17,220,3,118.11048,125.0
17,221,1,114.0256,125.0
17,222,4,118.07768,125.0
17,223,4,121.85757,125.0
17,224,3,118.96822,125.0
17,225,2,129.94556,125.0
17,226,4,124.43829,125.0
17,227,2,115.073395,125.0
17,228,1,115.259865,125.0
17,229,3,110.15291,125.0
17,230,4,115.2736,125.0
17,231,0,110.73195,125.0
17,232,0,107.968544,125.0
17,233,3,123.62653,125.0
17,234,2,121.64982,125.0
17,235,4,116.73176,125.0
17,236,0,118.29305,125.0
17,237,3,122.875244,125.0
17,238,5,119.41094,125.0
17,239,5,120.139595,125.0
17,240,3,123.03448,125.0
17,241,3,123.04542,125.0
17,242,1,125.1854,125.0
17,243,3,109.58283,125.0
17,244,3,105.50762,125.0
17,245,3,98.71224,125.0
17,246,2,100.78567,125.0
17,247,1,101.87882,125.0
17,248,0,93.81515,125.0
17,249,0,102.73229,125.0
17,250,0,87.01454,125.0
17,251,3,83.12264,125.0
17,252,0,85.67759,125.0
17,253,5,98.29957,125.0
17,254,5,84.33102,125.0
17,255,0,92.835045,125.0
17,256,5,77.6418,125.0
17,257,2,88.0303,125.0
17,258,4,112.47204,125.0
17,259,5,114.08228,125.0
17,260,2,117.24579,125.0
17,261,4,118.772865,125.0
17,262,3,122.68575,125.0
17,263,2,124.26301,125.0
17,264,5,113.02981,125.0
17,265,5,119.038445,125.0
17,266,0,114.8624,125.0
17,267,3,116.824745,125.0
17,268,0,115.202995,125.0
17,269,1,121.18802,125.0
17,270,0,117.65873,125.0
17,271,3,110.46189,125.0
17,272,3,108.72416,125.0
17,273,4,105.50742,125.0
17,274,5,114.608864,125.0
17,275,0,112.220795,125.0
17,276,1,112.216354,125.0
17,277,1,100.737236,125.0
17,278,5,103.625404,125.0
17,279,4,104.1375,125.0
17,280,0,90.95861,125.0
17,281,0,112.850975,125.0
17,282,5,121.11387,125.0
17,283,0,115.782455,125.0
17,284,5,130.21606,125.0
17,285,5,130.9869,125.0
17,286,4,126.81214,125.0
17,287,5,124.71388,125.0
17,288,3,124.89997,125.0
17,289,1,126.304924,125.0
17,290,5,118.82032,125.0
17,291,0,119.571945,125.0
17,292,1,120.58727,125.0
17,293,3,124.00793,125.0
17,294,4,115.96855,125.0
17,295,0,117.87596,125.0
17,296,5,116.07393,125.0
17,297,5,97.84911,125.0
17,298,3,115.44711,125.0
17,299,2,103.04067,125.0
17,300,5,116.00997,125.0
17,301,5,97.58515,125.0
17,302,2,82.63976,125.0
17,303,4,77.631454,125.0
17,304,5,79.68557,125.0
17,305,2,90.01687,125.0
17,306,1,108.7327,125.0
17,307,1,109.06716,125.0
17,308,4,106.73588,125.0
17,309,4,111.829666,125.0
17,310,5,117.02859,125.0
17,311,1,115.65661,125.0
17,312,1,118.45626,125.0
17,313,5,104.54444,125.0
17,314,2,103.03515,125.0
17,315,5,100.275566,125.0
17,316,1,92.329,125.0
17,317,0,100.88001,125.0
17,318,3,100.98751,125.0
17,319,1,83.06437,125.0
17,320,1,91.38605,125.0
17,321,0,107.23455,125.0
17,322,5,95.308876,125.0
17,323,2,102.57174,125.0
17,324,0,108.171875,125.0
17,325,2,91.31277,125.0
17,326,3,108.65628,125.0
17,327,3,101.967,125.0
17,328,1,88.65945,125.0
17,329,1,100.89214,125.0
17,330,4,103.697495,125.0
17,331,5,102.8951,125.0
17,332,0,112.04983,125.0
17,333,3,118.843285,125.0
17,334,0,116.55228,125.0
18,36,0,101.76765,125.0
18,37,5,109.90546,125.0
18,38,4,114.47407,125.0
18,39,0,123.85031,125.0
18,40,0,122.23848,125.0
18,41,2,119.04971,125.0
18,42,5,118.4875,125.0
18,43,5,118.7681,125.0
18,44,1,124.083855,125.0
18,45,1,122.8996,125.0
18,46,4,124.41831,125.0
18,47,5,127.702095,125.0
18,48,1,126.79664,125.0
18,49,4,117.3892,125.0
18,50,3,111.26052,125.0
18,51,2,114.47877,125.0
18,52,1,96.6527,125.0
18,53,5,97.80323,125.0
18,54,4,100.45525,125.0
18,55,4,101.52171,125.0
18,56,0,111.31139,125.0
18,57,2,110.825264,125.0
18,58,3,113.64104,125.0
18,59,0,111.054184,125.0
18,60,4,105.34621,125.0
18,61,4,107.41593,125.0
18,62,5,111.4115,125.0
18,63,3,108.20255,125.0
18,64,5,111.392204,125.0
18,65,0,112.11042,125.0
18,66,5,114.01403,125.0
18,67,4,120.714424,125.0
18,68,3,123.598854,125.0
18,69,0,127.04278,125.0
18,70,0,129.972,125.0
18,71,0,110.19587,125.0
18,72,3,102.84751,125.0
18,73,0,113.660034,125.0
18,74,4,115.5496,125.0
18,75,5,114.12428,125.0
18,76,5,109.67278,125.0
18,77,5,107.062645,125.0
18,78,2,96.6115,125.0
18,79,1,109.35468,125.0
18,80,5,108.66335,125.0
18,81,4,115.66889,125.0
18,82,0,108.52831,125.0
18,83,4,119.72513,125.0
18,84,4,125.2846,125.0
18,85,5,121.921684,125.0
18,86,5,121.449905,125.0
18,87,0,125.49282,125.0
18,88,2,114.66405,125.0
18,89,5,126.29847,125.0
18,90,5,122.28106,125.0
18,91,4,128.2326,125.0
18,92,3,125.85101,125.0
18,93,5,124.974236,125.0
18,94,5,126.25172,125.0
18,95,4,125.69224,125.0
18,96,1,124.327675,125.0
18,97,5,120.49041,125.0
18,98,5,116.38242,125.0
18,99,0,120.82816,125.0
18,100,3,110.28242,125.0
18,101,1,123.44474,125.0
18,102,5,123.375946,125.0
18,103,1,119.63154,125.0
18,104,4,116.61237,125.0
18,105,0,118.92035,125.0
18,106,5,124.5062,125.0
18,107,5,125.48344,125.0
18,108,4,120.53974,125.0
18,109,5,129.61945,125.0
18,110,0,123.98661,125.0
18,111,3,118.37614,125.0
18,112,1,118.5567,125.0
18,113,5,112.08314,125.0
18,114,0,117.178116,125.0
18,115,5,122.43473,125.0
18,116,5,116.5254,125.0
18,117,4,126.27438,125.0
18,118,1,120.9575,125.0
18,119,5,122.62614,125.0
18,120,4,116.335396,125.0
18,121,1,121.26627,125.0
18,122,2,121.49009,125.0
18,123,0,119.81222,125.0
18,124,4,128.08005,125.0
18,125,5,127.87326,125.0
18,126,5,123.09457,125.0
18,127,5,117.772545,125.0
18,128,5,119.565575,125.0
18,129,1,119.78335,125.0
18,130,1,116.8375,125.0
18,131,3,117.0749,125.0
18,132,4,116.89478,125.0
18,133,2,118.7107,125.0
18,134,0,121.44592,125.0
18,135,4,121.94055,125.0
18,136,2,130.21707,125.0
18,137,2,127.37841,125.0
18,138,1,128.30118,125.0
18,139,5,120.237,125.0
18,140,4,125.66034,125.0
18,141,0,118.05629,125.0
18,142,2,117.16177,125.0
18,143,5,111.28605,125.0
18,144,4,108.43604,125.0
18,145,0,115.62503,125.0
18,146,1,112.58509,125.0
18,147,0,102.389305,125.0
18,148,2,104.34614,125.0
18,149,2,100.26572,125.0
18,150,4,116.383995,125.0
18,151,5,120.07546,125.0
18,152,3,112.48929,125.0
18,153,3,115.10476,125.0
18,154,1,109.3399,125.0
18,155,3,104.27737,125.0
18,156,5,119.5114,125.0
18,157,5,108.28642,125.0
18,158,0,115.429924,125.0
18,159,4,115.17286,125.0
18,160,4,121.38224,125.0
18,161,5,121.86529,125.0
18,162,3,124.57404,125.0
18,163,4,115.51442,125.0
18,164,2,111.754265,125.0
18,165,2,108.004684,125.0
18,166,4,108.243126,125.0
18,167,5,101.30187,125.0
18,168,4,101.52947,125.0
18,169,1,99.18853,125.0
18,170,3,96.31532,125.0
18,171,1,90.67063,125.0
18,172,2,92.16132,125.0
18,173,2,91.27607,125.0
18,174,5,96.16763,125.0
18,175,5,100.32602,125.0
18,176,3,103.76284,125.0
18,177,3,109.380104,125.0
18,178,5,100.38679,125.0
18,179,5,116.916794,125.0
18,180,2,117.86263,125.0
18,181,0,115.98576,125.0
18,182,3,121.12322,125.0
18,183,2,117.92072,125.0
18,184,2,114.96176,125.0
18,185,0,109.20613,125.0
18,186,0,117.4848,125.0
18,187,5,98.69175,125.0
18,188,0,107.27386,125.0
18,189,0,107.36887,125.0
18,190,4,117.33783,125.0
18,191,5,105.55801,125.0
18,192,0,98.738686,125.0
18,193,0,99.33874,125.0
18,194,2,93.213875,125.0
18,195,4,106.33951,125.0
18,196,4,113.09849,125.0
18,197,5,102.59366,125.0
18,198,2,96.66904,125.0
18,199,5,94.369156,125.0
18,200,4,97.29153,125.0
18,201,3,107.23457,125.0
18,202,1,100.01598,125.0
18,203,5,103.91169,125.0
18,204,2,95.80416,125.0
18,205,5,103.60876,125.0
18,206,2,109.68337,125.0
18,207,4,86.38238,125.0
18,208,1,96.945366,125.0
18,209,3,96.808525,125.0
18,210,2,102.32048,125.0
18,211,5,110.91817,125.0
18,212,1,95.292595,125.0
18,213,2,104.36171,125.0
18,214,5,94.82461,125.0
18,215,1,75.05254,125.0
18,216,5,93.1443,125.0
18,217,2,90.88558,125.0
18,218,3,102.9678,125.0
18,219,2,91.147995,125.0
18,220,5,87.17094,125.0
18,221,0,101.3229,125.0
18,222,5,89.23484,125.0
18,223,2,72.849205,125.0
18,224,2,72.56008,125.0
18,225,5,72.16675,125.0
18,226,1,75.78424,125.0
18,227,5,67.59263,124.0
18,228,5,71.30108,123.0
18,229,0,74.27619,122.0
18,230,0,89.603966,121.0
18,231,1,79.11853,120.0
18,232,1,78.10026,119.0
18,233,3,89.77827,118.0
18,234,0,90.744316,117.0
18,235,1,89.73757,116.0
18,236,2,87.17893,115.0
18,237,5,84.315575,114.0
18,238,0,87.977486,113.0
18,239,4,95.9961,112.0
18,240,3,100.544876,111.0
18,241,1,106.86123,110.0
18,242,1,95.820244,109.0
18,243,2,85.70678,108.0
18,244,1,86.12801,107.0
18,245,5,93.63323,106.0
18,246,2,94.36158,105.0
18,247,2,105.745895,104.0
20,36,5,128.32198,125.0
20,37,5,131.58087,125.0
20,38,1,130.42896,125.0
20,39,5,119.56699,125.0
20,40,1,121.53875,125.0
20,41,5,124.17341,125.0
20,42,3,115.96952,125.0
20,43,4,118.858986,125.0
20,44,5,106.678505,125.0
20,45,1,107.35486,125.0
20,46,1,126.23823,125.0
20,47,5,111.59661,125.0
20,48,4,110.75547,125.0
20,49,5,102.987976,125.0
20,50,4,120.63224,125.0
20,51,5,122.10665,125.0
20,52,3,121.09132,125.0
20,53,0,120.91729,125.0
20,54,2,127.95766,125.0
20,55,3,125.95791,125.0
20,56,5,125.53283,125.0
20,57,1,125.30645,125.0
20,58,4,129.05247,125.0
20,59,2,132.67993,125.0
20,60,4,121.48732,125.0
20,61,2,116.574776,125.0
20,62,3,129.48138,125.0
20,63,1,115.82487,125.0
20,64,0,102.16332,125.0
20,65,4,97.58346,125.0
20,66,4,107.59208,125.0
20,67,2,120.9348,125.0
20,68,0,115.963005,125.0
20,69,0,120.409004,125.0
20,70,4,112.62621,125.0
20,71,1,108.68076,125.0
20,72,4,110.61996,125.0
20,73,5,120.37298,124.0
20,74,1,122.144035,123.0
20,75,0,124.27668,122.0
20,76,4,124.01014,121.0
20,77,3,128.93845,120.0
20,78,5,127.52479,119.0
20,79,4,127.83686,118.0
20,80,3,125.642006,117.0
20,81,2,118.902214,116.0
20,82,5,119.313805,115.0
20,83,3,111.665634,114.0
20,84,0,123.4038,113.0
20,85,4,123.192825,112.0
20,86,5,119.34977,111.0
20,87,5,107.265656,110.0
20,88,4,85.89806,109.0
20,89,0,90.09327,108.0
20,90,4,82.49553,107.0
20,91,4,96.32818,106.0
20,92,4,111.25828,105.0
20,93,5,113.80418,104.0
20,94,3,116.52544,103.0
20,95,5,113.46208,102.0
20,96,4,105.40969,101.0
20,97,0,99.82169,100.0
20,98,5,103.909874,99.0
20,99,2,97.94313,98.0
20,100,5,100.09991,97.0
20,101,2,116.256386,96.0
20,102,4,116.42965,95.0
20,103,3,122.16307,94.0
20,104,1,126.23264,93.0
20,105,5,115.40014,92.0
20,106,0,118.05537,91.0
20,107,0,120.206856,90.0
20,108,2,117.25333,89.0
20,109,5,121.03122,88.0
20,110,4,120.27784,87.0
20,111,5,116.389626,86.0
20,112,3,120.32009,85.0
20,113,4,113.24584,84.0
20,114,0,114.582756,83.0
20,115,3,124.22258,82.0
21,36,0,125.844765,125.0
21,37,5,119.460304,125.0
21,38,4,128.39069,125.0
21,39,1,126.72077,125.0
21,40,2,123.96955,125.0
21,41,5,121.22158,125.0
21,42,0,125.6347,125.0
21,43,4,123.76743,125.0
21,44,5,129.09427,125.0
21,45,4,126.98893,125.0
21,46,5,129.06342,125.0
21,47,2,119.89262,125.0
21,48,3,119.233185,125.0
21,49,5,122.46924,125.0
21,50,2,119.09944,125.0
21,51,0,115.363365,125.0
21,52,5,122.423546,125.0
21,53,4,116.54004,125.0
21,54,2,116.773766,125.0
21,55,3,117.51937,125.0
21,56,3,104.48477,125.0
21,57,2,104.086464,125.0
21,58,1,106.45527,125.0
21,59,5,111.23632,125.0
21,60,5,97.584854,125.0
21,61,2,109.676384,125.0
21,62,1,125.79533,125.0
21,63,2,119.86722,125.0
21,64,4,120.46995,125.0
21,65,0,129.4465,125.0
21,66,4,124.67512,125.0
21,67,4,124.650986,125.0
21,68,5,125.84049,125.0
21,69,3,123.6432,125.0
21,70,5,125.83318,125.0
21,71,1,130.23431,125.0
21,72,1,127.60114,125.0
21,73,1,125.53571,125.0
21,74,2,124.797935,125.0
21,75,4,115.06897,125.0
21,76,3,117.34673,125.0
21,77,0,123.63003,125.0
21,78,0,116.84549,125.0
21,79,5,128.15997,125.0
21,80,5,124.05361,125.0
21,81,5,125.72821,125.0
21,82,1,113.48951,125.0
21,83,0,115.63649,125.0
21,84,3,125.11102,125.0
21,85,5,122.72697,125.0
21,86,2,113.99927,125.0
21,87,5,113.95735,125.0
21,88,3,121.30769,125.0
21,89,2,122.03678,125.0
21,90,1,125.512566,125.0
21,91,4,128.65897,125.0
21,92,2,129.793,125.0
21,93,1,121.09928,125.0
21,94,4,121.754585,125.0
21,95,5,120.64317,125.0
21,96,5,110.990456,125.0
21,97,1,118.150444,125.0
21,98,4,130.15517,125.0
21,99,5,130.07028,125.0
21,100,1,127.031265,125.0
21,101,0,125.38461,125.0
21,102,4,126.8637,125.0
21,103,0,125.858574,125.0
21,104,4,133.94159,125.0
21,105,3,127.75863,125.0
21,106,1,129.84003,125.0
21,107,0,129.09729,125.0
21,108,5,128.76776,125.0
21,109,5,128.37918,125.0
21,110,2,125.14539,125.0
21,111,4,126.162865,125.0
21,112,4,124.06356,125.0
21,113,5,124.25926,125.0
21,114,4,123.11732,125.0
21,115,1,123.19875,125.0
21,116,0,125.58369,125.0
21,117,2,126.081276,125.0
21,118,0,123.70156,125.0
21,119,2,122.4342,125.0
21,120,2,118.58642,125.0
21,121,1,124.73682,125.0
21,122,5,122.20669,125.0
21,123,0,125.11614,125.0
21,124,5,117.516975,125.0
21,125,0,120.480385,125.0
21,126,2,105.297646,125.0
21,127,3,113.90785,125.0
21,128,3,110.950386,125.0
21,129,3,115.31941,125.0
21,130,5,107.971954,125.0
21,131,3,119.79889,125.0
21,132,1,117.659065,125.0
21,133,5,120.61956,125.0
21,134,3,119.398964,125.0
21,135,1,124.33112,125.0
21,136,3,112.50987,125.0
21,137,3,116.791466,125.0
21,138,3,114.63024,125.0
21,139,5,101.26408,125.0
21,140,3,116.61546,125.0
21,141,4,114.4119,125.0
21,142,5,111.405266,125.0
21,143,5,116.4481,125.0
21,144,2,107.0104,125.0
21,145,1,113.52135,125.0
21,146,4,122.42719,125.0
21,147,4,121.74157,125.0
21,148,3,129.34262,125.0
21,149,1,111.156685,125.0
21,150,4,111.006454,125.0
21,151,0,110.477196,125.0
21,152,2,107.54499,125.0
21,153,1,120.96937,125.0
21,154,3,104.39891,125.0
21,155,4,93.085625,125.0
21,156,4,91.89615,125.0
21,157,5,73.50256,125.0
21,158,5,85.205986,125.0
21,159,3,80.92678,125.0
21,160,2,81.84464,125.0
21,161,4,98.580376,125.0
21,162,1,84.7248,125.0
21,163,4,91.463936,125.0
21,164,5,97.16405,125.0
21,165,2,110.031334,125.0
21,166,5,110.88218,125.0
21,167,2,102.87127,125.0
21,168,4,80.86737,125.0
21,169,4,93.555664,124.0
21,170,0,92.93667,123.0
21,171,5,100.77109,122.0
21,172,1,113.1533,121.0
21,173,3,109.15151,120.0
21,174,0,117.3974,119.0
21,175,4,111.54242,118.0
21,176,0,101.6628,117.0
21,177,0,96.12434,116.0
21,178,3,99.59872,115.0
21,179,5,85.25088,114.0
21,180,5,71.83262,113.0
21,181,2,70.77825,112.0
21,182,5,76.4553,111.0
21,183,5,87.69337,110.0
21,184,5,80.17247,109.0
21,185,1,76.54383,108.0
21,186,4,89.00652,107.0
21,187,5,81.12331,106.0
21,188,0,71.14313,105.0
21,189,2,77.747055,104.0
21,190,2,75.35224,103.0
21,191,5,72.7513,102.0
21,192,3,86.421646,101.0
21,193,3,87.74929,100.0
21,194,1,82.60227,99.0
21,195,0,81.599045,98.0
21,196,5,81.54506,97.0
21,197,4,96.13261,96.0
21,198,0,85.75297,95.0
21,199,1,70.14211,94.0
21,200,1,71.97261,93.0
21,201,5,70.886986,92.0
21,202,2,51.46325,91.0
22,36,0,114.41268,125.0
22,37,3,111.60882,125.0
22,38,3,118.505135,125.0
22,39,0,113.59753,125.0
22,40,0,112.76851,125.0
22,41,3,113.972176,125.0
22,42,5,112.11405,125.0
22,43,1,105.63967,125.0
22,44,3,118.78572,125.0
22,45,5,118.65525,124.0
22,46,3,113.03277,123.0
22,47,5,116.64988,122.0
22,48,0,112.939384,121.0
22,49,4,116.886055,120.0
22,50,5,110.065926,119.0
22,51,5,104.510666,118.0
22,52,3,113.18122,117.0
22,53,4,113.712074,116.0
22,54,5,102.30855,115.0
22,55,3,113.88398,114.0
22,56,0,115.477455,113.0
22,57,0,112.19135,112.0
22,58,5,120.7609,111.0
22,59,0,115.43441,110.0
22,60,4,122.95156,109.0
22,61,4,120.01894,108.0
22,62,4,120.20101,107.0
22,63,3,121.92772,106.0
22,64,3,114.712006,105.0
22,65,5,115.25178,104.0
22,66,2,106.21981,103.0
22,67,3,115.91926,102.0
22,68,5,119.16315,101.0
22,69,5,119.07142,100.0
22,70,5,124.317894,99.0
22,71,4,107.40264,98.0
22,72,2,110.679276,97.0
22,73,2,109.41494,96.0
22,74,0,121.42701,95.0
22,75,1,115.50146,94.0
22,76,3,117.53389,93.0
22,77,3,109.086555,92.0
22,78,5,107.69025,91.0
22,79,4,109.66334,90.0
22,80,1,89.56864,89.0
22,81,2,97.60166,88.0
22,82,5,103.557045,87.0
22,83,4,106.89516,86.0
22,84,0,115.22283,85.0
22,85,5,113.14886,84.0
22,86,1,107.43483,83.0
22,87,0,103.23391,82.0
22,88,5,111.42596,81.0
22,89,2,113.531525,80.0
22,90,4,120.42559,79.0
22,91,4,120.31922,78.0
22,92,5,124.19017,77.0
22,93,1,117.372284,76.0
22,94,1,105.29821,75.0
22,95,4,74.07363,74.0
22,96,2,65.7592,73.0
22,97,4,73.077644,72.0
22,98,3,72.97613,71.0
22,99,2,56.342697,70.0
22,100,5,43.18186,69.0
22,101,5,62.230988,68.0
22,102,2,51.69719,67.0
22,103,2,41.936516,66.0
22,104,3,60.954445,65.0
22,105,5,64.82566,64.0
22,106,4,60.51923,63.0
22,107,0,73.14155,62.0
22,108,4,74.44802,61.0
22,109,1,79.918465,60.0
22,110,4,87.907,59.0
22,111,5,81.32153,58.0
22,112,5,74.46643,57.0
22,113,3,74.43043,56.0
22,114,3,81.90388,55.0
22,115,3,80.987755,54.0
22,116,3,79.90978,53.0
22,117,4,76.1623,52.0
22,118,4,77.121376,51.0
22,119,4,75.90421,50.0
22,120,5,58.67181,49.0
22,121,0,74.20084,48.0
22,122,3,67.94396,47.0
22,123,4,66.44733,46.0
22,124,1,54.25916,45.0
22,125,5,53.357533,44.0
22,126,1,52.005276,43.0
22,127,0,43.82271,42.0
22,128,4,36.59642,41.0
22,129,5,36.88168,40.0
22,130,3,38.59783,39.0
22,131,5,26.401,38.0
22,132,3,22.29488,37.0
22,133,5,20.720692,36.0
22,134,3,26.273693,35.0
22,135,0,28.20767,34.0
22,136,4,25.606607,33.0
22,137,0,25.904486,32.0
22,138,0,29.11307,31.0
22,139,1,19.89947,30.0
22,140,5,21.046572,29.0
22,141,0,26.40836,28.0
22,142,1,24.489353,27.0
22,143,5,27.839445,26.0
22,144,3,26.52313,25.0
22,145,5,22.025557,24.0
22,146,5,19.8933,23.0
22,147,0,14.690795,22.0
22,148,2,12.575644,21.0
22,149,5,14.45521,20.0
22,150,4,19.752008,19.0
22,151,5,18.989594,18.0
22,152,5,16.328886,17.0
22,153,0,15.360197,16.0
22,154,5,14.478386,15.0
22,155,2,9.878031,14.0
22,156,5,10.40066,13.0
22,157,2,10.261373,12.0
22,158,4,14.063442,11.0
23,36,1,123.36906,125.0
23,37,3,128.3852,125.0
23,38,3,127.36137,125.0
23,39,5,127.22202,125.0
23,40,5,129.0676,125.0
23,41,5,128.83524,125.0
23,42,3,121.16537,125.0
23,43,5,126.1274,125.0
23,44,1,130.55972,125.0
23,45,0,120.78343,125.0
23,46,4,123.85075,125.0
23,47,0,122.6941,125.0
23,48,4,120.04894,125.0
23,49,4,126.4842,125.0
23,50,2,125.334175,125.0
23,51,5,124.28913,125.0
23,52,5,122.85175,125.0
23,53,5,120.68368,125.0
23,54,5,109.00564,125.0
23,55,5,110.21724,125.0
23,56,4,118.206184,125.0
23,57,5,113.69634,125.0
23,58,0,104.54142,125.0
23,59,5,102.41896,125.0
23,60,0,112.49381,125.0
23,61,3,111.66129,125.0
23,62,4,114.992195,125.0
23,63,3,115.02675,125.0
23,64,5,100.17736,124.0
23,65,5,101.07233,123.0
23,66,4,104.831276,122.0
23,67,5,100.67037,121.0
23,68,5,108.754875,120.0
23,69,5,118.62647,119.0
23,70,4,117.26843,118.0
23,71,3,125.93441,117.0
23,72,4,121.56397,116.0
23,73,5,125.27982,115.0
23,74,1,119.51983,114.0
23,75,2,115.72834,113.0
23,76,5,122.75768,112.0
23,77,5,118.00213,111.0
23,78,5,122.71166,110.0
23,79,1,122.58892,109.0
23,80,4,124.95956,108.0
23,81,4,127.71781,107.0
23,82,5,121.87223,106.0
23,83,4,123.59811,105.0
23,84,4,122.200905,104.0
23,85,0,119.30938,103.0
23,86,5,127.06983,102.0
23,87,1,119.94083,101.0
23,88,1,110.68087,100.0
23,89,5,117.77926,99.0
23,90,0,127.86036,98.0
23,91,4,126.53777,97.0
23,92,5,124.390465,96.0
23,93,3,123.755226,95.0
23,94,2,107.42994,94.0
23,95,5,100.61709,93.0
23,96,1,96.49496,92.0
23,97,1,80.223946,91.0
23,98,3,88.33959,90.0
23,99,2,99.43671,89.0
23,100,5,104.09618,88.0
23,101,2,89.60751,87.0
23,102,0,63.77864,86.0
23,103,0,95.35819,85.0
23,104,0,92.98643,84.0
23,105,0,100.008064,83.0
23,106,2,101.50569,82.0
23,107,4,110.64,81.0
23,108,5,115.594025,80.0
23,109,5,116.58097,79.0
23,110,4,113.98759,78.0
23,111,2,116.7015,77.0
23,112,3,120.477425,76.0
23,113,4,101.125084,75.0
23,114,0,99.80909,74.0
23,115,0,102.0015,73.0
23,116,4,104.323296,72.0
23,117,3,110.60875,71.0
23,118,1,113.628075,70.0
23,119,1,108.68299,69.0
23,120,5,115.46369,68.0
23,121,5,113.64168,67.0
23,122,4,114.63778,66.0
23,123,4,116.73928,65.0
23,124,4,111.023094,64.0
23,125,1,101.69767,63.0
23,126,0,99.216576,62.0
23,127,5,101.33439,61.0
23,128,3,94.36945,60.0
23,129,3,94.62099,59.0
23,130,2,91.02,58.0
23,131,3,81.13681,57.0
23,132,1,57.588448,56.0
23,133,0,47.81275,55.0
23,134,5,52.78266,54.0
23,135,2,51.002106,53.0
23,136,2,60.30034,52.0
23,137,4,44.98306,51.0
23,138,1,47.23958,50.0
23,139,3,66.635025,49.0
23,140,4,66.49017,48.0
23,141,1,53.82951,47.0
23,142,0,44.548317,46.0
23,143,3,54.60106,45.0
23,144,1,55.742523,44.0
23,145,2,51.755264,43.0
23,146,5,51.212494,42.0
23,147,5,51.96242,41.0
23,148,5,57.990005,40.0
23,149,4,56.562523,39.0
23,150,4,53.809666,38.0
23,151,2,60.8442,37.0
23,152,0,69.93028,36.0
23,153,0,78.906425,35.0
23,154,1,78.49825,34.0
23,155,0,68.756386,33.0
23,156,4,66.278694,32.0
23,157,0,63.74232,31.0
23,158,2,58.259598,30.0
23,159,4,53.151436,29.0
23,160,0,54.12271,28.0
23,161,3,68.990486,27.0
23,162,4,62.743595,26.0
24,36,5,109.64431,125.0
24,37,0,124.10425,125.0
24,38,5,110.1038,125.0
24,39,4,116.5599,125.0
24,40,5,120.85161,125.0
24,41,1,121.93395,125.0
24,42,0,118.91306,125.0
24,43,5,124.40284,125.0
24,44,5,112.22071,125.0
24,45,1,124.4959,125.0
24,46,5,120.70749,125.0
24,47,3,126.817696,125.0
24,48,2,121.32208,125.0
24,49,0,106.52099,125.0
24,50,1,112.22366,125.0
24,51,5,92.242714,125.0
24,52,5,102.35207,125.0
24,53,3,110.25328,125.0
24,54,2,112.50561,125.0
24,55,3,110.33741,125.0
24,56,3,121.74456,125.0
24,57,5,114.999115,125.0
24,58,3,112.57233,125.0
24,59,1,113.13692,125.0
24,60,2,107.13993,125.0
24,61,3,124.76671,125.0
24,62,5,117.17675,125.0
24,63,3,111.81774,125.0
24,64,3,120.28543,125.0
24,65,2,120.151474,125.0
24,66,0,111.797646,125.0
24,67,4,106.668495,125.0
24,68,5,100.64463,125.0
24,69,4,112.40179,125.0
24,70,0,124.40775,125.0
24,71,3,124.09706,125.0
24,72,0,120.47121,125.0
24,73,1,119.23086,125.0
24,74,4,116.106895,125.0
24,75,2,111.993614,125.0
24,76,5,120.11945,125.0
24,77,0,123.64076,125.0
24,78,1,116.910484,125.0
24,79,4,123.67243,125.0
24,80,1,119.92038,125.0
24,81,5,125.121056,125.0
24,82,1,115.24774,125.0
24,83,4,119.11637,125.0
24,84,5,124.44051,125.0
24,85,1,116.54766,125.0
24,86,5,123.58164,125.0
24,87,5,116.146,125.0
24,88,5,109.95548,125.0
24,89,4,110.99349,125.0
24,90,5,103.519936,125.0
24,91,2,105.28003,125.0
24,92,2,112.20426,125.0
24,93,1,108.83272,125.0
24,94,0,113.427345,125.0
24,95,1,104.070244,125.0
24,96,1,100.728294,125.0
24,97,4,115.671585,125.0
24,98,1,100.781136,125.0
24,99,5,102.25464,125.0
24,100,3,110.69085,125.0
24,101,3,119.263115,125.0
24,102,3,114.600365,125.0
24,103,2,123.24186,125.0
24,104,3,120.79322,125.0
24,105,5,124.70763,125.0
24,106,3,119.425674,125.0
24,107,1,112.47121,125.0
24,108,1,120.770836,125.0
24,109,3,115.273895,125.0
24,110,5,119.17291,125.0
24,111,1,112.67901,125.0
24,112,5,115.007805,125.0
24,113,3,112.04451,125.0
24,114,4,118.623695,125.0
24,115,0,112.93752,125.0
24,116,5,118.33556,125.0
24,117,1,122.81911,125.0
24,118,5,115.154915,125.0
24,119,1,117.546295,125.0
24,120,2,119.324005,125.0
24,121,4,124.88472,125.0
24,122,4,123.436806,125.0
24,123,2,122.34811,125.0
24,124,5,124.80054,125.0
24,125,5,119.638176,125.0
24,126,0,121.13349,125.0
24,127,1,126.789795,125.0
24,128,1,122.88847,125.0
24,129,2,126.88044,125.0
24,130,5,119.17222,125.0
24,131,0,129.55276,125.0
24,132,2,124.49986,125.0
24,133,5,125.2622,125.0
24,134,0,129.72209,125.0
24,135,3,128.92105,125.0
24,136,5,123.46177,125.0
24,137,4,129.01639,125.0
24,138,1,126.71227,125.0
24,139,5,130.23749,125.0
24,140,4,125.37957,125.0
24,141,4,126.570015,125.0
24,142,2,127.568436,125.0
24,143,5,119.69638,125.0
24,144,1,115.875595,125.0
24,145,3,120.84122,125.0
24,146,1,116.08568,125.0
24,147,0,123.5263,125.0
24,148,3,128.00941,125.0
24,149,2,120.07845,125.0
24,150,2,123.188065,125.0
24,151,2,125.13879,125.0
24,152,2,127.14684,125.0
24,153,5,118.98493,125.0
24,154,3,118.67365,125.0
24,155,2,118.92512,125.0
24,156,3,124.06561,125.0
24,157,0,125.00866,125.0
24,158,4,118.23152,125.0
24,159,3,111.71234,125.0
24,160,0,120.45457,125.0
24,161,5,107.6254,125.0
24,162,2,96.42542,125.0
24,163,5,100.92924,125.0
24,164,5,109.92419,125.0
24,165,2,114.292946,125.0
24,166,5,104.991646,125.0
24,167,0,93.17014,125.0
24,168,0,104.55908,125.0
24,169,5,88.27943,125.0
24,170,1,113.2086,125.0
24,171,4,124.558975,125.0
24,172,3,122.03562,125.0
24,173,4,116.69749,125.0
24,174,5,124.710304,125.0
25,36,2,105.23727,125.0
25,37,1,107.27384,125.0
25,38,0,116.20041,125.0
25,39,2,120.65505,125.0
25,40,1,116.23632,125.0
25,41,0,117.268425,125.0
25,42,0,117.7491,125.0
25,43,4,117.865654,125.0
25,44,2,114.60006,125.0
25,45,5,118.26978,125.0
25,46,4,121.67902,125.0
25,47,5,113.20997,125.0
25,48,5,119.62449,125.0
25,49,1,116.05459,125.0
25,50,4,121.76942,125.0
25,51,0,113.49123,125.0
25,52,5,109.9534,125.0
25,53,0,109.61057,125.0
25,54,4,113.40566,125.0
25,55,1,114.74769,125.0
25,56,3,116.20986,125.0
25,57,0,124.88947,125.0
25,58,3,124.71224,125.0
25,59,4,117.837685,125.0
25,60,3,112.04179,125.0
25,61,5,115.99918,125.0
25,62,2,121.65719,125.0
25,63,1,122.53278,125.0
25,64,0,117.913536,125.0
25,65,5,118.08048,125.0
25,66,1,119.47438,125.0
25,67,5,115.204,125.0
25,68,0,115.38543,125.0
25,69,2,121.59568,125.0
25,70,0,116.360435,125.0
25,71,5,121.85902,125.0
25,72,0,124.46487,125.0
25,73,4,120.515,125.0
25,74,4,123.15389,125.0
25,75,5,123.01265,125.0
25,76,4,122.19914,125.0
25,77,2,123.439735,125.0
25,78,4,126.19411,125.0
25,79,1,119.589966,125.0
25,80,3,117.46312,125.0
25,81,0,109.01214,125.0
25,82,0,113.05741,125.0
25,83,3,110.980125,125.0
25,84,3,117.1329,125.0
25,85,5,121.2588,125.0
25,86,2,115.8601,125.0
25,87,2,122.19573,125.0
25,88,5,122.67535,125.0
25,89,0,117.57255,125.0
25,90,5,112.8995,125.0
25,91,1,122.684364,125.0
25,92,4,128.28423,125.0
25,93,4,120.87037,125.0
25,94,5,120.04891,125.0
25,95,2,123.213,125.0
25,96,4,121.113655,125.0
25,97,0,123.77039,125.0
25,98,1,122.018616,125.0
25,99,0,125.9685,125.0
25,100,3,121.78868,125.0
25,101,5,124.99474,125.0
25,102,4,123.81858,125.0
25,103,1,119.008095,125.0
25,104,5,121.67133,125.0
25,105,1,123.006584,125.0
25,106,1,112.58459,125.0
25,107,3,117.72157,125.0
25,108,3,115.581726,125.0
25,109,0,120.01052,125.0
25,110,5,115.43646,125.0
25,111,2,119.549385,125.0
25,112,0,127.165184,125.0
25,113,4,125.65429,125.0
25,114,0,130.82526,125.0
25,115,3,126.81135,125.0
25,116,4,128.76505,125.0
25,117,5,132.8374,125.0
25,118,1,126.96134,125.0
25,119,3,125.701866,125.0
25,120,2,125.412766,125.0
25,121,5,124.40243,125.0
25,122,4,124.75808,125.0
25,123,5,126.519264,125.0
25,124,5,127.034615,125.0
25,125,3,126.27593,125.0
25,126,3,117.738914,125.0
25,127,3,122.396965,125.0
25,128,3,130.12408,125.0
25,129,1,129.74438,125.0
25,130,5,119.78211,125.0
25,131,0,129.48404,125.0
25,132,4,129.68149,125.0
25,133,5,127.82476,125.0
25,134,3,125.10228,125.0
25,135,2,113.97884,125.0
25,136,5,118.125114,125.0
25,137,4,112.31194,125.0
25,138,0,110.888725,125.0
25,139,5,119.23009,125.0
25,140,3,120.54663,125.0
25,141,2,113.875984,125.0
25,142,1,117.19948,125.0
25,143,0,113.61975,125.0
25,144,5,112.26737,125.0
25,145,5,104.051094,125.0
25,146,1,123.012215,125.0
25,147,0,113.87563,125.0
25,148,5,122.916756,125.0
25,149,3,119.22316,125.0
25,150,2,120.5521,125.0
25,151,3,122.02735,125.0
25,152,1,119.39736,125.0
25,153,0,121.71056,125.0
25,154,4,127.01858,125.0
25,155,2,123.898445,125.0
25,156,5,117.92179,125.0
25,157,5,124.222145,125.0
25,158,0,122.72689,125.0
25,159,1,117.003235,125.0
25,160,2,115.22582,125.0
25,161,5,116.38643,125.0
25,162,3,115.44752,125.0
25,163,4,127.618614,125.0
25,164,2,126.26624,125.0
25,165,1,122.03716,125.0
25,166,2,116.46595,125.0
25,167,5,121.28001,125.0
25,168,4,122.89234,125.0
25,169,5,126.6186,125.0
25,170,0,124.8992,125.0
25,171,5,122.86758,125.0
25,172,5,122.35137,125.0
25,173,5,118.6466,125.0
25,174,2,121.173645,125.0
25,175,0,121.377266,125.0
25,176,5,120.564095,125.0
25,177,2,117.56054,125.0
25,178,1,120.36379,125.0
25,179,5,122.07044,125.0
25,180,5,121.9042,125.0
25,181,3,123.73844,125.0
25,182,1,124.32282,125.0
25,183,4,128.73836,125.0
25,184,3,124.927284,125.0
25,185,1,126.41128,125.0
25,186,2,127.661804,125.0
25,187,5,125.617805,125.0
25,188,1,124.35543,125.0
25,189,2,125.492775,125.0
25,190,5,130.46375,125.0
25,191,3,132.65012,125.0
25,192,3,127.02125,125.0
25,193,1,132.2502,125.0
25,194,5,124.056435,125.0
25,195,3,125.903656,125.0
25,196,5,129.3768,125.0
25,197,2,128.3815,125.0
25,198,0,124.932976,125.0
25,199,4,132.97699,125.0
25,200,4,131.36017,125.0
25,201,1,129.69421,125.0
25,202,2,127.85167,125.0
25,203,5,123.51603,125.0
25,204,1,128.10255,125.0
25,205,1,128.27399,125.0
25,206,0,120.42439,125.0
25,207,5,126.19514,125.0
25,208,3,124.04652,125.0
25,209,0,122.082634,125.0
25,210,0,120.17978,125.0
25,211,2,113.624275,125.0
25,212,3,123.15168,125.0
25,213,2,112.95547,125.0
25,214,5,116.29992,125.0
25,215,3,121.12673,125.0
25,216,2,122.02828,125.0
25,217,4,124.41832,125.0
25,218,4,126.30089,125.0
25,219,0,120.09984,125.0
25,220,5,124.245186,125.0
25,221,2,126.547516,125.0
25,222,4,121.50251,125.0
25,223,1,131.05464,125.0
25,224,1,121.96789,125.0
25,225,1,117.92813,125.0
25,226,4,117.67968,125.0
25,227,4,113.9588,125.0
25,228,5,122.27742,125.0
25,229,0,127.62867,125.0
25,230,2,123.96165,125.0
25,231,2,128.41893,125.0
25,232,2,122.91555,125.0
25,233,0,121.350845,125.0
25,234,2,123.43383,125.0
25,235,5,123.56956,125.0
25,236,0,127.450485,125.0
25,237,4,135.02917,125.0
25,238,5,119.63746,125.0
25,239,3,120.81413,125.0
25,240,3,117.687485,125.0
25,241,2,118.51353,125.0
25,242,5,111.98188,125.0
25,243,3,113.94256,125.0
25,244,0,124.90099,125.0
25,245,3,118.48066,125.0
25,246,3,120.499214,125.0
25,247,1,118.53706,125.0
25,248,5,118.33143,125.0
25,249,5,121.68891,125.0
25,250,2,121.91509,125.0
25,251,4,125.34024,125.0
25,252,0,123.4853,125.0
25,253,1,119.20866,125.0
25,254,0,115.2242,125.0
25,255,3,115.1695,125.0
25,256,0,110.20451,125.0
25,257,3,113.64121,125.0
25,258,1,114.84135,125.0
25,259,0,115.66558,125.0
25,260,1,114.37265,125.0
25,261,3,95.64637,125.0
25,262,0,105.23787,125.0
25,263,2,109.41068,125.0
25,264,1,110.48379,125.0
25,265,3,86.728386,125.0
25,266,3,99.291176,125.0
25,267,2,102.776596,125.0
25,268,1,102.66025,125.0
25,269,5,112.56135,125.0
25,270,4,109.34923,125.0
25,271,0,111.566574,125.0
25,272,5,115.006584,125.0
25,273,3,108.908775,125.0
25,274,0,114.76717,125.0
25,275,5,112.03093,125.0
25,276,3,110.32423,125.0
25,277,0,111.33118,125.0
25,278,2,118.22934,125.0
25,279,0,119.24288,125.0
25,280,0,113.32769,125.0
25,281,5,115.46841,125.0
25,282,3,115.38935,125.0
25,283,5,117.337906,125.0
25,284,0,122.72932,125.0
25,285,5,104.12919,125.0
25,286,2,109.522514,125.0
25,287,1,116.51702,125.0
25,288,5,110.28687,125.0
25,289,2,114.5384,125.0
25,290,4,107.59214,125.0
25,291,4,110.95765,125.0
25,292,4,121.27178,125.0
25,293,5,114.05459,125.0
25,294,5,114.15292,125.0
25,295,5,118.610405,125.0
25,296,2,112.33401,125.0
25,297,5,114.39423,125.0
25,298,4,114.76244,125.0
25,299,3,116.93354,125.0
25,300,5,128.37106,125.0
25,301,2,119.240845,125.0
25,302,5,119.82835,125.0
25,303,3,125.1902,125.0
25,304,0,120.24319,125.0
25,305,1,125.49326,125.0
25,306,5,114.977,125.0
25,307,3,113.69911,125.0
25,308,0,126.18827,125.0
25,309,5,116.11995,125.0
25,310,4,117.17463,125.0
25,311,4,108.097,125.0
25,312,2,115.4642,125.0
25,313,0,122.01681,125.0
25,314,5,121.544334,125.0
25,315,2,121.77508,125.0
25,316,5,127.02886,125.0
25,317,5,129.43567,125.0
25,318,5,122.53913,125.0
25,319,2,122.33282,125.0
25,320,5,119.69413,125.0
25,321,2,122.34194,125.0
25,322,2,117.006584,125.0
25,323,3,122.30596,125.0
25,324,2,124.51426,125.0
25,325,4,116.80021,125.0
25,326,3,110.90026,125.0
25,327,0,120.11176,125.0
25,328,2,118.10509,125.0
25,329,0,126.11637,125.0
25,330,3,123.3243,125.0
25,331,2,121.6307,125.0
25,332,3,120.15978,125.0
25,333,1,113.182014,125.0
25,334,5,123.10123,125.0
25,335,3,127.63082,125.0
25,336,2,133.48807,125.0
25,337,1,117.72903,125.0
25,338,5,120.184586,125.0
25,339,0,121.20544,125.0
25,340,4,121.6759,125.0
25,341,3,117.52501,125.0
25,342,5,121.3232,125.0
25,343,4,114.07473,125.0
25,344,1,98.148384,125.0
25,345,4,95.93306,125.0
25,346,1,77.75205,125.0
25,347,4,68.080765,125.0
25,348,4,35.375847,125.0
25,349,4,42.934147,125.0
25,350,2,68.48588,125.0
25,351,3,79.73924,125.0
25,352,3,93.18722,125.0
25,353,0,93.46011,125.0
25,354,4,88.11855,125.0
25,355,5,99.64498,125.0
25,356,5,105.13613,125.0
25,357,5,104.998665,125.0
25,358,5,105.6475,125.0
25,359,0,120.44046,125.0
25,360,3,115.14006,125.0
25,361,5,116.50569,125.0
25,362,0,114.64205,125.0
25,363,3,114.82794,125.0
25,364,5,102.6583,125.0
25,365,3,95.59925,125.0
25,366,3,91.0361,125.0
25,367,0,100.752716,125.0
25,368,1,103.15598,125.0
25,369,5,105.365456,125.0
25,370,5,92.566956,125.0
25,371,0,99.32473,125.0
25,372,5,97.1285,125.0
25,373,1,89.34956,125.0
25,374,2,65.4092,125.0
25,375,1,51.379173,125.0
25,376,3,78.982864,125.0
25,377,3,86.49062,125.0
25,378,4,94.46902,125.0
25,379,5,84.86082,125.0
25,380,5,95.22633,125.0
25,381,0,101.476875,125.0
25,382,2,77.04639,125.0
25,383,5,80.681404,125.0
25,384,5,81.70482,125.0
25,385,1,68.73853,125.0
25,386,1,41.178707,125.0
25,387,2,39.072285,125.0
25,388,5,61.55415,125.0
25,389,0,59.934937,125.0
25,390,3,79.100235,125.0
25,391,2,86.60898,125.0
25,392,1,78.36193,125.0
25,393,2,68.450554,125.0
25,394,4,75.50847,125.0
25,395,3,87.16694,125.0
25,396,5,102.48523,125.0
25,397,1,99.95107,125.0
25,398,4,105.580185,125.0
25,399,5,112.50347,125.0
25,400,2,112.6363,125.0
25,401,1,90.67184,124.0
25,402,5,100.09632,123.0
25,403,2,113.873665,122.0
25,404,4,111.58173,121.0
25,405,3,112.60022,120.0
25,406,1,98.98717,119.0
25,407,5,117.415215,118.0
25,408,5,117.95638,117.0
25,409,2,109.32349,116.0
25,410,5,116.93161,115.0
25,411,4,101.11797,114.0
25,412,3,113.10314,113.0
25,413,3,113.420784,112.0
25,414,5,111.31577,111.0
25,415,4,111.636375,110.0
25,416,5,98.227165,109.0
25,417,1,109.501335,108.0
25,418,1,105.50649,107.0
25,419,5,102.71359,106.0
25,420,1,98.80967,105.0
25,421,5,85.88678,104.0
25,422,5,79.23995,103.0
25,423,3,90.16758,102.0
25,424,1,86.29772,101.0
25,425,3,80.18783,100.0
25,426,1,71.27045,99.0
25,427,3,72.82757,98.0
25,428,3,61.69945,97.0
25,429,5,87.50872,96.0
25,430,5,83.65893,95.0
25,431,5,63.424576,94.0
25,432,4,76.29374,93.0
25,433,0,70.61002,92.0
25,434,4,65.455086,91.0
25,435,5,74.85038,90.0
25,436,1,84.01015,89.0
25,437,3,92.343704,88.0
25,438,1,76.38845,87.0
25,439,3,89.162834,86.0
25,440,5,106.35835,85.0
25,441,1,106.10272,84.0
25,442,3,103.45322,83.0
25,443,5,110.59835,82.0
25,444,5,113.05862,81.0
25,445,0,114.324425,80.0
25,446,1,95.97195,79.0
25,447,0,92.92939,78.0
25,448,5,102.18719,77.0
25,449,4,101.75359,76.0
25,450,4,87.8804,75.0
25,451,0,98.40052,74.0
25,452,4,88.75203,73.0
25,453,5,78.40391,72.0
25,454,2,79.08374,71.0
25,455,0,79.13122,70.0
25,456,2,78.62057,69.0
25,457,5,58.882057,68.0
25,458,1,51.138016,67.0
25,459,1,45.723877,66.0
25,460,1,34.738213,65.0
25,461,4,54.64313,64.0
25,462,4,42.349678,63.0
25,463,2,38.784348,62.0
25,464,5,46.35373,61.0
25,465,5,58.191074,60.0
25,466,5,46.46061,59.0
25,467,5,40.101837,58.0
25,468,1,46.488976,57.0
25,469,5,47.131783,56.0
25,470,4,38.65374,55.0
25,471,3,41.578552,54.0
25,472,4,39.571976,53.0
25,473,1,45.250847,52.0
25,474,3,41.24809,51.0
25,475,5,40.895622,50.0
25,476,0,48.5971,49.0
25,477,4,45.896404,48.0
25,478,5,45.09604,47.0
25,479,1,42.530647,46.0
25,480,1,47.03294,45.0
25,481,1,34.730175,44.0
25,482,5,34.076717,43.0
25,483,2,50.98675,42.0
25,484,4,57.397285,41.0
25,485,4,45.52532,40.0
25,486,2,44.634705,39.0
26,36,2,105.51007,125.0
26,37,3,120.2989,125.0
26,38,5,115.94489,125.0
26,39,4,118.749596,125.0
26,40,1,117.96667,125.0
26,41,5,110.50286,125.0
26,42,2,100.77116,125.0
26,43,2,92.36933,125.0
26,44,5,104.57223,125.0
26,45,4,98.15486,125.0
26,46,1,104.10174,125.0
26,47,5,105.55144,125.0
26,48,2,115.2629,125.0
26,49,1,114.52519,125.0
26,50,5,123.15922,125.0
26,51,3,113.27151,125.0
26,52,0,124.04449,125.0
26,53,1,122.1551,125.0
26,54,5,127.58526,125.0
26,55,3,131.6688,125.0
26,56,4,126.93726,125.0
26,57,5,130.1104,125.0
26,58,2,127.05396,124.0
26,59,3,121.29899,123.0
26,60,4,120.831116,122.0
26,61,2,126.09137,121.0
26,62,5,123.25651,120.0
26,63,5,119.45585,119.0
26,64,4,115.865944,118.0
26,65,3,113.637054,117.0
26,66,0,125.55621,116.0
26,67,5,121.35278,115.0
26,68,5,114.09228,114.0
26,69,1,118.322945,113.0
26,70,2,123.63611,112.0
26,71,1,113.346466,111.0
26,72,4,116.19659,110.0
26,73,1,116.99752,109.0
26,74,5,111.96982,108.0
26,75,1,107.09405,107.0
26,76,3,114.997734,106.0
26,77,1,114.3398,105.0
26,78,5,105.555885,104.0
26,79,0,115.55479,103.0
26,80,1,107.053246,102.0
26,81,5,115.459785,101.0
26,82,1,106.63926,100.0
26,83,5,104.10967,99.0
26,84,2,112.660355,98.0
26,85,1,100.47085,97.0
26,86,4,113.61339,96.0
26,87,2,114.36338,95.0
26,88,0,106.9585,94.0
26,89,1,109.83953,93.0
26,90,4,98.394455,92.0
27,36,0,112.239174,125.0
27,37,4,98.158875,125.0
27,38,2,90.47372,125.0
27,39,0,103.40348,125.0
27,40,5,119.084465,125.0
27,41,3,115.38665,125.0
27,42,1,119.15873,125.0
27,43,0,110.59987,125.0
27,44,1,109.54445,125.0
27,45,3,106.94283,125.0
27,46,3,95.43755,125.0
27,47,1,97.89222,125.0
27,48,3,104.06026,125.0
27,49,1,90.05523,125.0
27,50,0,108.03154,125.0
27,51,3,103.38764,125.0
27,52,2,106.71479,125.0
27,53,5,106.890465,125.0
27,54,5,111.6203,125.0
27,55,1,119.100975,125.0
27,56,2,117.95521,125.0
27,57,0,121.150795,125.0
27,58,5,118.78062,125.0
27,59,1,122.220406,125.0
27,60,5,121.77654,125.0
27,61,5,125.40992,125.0
27,62,5,113.41749,125.0
27,63,3,117.09019,125.0
27,64,3,114.25375,125.0
27,65,2,108.78548,125.0
27,66,4,114.33004,125.0
27,67,0,112.36381,125.0
27,68,5,123.951256,125.0
27,69,1,126.40165,125.0
27,70,0,121.44247,125.0
27,71,4,122.62266,125.0
27,72,4,118.832405,125.0
27,73,3,121.101555,125.0
27,74,5,117.2208,125.0
27,75,5,113.530655,125.0
27,76,4,108.588776,125.0
27,77,5,110.22557,125.0
27,78,1,114.06414,125.0
27,79,5,122.507256,125.0
27,80,1,117.86142,125.0
27,81,1,119.58067,125.0
27,82,5,118.66589,125.0
27,83,4,119.61068,125.0
27,84,3,122.68637,125.0
27,85,0,120.97344,125.0
27,86,2,120.33274,125.0
27,87,4,118.48873,125.0
27,88,3,114.41873,125.0
27,89,5,119.60424,125.0
27,90,3,118.615265,125.0
27,91,0,123.06156,125.0
27,92,5,125.134056,125.0
27,93,5,121.81708,125.0
27,94,5,120.20396,125.0
27,95,1,111.484886,125.0
27,96,3,120.16605,124.0
27,97,1,120.43786,123.0
27,98,2,112.62375,122.0
27,99,0,115.514725,121.0
27,100,2,120.72634,120.0
27,101,0,125.25388,119.0
27,102,4,124.354805,118.0
27,103,5,122.69809,117.0
27,104,5,122.22897,116.0
27,105,0,126.90532,115.0
27,106,0,107.0996,114.0
27,107,4,111.36448,113.0
27,108,2,104.64546,112.0
27,109,1,119.401726,111.0
27,110,5,118.59253,110.0
27,111,1,118.19506,109.0
27,112,1,118.85589,108.0
27,113,1,123.06593,107.0
27,114,5,125.15165,106.0
27,115,2,112.81403,105.0
27,116,5,117.07807,104.0
27,117,5,123.31364,103.0
27,118,5,116.05573,102.0
27,119,4,126.63662,101.0
27,120,5,121.803894,100.0
27,121,5,120.8832,99.0
27,122,5,120.21429,98.0
27,123,5,110.70403,97.0
27,124,2,108.78334,96.0
27,125,5,112.892555,95.0
27,126,5,106.4282,94.0
27,127,5,104.89451,93.0
27,128,3,113.28844,92.0
27,129,4,105.82279,91.0
27,130,4,104.754234,90.0
27,131,2,88.71516,89.0
27,132,4,97.81399,88.0
27,133,3,102.23252,87.0
27,134,4,104.96771,86.0
27,135,5,110.266106,85.0
27,136,4,101.495995,84.0
27,137,2,96.987404,83.0
27,138,4,87.05161,82.0
27,139,5,80.4732,81.0
27,140,0,99.908455,80.0
27,141,2,96.43017,79.0
27,142,3,108.01479,78.0
27,143,5,97.303505,77.0
27,144,5,100.14058,76.0
29,36,0,122.48245,125.0
29,37,2,124.71076,125.0
29,38,4,123.8513,125.0
29,39,2,122.75506,125.0
29,40,3,125.73749,125.0
29,41,5,122.899666,125.0
29,42,5,121.13302,125.0
29,43,4,125.661644,125.0
29,44,3,129.2996,125.0
29,45,5,120.461296,125.0
29,46,3,119.374146,125.0
29,47,1,124.06562,125.0
29,48,2,123.52221,125.0
29,49,5,124.60575,125.0
29,50,3,124.0109,125.0
29,51,5,117.56781,125.0
29,52,5,117.55381,125.0
29,53,5,122.09239,125.0
29,54,5,122.56921,125.0
29,55,0,118.91573,125.0
29,56,4,128.42877,125.0
29,57,3,122.70387,125.0
29,58,1,120.59671,125.0
29,59,5,127.60546,125.0
29,60,0,124.34376,125.0
29,61,5,118.53732,125.0
29,62,2,117.56826,125.0
29,63,1,117.73849,125.0
29,64,5,125.473816,125.0
29,65,3,117.14688,125.0
29,66,5,125.58942,125.0
29,67,5,113.50009,125.0
29,68,1,117.766304,125.0
29,69,4,130.10922,125.0
29,70,4,123.82367,125.0
29,71,2,122.52226,125.0
29,72,2,128.3425,125.0
29,73,2,125.133,125.0
29,74,0,128.44084,125.0
29,75,3,132.19092,125.0
29,76,3,136.81073,125.0
29,77,3,131.99956,125.0
29,78,1,138.62677,125.0
29,79,1,132.09776,125.0
29,80,4,122.804054,125.0
29,81,0,133.54703,125.0
29,82,5,138.77438,125.0
29,83,1,132.66492,125.0
29,84,0,133.38269,125.0
29,85,5,134.92757,125.0
29,86,2,126.68386,125.0
29,87,2,128.21202,125.0
29,88,3,137.53755,125.0
29,89,4,135.39557,125.0
29,90,4,127.46435,125.0
29,91,2,130.04532,125.0
29,92,5,128.073,125.0
29,93,1,126.154655,125.0
29,94,3,132.04962,125.0
29,95,0,124.53151,125.0
29,96,0,117.051414,125.0
29,97,3,121.55683,125.0
29,98,0,106.253456,125.0
29,99,5,119.23595,125.0
29,100,5,116.68224,125.0
29,101,3,110.63914,125.0
29,102,2,117.47881,125.0
29,103,5,109.401886,125.0
29,104,3,113.80749,125.0
29,105,3,113.5415,125.0
29,106,5,119.8514,125.0
29,107,5,117.128716,125.0
29,108,4,115.94781,125.0
29,109,5,112.59936,125.0
29,110,2,103.03379,125.0
29,111,1,90.13524,125.0
29,112,4,84.83358,125.0
29,113,1,92.01828,125.0
29,114,2,104.34151,125.0
29,115,1,111.50266,125.0
29,116,0,104.74151,125.0
29,117,2,102.26002,125.0
29,118,4,113.62831,125.0
29,119,2,102.174774,125.0
29,120,3,106.65317,125.0
29,121,2,107.30796,125.0
29,122,2,113.32355,125.0
29,123,5,100.05801,125.0
29,124,5,105.25872,125.0
29,125,4,100.528145,125.0
29,126,0,106.71673,125.0
29,127,0,117.65776,125.0
29,128,2,111.779305,125.0
29,129,5,95.58621,125.0
29,130,3,113.05141,125.0
29,131,4,109.296486,125.0
29,132,2,105.36614,125.0
29,133,1,106.21861,125.0
29,134,0,102.97222,125.0
29,135,2,114.7333,125.0
29,136,4,117.67509,125.0
29,137,5,121.36839,125.0
29,138,5,122.66394,125.0
29,139,0,121.80412,125.0
29,140,5,122.54957,125.0
29,141,5,121.33585,125.0
29,142,5,111.57743,125.0
29,143,0,96.1504,125.0
29,144,1,119.20895,125.0
29,145,1,118.59587,125.0
29,146,4,122.81538,125.0
29,147,4,115.58706,125.0
29,148,0,109.30827,125.0
29,149,2,117.331154,125.0
29,150,5,114.38993,125.0
29,151,1,102.15679,125.0
29,152,0,88.3417,125.0
29,153,5,104.23477,125.0
29,154,2,113.66237,125.0
29,155,3,107.03251,125.0
29,156,3,111.80241,124.0
29,157,1,107.26624,123.0
29,158,5,112.99981,122.0
29,159,1,108.3408,121.0
29,160,2,112.549324,120.0
29,161,0,111.154594,119.0
29,162,4,108.900276,118.0
29,163,4,105.04936,117.0
29,164,5,99.554695,116.0
29,165,1,91.70291,115.0
29,166,3,107.11204,114.0
29,167,5,110.03831,113.0
29,168,4,105.37821,112.0
29,169,2,107.643524,111.0
29,170,0,111.220985,110.0
29,171,4,91.903366,109.0
29,172,0,88.08202,108.0
29,173,4,85.76266,107.0
29,174,2,95.57372,106.0
29,175,2,87.75797,105.0
29,176,5,103.07766,104.0
29,177,5,110.86308,103.0
29,178,3,92.65212,102.0
29,179,5,100.23911,101.0
29,180,3,113.48806,100.0
29,181,4,104.09878,99.0
29,182,3,110.097435,98.0
29,183,1,87.89356,97.0
29,184,0,90.56732,96.0
29,185,5,93.89626,95.0
29,186,0,95.41514,94.0
29,187,0,100.32967,93.0
29,188,1,89.76713,92.0
29,189,5,74.80611,91.0
29,190,5,69.8,90.0
29,191,5,80.81605,89.0
29,192,5,93.92849,88.0
29,193,5,83.46818,87.0
29,194,3,77.15488,86.0
29,195,3,78.42497,85.0
29,196,1,79.45626,84.0
29,197,5,79.79838,83.0
29,198,4,84.1748,82.0
29,199,0,95.00911,81.0
29,200,4,82.2741,80.0
29,201,3,64.56423,79.0
29,202,5,62.292046,78.0
29,203,4,66.233864,77.0
29,204,5,65.43606,76.0
29,205,4,53.751213,75.0
29,206,1,56.44305,74.0
29,207,0,51.806404,73.0
29,208,5,54.44545,72.0
29,209,5,52.607506,71.0
29,210,4,51.306183,70.0
29,211,4,45.826195,69.0
29,212,1,54.585865,68.0
29,213,5,58.052338,67.0
29,214,3,55.04532,66.0
29,215,1,55.698402,65.0
29,216,2,44.21347,64.0
30,36,1,119.88523,125.0
30,37,5,121.06583,125.0
30,38,5,108.12094,125.0
30,39,3,103.601715,125.0
30,40,1,107.69227,125.0
30,41,5,96.362366,125.0
30,42,0,92.391075,125.0
30,43,0,89.77207,125.0
30,44,2,116.57914,125.0
30,45,4,106.120476,125.0
30,46,5,105.48769,125.0
30,47,0,117.73342,125.0
30,48,5,120.355125,125.0
30,49,0,112.17215,125.0
30,50,0,113.632866,125.0
30,51,5,109.16364,125.0
30,52,2,115.40046,125.0
30,53,0,122.94748,125.0
30,54,5,123.539986,125.0
30,55,1,123.848114,125.0
30,56,0,126.7763,125.0
30,57,3,117.04517,125.0
30,58,0,124.60528,125.0
30,59,3,120.0281,125.0
30,60,3,126.82911,125.0
30,61,3,124.71987,125.0
30,62,2,122.93516,125.0
30,63,2,128.19382,125.0
30,64,2,128.48662,125.0
30,65,5,122.68452,125.0
30,66,5,121.81288,125.0
30,67,5,120.11126,125.0
30,68,5,126.842415,125.0
30,69,2,126.90797,125.0
30,70,0,133.33295,125.0
30,71,5,120.75352,125.0
30,72,3,133.12837,125.0
30,73,3,124.36535,125.0
30,74,4,121.151665,125.0
30,75,1,121.255486,125.0
30,76,4,120.57406,125.0
30,77,1,126.08887,125.0
30,78,3,126.08802,125.0
30,79,1,126.79869,125.0
30,80,5,131.68753,125.0
30,81,4,131.35953,125.0
30,82,2,125.203186,125.0
30,83,5,123.03327,125.0
30,84,2,116.769135,125.0
30,85,0,124.80416,125.0
30,86,3,125.386284,125.0
30,87,4,124.07712,125.0
30,88,4,114.88339,125.0
30,89,1,122.42626,125.0
30,90,5,119.87353,125.0
30,91,3,114.451164,125.0
30,92,3,124.28631,125.0
30,93,1,117.153114,125.0
30,94,0,122.178185,125.0
30,95,1,116.28106,125.0
30,96,2,120.14016,125.0
30,97,4,113.75823,125.0
30,98,0,107.86761,125.0
30,99,3,111.233665,125.0
30,100,2,116.73894,125.0
30,101,1,120.77268,125.0
30,102,0,120.16138,125.0
30,103,4,121.05833,125.0
30,104,0,126.5763,125.0
30,105,3,121.79026,125.0
30,106,2,121.19065,125.0
30,107,2,112.19561,125.0
30,108,5,110.71041,125.0
30,109,5,106.84387,125.0
30,110,0,116.714935,125.0
30,111,1,110.97892,125.0
30,112,2,122.412636,125.0
30,113,4,117.41765,125.0
30,114,5,113.029274,125.0
30,115,0,125.953926,125.0
30,116,4,123.61454,125.0
30,117,2,119.467384,125.0
30,118,3,119.10046,125.0
30,119,5,117.23637,125.0
30,120,1,120.783104,125.0
30,121,3,116.5655,125.0
30,122,0,115.4132,125.0
30,123,1,117.272804,125.0
30,124,0,128.28226,125.0
30,125,5,116.76512,125.0
30,126,0,117.5601,125.0
30,127,3,115.15562,125.0
30,128,3,118.92087,125.0
30,129,2,121.49552,125.0
30,130,5,113.61611,125.0
30,131,2,110.49315,125.0
30,132,2,111.7912,125.0
30,133,0,121.721565,125.0
30,134,5,111.50467,125.0
30,135,1,108.93116,125.0
30,136,1,117.45782,125.0
30,137,2,110.90025,125.0
30,138,5,120.50535,125.0
30,139,1,120.59977,125.0
30,140,0,122.6939,125.0
30,141,0,122.364555,125.0
30,142,0,117.76299,125.0
30,143,2,119.97166,125.0
30,144,5,122.1063,125.0
30,145,5,119.207466,125.0
30,146,3,123.17426,125.0
30,147,1,124.34766,125.0
30,148,2,109.63332,125.0
30,149,5,112.27056,125.0
30,150,4,114.14148,125.0
30,151,4,119.79024,125.0
30,152,5,118.31784,125.0
30,153,4,103.643394,125.0
30,154,2,111.88496,125.0
30,155,2,104.91398,125.0
30,156,4,112.30422,125.0
30,157,5,99.47523,125.0
30,158,3,111.630905,125.0
30,159,3,119.9971,125.0
30,160,5,110.6487,125.0
30,161,2,114.74911,125.0
30,162,1,120.911514,125.0
30,163,5,115.6674,125.0
30,164,5,122.07812,125.0
30,165,4,118.13806,125.0
30,166,1,108.50974,125.0
30,167,3,110.35882,125.0
30,168,1,114.8441,125.0
30,169,2,101.02917,125.0
30,170,4,112.13035,125.0
30,171,4,107.18789,125.0
30,172,3,81.53278,125.0
30,173,0,88.44712,125.0
30,174,1,82.09193,125.0
30,175,5,67.50339,125.0
30,176,1,62.930805,125.0
30,177,2,87.050804,125.0
30,178,5,93.68835,125.0
30,179,3,107.99706,125.0
30,180,1,86.07081,125.0
30,181,1,84.83169,125.0
30,182,3,108.62687,125.0
30,183,5,98.03074,125.0
30,184,4,105.60205,125.0
30,185,5,117.7002,125.0
30,186,0,121.807976,125.0
30,187,1,114.789955,125.0
30,188,4,117.06636,125.0
30,189,5,106.08666,125.0
30,190,5,109.55196,125.0
30,191,0,101.552864,125.0
30,192,1,102.32043,125.0
30,193,3,104.41532,125.0
30,194,5,117.91524,125.0
30,195,3,119.253296,125.0
30,196,2,118.78336,125.0
30,197,1,121.8921,125.0
30,198,2,121.59028,125.0
30,199,2,115.01736,125.0
30,200,1,113.02907,125.0
30,201,3,115.25713,125.0
30,202,5,115.70177,125.0
30,203,1,117.73962,125.0
30,204,4,121.133354,125.0
30,205,3,116.80374,125.0
30,206,5,118.20278,125.0
30,207,0,112.36769,125.0
30,208,3,116.670364,125.0
30,209,5,112.399086,125.0
30,210,2,124.395836,125.0
30,211,5,122.99299,125.0
30,212,4,122.396965,125.0
30,213,5,115.52856,125.0
30,214,4,112.76389,125.0
30,215,2,114.71026,125.0
30,216,5,97.26945,125.0
30,217,4,104.95102,125.0
30,218,5,97.55461,125.0
30,219,5,91.88834,125.0
30,220,1,101.48441,125.0
30,221,0,103.14553,125.0
30,222,5,96.1721,125.0
30,223,5,100.81337,124.0
30,224,1,99.43275,123.0
30,225,5,94.432014,122.0
30,226,4,94.59179,121.0
30,227,4,76.19051,120.0
30,228,1,85.21925,119.0
30,229,2,93.932045,118.0
31,36,5,125.07287,104.0
31,37,5,125.83616,103.0
31,38,1,113.94021,102.0
31,39,3,116.20771,101.0
31,40,1,110.519615,100.0
31,41,3,111.584274,99.0
31,42,3,100.460556,98.0
31,43,5,106.859085,97.0
31,44,1,107.082985,96.0
31,45,2,105.10851,95.0
31,46,2,115.84913,94.0
31,47,0,112.98427,93.0
31,48,2,102.7756,92.0
31,49,5,102.42753,91.0
31,50,4,111.624016,90.0
31,51,0,116.45968,89.0
31,52,2,104.061195,88.0
31,53,3,97.195526,87.0
31,54,5,112.85191,86.0
31,55,1,108.32404,85.0
31,56,0,118.72048,84.0
31,57,4,124.06658,83.0
31,58,2,100.32984,82.0
31,59,0,103.98701,81.0
31,60,3,104.82643,80.0
31,61,3,113.939,79.0
31,62,0,99.6338,78.0
31,63,0,98.52924,77.0
31,64,5,94.360085,76.0
31,65,5,99.305626,75.0
31,66,1,100.0031,74.0
31,67,2,99.482796,73.0
31,68,1,93.95785,72.0
31,69,0,100.18432,71.0
31,70,4,102.39324,70.0
31,71,3,110.33546,69.0
31,72,3,106.36565,68.0
31,73,4,118.569565,67.0
31,74,3,101.326164,66.0
31,75,3,105.59559,65.0
31,76,5,114.685425,64.0
31,77,5,112.49622,63.0
31,78,3,123.51072,62.0
31,79,0,116.16428,61.0
31,80,0,103.549095,60.0
31,81,5,120.05543,59.0
31,82,4,119.26698,58.0
31,83,5,113.882126,57.0
31,84,5,118.48055,56.0
31,85,5,103.87084,55.0
31,86,0,104.09504,54.0
31,87,5,104.915215,53.0
31,88,5,102.281166,52.0
31,89,2,112.34004,51.0
31,90,1,98.37268,50.0
31,91,3,88.379265,49.0
31,92,0,94.06715,48.0
31,93,4,88.21856,47.0
31,94,0,86.918434,46.0
31,95,2,89.332855,45.0
31,96,0,109.56182,44.0
31,97,5,105.50193,43.0
31,98,4,101.327705,42.0
31,99,4,81.44138,41.0
31,100,5,88.89921,40.0
31,101,2,93.04602,39.0
31,102,4,81.722755,38.0
31,103,0,62.237236,37.0
31,104,3,68.5192,36.0
31,105,5,44.783573,35.0
31,106,0,57.56207,34.0
31,107,5,64.23615,33.0
31,108,0,79.84745,32.0
31,109,4,45.34947,31.0
31,110,5,32.05358,30.0
31,111,5,26.204031,29.0
31,112,5,34.353653,28.0
31,113,5,25.666395,27.0
31,114,2,43.40419,26.0
31,115,5,26.502592,25.0
31,116,4,19.873774,24.0
31,117,5,19.264484,23.0
31,118,2,17.111471,22.0
31,119,3,38.233837,21.0
31,120,2,42.602207,20.0
31,121,3,29.343317,19.0
31,122,2,31.119514,18.0
31,123,1,34.66854,17.0
31,124,4,37.20569,16.0
31,125,0,32.95256,15.0
31,126,0,38.27437,14.0
31,127,5,37.2546,13.0
31,128,1,15.210671,12.0
31,129,1,7.7509675,11.0
31,130,1,5.0089846,10.0
31,131,5,10.38092,9.0
31,132,5,11.199671,8.0
31,133,3,13.49556,7.0
31,134,4,9.971491,6.0
32,36,5,117.977425,125.0
32,37,5,125.50459,125.0
32,38,4,122.856544,125.0
32,39,1,122.33723,125.0
32,40,0,125.31669,125.0
32,41,5,124.615105,125.0
32,42,5,127.56256,125.0
32,43,1,116.7714,125.0
32,44,0,121.87975,125.0
32,45,3,123.73164,125.0
32,46,5,124.05981,125.0
32,47,3,126.67916,125.0
32,48,0,120.52064,125.0
32,49,3,120.55343,125.0
32,50,0,117.52848,125.0
32,51,3,115.12009,125.0
32,52,3,119.92271,125.0
32,53,0,112.69956,125.0
32,54,3,105.49613,125.0
32,55,2,104.06141,125.0
32,56,0,103.5181,125.0
32,57,5,104.052025,125.0
32,58,5,111.1074,125.0
32,59,0,105.18626,125.0
32,60,0,108.25823,125.0
32,61,5,107.52553,125.0
32,62,1,113.57049,125.0
32,63,3,121.09469,125.0
32,64,4,116.53964,125.0
32,65,0,107.8014,125.0
32,66,2,122.39625,125.0
32,67,5,123.08834,125.0
32,68,4,122.79362,125.0
32,69,1,121.83489,125.0
32,70,3,115.31923,125.0
32,71,4,124.023994,125.0
32,72,1,108.5774,125.0
32,73,1,98.49555,125.0
32,74,1,92.72304,125.0
32,75,0,77.72988,125.0
32,76,4,73.158585,125.0
32,77,0,99.596,125.0
32,78,5,100.80805,125.0
32,79,3,99.818245,125.0
32,80,4,107.991455,125.0
32,81,5,99.48051,125.0
32,82,0,110.47944,125.0
32,83,5,107.28622,125.0
32,84,5,98.92276,125.0
32,85,0,95.3311,125.0
32,86,2,110.52285,125.0
32,87,0,111.648186,125.0
32,88,4,113.2067,125.0
32,89,4,114.45818,125.0
32,90,0,111.732994,125.0
32,91,2,103.416176,125.0
32,92,5,100.95591,125.0
32,93,2,116.55235,125.0
32,94,3,113.47677,125.0
32,95,5,110.090294,125.0
32,96,5,108.50943,125.0
32,97,5,91.63361,125.0
32,98,1,113.92974,125.0
32,99,0,115.34435,125.0
32,100,4,116.70446,125.0
32,101,1,118.100975,125.0
32,102,5,119.55735,125.0
32,103,5,118.41938,125.0
32,104,2,112.53687,125.0
32,105,5,121.613396,125.0
32,106,3,113.30838,125.0
32,107,0,127.503624,125.0
32,108,1,121.223114,125.0
32,109,4,122.218925,125.0
32,110,5,125.72144,125.0
32,111,4,119.94581,125.0
32,112,1,120.21585,125.0
32,113,0,116.94964,125.0
32,114,3,122.21328,125.0
32,115,2,121.66268,125.0
32,116,0,117.06431,125.0
32,117,0,120.12957,125.0
32,118,3,124.264046,125.0
32,119,2,123.14564,125.0
32,120,5,123.50741,125.0
32,121,5,124.78202,125.0
32,122,0,108.54637,125.0
32,123,0,109.614395,125.0
32,124,1,115.790344,125.0
32,125,5,110.734535,125.0
32,126,0,91.292694,125.0
32,127,5,92.642685,125.0
32,128,1,101.96662,125.0
32,129,2,112.13047,125.0
32,130,2,113.436455,125.0
32,131,5,114.47086,125.0
32,132,1,110.72767,125.0
32,133,1,121.38918,125.0
32,134,2,120.67153,125.0
32,135,2,119.50316,125.0
32,136,3,126.79135,125.0
32,137,4,118.954124,125.0
32,138,3,127.70418,125.0
32,139,5,124.28748,125.0
32,140,2,127.26153,125.0
32,141,1,114.8021,125.0
32,142,0,118.98495,125.0
32,143,3,122.70959,125.0
32,144,2,122.594246,125.0
32,145,0,123.63328,125.0
32,146,2,119.32773,125.0
32,147,4,116.582146,125.0
32,148,5,118.078835,125.0
32,149,0,124.37848,125.0
32,150,5,124.01413,125.0
32,151,2,124.095634,125.0
32,152,0,125.120964,125.0
32,153,2,124.769066,125.0
32,154,1,122.41816,125.0
32,155,5,119.50033,125.0
32,156,5,123.71095,125.0
32,157,5,117.22995,125.0
32,158,4,119.66122,124.0
32,159,2,128.21796,123.0
32,160,4,123.5967,122.0
32,161,3,123.82374,121.0
32,162,3,116.116936,120.0
32,163,0,108.044075,119.0
32,164,5,102.22417,118.0
32,165,3,100.71964,117.0
32,166,4,106.87173,116.0
32,167,2,121.23612,115.0
32,168,3,115.37341,114.0
32,169,5,115.90841,113.0
32,170,2,118.49454,112.0
32,171,2,120.583916,111.0
32,172,1,116.88615,110.0
32,173,4,106.62732,109.0
32,174,1,93.8083,108.0
32,175,1,93.4519,107.0
32,176,4,87.07277,106.0
32,177,3,59.55386,105.0
32,178,1,59.811428,104.0
32,179,4,39.178482,103.0
32,180,1,36.524582,102.0
32,181,1,30.230858,101.0
32,182,3,32.109196,100.0
32,183,4,16.823874,99.0
32,184,5,40.89438,98.0
32,185,3,48.847218,97.0
32,186,1,31.299927,96.0
32,187,5,57.284958,95.0
32,188,0,99.36838,94.0
32,189,2,98.88741,93.0
32,190,5,87.84545,92.0
32,191,3,92.17731,91.0
32,192,2,94.722435,90.0
32,193,0,89.5567,89.0
32,194,5,97.86907,88.0
32,195,5,78.571304,87.0
32,196,5,70.41776,86.0
32,197,5,50.899136,85.0
32,198,4,68.18616,84.0
32,199,5,54.576057,83.0
32,200,5,51.044647,82.0
32,201,5,29.618582,81.0
32,202,1,81.812965,80.0
32,203,5,69.50567,79.0
32,204,5,73.123215,78.0
32,205,1,71.58257,77.0
32,206,1,80.00222,76.0
32,207,3,84.73274,75.0
32,208,4,97.62083,74.0
32,209,2,79.044975,73.0
32,210,5,115.47285,72.0
32,211,4,119.627144,71.0
32,212,5,118.16978,70.0
32,213,0,114.71665,69.0
32,214,5,113.0945,68.0
32,215,5,112.54851,67.0
32,216,0,112.00442,66.0
32,217,5,98.25001,65.0
32,218,5,104.38117,64.0
32,219,1,104.95079,63.0
32,220,5,91.56353,62.0
32,221,3,102.78919,61.0
32,222,5,90.35558,60.0
32,223,1,97.29206,59.0
32,224,0,111.260605,58.0
32,225,3,112.42577,57.0
32,226,1,96.56152,56.0
32,227,1,82.6609,55.0
32,228,2,64.06735,54.0
32,229,3,65.310486,53.0
32,230,3,59.586174,52.0
32,231,0,48.778587,51.0
32,232,5,40.07843,50.0
32,233,1,55.20105,49.0
32,234,2,42.82376,48.0
32,235,0,58.50888,47.0
32,236,5,59.84237,46.0
32,237,4,57.603516,45.0
32,238,2,56.714325,44.0
32,239,0,71.72016,43.0
32,240,5,71.61237,42.0
32,241,3,78.479706,41.0
32,242,5,68.49786,40.0
32,243,3,75.64341,39.0
32,244,0,85.402664,38.0
32,245,3,70.21964,37.0
32,246,3,55.992863,36.0
32,247,0,48.169884,35.0
32,248,1,44.847855,34.0
32,249,3,59.20609,33.0
32,250,5,68.29541,32.0
32,251,4,65.193695,31.0
32,252,4,55.097244,30.0
32,253,2,76.640205,29.0
32,254,4,79.31855,28.0
32,255,5,75.77184,27.0
32,256,3,67.96384,26.0
32,257,3,80.99627,25.0
32,258,4,78.46785,24.0
32,259,4,64.7129,23.0
32,260,2,53.848198,22.0
33,36,2,129.38026,125.0
33,37,4,123.15699,125.0
33,38,0,118.553665,125.0
33,39,0,122.7877,125.0
33,40,5,123.62742,125.0
33,41,0,125.50985,125.0
33,42,0,126.729805,125.0
33,43,5,123.57053,125.0
33,44,5,118.394035,125.0
33,45,5,101.028336,125.0
33,46,0,112.88866,125.0
33,47,5,109.20091,125.0
33,48,5,109.14054,125.0
33,49,1,115.339096,125.0
33,50,0,120.68388,125.0
33,51,1,117.680336,125.0
33,52,5,113.55222,125.0
33,53,4,115.66575,125.0
33,54,1,113.06565,125.0
33,55,2,122.95652,125.0
33,56,4,118.8735,125.0
33,57,0,120.34336,125.0
33,58,4,114.39872,125.0
33,59,4,111.37873,125.0
33,60,5,103.351456,125.0
33,61,5,120.53574,125.0
33,62,4,115.50024,125.0
33,63,3,114.35678,125.0
33,64,5,109.00576,125.0
33,65,2,118.44601,125.0
33,66,4,108.38383,125.0
33,67,5,108.17984,125.0
33,68,1,112.068016,125.0
33,69,0,112.37803,125.0
33,70,5,117.41546,125.0
33,71,5,118.89739,125.0
33,72,2,115.53141,125.0
33,73,3,116.43956,125.0
33,74,0,116.22702,125.0
33,75,1,119.88528,125.0
33,76,2,128.1088,125.0
33,77,4,112.43842,125.0
33,78,3,108.69233,125.0
33,79,3,127.55929,125.0
33,80,4,126.02649,125.0
33,81,3,124.64871,125.0
33,82,4,129.85214,125.0
33,83,4,131.58578,125.0
33,84,5,131.26093,125.0
33,85,0,131.69865,125.0
33,86,4,128.63048,125.0
33,87,0,128.9501,125.0
33,88,5,128.24219,125.0
33,89,5,122.44397,125.0
33,90,1,111.29451,125.0
33,91,2,120.762146,125.0
33,92,3,113.66707,125.0
33,93,0,116.430565,125.0
33,94,5,118.75564,125.0
33,95,5,130.20847,125.0
33,96,4,121.261055,125.0
33,97,1,124.70651,125.0
33,98,4,121.043175,125.0
33,99,1,108.45757,125.0
33,100,5,116.202995,125.0
33,101,4,110.52435,125.0
33,102,1,110.20399,125.0
33,103,5,111.29887,125.0
33,104,2,103.18177,125.0
33,105,5,100.25852,125.0
33,106,2,90.459755,125.0
33,107,1,84.34037,125.0
34,36,5,123.84061,125.0
34,37,4,123.25652,125.0
34,38,4,124.24824,125.0
34,39,1,121.548485,125.0
34,40,5,121.02024,125.0
34,41,4,122.64568,125.0
34,42,3,120.60307,125.0
34,43,1,121.66549,125.0
34,44,4,123.006424,125.0
34,45,0,112.94155,125.0
34,46,1,112.24198,125.0
34,47,5,99.73473,125.0
34,48,4,112.75449,125.0
34,49,3,112.25651,125.0
34,50,2,116.94863,125.0
34,51,5,122.32163,125.0
34,52,3,126.23318,125.0
34,53,5,124.74675,125.0
34,54,1,127.84223,125.0
34,55,0,120.46313,125.0
34,56,5,125.48885,125.0
34,57,5,119.188446,125.0
34,58,1,123.024216,125.0
34,59,0,122.37597,125.0
34,60,4,128.25107,125.0
34,61,3,124.1722,125.0
34,62,5,122.55121,125.0
34,63,0,121.49557,125.0
34,64,5,127.418434,125.0
34,65,5,119.92507,125.0
34,66,3,118.710304,125.0
34,67,1,124.85549,125.0
34,68,1,119.0668,125.0
34,69,0,122.32758,125.0
34,70,5,122.77216,125.0
34,71,0,116.122,125.0
34,72,4,122.381004,125.0
34,73,0,119.70977,125.0
34,74,0,122.8434,125.0
34,75,4,126.48543,125.0
34,76,1,126.22488,125.0
34,77,0,129.50702,125.0
34,78,1,122.512184,125.0
34,79,1,112.56252,125.0
34,80,2,104.62356,125.0
34,81,1,106.28184,125.0
34,82,4,107.16967,125.0
34,83,2,97.24543,125.0
34,84,5,122.70185,125.0
34,85,3,130.02191,125.0
34,86,3,119.45471,125.0
34,87,5,117.51267,125.0
34,88,0,121.251,125.0
34,89,4,119.674706,125.0
34,90,4,121.17422,125.0
34,91,2,119.3736,125.0
34,92,4,116.522675,125.0
34,93,3,125.00381,125.0
34,94,1,126.819115,125.0
34,95,3,127.530785,125.0
34,96,5,110.758484,125.0
34,97,4,100.432396,125.0
34,98,0,105.30382,125.0
34,99,1,111.180046,125.0
34,100,1,115.1722,125.0
34,101,5,119.300644,125.0
34,102,5,118.72762,125.0
34,103,3,118.09518,125.0
34,104,2,110.711586,125.0
34,105,2,117.3605,125.0
34,106,2,104.134285,125.0
34,107,5,105.45701,125.0
34,108,1,121.24784,125.0
34,109,2,122.95999,125.0
34,110,0,129.02052,125.0
34,111,4,122.67927,125.0
34,112,1,123.397125,125.0
34,113,5,122.07714,125.0
34,114,5,127.25404,125.0
34,115,5,120.358536,125.0
34,116,1,110.95295,125.0
34,117,2,117.47814,125.0
34,118,1,118.39828,125.0
34,119,3,110.21108,125.0
34,120,5,114.703255,125.0
34,121,5,118.05115,125.0
34,122,2,125.87312,125.0
34,123,5,118.220314,125.0
34,124,1,116.63694,125.0
34,125,4,122.53844,125.0
34,126,3,122.41661,125.0
34,127,1,128.2303,125.0
34,128,2,121.60609,125.0
34,129,0,124.70316,125.0
34,130,1,129.2052,125.0
34,131,5,124.668816,125.0
34,132,0,124.75765,125.0
34,133,2,119.06231,125.0
34,134,1,127.343666,125.0
34,135,1,121.82677,125.0
34,136,5,121.0523,125.0
34,137,0,118.914055,125.0
34,138,3,119.71239,125.0
34,139,2,121.28853,125.0
34,140,5,125.787766,125.0
34,141,2,120.01542,125.0
34,142,1,128.54288,125.0
34,143,5,118.19756,125.0
34,144,3,123.639,125.0
34,145,5,120.176575,125.0
34,146,3,123.09127,125.0
34,147,3,125.91181,125.0
34,148,5,119.34488,125.0
34,149,1,125.43202,125.0
34,150,4,128.97766,125.0
34,151,4,129.25067,125.0
34,152,4,129.50021,125.0
34,153,5,127.72307,125.0
34,154,5,129.83655,125.0
34,155,0,130.38382,125.0
34,156,5,131.64496,125.0
34,157,1,132.55388,125.0
34,158,2,130.86417,125.0
34,159,3,131.07896,125.0
34,160,5,127.96084,125.0
34,161,5,127.36154,125.0
34,162,0,130.64642,125.0
34,163,3,127.91734,125.0
34,164,0,126.98219,125.0
34,165,5,121.54421,125.0
34,166,0,129.14532,125.0
34,167,5,121.03302,125.0
34,168,5,106.549034,125.0
34,169,2,108.94981,125.0
34,170,3,106.80918,125.0
34,171,5,111.34621,125.0
34,172,5,114.03962,125.0
34,173,5,105.41584,125.0
34,174,0,101.71032,125.0
34,175,1,114.173164,125.0
34,176,2,118.82629,125.0
34,177,2,120.65749,125.0
34,178,2,119.78015,125.0
34,179,3,119.02451,125.0
34,180,1,126.703835,125.0
34,181,4,122.03176,125.0
34,182,3,123.92054,125.0
34,183,2,122.33772,125.0
34,184,5,115.807175,125.0
34,185,2,99.68864,125.0
34,186,1,105.10087,125.0
34,187,4,87.71061,125.0
34,188,0,77.91929,125.0
34,189,4,90.823235,125.0
34,190,3,107.57173,125.0
34,191,5,119.41988,125.0
34,192,5,110.453026,125.0
34,193,0,108.7274,125.0
34,194,2,106.61062,125.0
34,195,1,92.74711,125.0
34,196,1,104.80848,125.0
34,197,0,91.34736,125.0
34,198,3,114.750465,125.0
34,199,3,128.59486,125.0
34,200,4,120.22117,125.0
34,201,2,122.95783,125.0
34,202,3,115.2214,125.0
34,203,2,115.69804,125.0
34,204,4,120.70831,125.0
34,205,2,116.1553,125.0
34,206,2,125.62573,125.0
34,207,3,129.86731,125.0
34,208,5,124.473175,125.0
34,209,1,128.41019,125.0
34,210,3,121.40304,125.0
34,211,1,118.06869,125.0
34,212,2,127.16446,125.0
34,213,0,121.97982,125.0
34,214,3,128.88416,125.0
34,215,1,118.64242,125.0
34,216,2,112.68371,125.0
34,217,5,118.81414,125.0
34,218,0,117.50735,125.0
34,219,3,123.01168,125.0
34,220,2,108.01736,125.0
34,221,5,104.425705,125.0
34,222,0,91.34504,125.0
34,223,2,96.21479,125.0
34,224,5,109.36012,125.0
34,225,0,115.75076,125.0
34,226,0,114.162834,125.0
34,227,5,116.917786,125.0
34,228,4,106.719505,125.0
34,229,2,117.37737,125.0
34,230,2,107.019356,125.0
34,231,5,112.274086,125.0
34,232,0,121.71226,125.0
34,233,3,122.48464,125.0
34,234,4,121.13827,125.0
34,235,0,118.39733,125.0
34,236,1,119.25048,125.0
34,237,4,106.59714,125.0
34,238,5,111.23853,125.0
34,239,3,113.65625,125.0
34,240,1,102.92789,125.0
34,241,3,104.85437,125.0
34,242,5,120.5149,125.0
34,243,1,116.600655,125.0
34,244,0,120.51951,125.0
34,245,5,126.87189,125.0
34,246,5,125.00982,125.0
34,247,4,122.077034,125.0
34,248,2,120.78115,125.0
34,249,1,117.04589,125.0
34,250,4,104.72049,125.0
34,251,5,101.23197,125.0
34,252,4,106.44002,125.0
34,253,4,108.511894,125.0
34,254,5,111.36695,125.0
34,255,2,117.3532,125.0
34,256,4,125.63097,125.0
34,257,5,125.9925,125.0
34,258,0,125.00789,125.0
34,259,2,112.54461,125.0
34,260,2,101.61362,125.0
34,261,4,114.27372,125.0
34,262,5,116.33183,125.0
34,263,5,124.44666,125.0
34,264,1,124.08885,125.0
34,265,3,123.322624,125.0
34,266,3,128.25003,125.0
34,267,1,127.35833,125.0
34,268,5,124.74442,125.0
34,269,5,128.37845,125.0
34,270,5,125.39571,125.0
34,271,1,120.646996,125.0
34,272,3,126.51709,125.0
34,273,3,123.58868,125.0
34,274,4,128.41321,125.0
34,275,0,125.17605,125.0
34,276,4,131.30293,125.0
34,277,5,128.44943,125.0
34,278,2,128.77005,125.0
34,279,3,121.84443,125.0
34,280,2,126.70146,125.0
34,281,0,122.91118,125.0
34,282,1,120.213905,125.0
34,283,1,117.92272,125.0
34,284,3,122.685104,125.0
34,285,3,121.57784,125.0
34,286,4,122.955284,125.0
34,287,3,116.74687,125.0
34,288,5,126.59955,125.0
34,289,5,109.228806,125.0
34,290,1,116.84255,125.0
34,291,4,113.96919,125.0
34,292,5,119.332794,125.0
34,293,3,119.159134,125.0
34,294,5,122.26237,125.0
34,295,2,119.440704,125.0
34,296,5,98.47519,125.0
34,297,5,104.850334,125.0
34,298,0,104.37338,125.0
34,299,1,118.684,125.0
34,300,0,118.661766,125.0
34,301,3,112.64553,125.0
34,302,0,126.41484,125.0
34,303,0,123.610085,125.0
34,304,0,118.01406,125.0
34,305,2,121.930145,125.0
34,306,2,112.00204,125.0
34,307,4,114.09999,125.0
34,308,5,117.439705,125.0
34,309,4,121.497444,125.0
34,310,0,124.43697,125.0
34,311,2,125.84933,125.0
34,312,2,118.7734,125.0
34,313,3,121.99986,125.0
34,314,1,118.27847,125.0
34,315,0,124.05032,125.0
34,316,2,118.2049,125.0
34,317,3,117.6533,125.0
34,318,0,104.612366,125.0
34,319,4,88.82639,125.0
34,320,0,93.68025,125.0
34,321,0,94.42295,125.0
34,322,4,85.70464,125.0
34,323,5,92.752426,125.0
34,324,1,83.999916,125.0
34,325,1,85.49003,125.0
34,326,0,91.49317,125.0
34,327,4,72.94746,125.0
34,328,3,80.15046,125.0
34,329,3,90.16364,125.0
34,330,2,107.41195,125.0
34,331,0,120.2776,125.0
34,332,3,119.78265,125.0
34,333,0,127.61945,125.0
34,334,5,121.71917,125.0
34,335,5,118.90897,125.0
34,336,3,119.51062,125.0
34,337,1,115.75673,125.0
34,338,5,115.93821,125.0
34,339,3,112.9101,125.0
34,340,4,110.53362,125.0
34,341,5,116.88482,125.0
34,342,5,103.96264,125.0
34,343,0,113.90145,125.0
34,344,0,111.036674,125.0
34,345,0,122.18362,125.0
34,346,1,116.707535,125.0
34,347,0,120.55451,125.0
34,348,1,115.02694,125.0
34,349,2,109.902534,125.0
34,350,0,112.76157,125.0
34,351,5,106.399124,125.0
34,352,5,106.92188,125.0
34,353,5,92.51071,125.0
34,354,4,104.73413,125.0
34,355,2,96.40419,125.0
34,356,1,93.99598,125.0
34,357,4,94.94078,125.0
34,358,5,97.036644,125.0
34,359,5,92.807365,125.0
34,360,4,79.35338,125.0
34,361,4,67.80741,125.0
35,36,0,125.172386,125.0
35,37,3,131.30923,125.0
35,38,3,128.09402,125.0
35,39,5,129.33096,125.0
35,40,4,125.149704,125.0
35,41,0,126.39161,125.0
35,42,5,119.9019,125.0
35,43,5,115.3067,125.0
35,44,2,120.584694,125.0
35,45,5,115.029175,125.0
35,46,4,122.340706,125.0
35,47,1,126.11721,125.0
35,48,1,126.50595,125.0
35,49,4,127.86555,125.0
35,50,2,122.65308,125.0
35,51,5,121.63668,125.0
35,52,4,124.2402,125.0
35,53,0,126.786934,125.0
35,54,0,128.17435,125.0
35,55,5,122.48304,125.0
35,56,0,118.85763,125.0
35,57,2,122.5014,125.0
35,58,5,126.009285,125.0
35,59,1,121.76015,125.0
35,60,4,121.75994,125.0
35,61,5,126.88473,125.0
35,62,5,123.28274,125.0
35,63,1,124.50776,125.0
35,64,4,123.789085,125.0
35,65,3,124.141365,125.0
35,66,4,128.17177,125.0
35,67,2,127.64391,125.0
35,68,3,127.72147,125.0
35,69,1,122.76974,125.0
35,70,2,121.81156,125.0
35,71,3,119.91496,125.0
35,72,4,119.178734,125.0
35,73,5,122.231544,125.0
35,74,3,122.9636,125.0
35,75,5,128.57431,125.0
35,76,5,128.1062,125.0
35,77,5,123.77,125.0
35,78,3,125.080864,125.0
35,79,5,115.440704,125.0
35,80,4,130.65715,125.0
35,81,5,107.309425,125.0
35,82,2,117.812065,125.0
35,83,1,129.17262,125.0
35,84,1,127.982956,125.0
35,85,0,122.71153,125.0
35,86,5,126.43566,125.0
35,87,3,127.752914,125.0
35,88,4,121.30729,125.0
35,89,1,120.81141,125.0
35,90,5,116.930084,125.0
35,91,1,119.32749,125.0
35,92,0,123.49606,125.0
35,93,3,120.67936,125.0
35,94,0,119.32993,125.0
35,95,2,127.598465,125.0
35,96,2,119.771706,125.0
35,97,5,124.263214,125.0
35,98,3,124.44677,125.0
35,99,2,112.849655,125.0
35,100,5,114.85855,125.0
35,101,4,117.76081,125.0
35,102,2,117.03292,125.0
35,103,0,111.17762,125.0
35,104,0,108.596016,125.0
35,105,3,108.37118,125.0
35,106,3,112.116295,125.0
35,107,5,110.81315,125.0
35,108,5,118.799065,125.0
35,109,0,126.12526,125.0
35,110,0,120.10096,125.0
35,111,5,118.46534,125.0
35,112,4,116.09788,125.0
35,113,2,103.80674,125.0
35,114,0,107.33089,125.0
35,115,5,104.46527,125.0
35,116,1,115.75365,125.0
35,117,5,108.567215,125.0
35,118,2,111.4224,125.0
35,119,4,117.21583,125.0
35,120,4,109.811134,125.0
35,121,2,119.56513,125.0
35,122,1,108.531975,125.0
35,123,1,114.73011,125.0
35,124,2,121.046425,125.0
35,125,1,121.12927,125.0
35,126,2,112.69222,125.0
35,127,1,99.849266,125.0
35,128,5,99.4397,125.0
35,129,1,104.21536,125.0
35,130,1,72.03945,125.0
35,131,0,69.55538,125.0
35,132,2,74.407265,125.0
35,133,5,104.124916,125.0
35,134,3,109.14805,125.0
35,135,2,101.7246,125.0
35,136,3,113.14835,125.0
35,137,2,104.1551,125.0
35,138,5,102.46341,125.0
35,139,4,93.51719,125.0
35,140,5,117.09586,125.0
35,141,1,114.94098,125.0
35,142,4,113.79098,125.0
35,143,4,123.31237,125.0
35,144,0,114.69932,125.0
35,145,5,119.12432,125.0
35,146,2,123.33248,125.0
35,147,5,113.206375,125.0
35,148,1,117.55432,125.0
35,149,1,121.16248,125.0
35,150,3,115.31519,125.0
35,151,0,115.95397,125.0
35,152,2,107.739784,125.0
35,153,2,110.81698,125.0
35,154,0,101.63356,125.0
35,155,3,110.31202,125.0
35,156,1,102.49294,125.0
35,157,0,109.73275,125.0
35,158,0,112.19153,125.0
35,159,5,105.68471,125.0
35,160,5,109.61773,125.0
35,161,0,111.41188,125.0
35,162,5,115.58064,125.0
35,163,4,113.608025,125.0
35,164,4,113.17707,125.0
35,165,5,124.20911,125.0
35,166,3,118.0471,125.0
35,167,2,125.79024,125.0
35,168,2,124.1574,125.0
35,169,0,118.30642,125.0
35,170,4,123.8361,125.0
35,171,5,124.27718,125.0
35,172,1,121.83001,125.0
35,173,1,126.36277,125.0
35,174,4,120.8429,125.0
35,175,5,116.393654,125.0
35,176,1,107.065834,125.0
35,177,5,116.81895,125.0
35,178,5,121.6114,125.0
35,179,2,118.06565,125.0
35,180,4,108.355484,125.0
35,181,0,116.013306,125.0
35,182,3,116.96807,125.0
35,183,0,110.165535,125.0
35,184,5,114.23544,125.0
35,185,4,119.2687,125.0
35,186,5,123.26813,125.0
35,187,5,126.788605,125.0
35,188,1,115.49418,125.0
35,189,3,109.81597,125.0
35,190,3,109.22798,124.0
35,191,2,106.39701,123.0
35,192,4,118.45539,122.0
35,193,1,114.07803,121.0
35,194,0,122.46905,120.0
35,195,4,120.4479,119.0
35,196,3,121.66619,118.0
35,197,1,117.92443,117.0
35,198,4,113.29123,116.0
35,199,2,115.36129,115.0
35,200,1,110.0948,114.0
35,201,1,107.10889,113.0
35,202,1,111.0337,112.0
35,203,4,100.83285,111.0
35,204,3,99.465096,110.0
35,205,1,87.01061,109.0
35,206,5,74.970604,108.0
35,207,4,87.97158,107.0
35,208,5,75.542564,106.0
35,209,0,99.17033,105.0
35,210,0,84.50623,104.0
35,211,2,59.306564,103.0
35,212,2,79.95,102.0
35,213,2,84.26952,101.0
35,214,5,83.57363,100.0
35,215,0,75.334885,99.0
35,216,0,78.227516,98.0
35,217,4,98.30944,97.0
35,218,1,90.6146,96.0
35,219,5,103.25458,95.0
35,220,1,107.75538,94.0
35,221,2,103.13864,93.0
35,222,4,110.16664,92.0
35,223,1,103.92781,91.0
35,224,2,99.137535,90.0
35,225,5,94.72715,89.0
35,226,4,98.00207,88.0
35,227,5,98.34939,87.0
35,228,2,103.686356,86.0
35,229,5,94.40679,85.0
35,230,3,91.56155,84.0
35,231,3,99.080315,83.0
35,232,0,90.51081,82.0
35,233,3,91.97428,81.0
35,234,5,101.854454,80.0
35,235,1,101.82165,79.0
35,236,3,97.301704,78.0
35,237,0,94.55332,77.0
35,238,4,76.86227,76.0
35,239,1,81.99554,75.0
35,240,2,59.589066,74.0
35,241,5,58.202538,73.0
35,242,1,51.66585,72.0
35,243,3,62.053566,71.0
35,244,2,66.243706,70.0
35,245,4,74.14034,69.0
35,246,1,50.69462,68.0
35,247,4,53.545044,67.0
35,248,0,60.46682,66.0
35,249,0,60.40982,65.0
35,250,0,54.86921,64.0
35,251,3,51.088024,63.0
35,252,4,43.172203,62.0
35,253,5,54.69612,61.0
35,254,1,41.07909,60.0
35,255,3,54.41832,59.0
35,256,0,55.62761,58.0
35,257,2,47.54886,57.0
35,258,5,56.52417,56.0
35,259,1,42.24035,55.0
35,260,2,45.590355,54.0
35,261,0,50.303375,53.0
35,262,3,49.17206,52.0
35,263,1,63.49446,51.0
35,264,2,56.188583,50.0
35,265,5,69.139534,49.0
35,266,1,70.86289,48.0
35,267,4,67.32063,47.0
35,268,5,69.59433,46.0
35,269,5,71.603386,45.0
35,270,0,59.428024,44.0
35,271,0,64.65768,43.0
35,272,4,62.7388,42.0
35,273,3,56.013306,41.0
35,274,2,49.542305,40.0
35,275,5,43.78793,39.0
35,276,1,47.797684,38.0
35,277,5,38.29419,37.0
35,278,5,49.39247,36.0
36,36,3,126.2575,125.0
36,37,5,132.36107,125.0
36,38,4,125.12502,125.0
36,39,1,123.6521,125.0
36,40,3,129.40482,125.0
36,41,2,130.0127,125.0
36,42,3,126.43883,125.0
36,43,3,122.48854,125.0
36,44,0,125.67901,125.0
36,45,5,122.48499,125.0
36,46,3,118.30821,125.0
36,47,2,121.96209,125.0
36,48,0,129.38373,125.0
36,49,4,123.60138,125.0
36,50,5,124.45264,125.0
36,51,4,121.38218,125.0
36,52,5,124.11289,125.0
36,53,0,118.51324,125.0
36,54,2,127.73669,125.0
36,55,4,125.4457,125.0
36,56,4,126.49915,125.0
36,57,1,124.87036,125.0
36,58,3,123.81614,125.0
36,59,1,125.54351,125.0
36,60,5,117.95876,125.0
36,61,3,123.47991,125.0
36,62,2,127.22251,125.0
36,63,5,126.4848,125.0
36,64,0,122.596794,125.0
36,65,1,116.98852,125.0
36,66,5,118.511925,125.0
36,67,0,111.981544,125.0
36,68,3,118.803856,125.0
36,69,4,127.33645,125.0
36,70,4,128.8444,125.0
36,71,4,134.489,125.0
36,72,1,125.998055,125.0
36,73,5,126.885185,125.0
36,74,5,122.23799,125.0
36,75,4,117.32295,125.0
36,76,4,114.896286,125.0
36,77,5,118.90864,125.0
36,78,1,102.885635,125.0
36,79,3,119.72374,125.0
36,80,1,118.56948,125.0
36,81,1,118.239815,125.0
36,82,4,116.538475,125.0
36,83,2,105.965225,125.0
36,84,0,121.52027,125.0
36,85,2,124.969315,125.0
36,86,0,122.6072,125.0
36,87,5,123.61914,125.0
36,88,2,123.051796,125.0
36,89,2,116.08981,125.0
36,90,1,113.01412,125.0
36,91,0,107.41303,125.0
36,92,5,102.86884,125.0
36,93,2,77.90991,125.0
36,94,5,102.07017,125.0
36,95,0,102.35955,125.0
36,96,2,87.25912,125.0
36,97,2,90.42596,125.0
36,98,5,89.650276,125.0
36,99,3,75.19074,125.0
36,100,3,71.87978,125.0
36,101,2,68.00948,125.0
36,102,4,80.88095,125.0
36,103,3,84.088875,125.0
36,104,2,76.509544,125.0
36,105,5,88.90881,125.0
36,106,1,108.30523,125.0
36,107,5,113.99468,125.0
36,108,5,117.9695,124.0
36,109,1,109.5395,123.0
36,110,5,110.40732,122.0
36,111,5,118.769455,121.0
36,112,3,123.31427,120.0
36,113,0,109.368645,119.0
36,114,1,121.416435,118.0
36,115,5,119.540016,117.0
36,116,2,113.617775,116.0
36,117,1,116.33094,115.0
36,118,3,117.052086,114.0
36,119,2,112.670204,113.0
36,120,2,119.156136,112.0
36,121,5,110.69865,111.0
36,122,0,115.6296,110.0
36,123,2,113.84832,109.0
36,124,3,107.60237,108.0
36,125,0,121.541466,107.0
36,126,0,116.59608,106.0
36,127,5,120.91543,105.0
36,128,2,118.64074,104.0
36,129,3,112.200645,103.0
36,130,4,110.96479,102.0
36,131,5,114.01041,101.0
36,132,1,91.9042,100.0
36,133,0,96.3106,99.0
36,134,3,113.9672,98.0
36,135,2,96.91782,97.0
36,136,2,71.99691,96.0
36,137,1,52.827385,95.0
36,138,1,46.600716,94.0
36,139,1,36.36222,93.0
36,140,0,43.167656,92.0
36,141,5,46.416046,91.0
36,142,2,42.525925,90.0
36,143,4,45.465336,89.0
36,144,5,46.6184,88.0
36,145,1,54.44991,87.0
36,146,5,64.264534,86.0
36,147,5,72.547585,85.0
36,148,3,68.30556,84.0
36,149,5,76.6647,83.0
36,150,3,56.694584,82.0
36,151,1,60.18627,81.0
36,152,0,65.36767,80.0
36,153,0,67.19596,79.0
36,154,5,66.75341,78.0
36,155,1,59.66112,77.0
36,156,2,59.178185,76.0
36,157,5,57.91713,75.0
36,158,2,65.09746,74.0
36,159,3,60.906395,73.0
37,36,5,121.60874,125.0
37,37,4,120.93028,125.0
37,38,4,124.75547,125.0
37,39,2,115.31769,125.0
37,40,0,111.13065,125.0
37,41,3,118.36982,125.0
37,42,3,120.29619,125.0
37,43,3,126.66176,125.0
37,44,1,132.60995,125.0
37,45,3,127.25019,125.0
37,46,5,132.80795,125.0
37,47,5,122.34964,125.0
37,48,3,110.83221,125.0
37,49,5,116.41448,125.0
37,50,1,119.62267,125.0
37,51,5,116.91851,125.0
37,52,5,121.86263,125.0
37,53,1,120.29571,125.0
37,54,5,113.96635,125.0
37,55,5,122.42229,125.0
37,56,0,125.60569,125.0
37,57,2,123.85126,125.0
37,58,5,123.30845,125.0
37,59,5,117.486946,125.0
37,60,1,117.59335,125.0
37,61,0,123.60728,125.0
37,62,2,114.99833,125.0
37,63,5,118.85697,125.0
37,64,3,120.375114,125.0
37,65,2,99.46676,125.0
37,66,5,114.847984,125.0
37,67,5,113.00277,125.0
37,68,4,120.99186,125.0
37,69,4,124.36091,125.0
37,70,4,118.11251,125.0
37,71,5,123.25465,125.0
37,72,5,123.85678,125.0
37,73,3,127.01342,125.0
37,74,5,121.84664,125.0
37,75,0,114.98733,125.0
37,76,0,126.94376,125.0
37,77,5,123.54412,125.0
37,78,1,132.17424,125.0
37,79,5,132.93852,125.0
37,80,4,126.688545,125.0
37,81,0,118.737816,125.0
37,82,5,121.69791,125.0
37,83,0,108.638435,125.0
37,84,5,110.630745,125.0
37,85,4,113.300804,125.0
37,86,3,113.323616,125.0
37,87,2,110.930046,125.0
37,88,2,116.04203,125.0
37,89,0,124.44152,125.0
37,90,4,115.14141,125.0
37,91,0,121.50713,125.0
37,92,5,123.80185,125.0
37,93,3,121.618355,125.0
37,94,1,127.35685,125.0
37,95,3,127.78052,125.0
37,96,0,121.23185,125.0
37,97,5,125.29365,125.0
37,98,3,124.51006,125.0
37,99,4,121.52867,125.0
37,100,4,115.0188,125.0
37,101,4,120.477776,125.0
37,102,1,117.963745,125.0
37,103,1,119.024574,125.0
37,104,4,120.18833,125.0
37,105,5,128.33022,125.0
37,106,2,120.93147,125.0
37,107,5,119.87008,125.0
37,108,1,112.56516,125.0
37,109,1,112.059456,125.0
37,110,5,105.297165,125.0
37,111,1,110.843605,125.0
37,112,5,113.26415,125.0
37,113,4,97.214,125.0
37,114,2,100.05917,125.0
37,115,5,113.64385,125.0
37,116,2,124.339645,125.0
37,117,0,123.59834,125.0
37,118,0,114.73812,125.0
37,119,5,111.97387,125.0
37,120,5,104.492035,125.0
37,121,3,119.40408,125.0
37,122,2,115.17272,125.0
37,123,4,124.175575,125.0
37,124,0,125.876175,125.0
37,125,5,120.1787,125.0
37,126,3,120.20434,125.0
37,127,5,116.42246,125.0
37,128,5,96.48484,125.0
37,129,5,96.44967,125.0
37,130,4,111.880264,125.0
37,131,4,119.50823,125.0
37,132,3,111.788994,125.0
37,133,2,97.724846,125.0
37,134,0,112.66079,125.0
37,135,2,104.84723,125.0
37,136,0,107.073524,125.0
37,137,2,107.57524,125.0
37,138,5,106.00094,125.0
37,139,0,115.771324,125.0
37,140,3,111.09806,125.0
37,141,3,112.169426,125.0
37,142,5,119.33336,125.0
37,143,5,115.196075,125.0
37,144,2,113.23419,125.0
37,145,2,109.66309,125.0
37,146,2,108.66047,125.0
37,147,2,107.21786,125.0
37,148,0,125.79908,125.0
37,149,4,125.38322,125.0
37,150,5,116.65616,125.0
37,151,0,123.46901,125.0
37,152,5,127.08646,125.0
37,153,1,125.50835,125.0
37,154,2,118.48383,125.0
37,155,5,124.61289,125.0
37,156,5,127.97446,125.0
37,157,0,128.73846,125.0
37,158,0,128.58698,125.0
37,159,5,131.65915,125.0
37,160,2,128.6251,125.0
37,161,5,121.08396,125.0
37,162,4,121.623764,125.0
37,163,5,122.41555,125.0
37,164,5,127.745346,125.0
37,165,1,122.8352,125.0
37,166,2,120.14244,125.0
37,167,0,127.68428,125.0
37,168,5,125.205315,125.0
37,169,1,128.10332,125.0
37,170,0,123.54081,125.0
37,171,4,128.3457,125.0
37,172,2,131.67712,125.0
37,173,5,131.11252,125.0
37,174,4,125.23078,125.0
37,175,1,120.619896,125.0
37,176,1,118.85197,125.0
37,177,5,118.99539,125.0
37,178,3,106.88567,125.0
37,179,5,115.42223,125.0
37,180,2,115.46666,125.0
37,181,5,119.052864,125.0
37,182,4,124.65173,125.0
37,183,5,118.75924,125.0
37,184,3,125.18548,125.0
37,185,0,125.85975,125.0
37,186,1,122.545006,125.0
37,187,5,122.23773,125.0
37,188,4,123.57132,125.0
37,189,1,118.45307,125.0
37,190,2,124.34892,125.0
37,191,4,126.86771,125.0
37,192,3,118.92149,125.0
37,193,0,108.7548,125.0
37,194,5,101.1262,125.0
37,195,4,89.81907,125.0
37,196,5,114.738,125.0
37,197,0,116.32452,125.0
37,198,3,124.05593,125.0
37,199,2,125.722855,125.0
37,200,3,118.30863,125.0
37,201,0,120.691536,125.0
37,202,3,125.1132,125.0
37,203,4,120.536285,125.0
37,204,3,126.85873,125.0
37,205,5,123.04714,125.0
37,206,0,122.50707,125.0
37,207,3,113.84351,125.0
37,208,4,115.17834,125.0
37,209,0,115.36409,125.0
37,210,3,106.748314,125.0
37,211,4,108.70614,125.0
37,212,2,125.99407,125.0
37,213,4,124.18937,125.0
37,214,3,128.0407,125.0
37,215,1,112.99796,125.0
37,216,0,123.81798,125.0
37,217,2,120.95637,125.0
37,218,3,118.29571,125.0
37,219,3,118.13113,125.0
37,220,5,116.90183,125.0
37,221,2,123.49225,125.0
37,222,5,118.647545,125.0
37,223,5,118.365456,125.0
37,224,2,111.132706,125.0
37,225,2,104.2503,125.0
37,226,0,102.80141,125.0
37,227,0,113.94908,125.0
37,228,5,108.78115,125.0
37,229,5,92.794106,125.0
37,230,0,91.54806,125.0
37,231,5,88.943535,125.0
37,232,4,90.08446,125.0
37,233,4,92.337074,125.0
37,234,1,99.955315,125.0
37,235,4,80.8258,125.0
37,236,5,99.70319,125.0
37,237,4,106.007034,125.0
37,238,2,95.68377,125.0
37,239,1,106.95609,125.0
37,240,2,108.845276,125.0
37,241,5,100.21749,125.0
37,242,5,101.70913,125.0
37,243,2,105.20762,125.0
37,244,0,116.61822,125.0
37,245,4,123.9652,125.0
37,246,5,114.21981,125.0
37,247,2,127.93674,125.0
37,248,4,122.75474,125.0
37,249,4,120.739746,125.0
37,250,2,124.82621,125.0
37,251,3,123.28594,125.0
37,252,0,125.01817,125.0
37,253,5,126.801765,125.0
37,254,0,131.61237,125.0
37,255,2,128.33928,125.0
37,256,5,126.49984,125.0
37,257,0,123.19281,125.0
37,258,5,134.28839,125.0
37,259,0,122.23037,125.0
37,260,5,120.78457,125.0
37,261,1,125.90131,125.0
37,262,3,129.32858,125.0
37,263,3,118.86236,125.0
37,264,3,116.63836,125.0
37,265,2,114.66567,125.0
37,266,0,112.08108,125.0
37,267,5,104.38749,125.0
37,268,0,103.5215,125.0
37,269,1,114.50491,125.0
37,270,4,114.429794,125.0
37,271,4,114.140335,125.0
37,272,1,105.89973,125.0
37,273,0,116.02187,125.0
37,274,5,118.0167,125.0
37,275,2,126.045166,125.0
37,276,3,126.52837,125.0
37,277,4,119.14802,125.0
37,278,3,112.060074,125.0
37,279,2,111.193146,125.0
37,280,3,117.16315,125.0
37,281,5,107.32655,125.0
37,282,5,106.07958,125.0
37,283,2,118.06425,125.0
37,284,3,101.87821,125.0
37,285,3,92.17234,125.0
37,286,1,81.67154,125.0
37,287,3,92.24884,125.0
37,288,5,96.11314,125.0
37,289,2,98.507225,125.0
37,290,2,109.30335,125.0
37,291,1,96.52104,125.0
37,292,5,102.715355,125.0
37,293,1,97.804344,125.0
37,294,2,95.14794,125.0
37,295,5,84.927605,125.0
37,296,0,72.62618,125.0
37,297,0,77.53113,125.0
37,298,1,84.63105,125.0
37,299,0,79.35419,125.0
37,300,4,85.12301,125.0
37,301,2,75.63076,125.0
37,302,1,85.95931,125.0
37,303,2,94.72398,125.0
37,304,3,100.320595,125.0
37,305,5,91.29959,125.0
37,306,4,94.83582,125.0
37,307,4,90.0037,125.0
37,308,4,85.58195,125.0
37,309,4,103.34088,125.0
37,310,3,103.02357,124.0
37,311,2,95.62176,123.0
37,312,3,94.78197,122.0
37,313,1,83.138245,121.0
37,314,1,63.08262,120.0
37,315,5,85.753525,119.0
37,316,4,94.05043,118.0
37,317,2,87.07247,117.0
37,318,0,95.390495,116.0
37,319,4,85.487434,115.0
37,320,4,72.89207,114.0
37,321,1,63.35441,113.0
37,322,4,59.406677,112.0
37,323,1,73.48444,111.0
37,324,5,57.189743,110.0
37,325,2,49.09851,109.0
37,326,1,59.9371,108.0
37,327,3,51.60416,107.0
37,328,1,61.102135,106.0
37,329,5,52.951706,105.0
37,330,2,70.381584,104.0
37,331,1,58.17302,103.0
37,332,5,67.51972,102.0
37,333,3,66.485,101.0
37,334,2,66.90318,100.0
37,335,1,59.848534,99.0
37,336,2,76.74233,98.0
37,337,0,69.39289,97.0
37,338,4,63.041393,96.0
37,339,1,47.371643,95.0
37,340,0,46.780655,94.0
37,341,5,53.808838,93.0
37,342,1,59.97738,92.0
37,343,3,62.855095,91.0
37,344,4,69.05936,90.0
37,345,5,66.59475,89.0
38,36,3,122.29571,100.0
38,37,2,118.93496,99.0
38,38,2,122.687035,98.0
38,39,1,123.67971,97.0
38,40,1,115.52238,96.0
38,41,5,110.66863,95.0
38,42,1,119.83733,94.0
38,43,2,102.41007,93.0
38,44,0,100.90208,92.0
38,45,2,92.24796,91.0
38,46,2,89.81165,90.0
38,47,1,100.71153,89.0
38,48,5,115.182205,88.0
38,49,1,106.732994,87.0
38,50,1,105.862946,86.0
38,51,5,100.5752,85.0
38,52,4,115.51774,84.0
38,53,2,113.40066,83.0
38,54,1,96.52322,82.0
38,55,5,117.28727,81.0
38,56,0,117.59258,80.0
38,57,1,111.726685,79.0
38,58,1,120.235466,78.0
38,59,3,113.280014,77.0
38,60,2,107.38861,76.0
38,61,5,104.00402,75.0
38,62,4,103.97387,74.0
38,63,5,116.27846,73.0
38,64,4,106.52892,72.0
38,65,5,114.08494,71.0
38,66,4,111.28239,70.0
38,67,3,121.40318,69.0
38,68,0,109.51055,68.0
38,69,1,115.30189,67.0
38,70,2,115.39017,66.0
38,71,1,121.18972,65.0
38,72,3,110.07017,64.0
38,73,5,107.69836,63.0
38,74,3,96.14895,62.0
38,75,5,95.30746,61.0
38,76,0,94.858955,60.0
38,77,4,89.84496,59.0
38,78,5,96.262146,58.0
38,79,5,100.25093,57.0
38,80,3,92.7277,56.0
38,81,0,105.97673,55.0
38,82,5,96.83076,54.0
38,83,2,87.57975,53.0
38,84,1,108.03569,52.0
38,85,0,99.67704,51.0
38,86,0,108.20206,50.0
38,87,4,93.55605,49.0
38,88,2,89.79568,48.0
38,89,5,94.03508,47.0
38,90,2,102.57502,46.0
38,91,2,86.1203,45.0
38,92,0,78.14463,44.0
38,93,5,54.624382,43.0
38,94,1,74.773155,42.0
38,95,4,32.874,41.0
38,96,5,44.26246,40.0
38,97,0,61.669243,39.0
38,98,0,39.44069,38.0
38,99,0,29.236334,37.0
38,100,1,37.57235,36.0
38,101,5,28.340647,35.0
38,102,5,40.78189,34.0
38,103,0,32.071953,33.0
38,104,3,23.823679,32.0
38,105,0,18.433844,31.0
38,106,3,24.308514,30.0
38,107,2,27.83167,29.0
38,108,4,25.44688,28.0
38,109,2,35.875137,27.0
38,110,1,33.42425,26.0
38,111,0,35.667797,25.0
38,112,2,38.924736,24.0
38,113,2,21.485533,23.0
38,114,5,19.83521,22.0
38,115,2,16.940832,21.0
38,116,0,14.244255,20.0
38,117,3,7.7898655,19.0
38,118,0,7.673469,18.0
38,119,4,9.541017,17.0
38,120,5,10.983963,16.0
38,121,3,10.001211,15.0
38,122,2,14.530575,14.0
38,123,5,6.737808,13.0
38,124,5,8.678813,12.0
38,125,0,7.6682873,11.0
39,36,3,126.233315,125.0
39,37,1,125.82584,125.0
39,38,1,118.48841,125.0
39,39,4,119.713104,125.0
39,40,3,118.252075,125.0
39,41,5,112.551704,125.0
39,42,1,123.11922,125.0
39,43,2,121.0347,125.0
39,44,5,121.299736,125.0
39,45,5,111.19036,125.0
39,46,5,101.565636,125.0
39,47,2,113.18658,125.0
39,48,0,124.68227,125.0
39,49,3,114.24813,125.0
39,50,0,117.35137,125.0
39,51,5,123.12864,125.0
39,52,3,114.086845,125.0
39,53,0,109.94387,125.0
39,54,1,108.58054,125.0
39,55,2,113.2877,125.0
39,56,5,112.63627,125.0
39,57,2,116.04255,125.0
39,58,1,120.158844,125.0
39,59,0,117.223335,125.0
39,60,3,118.42017,125.0
39,61,4,110.356285,125.0
39,62,2,113.56956,125.0
39,63,5,106.11111,125.0
39,64,5,118.923134,125.0
39,65,5,121.42016,125.0
39,66,4,114.59585,125.0
39,67,4,113.13462,125.0
39,68,3,118.78794,125.0
39,69,0,111.16311,125.0
39,70,5,109.28898,125.0
39,71,3,109.61315,125.0
39,72,1,110.62211,125.0
39,73,2,115.5503,125.0
39,74,3,118.07277,125.0
39,75,1,127.71592,125.0
39,76,5,122.39103,125.0
39,77,5,117.70568,125.0
39,78,1,119.913704,125.0
39,79,0,114.63615,125.0
39,80,2,108.71166,125.0
39,81,0,114.396576,125.0
39,82,1,117.38098,125.0
39,83,5,108.85467,125.0
39,84,5,110.0664,125.0
39,85,5,114.021935,125.0
39,86,1,106.14656,125.0
39,87,5,97.29827,125.0
39,88,4,102.0541,125.0
39,89,0,106.45341,125.0
39,90,5,114.11552,125.0
39,91,1,109.647514,125.0
39,92,0,113.39832,125.0
39,93,1,115.9504,125.0
39,94,0,109.05467,125.0
39,95,0,122.36021,125.0
39,96,1,120.85241,125.0
39,97,5,117.10963,125.0
39,98,5,123.745155,125.0
39,99,4,119.264885,125.0
39,100,5,125.71547,125.0
39,101,5,122.67602,125.0
39,102,1,126.96478,125.0
39,103,4,126.61407,125.0
39,104,2,128.02333,125.0
39,105,0,115.87507,125.0
39,106,2,114.20551,125.0
39,107,2,109.584526,125.0
39,108,0,120.14079,125.0
39,109,3,129.26132,125.0
39,110,5,120.11159,125.0
39,111,4,128.32811,125.0
39,112,0,128.1032,125.0
39,113,1,113.52464,125.0
39,114,0,116.8999,125.0
39,115,1,112.61904,125.0
39,116,2,127.600624,125.0
39,117,5,118.00236,125.0
39,118,3,126.70326,125.0
39,119,5,129.83499,125.0
39,120,0,128.77245,125.0
39,121,4,119.65092,125.0
39,122,2,119.066574,125.0
39,123,1,118.51748,125.0
39,124,5,126.56881,125.0
39,125,2,126.731926,125.0
39,126,0,125.80039,125.0
39,127,4,129.1113,125.0
39,128,4,124.005646,125.0
39,129,5,120.57624,125.0
39,130,3,119.38903,125.0
39,131,3,111.94512,125.0
39,132,0,109.09188,125.0
39,133,2,119.08733,125.0
39,134,4,114.12235,125.0
39,135,5,117.14811,125.0
39,136,2,123.15542,125.0
39,137,5,93.26254,125.0
39,138,0,114.99396,125.0
39,139,3,116.8397,125.0
39,140,5,118.681465,125.0
39,141,3,110.950455,125.0
39,142,3,103.35577,125.0
39,143,2,109.330696,125.0
39,144,5,105.96435,125.0
39,145,5,104.337006,125.0
39,146,1,109.727806,125.0
39,147,4,112.0542,125.0
39,148,2,97.755,125.0
39,149,0,108.21794,125.0
39,150,0,93.26479,125.0
39,151,2,92.91604,125.0
39,152,5,85.55837,125.0
39,153,5,78.96336,125.0
39,154,4,85.75392,125.0
39,155,0,97.38715,125.0
39,156,3,92.79873,125.0
39,157,1,96.13581,125.0
39,158,1,98.62734,125.0
39,159,4,95.07982,125.0
39,160,3,100.20533,125.0
39,161,0,111.79595,125.0
39,162,5,101.91106,125.0
39,163,2,107.9226,125.0
39,164,5,108.444405,125.0
39,165,4,119.606155,125.0
39,166,5,116.284805,125.0
39,167,4,109.3493,125.0
39,168,5,107.51263,125.0
39,169,2,109.36996,125.0
39,170,2,109.57908,125.0
39,171,5,102.85198,125.0
39,172,0,91.67506,125.0
39,173,2,97.60964,125.0
39,174,1,96.77418,125.0
39,175,3,99.26475,125.0
39,176,5,99.17463,125.0
39,177,3,101.084335,125.0
39,178,5,94.20727,125.0
39,179,2,71.47929,125.0
39,180,2,79.307274,125.0
39,181,3,74.93325,125.0
39,182,1,69.50814,125.0
39,183,5,80.78741,125.0
39,184,2,67.406944,125.0
39,185,3,64.5523,125.0
39,186,2,71.336975,125.0
39,187,3,64.0629,125.0
39,188,4,71.18087,125.0
39,189,5,77.85421,125.0
39,190,4,93.915245,125.0
39,191,5,93.79827,125.0
39,192,4,97.55073,125.0
39,193,1,97.5675,125.0
39,194,5,62.536602,125.0
39,195,1,82.89603,125.0
39,196,1,90.22285,125.0
39,197,2,83.147194,125.0
39,198,4,94.0628,125.0
39,199,4,90.90739,125.0
39,200,5,88.46875,125.0
39,201,5,97.01734,125.0
39,202,0,90.59664,125.0
39,203,3,96.636635,125.0
39,204,2,100.95913,125.0
39,205,2,108.22204,125.0
39,206,2,93.82896,125.0
39,207,0,83.16296,125.0
39,208,0,78.3185,125.0
39,209,1,69.61858,125.0
39,210,4,58.237473,125.0
39,211,4,74.16236,125.0
39,212,5,67.68157,125.0
39,213,5,80.420906,125.0
39,214,2,66.56149,125.0
40,36,5,92.76493,125.0
40,37,4,109.34242,125.0
40,38,5,123.36611,125.0
40,39,2,108.61855,125.0
40,40,3,124.20838,125.0
40,41,2,118.38164,125.0
40,42,4,116.73704,125.0
40,43,0,124.96273,125.0
40,44,3,127.76699,125.0
40,45,2,124.50055,125.0
40,46,3,132.71204,125.0
40,47,4,124.02256,125.0
40,48,3,117.454185,125.0
40,49,5,126.45152,125.0
40,50,4,104.659904,125.0
40,51,0,99.1454,125.0
40,52,5,118.28036,125.0
40,53,0,107.700294,125.0
40,54,1,116.79879,125.0
40,55,2,119.66817,125.0
40,56,3,109.83286,125.0
40,57,3,120.97846,125.0
40,58,2,122.80225,125.0
40,59,4,112.78545,125.0
40,60,1,127.2013,125.0
40,61,2,110.545815,125.0
40,62,0,132.71262,125.0
40,63,1,133.7307,125.0
40,64,0,128.72452,125.0
40,65,1,126.06757,125.0
40,66,2,125.53723,125.0
40,67,5,114.30906,125.0
40,68,2,118.452324,125.0
40,69,0,109.84675,125.0
40,70,4,110.11497,125.0
40,71,4,118.38496,125.0
40,72,2,116.94957,125.0
40,73,5,112.960625,125.0
40,74,1,124.02177,125.0
40,75,2,112.708405,125.0
40,76,4,122.298874,125.0
40,77,5,114.1993,125.0
40,78,3,114.4723,125.0
40,79,3,122.91633,125.0
40,80,3,129.00945,125.0
40,81,5,123.640884,125.0
40,82,5,122.53205,125.0
40,83,3,120.198364,125.0
40,84,1,124.53303,125.0
40,85,2,129.31192,125.0
40,86,4,115.97323,125.0
40,87,0,121.12104,125.0
40,88,1,122.786125,125.0
40,89,1,118.94378,125.0
40,90,5,115.77448,125.0
40,91,3,120.99479,125.0
40,92,3,122.119804,125.0
40,93,1,109.65093,125.0
40,94,3,117.05894,125.0
40,95,0,123.02953,125.0
40,96,3,123.17747,125.0
40,97,5,123.207115,125.0
40,98,2,125.49047,125.0
40,99,1,121.8379,125.0
40,100,2,122.1152,125.0
40,101,3,123.169624,125.0
40,102,0,125.24183,125.0
40,103,1,128.6205,125.0
40,104,4,124.64724,125.0
40,105,4,122.682396,125.0
40,106,2,113.15954,125.0
40,107,0,114.365486,125.0
40,108,2,114.30253,125.0
40,109,3,128.8044,125.0
40,110,2,123.09227,125.0
40,111,0,120.12278,125.0
40,112,0,109.82481,125.0
40,113,4,125.600296,125.0
40,114,5,121.47278,125.0
40,115,4,112.46412,125.0
40,116,0,126.18315,125.0
40,117,3,123.54429,125.0
40,118,5,123.733315,125.0
40,119,0,118.5047,125.0
40,120,4,117.71787,125.0
40,121,3,116.45708,125.0
40,122,3,112.2454,125.0
40,123,5,110.62856,125.0
40,124,3,110.73407,125.0
40,125,5,100.68459,125.0
40,126,5,105.42524,125.0
40,127,5,96.487854,125.0
40,128,4,103.71212,125.0
40,129,0,104.61097,125.0
40,130,0,116.92356,125.0
40,131,5,104.60321,125.0
40,132,3,100.458244,125.0
40,133,5,89.54229,125.0
40,134,4,88.24837,125.0
40,135,1,96.44617,125.0
40,136,5,100.54438,125.0
40,137,5,112.4821,125.0
40,138,2,116.60034,125.0
40,139,0,117.31834,125.0
40,140,5,103.34839,125.0
40,141,2,107.845436,125.0
40,142,3,107.62207,125.0
40,143,1,90.45341,125.0
40,144,5,95.07114,125.0
40,145,0,98.9703,125.0
40,146,1,71.38882,125.0
40,147,0,78.40528,125.0
40,148,4,81.29241,125.0
40,149,1,75.75924,125.0
40,150,5,86.997795,125.0
40,151,1,76.593864,125.0
40,152,2,71.88732,124.0
40,153,4,82.441574,123.0
40,154,4,85.56866,122.0
40,155,1,64.07102,121.0
40,156,1,42.82846,120.0
40,157,1,43.297913,119.0
40,158,3,50.277542,118.0
40,159,5,76.069176,117.0
40,160,5,75.22641,116.0
40,161,0,95.22547,115.0
40,162,4,92.5212,114.0
40,163,1,90.428734,113.0
40,164,0,95.53477,112.0
40,165,0,107.14039,111.0
40,166,4,97.92314,110.0
40,167,0,97.53753,109.0
40,168,4,96.23486,108.0
40,169,4,94.67408,107.0
40,170,4,94.281685,106.0
40,171,3,93.71998,105.0
40,172,1,95.88484,104.0
40,173,5,92.884544,103.0
40,174,3,96.57857,102.0
40,175,5,83.28477,101.0
40,176,5,103.00468,100.0
40,177,1,101.82343,99.0
40,178,2,110.77681,98.0
40,179,4,108.57746,97.0
40,180,5,104.37844,96.0
40,181,4,105.70051,95.0
40,182,1,98.394585,94.0
40,183,3,99.67275,93.0
40,184,0,87.09826,92.0
40,185,1,72.18545,91.0
40,186,4,67.694176,90.0
40,187,3,65.13229,89.0
40,188,3,59.86543,88.0
40,189,5,44.18609,87.0
40,190,5,66.4094,86.0
40,191,2,55.397823,85.0
40,192,0,62.193398,84.0
40,193,0,71.74316,83.0
40,194,5,60.16295,82.0
40,195,2,54.69647,81.0
40,196,4,51.43821,80.0
40,197,5,52.95768,79.0
40,198,2,58.28721,78.0
40,199,3,64.463356,77.0
40,200,2,57.412247,76.0
40,201,5,49.783707,75.0
40,202,5,48.52298,74.0
40,203,5,59.08194,73.0
40,204,4,55.25197,72.0
40,205,4,57.65786,71.0
40,206,0,65.30387,70.0
40,207,2,64.198654,69.0
40,208,1,71.215706,68.0
40,209,5,66.80033,67.0
40,210,1,68.841446,66.0
40,211,3,70.16967,65.0
40,212,5,61.362133,64.0
40,213,4,59.36423,63.0
40,214,5,61.19777,62.0
40,215,5,63.562218,61.0
40,216,0,58.606544,60.0
40,217,2,56.679264,59.0
40,218,4,55.20581,58.0
40,219,1,60.1539,57.0
40,220,1,51.763615,56.0
40,221,1,43.8804,55.0
40,222,0,39.17302,54.0
40,223,3,42.485363,53.0
40,224,4,30.162119,52.0
40,225,5,24.95433,51.0
40,226,5,32.49326,50.0
40,227,5,35.00435,49.0
40,228,4,32.808807,48.0
40,229,1,40.72058,47.0
40,230,3,39.709015,46.0
40,231,1,33.631165,45.0
40,232,2,42.658173,44.0
40,233,4,40.852615,43.0
40,234,5,34.86428,42.0
40,235,4,30.5171,41.0
40,236,1,30.542841,40.0
40,237,1,30.948856,39.0
40,238,1,21.643484,38.0
40,239,5,23.907476,37.0
40,240,4,19.274279,36.0
40,241,4,19.72856,35.0
40,242,0,12.649944,34.0
40,243,5,17.348448,33.0
40,244,3,18.41745,32.0
40,245,0,21.632921,31.0
40,246,5,14.745304,30.0
40,247,3,18.890375,29.0
40,248,1,14.755732,28.0
40,249,5,20.884855,27.0
40,250,4,18.804905,26.0
40,251,2,16.228153,25.0
40,252,5,14.207058,24.0
40,253,5,15.088741,23.0
40,254,0,13.270338,22.0
40,255,3,14.867414,21.0
40,256,2,17.121176,20.0
40,257,1,13.78792,19.0
40,258,5,13.713631,18.0
40,259,5,13.166319,17.0
40,260,5,17.210762,16.0
40,261,2,15.502945,15.0
40,262,2,13.796006,14.0
40,263,4,12.926125,13.0
40,264,5,12.618259,12.0
40,265,0,12.218491,11.0
40,266,4,14.619435,10.0
41,36,1,103.35171,125.0
41,37,3,107.50051,125.0
41,38,2,90.53132,125.0
41,39,0,106.92272,125.0
41,40,0,104.748405,125.0
41,41,2,103.74035,125.0
41,42,5,70.973495,125.0
41,43,4,95.83279,125.0
41,44,0,97.73193,125.0
41,45,5,105.35123,125.0
41,46,5,91.0667,125.0
41,47,5,87.5977,125.0
41,48,0,98.60114,125.0
41,49,3,93.65817,125.0
41,50,1,114.441956,125.0
41,51,2,125.12406,125.0
41,52,1,124.814804,125.0
41,53,2,127.38958,125.0
41,54,5,124.65359,125.0
41,55,5,120.627945,125.0
41,56,0,124.15842,125.0
41,57,2,127.92012,125.0
41,58,0,123.78268,125.0
41,59,5,123.99035,125.0
41,60,0,121.013756,125.0
41,61,5,130.17691,125.0
41,62,5,121.63623,125.0
41,63,3,125.40548,125.0
41,64,5,124.703636,125.0
41,65,1,125.833824,125.0
41,66,4,123.354546,125.0
41,67,4,127.94538,125.0
41,68,2,124.66637,125.0
41,69,3,126.11785,125.0
41,70,1,125.589615,125.0
41,71,3,127.711136,125.0
41,72,5,123.851204,125.0
41,73,2,131.3147,125.0
41,74,3,119.94645,125.0
41,75,5,122.658325,125.0
41,76,5,127.35528,125.0
41,77,4,124.702484,125.0
41,78,4,126.805176,125.0
41,79,3,127.60365,125.0
41,80,0,128.16284,125.0
41,81,5,121.52451,125.0
41,82,2,126.46601,125.0
41,83,5,128.04404,125.0
41,84,0,116.09883,125.0
41,85,1,118.33181,125.0
41,86,2,115.78457,125.0
41,87,2,117.273026,125.0
41,88,1,113.93276,125.0
41,89,3,113.94008,125.0
41,90,4,112.80336,125.0
41,91,3,123.063126,125.0
41,92,5,127.859474,125.0
41,93,1,121.48803,125.0
41,94,1,116.27787,125.0
41,95,1,119.61277,125.0
41,96,2,111.82327,125.0
41,97,2,111.979065,125.0
41,98,0,109.19472,125.0
41,99,1,102.01825,125.0
41,100,5,110.7235,125.0
41,101,1,95.301506,125.0
41,102,2,105.87512,125.0
41,103,0,101.12547,125.0
41,104,2,94.87298,125.0
41,105,2,87.87148,125.0
41,106,2,88.82072,125.0
41,107,5,100.573875,125.0
41,108,3,116.72001,125.0
41,109,5,102.73046,125.0
41,110,3,114.48528,125.0
41,111,1,117.30746,125.0
41,112,3,116.01316,125.0
41,113,1,125.52911,125.0
41,114,5,128.24574,125.0
41,115,4,129.09302,125.0
41,116,5,126.290016,125.0
41,117,1,116.16126,125.0
41,118,5,125.53093,125.0
41,119,1,123.07711,125.0
41,120,2,117.96906,125.0
41,121,5,117.8988,125.0
41,122,0,124.77847,125.0
41,123,2,126.013466,125.0
41,124,2,130.36554,125.0
41,125,1,124.23244,125.0
41,126,3,127.19283,125.0
41,127,1,123.563095,125.0
41,128,4,120.595116,125.0
41,129,2,113.48061,125.0
41,130,2,118.238625,125.0
41,131,3,120.23233,125.0
41,132,5,114.83751,125.0
41,133,4,119.04652,125.0
41,134,5,114.8229,125.0
41,135,5,115.064445,125.0
41,136,0,117.66082,125.0
41,137,3,121.36692,125.0
41,138,1,127.91875,125.0
41,139,2,129.3692,125.0
41,140,3,124.88611,125.0
41,141,4,125.75382,125.0
41,142,3,120.628716,125.0
41,143,0,126.138954,125.0
41,144,2,118.10015,125.0
41,145,4,115.97429,125.0
41,146,0,116.55404,125.0
41,147,2,123.08681,125.0
41,148,3,118.83224,125.0
41,149,1,116.65941,125.0
41,150,4,117.03114,125.0
41,151,3,119.4699,125.0
41,152,2,127.318,125.0
41,153,2,134.05693,125.0
41,154,2,132.07353,125.0
41,155,1,136.50677,125.0
41,156,5,125.141884,125.0
41,157,3,133.31412,125.0
41,158,0,128.69778,125.0
41,159,5,129.39966,125.0
41,160,0,129.31015,125.0
41,161,5,126.71525,125.0
41,162,1,128.54587,125.0
41,163,4,123.253235,125.0
41,164,3,125.95011,125.0
41,165,5,123.47469,125.0
41,166,5,130.46786,125.0
41,167,1,127.3714,125.0
41,168,2,127.938286,125.0
41,169,2,123.712395,125.0
41,170,5,122.67384,125.0
41,171,5,122.69706,125.0
41,172,3,123.80769,125.0
41,173,3,115.37702,125.0
41,174,0,120.24924,125.0
41,175,1,120.03117,125.0
41,176,3,121.34043,125.0
41,177,4,123.51005,125.0
41,178,4,123.17124,125.0
41,179,5,127.251595,125.0
41,180,1,119.89039,125.0
41,181,2,115.20821,125.0
41,182,2,116.576195,125.0
41,183,5,118.844246,125.0
41,184,3,115.438354,125.0
41,185,5,129.30681,125.0
41,186,5,133.1005,125.0
41,187,4,127.94459,125.0
41,188,3,122.14866,125.0
41,189,0,119.740944,125.0
41,190,3,121.22018,125.0
41,191,4,124.77676,125.0
41,192,3,119.45744,125.0
41,193,2,116.33689,125.0
41,194,3,121.79896,125.0
41,195,1,121.24699,125.0
41,196,2,122.57566,125.0
41,197,4,120.49026,125.0
41,198,0,120.56974,125.0
41,199,2,124.8088,125.0
41,200,4,115.239235,125.0
41,201,1,124.21363,125.0
41,202,0,125.00166,125.0
41,203,0,127.950134,125.0
41,204,5,129.30057,125.0
41,205,3,127.06237,125.0
41,206,1,121.20588,125.0
41,207,4,125.06932,125.0
41,208,4,122.42141,125.0
41,209,3,130.47473,125.0
41,210,1,130.47292,125.0
41,211,0,122.830574,125.0
41,212,5,128.10466,125.0
41,213,5,125.38622,125.0
41,214,3,126.11492,125.0
41,215,3,128.1127,125.0
41,216,0,117.3087,125.0
41,217,0,120.18634,125.0
41,218,2,128.23743,125.0
41,219,0,122.97921,125.0
41,220,2,125.91398,125.0
41,221,0,121.85728,125.0
41,222,1,123.79717,125.0
41,223,5,127.6489,125.0
41,224,5,124.22378,125.0
41,225,5,108.6041,125.0
41,226,1,117.307,125.0
41,227,2,121.88476,125.0
41,228,5,117.15333,125.0
41,229,5,96.985176,125.0
41,230,5,96.044685,125.0
41,231,0,103.10856,125.0
41,232,5,100.65829,125.0
41,233,5,105.375435,125.0
41,234,0,110.39359,125.0
41,235,5,106.57699,125.0
41,236,5,99.169624,125.0
41,237,3,106.345924,125.0
41,238,1,125.86733,125.0
41,239,0,119.74563,125.0
41,240,5,115.37548,125.0
41,241,4,122.34767,125.0
41,242,5,121.812126,125.0
41,243,1,123.98847,125.0
41,244,5,132.61429,125.0
41,245,2,125.41901,125.0
41,246,0,129.42627,125.0
41,247,2,121.766426,125.0
41,248,2,127.66974,125.0
41,249,2,131.31795,125.0
41,250,5,129.95462,125.0
41,251,3,119.085106,125.0
41,252,1,120.977715,125.0
41,253,1,108.71644,125.0
41,254,5,116.58936,125.0
41,255,5,107.72588,125.0
41,256,5,114.141685,125.0
41,257,1,108.67901,125.0
41,258,1,101.754395,125.0
41,259,0,86.32221,125.0
41,260,1,84.49999,125.0
41,261,5,99.63296,125.0
41,262,5,95.39831,125.0
41,263,4,99.99436,125.0
41,264,0,109.50605,125.0
41,265,5,109.198204,125.0
41,266,5,113.57307,125.0
41,267,0,108.79023,125.0
41,268,5,118.51324,125.0
41,269,1,108.059586,125.0
41,270,3,117.40481,125.0
41,271,1,113.26389,125.0
41,272,5,124.249275,125.0
41,273,1,124.38413,125.0
41,274,4,118.11831,125.0
41,275,0,109.69458,125.0
41,276,4,109.68925,125.0
41,277,0,112.56488,125.0
41,278,5,112.47386,125.0
41,279,4,90.314644,125.0
41,280,0,102.22875,125.0
41,281,4,101.424904,125.0
41,282,0,109.50465,125.0
41,283,5,107.60769,125.0
41,284,5,108.964165,125.0
41,285,1,122.79142,125.0
41,286,0,122.66422,125.0
41,287,4,121.870766,125.0
41,288,1,121.19109,125.0
41,289,0,124.04879,125.0
41,290,4,113.58227,125.0
41,291,5,117.947655,125.0
41,292,3,121.04229,125.0
41,293,5,124.7689,125.0
41,294,2,127.035675,125.0
41,295,4,131.11908,125.0
41,296,5,125.8016,125.0
41,297,1,132.2414,125.0
41,298,5,128.47824,125.0
41,299,0,130.57996,125.0
41,300,4,125.60532,125.0
41,301,3,125.19465,125.0
41,302,5,131.01587,125.0
41,303,5,123.098274,125.0
41,304,0,125.264496,125.0
41,305,0,132.66812,125.0
41,306,5,123.93597,125.0
41,307,0,125.74983,125.0
41,308,2,113.73823,125.0
41,309,5,98.90612,125.0
41,310,4,126.90511,125.0
41,311,4,122.615685,125.0
41,312,1,123.797325,125.0
41,313,0,130.01093,125.0
41,314,4,125.37008,125.0
41,315,2,128.0418,125.0
41,316,1,123.91727,125.0
41,317,5,115.46772,125.0
41,318,5,112.275734,125.0
41,319,0,116.60682,125.0
41,320,4,110.04745,125.0
41,321,5,115.24699,125.0
41,322,1,117.70862,125.0
41,323,5,114.06096,125.0
41,324,4,92.61965,125.0
41,325,1,109.10244,125.0
41,326,3,110.62621,125.0
41,327,5,121.56606,125.0
41,328,1,119.63129,125.0
41,329,3,116.174446,125.0
41,330,1,105.3408,125.0
41,331,5,107.3536,125.0
41,332,4,115.12226,125.0
41,333,4,105.002754,125.0
41,334,0,115.99705,125.0
41,335,5,109.40763,125.0
41,336,5,113.16737,125.0
41,337,2,115.7467,125.0
41,338,5,123.47874,125.0
41,339,3,126.20301,125.0
41,340,3,121.52798,125.0
41,341,5,121.1442,125.0
41,342,5,123.55359,125.0
41,343,4,116.83937,125.0
41,344,4,112.71024,125.0
41,345,4,98.74898,125.0
41,346,5,99.99449,125.0
41,347,3,98.8794,125.0
41,348,4,84.27071,125.0
41,349,5,103.25492,125.0
41,350,1,98.38329,125.0
41,351,1,106.47134,125.0
41,352,3,107.723076,125.0
41,353,4,110.51136,125.0
41,354,3,109.55985,125.0
41,355,5,115.33022,125.0
41,356,5,117.0561,125.0
41,357,4,116.54326,125.0
41,358,4,104.31004,125.0
41,359,5,108.56063,125.0
41,360,2,94.94257,125.0
41,361,1,95.933586,125.0
41,362,3,113.96739,125.0
41,363,2,107.42606,125.0
41,364,5,108.397804,125.0
41,365,4,108.64283,125.0
41,366,5,103.07113,125.0
41,367,1,98.80492,125.0
41,368,3,87.54914,125.0
41,369,5,94.23673,125.0
41,370,5,94.91665,125.0
41,371,2,96.405014,125.0
41,372,3,104.36083,125.0
41,373,4,101.3708,125.0
41,374,4,97.12653,125.0
41,375,3,98.393684,125.0
41,376,4,101.74001,125.0
41,377,2,96.01667,125.0
41,378,1,103.350815,125.0
41,379,4,88.32914,125.0
41,380,5,78.41994,125.0
41,381,0,102.642876,125.0
41,382,5,98.90521,125.0
41,383,5,97.73345,125.0
41,384,2,82.24446,125.0
41,385,3,87.844955,125.0
41,386,0,100.8254,125.0
41,387,1,101.20076,124.0
41,388,1,103.342186,123.0
41,389,1,84.78013,122.0
41,390,0,79.0599,121.0
41,391,5,65.472145,120.0
41,392,2,81.94665,119.0
41,393,5,103.432274,118.0
41,394,0,102.88801,117.0
41,395,3,113.75526,116.0
41,396,3,99.23568,115.0
41,397,4,87.48516,114.0
41,398,4,89.192924,113.0
41,399,0,96.222336,112.0
41,400,0,100.04286,111.0
41,401,1,94.670845,110.0
41,402,0,98.435555,109.0
41,403,4,97.121605,108.0
41,404,1,83.1852,107.0
41,405,4,74.16779,106.0
41,406,3,64.772194,105.0
41,407,4,67.35605,104.0
41,408,2,77.47031,103.0
41,409,1,56.04763,102.0
41,410,5,65.784676,101.0
41,411,2,59.652985,100.0
41,412,4,65.981514,99.0
41,413,0,63.01865,98.0
41,414,3,64.1726,97.0
42,36,0,90.73124,125.0
42,37,0,96.78234,125.0
42,38,3,86.96212,125.0
42,39,5,78.89106,125.0
42,40,5,87.648056,125.0
42,41,5,72.88731,125.0
42,42,1,104.42318,125.0
42,43,0,105.516014,125.0
42,44,1,111.978294,125.0
42,45,4,114.47434,125.0
42,46,1,113.27134,125.0
42,47,4,130.88126,125.0
42,48,4,133.10713,125.0
42,49,2,130.89168,125.0
42,50,1,109.60296,125.0
42,51,5,113.80402,125.0
42,52,4,101.08011,125.0
42,53,1,102.29783,125.0
42,54,0,105.569916,125.0
42,55,1,79.53616,125.0
42,56,0,81.65154,125.0
42,57,5,109.69332,125.0
42,58,4,101.16752,125.0
42,59,5,115.28846,125.0
42,60,5,119.036705,125.0
42,61,5,113.39286,125.0
42,62,0,115.22993,125.0
42,63,5,88.385284,125.0
42,64,5,112.018776,125.0
42,65,1,118.08126,125.0
42,66,2,114.1351,125.0
42,67,5,113.060005,125.0
42,68,5,123.11117,125.0
42,69,2,118.47067,125.0
42,70,2,86.53828,125.0
42,71,0,102.45208,125.0
42,72,1,110.96104,125.0
42,73,4,124.494576,125.0
42,74,0,121.25053,125.0
42,75,4,116.10257,125.0
42,76,1,119.10393,125.0
42,77,2,107.49554,125.0
42,78,0,115.65081,125.0
42,79,2,93.81742,125.0
42,80,3,101.58559,125.0
42,81,5,113.06875,125.0
42,82,1,113.28686,125.0
42,83,0,108.91575,125.0
42,84,4,105.25907,125.0
42,85,0,104.5678,125.0
42,86,5,121.58285,125.0
42,87,5,115.83314,125.0
42,88,1,119.28979,125.0
42,89,3,121.0741,125.0
42,90,2,117.85483,125.0
42,91,2,110.08988,125.0
42,92,3,112.0179,125.0
42,93,1,110.12389,125.0
42,94,5,127.80985,125.0
42,95,3,125.82754,125.0
42,96,4,119.390114,125.0
42,97,1,123.27589,125.0
42,98,4,119.96145,125.0
42,99,2,125.09089,125.0
42,100,5,118.1244,125.0
42,101,3,125.598236,125.0
42,102,1,122.3471,125.0
42,103,1,123.25985,125.0
42,104,5,125.921974,125.0
42,105,2,122.23598,125.0
42,106,3,121.25042,124.0
42,107,1,119.02558,123.0
42,108,2,117.37099,122.0
42,109,5,123.850365,121.0
42,110,5,125.52808,120.0
42,111,0,122.705734,119.0
42,112,5,116.11308,118.0
42,113,3,110.23857,117.0
42,114,0,97.72166,116.0
42,115,5,105.89587,115.0
42,116,0,87.73092,114.0
42,117,3,91.90449,113.0
42,118,3,105.77851,112.0
42,119,5,97.21639,111.0
42,120,1,96.15916,110.0
42,121,3,102.47444,109.0
42,122,3,99.44579,108.0
42,123,4,101.74525,107.0
42,124,0,103.00463,106.0
42,125,5,106.007805,105.0
42,126,0,100.62382,104.0
42,127,3,110.32079,103.0
42,128,4,102.20125,102.0
42,129,1,110.52474,101.0
42,130,5,121.78214,100.0
42,131,5,115.36617,99.0
42,132,5,102.561714,98.0
42,133,1,120.89448,97.0
42,134,0,109.39625,96.0
42,135,2,117.36451,95.0
42,136,5,121.70196,94.0
42,137,3,119.79589,93.0
42,138,2,130.59056,92.0
42,139,3,127.02685,91.0
42,140,1,117.11763,90.0
42,141,3,108.54179,89.0
42,142,5,116.37068,88.0
42,143,1,114.93797,87.0
42,144,5,110.38544,86.0
42,145,5,108.980255,85.0
42,146,0,118.02394,84.0
42,147,0,109.59861,83.0
42,148,1,115.02291,82.0
42,149,3,125.03579,81.0
42,150,4,118.61501,80.0
42,151,5,116.45069,79.0
42,152,5,107.896736,78.0
42,153,1,111.31719,77.0
42,154,3,117.942825,76.0
42,155,5,110.56585,75.0
42,156,5,108.6493,74.0
42,157,3,111.06563,73.0
42,158,5,112.189766,72.0
42,159,3,108.875626,71.0
42,160,5,116.9179,70.0
42,161,0,110.57987,69.0
42,162,1,108.459984,68.0
42,163,5,117.494225,67.0
42,164,2,113.292076,66.0
42,165,1,117.08934,65.0
42,166,1,118.4522,64.0
42,167,5,120.62628,63.0
42,168,2,121.20269,62.0
42,169,1,122.165,61.0
42,170,4,114.81286,60.0
42,171,2,112.47083,59.0
42,172,3,117.58932,58.0
42,173,2,120.84373,57.0
42,174,5,115.40806,56.0
42,175,0,113.16192,55.0
42,176,4,103.182495,54.0
42,177,5,83.34418,53.0
42,178,1,85.21191,52.0
42,179,0,92.09663,51.0
42,180,1,69.76654,50.0
42,181,1,101.99046,49.0
42,182,3,97.390594,48.0
42,183,1,93.88024,47.0
42,184,3,72.20794,46.0
42,185,1,55.106525,45.0
42,186,2,83.53626,44.0
42,187,2,72.59604,43.0
42,188,5,73.77512,42.0
42,189,5,103.77334,41.0
42,190,0,101.41164,40.0
42,191,2,116.95643,39.0
42,192,5,115.59503,38.0
42,193,1,103.591965,37.0
42,194,1,99.3339,36.0
42,195,1,91.897224,35.0
42,196,0,106.59991,34.0
42,197,4,100.84208,33.0
42,198,5,86.15911,32.0
42,199,2,92.28091,31.0
42,200,4,68.692726,30.0
43,36,1,101.17007,125.0
43,37,5,111.66167,125.0
43,38,2,122.15204,124.0
43,39,5,119.19224,123.0
43,40,2,117.83602,122.0
43,41,0,109.55445,121.0
43,42,1,98.33023,120.0
43,43,4,110.250145,119.0
43,44,3,92.69227,118.0
43,45,3,93.73044,117.0
43,46,5,120.002174,116.0
43,47,2,112.30446,115.0
43,48,3,97.06006,114.0
43,49,0,109.67867,113.0
43,50,0,85.58902,112.0
43,51,3,109.64667,111.0
43,52,2,106.263084,110.0
43,53,5,111.34695,109.0
43,54,1,111.34963,108.0
43,55,5,118.163315,107.0
43,56,5,120.310486,106.0
43,57,0,124.02195,105.0
43,58,4,118.7013,104.0
43,59,1,125.08029,103.0
43,60,0,126.00157,102.0
43,61,5,125.62638,101.0
43,62,5,120.783295,100.0
43,63,2,123.60616,99.0
43,64,0,121.19402,98.0
43,65,1,121.374245,97.0
43,66,4,123.27477,96.0
43,67,4,124.949104,95.0
43,68,3,124.05785,94.0
43,69,0,125.17417,93.0
43,70,1,114.87787,92.0
43,71,4,115.69961,91.0
43,72,5,112.07505,90.0
43,73,1,98.39093,89.0
43,74,1,99.76126,88.0
43,75,1,96.66819,87.0
43,76,3,94.16984,86.0
43,77,5,110.941,85.0
43,78,5,111.141884,84.0
43,79,1,102.25564,83.0
43,80,5,112.67529,82.0
43,81,1,100.70713,81.0
43,82,5,112.60997,80.0
43,83,1,116.11508,79.0
43,84,3,112.82133,78.0
43,85,2,124.99034,77.0
43,86,1,117.38147,76.0
43,87,5,124.08939,75.0
43,88,3,118.850555,74.0
43,89,5,118.817024,73.0
43,90,0,118.97349,72.0
43,91,5,99.25677,71.0
43,92,5,85.97859,70.0
43,93,5,94.19373,69.0
43,94,3,100.728096,68.0
43,95,0,75.26662,67.0
43,96,5,96.88059,66.0
43,97,1,81.19279,65.0
43,98,2,80.231514,64.0
43,99,0,77.2993,63.0
43,100,5,70.730736,62.0
43,101,1,89.516304,61.0
43,102,5,98.11021,60.0
43,103,5,70.302826,59.0
43,104,0,54.74593,58.0
43,105,4,59.143536,57.0
43,106,5,71.47275,56.0
43,107,2,54.43034,55.0
43,108,4,42.060135,54.0
43,109,2,49.96124,53.0
43,110,5,42.47544,52.0
43,111,3,84.84377,51.0
43,112,5,85.18503,50.0
43,113,5,102.2687,49.0
43,114,4,103.4648,48.0
43,115,4,94.485146,47.0
43,116,0,94.564674,46.0
43,117,4,94.47322,45.0
43,118,4,94.122765,44.0
43,119,1,99.21196,43.0
43,120,4,103.677925,42.0
44,36,2,114.44605,125.0
44,37,0,118.33904,125.0
44,38,5,113.68138,125.0
44,39,4,112.32438,125.0
44,40,5,115.57404,125.0
44,41,4,122.169624,125.0
44,42,4,124.12185,125.0
44,43,5,116.957924,125.0
44,44,2,115.49799,125.0
44,45,5,105.52599,125.0
44,46,5,109.01079,125.0
44,47,1,120.45927,125.0
44,48,3,122.54174,125.0
44,49,4,119.46252,125.0
44,50,5,117.12902,125.0
44,51,5,108.90098,125.0
44,52,5,119.97553,125.0
44,53,5,114.48754,125.0
44,54,5,114.66508,125.0
44,55,1,109.71001,125.0
44,56,0,125.880554,125.0
44,57,2,124.104485,125.0
44,58,5,123.23847,125.0
44,59,5,115.878975,125.0
44,60,3,111.13568,125.0
44,61,2,117.01525,125.0
44,62,5,115.74418,125.0
44,63,2,107.96496,125.0
44,64,3,109.80967,125.0
44,65,0,123.4071,125.0
44,66,0,121.031685,125.0
44,67,3,120.08663,125.0
44,68,2,124.330986,125.0
44,69,4,125.21398,125.0
44,70,0,128.44487,125.0
44,71,3,126.69836,125.0
44,72,5,126.110146,125.0
44,73,1,114.26686,125.0
44,74,5,113.6668,125.0
44,75,1,118.18908,125.0
44,76,2,122.74641,125.0
44,77,2,116.80253,125.0
44,78,1,117.89265,125.0
44,79,2,123.2036,125.0
44,80,2,111.74938,125.0
44,81,1,97.36378,125.0
44,82,0,105.03048,125.0
44,83,4,88.3287,125.0
44,84,1,95.59571,125.0
44,85,3,88.78149,125.0
44,86,5,115.62362,125.0
44,87,1,114.93177,125.0
44,88,5,131.33533,125.0
44,89,0,119.12246,125.0
44,90,5,114.0653,125.0
44,91,4,115.956375,125.0
44,92,0,128.22934,125.0
44,93,3,118.682625,125.0
44,94,3,128.96028,125.0
44,95,4,122.64205,125.0
44,96,0,116.64645,125.0
44,97,3,119.71756,125.0
44,98,4,133.30106,125.0
44,99,5,119.87889,125.0
44,100,0,128.8869,125.0
44,101,3,120.56721,125.0
44,102,1,116.25961,125.0
44,103,3,120.40596,125.0
44,104,1,118.626564,125.0
44,105,5,116.64619,125.0
44,106,5,119.232445,125.0
44,107,1,117.60965,125.0
44,108,5,111.9381,125.0
44,109,5,102.714226,125.0
44,110,3,86.5486,125.0
44,111,4,96.669426,125.0
44,112,4,113.26794,125.0
44,113,2,117.11844,125.0
44,114,4,112.21427,125.0
44,115,4,120.90525,125.0
44,116,2,121.48467,125.0
44,117,0,119.78592,125.0
44,118,5,104.88571,125.0
44,119,1,119.015816,125.0
44,120,2,121.53945,125.0
44,121,5,123.12902,125.0
44,122,1,122.888535,125.0
44,123,2,111.90328,125.0
44,124,5,119.33708,125.0
44,125,0,129.12857,125.0
44,126,2,124.99749,125.0
44,127,0,115.95266,125.0
44,128,0,122.677055,125.0
44,129,2,111.68959,125.0
44,130,0,115.84931,125.0
44,131,4,98.92137,125.0
44,132,4,100.25936,125.0
44,133,3,107.860115,125.0
44,134,0,113.17675,125.0
44,135,1,119.50015,125.0
44,136,3,125.71673,125.0
44,137,5,124.036095,125.0
44,138,1,123.6638,125.0
44,139,3,125.13303,125.0
44,140,2,125.43679,125.0
44,141,5,122.33216,125.0
44,142,5,120.96835,125.0
44,143,5,124.89942,125.0
44,144,5,115.89566,125.0
44,145,5,104.69071,125.0
44,146,5,89.9636,125.0
44,147,5,78.589836,125.0
44,148,5,91.47051,125.0
44,149,1,114.990486,125.0
44,150,4,109.81858,125.0
44,151,5,124.63055,125.0
44,152,1,120.07421,125.0
44,153,3,121.38783,125.0
44,154,2,105.643196,125.0
44,155,1,106.92533,125.0
44,156,4,113.775894,125.0
44,157,4,118.06448,125.0
44,158,1,104.88445,125.0
44,159,5,109.49183,125.0
44,160,5,115.034096,125.0
44,161,0,121.12802,125.0
44,162,0,115.86701,125.0
44,163,5,112.80805,125.0
44,164,2,119.936806,125.0
44,165,5,118.790794,125.0
44,166,4,121.86387,125.0
44,167,3,120.62696,125.0
44,168,5,123.64263,125.0
44,169,2,117.33648,125.0
44,170,5,118.34428,125.0
44,171,4,124.131584,125.0
44,172,5,121.065346,125.0
44,173,2,128.45822,125.0
44,174,2,112.69666,125.0
44,175,0,112.17726,125.0
44,176,1,102.47196,125.0
44,177,3,121.1267,125.0
44,178,2,113.03823,125.0
44,179,4,118.89496,125.0
44,180,4,117.31296,125.0
44,181,0,127.48608,125.0
44,182,2,126.71487,125.0
44,183,0,120.15118,125.0
44,184,5,115.03433,125.0
44,185,5,114.61381,125.0
44,186,5,117.48184,125.0
44,187,5,113.96816,125.0
44,188,1,126.05039,125.0
44,189,4,127.83642,125.0
44,190,5,123.21972,125.0
44,191,0,124.26766,125.0
44,192,3,122.58358,125.0
44,193,4,123.208015,125.0
44,194,1,121.68628,125.0
44,195,0,115.340675,125.0
44,196,1,117.05447,125.0
44,197,3,112.84881,125.0
44,198,5,120.97892,125.0
44,199,3,107.57934,125.0
44,200,4,119.91063,125.0
44,201,1,112.21197,125.0
44,202,4,109.4286,125.0
44,203,2,106.25636,125.0
44,204,4,98.753365,125.0
44,205,0,111.23445,125.0
44,206,4,114.200485,125.0
44,207,5,114.37658,125.0
44,208,2,115.971825,125.0
44,209,2,110.61233,125.0
44,210,4,117.8986,125.0
44,211,0,117.91785,125.0
44,212,0,122.68642,125.0
44,213,5,119.4621,125.0
44,214,0,118.58054,125.0
44,215,2,120.93783,125.0
44,216,5,124.672386,125.0
44,217,3,120.935104,125.0
44,218,3,119.340515,125.0
44,219,5,123.313644,125.0
44,220,2,121.75607,125.0
44,221,5,117.6267,125.0
44,222,5,112.98905,125.0
44,223,2,96.303856,125.0
44,224,3,110.38743,125.0
44,225,5,113.37705,125.0
44,226,3,97.71932,125.0
44,227,3,108.46021,125.0
44,228,1,116.91242,125.0
44,229,5,115.02218,125.0
44,230,3,120.421974,125.0
44,231,3,118.5353,125.0
44,232,2,116.212975,125.0
44,233,0,122.817726,125.0
44,234,2,118.58174,125.0
44,235,1,111.38137,125.0
44,236,3,120.50031,125.0
44,237,3,121.42192,125.0
44,238,5,121.89684,125.0
44,239,4,124.872505,125.0
44,240,5,115.956055,125.0
44,241,5,125.354614,125.0
44,242,2,125.420784,125.0
44,243,5,122.8646,125.0
44,244,2,123.23806,125.0
44,245,5,123.82948,125.0
44,246,5,126.757645,125.0
44,247,3,128.8626,125.0
44,248,2,126.5707,125.0
44,249,5,118.732185,125.0
44,250,4,122.00716,125.0
44,251,0,121.54427,125.0
44,252,4,116.15153,125.0
44,253,5,122.03874,125.0
44,254,0,132.04361,125.0
44,255,5,128.99634,125.0
44,256,4,120.700584,125.0
44,257,2,125.787346,125.0
44,258,5,123.790825,125.0
44,259,3,122.99932,125.0
44,260,2,116.06887,125.0
44,261,1,117.578445,125.0
44,262,1,119.404854,125.0
44,263,3,119.95562,125.0
44,264,5,116.40766,125.0
44,265,3,114.176216,125.0
44,266,4,117.78811,125.0
44,267,4,120.98691,125.0
44,268,5,106.801476,125.0
44,269,1,90.17417,125.0
44,270,4,106.96062,125.0
44,271,5,86.70759,125.0
44,272,0,92.95893,125.0
44,273,5,116.26075,125.0
44,274,2,114.18324,125.0
44,275,0,112.31087,125.0
44,276,0,117.63992,125.0
44,277,1,112.8137,125.0
44,278,0,113.91955,125.0
44,279,4,105.18022,125.0
44,280,4,120.0962,125.0
44,281,2,124.07197,125.0
44,282,3,115.012115,125.0
44,283,5,118.06294,125.0
44,284,1,122.353134,125.0
44,285,2,121.11126,125.0
44,286,2,110.57897,125.0
44,287,3,108.61846,125.0
44,288,4,98.23579,125.0
44,289,3,104.384605,125.0
44,290,0,123.35718,125.0
44,291,1,117.366745,125.0
44,292,5,126.25043,125.0
44,293,1,122.812256,125.0
44,294,5,122.00434,125.0
44,295,3,119.29425,125.0
44,296,4,112.04546,125.0
44,297,0,117.14571,125.0
44,298,4,116.4121,125.0
44,299,4,118.13635,125.0
44,300,5,128.82098,125.0
44,301,2,116.49708,125.0
44,302,0,110.711296,125.0
44,303,0,132.629,125.0
44,304,1,124.40107,125.0
44,305,1,116.78511,125.0
44,306,1,117.5465,125.0
44,307,1,94.8646,125.0
44,308,5,117.46198,125.0
44,309,5,118.27031,125.0
44,310,3,118.19113,125.0
44,311,2,124.81643,125.0
44,312,4,118.6759,125.0
44,313,4,108.7343,125.0
44,314,0,102.776245,125.0
44,315,5,103.19953,125.0
44,316,3,106.71232,125.0
44,317,4,97.57806,125.0
44,318,2,109.04075,125.0
44,319,0,108.38979,125.0
44,320,3,106.284325,125.0
44,321,3,102.98371,125.0
44,322,0,92.98565,125.0
44,323,5,105.78906,125.0
44,324,4,98.96574,125.0
44,325,1,88.741295,125.0
44,326,4,110.56282,125.0
44,327,5,94.27653,125.0
44,328,5,75.699066,125.0
44,329,5,75.915474,125.0
44,330,3,81.7768,125.0
44,331,5,68.47018,125.0
44,332,3,68.18994,125.0
44,333,2,72.42874,125.0
44,334,2,86.88804,125.0
44,335,5,77.71094,125.0
44,336,2,82.6253,125.0
44,337,3,84.396774,125.0
44,338,3,84.334816,125.0
44,339,5,80.09296,125.0
44,340,1,96.16039,125.0
44,341,1,105.49979,125.0
44,342,4,101.5869,124.0
44,343,3,96.57357,123.0
44,344,3,83.990105,122.0
44,345,5,79.679054,121.0
44,346,4,84.02396,120.0
44,347,1,88.439064,119.0
44,348,4,82.95649,118.0
44,349,0,74.096275,117.0
44,350,0,89.78246,116.0
44,351,5,92.98821,115.0
44,352,2,97.56698,114.0
44,353,1,101.71708,113.0
44,354,4,88.520935,112.0
44,355,4,75.6399,111.0
44,356,5,78.097664,110.0
44,357,2,73.593414,109.0
44,358,3,67.796326,108.0
44,359,0,73.08627,107.0
44,360,5,72.74813,106.0
44,361,1,70.16538,105.0
44,362,5,72.2836,104.0
44,363,5,85.787926,103.0
44,364,4,80.95228,102.0
44,365,5,72.706314,101.0
44,366,1,65.96113,100.0
44,367,5,69.86501,99.0
44,368,2,84.545654,98.0
44,369,2,74.18198,97.0
44,370,4,59.235397,96.0
44,371,0,55.457977,95.0
44,372,4,70.81597,94.0
44,373,5,84.581795,93.0
44,374,3,71.770454,92.0
44,375,5,75.54019,91.0
44,376,1,73.237686,90.0
44,377,1,55.50065,89.0
44,378,4,51.64602,88.0
44,379,0,58.75921,87.0
44,380,4,66.96775,86.0
44,381,1,62.24003,85.0
44,382,0,63.337936,84.0
44,383,5,52.758316,83.0
44,384,2,70.5026,82.0
44,385,2,73.30941,81.0
44,386,3,63.847603,80.0
44,387,1,62.341217,79.0
44,388,3,73.880394,78.0
44,389,4,51.867344,77.0
44,390,2,45.054916,76.0
44,391,5,52.499275,75.0
44,392,5,63.904755,74.0
44,393,2,48.039337,73.0
44,394,5,52.354736,72.0
44,395,2,57.3684,71.0
44,396,1,62.277603,70.0
44,397,5,50.184483,69.0
44,398,2,56.913887,68.0
44,399,5,68.42378,67.0
44,400,5,74.37942,66.0
44,401,1,67.78158,65.0
44,402,5,61.66499,64.0
44,403,0,55.9015,63.0
44,404,4,53.54076,62.0
44,405,0,58.65094,61.0
44,406,3,55.73385,60.0
45,36,0,118.42568,125.0
45,37,0,119.77486,125.0
45,38,1,117.47642,125.0
45,39,5,123.2909,124.0
45,40,3,117.500275,123.0
45,41,5,121.27526,122.0
45,42,4,125.973915,121.0
45,43,2,117.75225,120.0
45,44,1,116.034935,119.0
45,45,3,101.546295,118.0
45,46,0,115.16538,117.0
45,47,3,115.22733,116.0
45,48,0,121.11287,115.0
45,49,1,103.37476,114.0
45,50,0,118.15023,113.0
45,51,5,119.06945,112.0
45,52,0,119.54407,111.0
45,53,2,126.349304,110.0
45,54,4,120.233955,109.0
45,55,1,122.03191,108.0
45,56,0,104.630005,107.0
45,57,3,114.65637,106.0
45,58,0,114.791084,105.0
45,59,1,111.062325,104.0
45,60,4,108.402306,103.0
45,61,1,106.42335,102.0
45,62,5,96.43699,101.0
45,63,4,108.30972,100.0
45,64,3,99.97138,99.0
45,65,5,90.64521,98.0
45,66,5,103.49413,97.0
45,67,4,102.95912,96.0
45,68,0,82.65209,95.0
45,69,3,86.50686,94.0
45,70,4,95.43538,93.0
45,71,5,97.219124,92.0
45,72,1,101.58956,91.0
45,73,5,101.73887,90.0
45,74,0,96.48591,89.0
45,75,5,98.6055,88.0
45,76,5,101.51968,87.0
45,77,4,83.43542,86.0
45,78,4,87.60891,85.0
46,36,5,118.18435,125.0
46,37,3,111.80779,125.0
47,36,1,125.98411,125.0
47,37,1,125.06661,125.0
47,38,0,116.46285,125.0
47,39,5,118.37087,125.0
47,40,1,122.165184,125.0
47,41,3,120.05867,125.0
47,42,1,124.93469,125.0
47,43,5,125.99445,125.0
47,44,4,123.293236,125.0
47,45,2,126.90149,125.0
47,46,5,124.185104,125.0
47,47,0,119.78113,125.0
47,48,0,117.9641,125.0
47,49,3,117.2382,125.0
47,50,2,119.553795,125.0
47,51,3,119.02518,125.0
47,52,3,115.59363,125.0
47,53,0,119.96996,125.0
47,54,3,111.989265,125.0
47,55,5,118.64122,125.0
47,56,3,104.45074,125.0
47,57,0,104.14112,125.0
47,58,4,110.44238,125.0
47,59,4,99.69224,125.0
47,60,5,86.81493,125.0
47,61,1,108.16256,125.0
47,62,3,103.404396,125.0
47,63,5,107.72387,125.0
47,64,5,105.320114,125.0
47,65,5,98.506996,125.0
47,66,1,108.53481,125.0
47,67,3,118.25009,125.0
47,68,5,102.65005,125.0
47,69,2,104.192375,125.0
47,70,5,96.549904,125.0
47,71,5,92.10111,125.0
47,72,4,89.062065,125.0
47,73,1,99.35035,125.0
47,74,4,97.31106,125.0
47,75,4,98.44735,125.0
47,76,0,86.34102,125.0
47,77,0,93.07999,125.0
47,78,4,109.30561,125.0
47,79,4,117.74892,125.0
47,80,5,113.39153,125.0
47,81,0,113.70333,125.0
47,82,2,99.48436,125.0
47,83,4,108.44805,125.0
47,84,2,103.85418,125.0
47,85,3,108.800026,125.0
47,86,3,96.07945,125.0
47,87,4,107.597275,125.0
47,88,5,112.90325,125.0
47,89,4,114.25228,125.0
47,90,1,120.54973,125.0
47,91,4,118.73905,125.0
47,92,2,111.09992,125.0
47,93,5,110.6334,125.0
47,94,2,96.04,125.0
47,95,5,97.58384,125.0
47,96,1,106.04001,125.0
47,97,2,102.78638,125.0
47,98,5,116.17748,125.0
47,99,1,125.17764,125.0
47,100,0,126.2398,125.0
47,101,4,120.28714,125.0
47,102,2,118.29296,125.0
47,103,2,119.9131,125.0
47,104,3,113.31662,125.0
47,105,5,106.01171,125.0
47,106,5,108.01808,125.0
47,107,5,93.06423,125.0
47,108,3,111.43618,125.0
47,109,1,103.328514,125.0
47,110,3,115.738,125.0
47,111,0,112.7176,125.0
47,112,5,102.70243,125.0
47,113,3,100.28059,125.0
47,114,1,110.34195,125.0
47,115,4,117.31884,125.0
47,116,2,121.384315,125.0
47,117,0,114.0617,125.0
47,118,2,115.352486,125.0
47,119,1,121.67596,125.0
47,120,1,111.682556,125.0
47,121,0,114.246254,125.0
47,122,5,110.49561,125.0
47,123,4,118.18267,125.0
47,124,5,122.96161,125.0
47,125,5,123.36343,125.0
47,126,2,124.009056,125.0
47,127,5,114.23196,125.0
47,128,2,105.66798,125.0
47,129,1,112.876114,125.0
47,130,1,115.73499,125.0
47,131,4,104.5675,125.0
47,132,3,111.52265,125.0
47,133,5,103.7609,125.0
47,134,2,98.7788,124.0
47,135,3,109.91242,123.0
47,136,3,117.19929,122.0
47,137,5,105.37217,121.0
47,138,2,94.01057,120.0
47,139,1,98.80796,119.0
47,140,2,109.13775,118.0
47,141,3,108.29992,117.0
47,142,3,112.49992,116.0
47,143,5,109.20645,115.0
47,144,2,88.186165,114.0
47,145,5,83.62374,113.0
47,146,2,81.14641,112.0
47,147,5,91.652275,111.0
47,148,0,93.44212,110.0
47,149,4,83.55291,109.0
47,150,2,80.58006,108.0
47,151,0,86.16665,107.0
47,152,2,102.68248,106.0
47,153,0,100.13337,105.0
47,154,0,103.87054,104.0
47,155,3,107.22318,103.0
47,156,4,114.00783,102.0
47,157,2,115.66212,101.0
47,158,2,121.21595,100.0
47,159,1,117.20205,99.0
47,160,4,122.74922,98.0
47,161,1,119.882965,97.0
47,162,5,119.48936,96.0
47,163,3,115.69268,95.0
47,164,5,117.5232,94.0
47,165,2,123.39564,93.0
47,166,0,125.30912,92.0
47,167,1,125.730705,91.0
47,168,5,125.54458,90.0
47,169,2,132.27222,89.0
47,170,5,122.40301,88.0
47,171,4,122.060036,87.0
47,172,4,117.52598,86.0
47,173,2,113.401955,85.0
47,174,3,119.03142,84.0
47,175,5,117.570946,83.0
47,176,3,109.284485,82.0
47,177,2,112.571526,81.0
47,178,5,102.44959,80.0
47,179,2,110.88948,79.0
47,180,3,97.07978,78.0
47,181,4,75.14667,77.0
47,182,0,84.93003,76.0
47,183,5,72.64263,75.0
47,184,2,85.99996,74.0
47,185,5,86.28942,73.0
47,186,0,90.47399,72.0
47,187,5,88.27364,71.0
47,188,2,79.18529,70.0
47,189,5,72.557396,69.0
47,190,4,82.196754,68.0
47,191,1,87.637115,67.0
47,192,3,106.460754,66.0
47,193,3,88.03901,65.0
47,194,5,92.75828,64.0
47,195,4,100.35852,63.0
47,196,5,94.49679,62.0
47,197,4,90.38003,61.0
47,198,5,101.012535,60.0
47,199,3,94.86605,59.0
47,200,4,86.86421,58.0
47,201,1,77.224495,57.0
47,202,4,79.93847,56.0
47,203,5,82.35153,55.0
47,204,1,52.042828,54.0
47,205,3,81.60389,53.0
47,206,3,47.4,52.0
47,207,3,42.665634,51.0
47,208,1,24.271652,50.0
47,209,4,38.501183,49.0
47,210,2,33.618507,48.0
47,211,1,37.31147,47.0
47,212,0,45.01367,46.0
47,213,5,71.97119,45.0
47,214,3,68.6209,44.0
47,215,2,63.628647,43.0
47,216,0,45.305862,42.0
47,217,3,36.988213,41.0
47,218,5,36.655853,40.0
47,219,3,41.117672,39.0
47,220,5,49.897305,38.0
47,221,3,69.07312,37.0
47,222,1,56.2635,36.0
47,223,3,57.55225,35.0
47,224,0,50.0185,34.0
48,36,5,128.25285,125.0
48,37,5,121.28512,125.0
48,38,0,127.53721,125.0
48,39,2,116.05956,125.0
48,40,1,107.2362,125.0
48,41,1,105.330025,125.0
48,42,0,115.0588,125.0
48,43,3,113.37967,125.0
48,44,4,122.97079,125.0
48,45,5,119.21333,125.0
48,46,3,119.59214,125.0
48,47,2,126.45643,125.0
48,48,0,121.616295,125.0
48,49,2,126.67315,125.0
48,50,2,125.850044,125.0
48,51,2,133.0064,125.0
48,52,5,132.21179,125.0
48,53,0,130.24852,125.0
48,54,5,122.0379,125.0
48,55,1,128.68617,125.0
48,56,2,127.937386,125.0
48,57,2,129.29831,125.0
48,58,2,125.331245,125.0
48,59,5,126.228615,125.0
48,60,3,130.79533,125.0
48,61,0,128.63068,125.0
48,62,3,120.01834,125.0
48,63,1,128.67056,125.0
48,64,3,126.87885,125.0
48,65,5,123.91918,125.0
48,66,5,121.56552,125.0
48,67,5,128.33409,125.0
48,68,2,123.673546,125.0
48,69,5,125.07031,125.0
48,70,5,119.04168,125.0
48,71,4,110.114006,125.0
48,72,3,96.25856,125.0
48,73,5,86.09496,125.0
48,74,0,93.01294,125.0
48,75,3,104.056496,125.0
48,76,3,98.07005,125.0
48,77,0,102.90101,125.0
48,78,5,110.493385,125.0
48,79,2,96.948204,125.0
48,80,3,96.282974,125.0
48,81,4,86.57442,125.0
48,82,5,92.21622,125.0
48,83,1,103.50178,125.0
48,84,3,111.43658,125.0
48,85,0,109.86929,125.0
48,86,4,124.02925,125.0
48,87,5,126.441216,125.0
48,88,5,124.6261,125.0
48,89,2,128.64478,125.0
48,90,5,132.39883,125.0
48,91,1,121.65546,125.0
48,92,5,127.62861,125.0
48,93,0,131.60089,125.0
48,94,1,132.83102,125.0
48,95,2,133.63489,125.0
48,96,1,132.73315,125.0
48,97,5,130.38058,125.0
48,98,5,130.34068,125.0
48,99,5,124.15029,125.0
48,100,5,135.21254,125.0
48,101,2,126.74442,125.0
48,102,5,136.09747,125.0
48,103,4,128.05309,125.0
48,104,3,122.96169,125.0
48,105,1,120.39182,125.0
48,106,1,117.21175,125.0
48,107,4,123.36344,125.0
48,108,1,126.08234,125.0
48,109,1,119.56581,125.0
48,110,2,132.94186,125.0
48,111,5,125.47712,125.0
48,112,5,122.26148,125.0
48,113,1,125.621925,125.0
48,114,0,117.764305,125.0
48,115,5,108.913574,125.0
48,116,3,116.29429,125.0
48,117,5,118.90594,125.0
48,118,5,114.38067,125.0
48,119,3,117.156715,125.0
48,120,5,129.40405,125.0
48,121,3,121.758125,125.0
48,122,1,115.23321,125.0
48,123,5,107.529015,125.0
48,124,4,114.76501,125.0
48,125,2,110.10436,125.0
48,126,4,123.99091,125.0
48,127,4,118.19736,125.0
48,128,5,115.59541,125.0
48,129,5,122.921036,125.0
48,130,5,117.107994,125.0
48,131,3,112.60177,125.0
48,132,0,121.096085,125.0
48,133,3,117.580605,125.0
48,134,2,116.53695,125.0
48,135,2,112.84963,124.0
48,136,2,120.62289,123.0
48,137,4,119.47753,122.0
48,138,5,117.1674,121.0
48,139,3,120.86704,120.0
48,140,5,112.831055,119.0
48,141,2,120.41201,118.0
48,142,5,122.163216,117.0
48,143,0,117.580284,116.0
48,144,2,122.193184,115.0
48,145,2,116.72514,114.0
48,146,1,116.864105,113.0
48,147,5,122.04001,112.0
48,148,5,119.25364,111.0
48,149,4,124.58868,110.0
48,150,4,112.75204,109.0
48,151,4,112.0851,108.0
48,152,2,113.6278,107.0
48,153,0,106.921455,106.0
48,154,0,104.3498,105.0
48,155,3,88.84174,104.0
48,156,1,92.88555,103.0
48,157,0,92.21261,102.0
48,158,0,98.67302,101.0
48,159,0,95.19773,100.0
48,160,0,84.714905,99.0
48,161,5,88.970894,98.0
48,162,1,83.51331,97.0
48,163,5,92.43584,96.0
48,164,5,99.95279,95.0
48,165,5,91.73022,94.0
48,166,3,92.82475,93.0
48,167,4,80.45578,92.0
48,168,1,78.49415,91.0
48,169,5,60.758087,90.0
48,170,3,62.68513,89.0
48,171,3,71.51792,88.0
48,172,2,79.861595,87.0
48,173,5,103.160034,86.0
48,174,4,98.20952,85.0
48,175,5,75.74114,84.0
48,176,4,85.58136,83.0
48,177,4,82.937584,82.0
48,178,2,84.72141,81.0
48,179,4,75.1831,80.0
48,180,1,64.162285,79.0
48,181,4,49.717884,78.0
48,182,4,46.38719,77.0
48,183,3,50.874268,76.0
48,184,5,48.462505,75.0
48,185,1,42.33348,74.0
48,186,4,31.000498,73.0
48,187,5,22.172663,72.0
48,188,4,23.54049,71.0
48,189,0,22.80614,70.0
48,190,2,31.56116,69.0
48,191,5,36.81611,68.0
48,192,4,25.33653,67.0
48,193,2,31.599955,66.0
48,194,0,40.41369,65.0
48,195,5,34.14463,64.0
48,196,5,58.456,63.0
48,197,0,53.41455,62.0
48,198,2,46.086086,61.0
48,199,4,47.357166,60.0
48,200,1,45.027344,59.0
48,201,3,49.347168,58.0
48,202,4,47.926384,57.0
48,203,2,44.56495,56.0
48,204,4,32.92997,55.0
48,205,5,46.805573,54.0
48,206,4,41.703644,53.0
48,207,2,48.300594,52.0
48,208,1,37.9961,51.0
48,209,2,44.934093,50.0
48,210,5,47.201775,49.0
48,211,3,49.017532,48.0
48,212,5,44.159855,47.0
48,213,4,39.26288,46.0
48,214,3,37.498466,45.0
49,36,4,132.5168,125.0
49,37,0,130.71896,125.0
49,38,1,131.00519,125.0
49,39,1,130.13962,125.0
49,40,4,131.02602,125.0
49,41,0,122.3425,125.0
49,42,3,129.86682,125.0
49,43,5,125.942986,125.0
49,44,4,133.39835,125.0
49,45,3,127.02342,125.0
49,46,5,122.79971,125.0
49,47,0,121.07197,125.0
49,48,0,115.86289,125.0
49,49,5,123.25813,125.0
49,50,0,129.08743,125.0
49,51,4,129.56735,125.0
49,52,5,126.24489,125.0
49,53,5,126.894394,125.0
49,54,4,123.27917,125.0
49,55,5,105.6973,125.0
49,56,4,114.065445,125.0
49,57,3,120.60171,125.0
49,58,4,121.34353,125.0
49,59,3,122.23772,125.0
49,60,5,123.36269,125.0
49,61,1,126.13142,125.0
49,62,4,123.03066,125.0
49,63,4,123.16743,125.0
49,64,2,125.57993,125.0
49,65,4,116.402435,125.0
49,66,2,124.46296,125.0
49,67,5,122.14219,125.0
49,68,2,116.29683,125.0
49,69,3,109.76355,125.0
49,70,1,109.80953,125.0
49,71,0,117.26492,125.0
49,72,5,123.65296,125.0
49,73,0,121.481834,125.0
49,74,1,123.19332,125.0
49,75,0,120.40402,125.0
49,76,4,126.19553,125.0
49,77,1,114.97929,125.0
49,78,5,114.43941,125.0
49,79,2,120.035866,125.0
49,80,3,124.4967,125.0
49,81,1,116.968636,125.0
49,82,5,123.82575,125.0
49,83,0,124.52002,125.0
49,84,2,120.639595,125.0
49,85,0,118.15761,125.0
49,86,0,107.5326,125.0
49,87,5,128.86935,125.0
49,88,5,114.000435,125.0
49,89,1,101.622444,125.0
49,90,1,100.9564,125.0
49,91,2,103.78784,125.0
49,92,1,103.23922,125.0
49,93,5,112.78125,125.0
49,94,2,106.20705,125.0
49,95,0,123.14874,125.0
49,96,5,123.80945,125.0
49,97,3,119.01971,125.0
49,98,5,120.38404,125.0
49,99,0,124.49099,125.0
49,100,1,123.06491,125.0
49,101,5,125.4864,125.0
49,102,4,128.32222,125.0
49,103,3,128.79808,125.0
49,104,5,126.255,125.0
49,105,5,125.73935,125.0
49,106,5,123.90383,125.0
49,107,1,119.80361,125.0
49,108,4,125.16679,125.0
49,109,3,120.32899,125.0
49,110,3,112.66655,125.0
49,111,3,123.29345,125.0
49,112,2,124.38012,125.0
49,113,1,127.253136,125.0
49,114,3,117.57734,125.0
49,115,3,121.1849,125.0
49,116,2,103.87503,125.0
49,117,3,111.44303,125.0
49,118,0,131.8445,125.0
49,119,0,127.78314,125.0
49,120,4,128.5207,125.0
49,121,3,126.165405,125.0
49,122,4,118.73022,125.0
49,123,0,119.15251,125.0
49,124,2,120.06863,125.0
49,125,2,133.64793,125.0
49,126,1,131.68872,125.0
49,127,2,129.70224,125.0
49,128,1,115.93275,125.0
49,129,1,108.74416,125.0
49,130,3,105.68929,125.0
49,131,3,114.02563,125.0
49,132,4,114.03809,125.0
49,133,2,119.9834,125.0
49,134,5,122.688324,125.0
49,135,4,120.050606,125.0
49,136,2,111.10967,125.0
49,137,5,117.92624,125.0
49,138,0,116.231026,125.0
49,139,1,125.80905,125.0
49,140,3,127.32301,125.0
49,141,1,123.46815,125.0
49,142,0,116.50234,125.0
49,143,0,117.48322,125.0
49,144,5,113.0266,125.0
49,145,5,116.666084,125.0
49,146,1,114.843346,125.0
49,147,3,124.39884,125.0
49,148,1,122.127846,125.0
49,149,5,112.29382,125.0
49,150,3,113.17104,125.0
49,151,1,112.006294,125.0
49,152,2,106.58606,125.0
49,153,5,110.2026,125.0
49,154,4,109.3444,125.0
49,155,5,112.39999,125.0
49,156,5,110.515724,125.0
49,157,1,111.569855,125.0
49,158,2,115.590485,125.0
49,159,5,121.107666,125.0
49,160,1,120.51101,125.0
49,161,2,124.46503,125.0
49,162,2,123.4284,125.0
49,163,0,129.71725,125.0
49,164,0,124.91423,125.0
49,165,3,123.79777,125.0
49,166,3,124.87538,125.0
49,167,1,121.42968,125.0
49,168,3,126.75977,125.0
49,169,4,128.17882,125.0
49,170,5,119.66662,125.0
49,171,5,113.50747,125.0
49,172,1,101.730515,125.0
49,173,4,93.58115,124.0
49,174,5,91.10687,123.0
49,175,0,124.39777,122.0
49,176,5,117.69506,121.0
49,177,4,106.88943,120.0
49,178,1,117.32145,119.0
49,179,5,109.20212,118.0
49,180,1,105.16898,117.0
49,181,4,97.35906,116.0
49,182,3,96.87339,115.0
49,183,0,99.346565,114.0
49,184,2,102.66915,113.0
49,185,3,92.98267,112.0
49,186,1,99.14266,111.0
49,187,5,73.831276,110.0
49,188,5,92.65092,109.0
49,189,3,108.19021,108.0
49,190,3,97.08199,107.0
49,191,4,91.221405,106.0
49,192,4,86.15686,105.0
49,193,2,80.79571,104.0
49,194,5,79.24408,103.0
49,195,2,85.42884,102.0
49,196,4,79.92071,101.0
49,197,4,66.877846,100.0
49,198,5,73.84915,99.0
49,199,4,81.07962,98.0
49,200,3,84.28357,97.0
49,201,1,99.5102,96.0
49,202,1,87.05283,95.0
49,203,1,90.08065,94.0
49,204,1,83.314606,93.0
49,205,3,58.25367,92.0
49,206,3,56.99595,91.0
49,207,4,45.17257,90.0
49,208,4,44.279327,89.0
49,209,1,52.35597,88.0
49,210,5,72.60847,87.0
49,211,4,69.04516,86.0
49,212,4,65.3431,85.0
49,213,5,70.99087,84.0
49,214,1,60.88519,83.0
49,215,2,48.51305,82.0
49,216,1,47.552853,81.0
49,217,5,50.902004,80.0
49,218,4,59.392136,79.0
49,219,5,51.27474,78.0
49,220,2,49.63324,77.0
49,221,2,66.134865,76.0
49,222,2,53.66898,75.0
49,223,0,54.626266,74.0
49,224,5,52.916473,73.0
49,225,0,60.452065,72.0
49,226,2,63.95519,71.0
49,227,2,52.22328,70.0
49,228,2,56.440777,69.0
49,229,5,63.204285,68.0
49,230,1,61.433334,67.0
49,231,5,44.02596,66.0
49,232,1,58.40308,65.0
49,233,0,52.406776,64.0
49,234,4,57.33583,63.0
49,235,5,50.21011,62.0
49,236,1,53.735394,61.0
49,237,1,52.49964,60.0
49,238,5,46.28832,59.0
49,239,5,45.888084,58.0
49,240,0,50.63896,57.0
49,241,0,45.915848,56.0
49,242,5,47.548855,55.0
49,243,2,44.66079,54.0
49,244,3,49.756973,53.0
49,245,5,47.851746,52.0
49,246,0,49.40863,51.0
49,247,3,43.945183,50.0
49,248,2,42.944996,49.0
49,249,0,43.016663,48.0
49,250,5,43.362045,47.0
49,251,3,35.38221,46.0
49,252,3,31.170237,45.0
49,253,4,31.518,44.0
49,254,4,37.36543,43.0
49,255,5,31.519598,42.0
49,256,0,29.345364,41.0
49,257,0,36.618084,40.0
49,258,3,31.903738,39.0
49,259,3,29.429405,38.0
49,260,2,23.980328,37.0
49,261,5,26.938242,36.0
49,262,4,22.694983,35.0
49,263,4,20.159817,34.0
49,264,0,14.762613,33.0
49,265,2,13.675768,32.0
49,266,5,17.615084,31.0
49,267,1,13.172701,30.0
49,268,2,10.710434,29.0
49,269,2,14.153952,28.0
49,270,4,9.935694,27.0
49,271,0,9.158638,26.0
49,272,4,11.43288,25.0
49,273,5,14.028389,24.0
50,36,0,120.904655,125.0
50,37,3,125.000046,125.0
50,38,3,131.25012,125.0
50,39,0,126.646355,125.0
50,40,0,124.886566,125.0
50,41,3,127.1831,125.0
50,42,5,123.14518,125.0
50,43,1,118.921844,125.0
50,44,3,123.8213,125.0
50,45,5,111.55836,125.0
50,46,3,117.529045,125.0
50,47,5,122.45023,125.0
50,48,0,110.71383,125.0
50,49,4,110.545525,125.0
50,50,5,113.444695,125.0
50,51,5,114.81504,125.0
50,52,3,107.30131,125.0
50,53,4,122.52019,125.0
50,54,5,121.20783,125.0
50,55,3,118.16768,125.0
50,56,0,123.64417,125.0
50,57,0,116.52135,125.0
50,58,5,125.74339,125.0
50,59,0,118.416374,125.0
50,60,4,117.9433,125.0
50,61,4,120.69865,125.0
50,62,4,122.783775,125.0
50,63,3,126.074,125.0
50,64,3,129.16745,125.0
50,65,5,129.439,125.0
50,66,2,121.619514,125.0
50,67,3,124.13433,125.0
50,68,5,124.896935,125.0
50,69,5,128.80733,125.0
50,70,5,125.4449,125.0
50,71,4,113.788246,125.0
50,72,2,112.55566,125.0
50,73,2,110.3587,125.0
50,74,0,121.82402,125.0
50,75,1,114.54307,125.0
50,76,3,123.26682,125.0
50,77,3,126.92916,125.0
50,78,5,123.77753,125.0
50,79,4,123.54545,125.0
50,80,1,122.40003,125.0
50,81,2,113.38764,125.0
50,82,5,116.28236,125.0
50,83,4,121.71421,125.0
50,84,0,116.163445,125.0
50,85,5,122.65652,125.0
50,86,1,120.67942,125.0
50,87,0,114.2097,125.0
50,88,5,118.3084,125.0
50,89,2,120.429146,125.0
50,90,4,113.88642,125.0
50,91,4,122.40307,125.0
50,92,5,122.54142,125.0
50,93,1,120.55518,125.0
50,94,1,114.31465,125.0
50,95,4,116.0925,125.0
50,96,2,116.52164,125.0
50,97,4,115.95432,125.0
50,98,3,113.02664,125.0
50,99,2,114.37224,125.0
50,100,5,110.268295,125.0
50,101,5,113.06483,125.0
50,102,2,113.66606,125.0
50,103,2,125.13012,125.0
50,104,3,119.21893,125.0
50,105,5,127.260796,125.0
50,106,4,121.05428,125.0
50,107,0,115.306305,125.0
50,108,4,116.915886,125.0
50,109,1,103.16016,125.0
50,110,4,114.715294,125.0
50,111,5,124.5487,125.0
50,112,5,126.114174,125.0
50,113,3,130.38934,125.0
50,114,3,125.46114,125.0
50,115,3,121.62844,125.0
50,116,3,125.352646,125.0
50,117,4,120.85856,125.0
50,118,4,126.72796,125.0
50,119,4,124.706276,125.0
50,120,5,127.26783,125.0
50,121,0,116.96763,125.0
50,122,3,108.14253,125.0
50,123,4,117.04491,125.0
50,124,1,117.98621,125.0
50,125,5,119.426216,125.0
50,126,1,117.00942,125.0
50,127,0,117.728645,125.0
50,128,4,118.16858,125.0
50,129,5,106.10381,125.0
50,130,3,92.837074,125.0
50,131,5,95.274124,125.0
50,132,3,106.02567,125.0
50,133,5,110.149124,125.0
50,134,3,103.830925,125.0
50,135,0,114.575714,125.0
50,136,4,104.50106,125.0
50,137,0,105.07421,125.0
50,138,0,120.1155,125.0
50,139,1,121.760666,125.0
50,140,5,123.08274,125.0
50,141,0,121.672935,125.0
50,142,1,126.76618,125.0
50,143,5,125.08754,125.0
50,144,3,127.82476,125.0
50,145,5,113.67754,125.0
50,146,5,115.903015,125.0
50,147,0,110.945885,125.0
50,148,2,87.15707,125.0
50,149,5,92.86997,125.0
50,150,4,106.27561,125.0
50,151,5,107.78449,125.0
50,152,5,108.7658,125.0
50,153,0,115.75208,125.0
50,154,5,108.250984,125.0
50,155,2,110.15815,125.0
50,156,5,89.61535,125.0
50,157,2,99.88633,125.0
50,158,4,106.293076,125.0
50,159,5,94.954796,125.0
50,160,2,92.29222,125.0
50,161,5,82.05981,125.0
50,162,2,68.77832,125.0
50,163,1,90.18425,125.0
50,164,4,74.66027,125.0
50,165,4,71.8723,125.0
50,166,1,87.927086,125.0
50,167,1,68.700615,125.0
50,168,1,53.91124,124.0
50,169,5,89.569695,123.0
50,170,5,88.90299,122.0
50,171,5,110.66958,121.0
50,172,0,107.88532,120.0
50,173,0,112.858574,119.0
50,174,1,107.02439,118.0
50,175,2,104.69674,117.0
50,176,3,113.04673,116.0
50,177,4,117.686424,115.0
50,178,2,96.06365,114.0
50,179,4,87.30468,113.0
50,180,5,103.80541,112.0
50,181,3,91.43083,111.0
50,182,2,90.80258,110.0
50,183,4,82.74453,109.0
50,184,1,51.00862,108.0
50,185,5,71.50944,107.0
50,186,5,79.49772,106.0
50,187,1,77.74299,105.0
50,188,5,85.4092,104.0
50,189,0,79.900635,103.0
50,190,2,93.14136,102.0
50,191,4,94.834015,101.0
50,192,2,93.544075,100.0
50,193,2,107.67698,99.0
50,194,5,109.692474,98.0
50,195,0,103.280205,97.0
50,196,3,101.742,96.0
50,197,5,94.5061,95.0
50,198,3,84.38065,94.0
50,199,1,89.261024,93.0
50,200,4,71.71554,92.0
50,201,5,56.311024,91.0
50,202,2,58.08074,90.0
50,203,4,58.75847,89.0
50,204,5,52.48542,88.0
50,205,0,60.807816,87.0
50,206,3,61.556274,86.0
51,36,2,119.8471,125.0
51,37,5,101.62059,125.0
51,38,1,93.53968,125.0
51,39,5,103.04159,125.0
51,40,5,105.43815,125.0
51,41,5,115.083305,125.0
51,42,5,118.31262,125.0
51,43,4,126.16691,125.0
51,44,5,119.7423,125.0
51,45,4,117.99317,125.0
51,46,2,126.584755,125.0
51,47,0,120.154045,125.0
51,48,2,119.43137,125.0
51,49,5,131.92982,125.0
51,50,3,132.53148,125.0
51,51,3,132.84882,125.0
51,52,0,123.08063,125.0
51,53,4,122.53672,125.0
51,54,5,123.94259,125.0
51,55,5,125.44728,125.0
51,56,1,122.10687,125.0
51,57,5,133.32422,125.0
51,58,2,126.53321,125.0
51,59,0,135.98892,125.0
51,60,1,128.28845,125.0
51,61,2,127.1006,125.0
51,62,5,128.93817,125.0
51,63,4,130.42188,125.0
51,64,1,124.19933,125.0
51,65,5,126.93725,125.0
51,66,0,125.72404,125.0
51,67,3,119.63729,125.0
51,68,1,121.88677,125.0
51,69,3,123.218,125.0
51,70,0,124.05945,125.0
51,71,1,115.23344,125.0
51,72,5,124.13071,125.0
51,73,2,121.86762,125.0
51,74,4,121.626366,125.0
51,75,3,119.12255,125.0
51,76,2,126.15898,125.0
51,77,2,120.85206,125.0
51,78,0,123.82064,125.0
51,79,2,131.35767,125.0
51,80,0,125.38068,125.0
51,81,4,123.68145,125.0
51,82,3,130.30884,125.0
51,83,2,126.077095,125.0
51,84,0,120.51288,125.0
51,85,5,116.01744,125.0
51,86,1,118.171906,125.0
51,87,5,116.73155,125.0
51,88,5,117.002495,125.0
51,89,0,125.44705,125.0
51,90,4,123.81841,125.0
51,91,4,123.30686,125.0
51,92,1,128.70409,125.0
51,93,5,121.34897,125.0
51,94,2,115.344574,125.0
51,95,5,120.36152,125.0
51,96,0,119.38012,125.0
51,97,2,122.37672,125.0
51,98,3,112.9083,125.0
51,99,2,124.27842,125.0
51,100,1,126.100334,125.0
51,101,2,123.2772,125.0
51,102,4,115.91267,125.0
51,103,1,123.06576,125.0
51,104,1,113.83709,125.0
51,105,4,112.94813,125.0
51,106,0,119.62641,125.0
51,107,1,96.28686,125.0
51,108,1,76.50986,125.0
51,109,5,99.89924,125.0
51,110,5,109.19616,125.0
51,111,1,106.55711,125.0
51,112,0,119.48449,125.0
51,113,0,105.19482,125.0
51,114,4,110.79548,125.0
51,115,3,121.77358,125.0
51,116,5,126.04957,125.0
51,117,0,120.13498,125.0
51,118,3,124.79386,125.0
51,119,0,127.04926,125.0
51,120,2,124.56341,125.0
51,121,5,117.60374,125.0
51,122,5,106.51452,125.0
51,123,3,114.11129,125.0
51,124,5,105.52662,125.0
51,125,5,99.985916,125.0
51,126,0,96.5012,125.0
51,127,5,106.19539,125.0
51,128,4,106.90708,125.0
51,129,0,100.25972,125.0
51,130,0,86.367966,125.0
51,131,4,93.869606,125.0
51,132,4,112.35288,124.0
51,133,2,96.461464,123.0
51,134,3,83.867256,122.0
51,135,5,77.48318,121.0
51,136,2,102.48441,120.0
51,137,5,75.586586,119.0
52,36,4,117.02009,125.0
52,37,0,118.19589,125.0
52,38,1,122.14081,125.0
52,39,3,123.0607,125.0
52,40,4,118.16149,125.0
52,41,4,118.17306,125.0
52,42,5,114.6777,125.0
52,43,5,120.791954,125.0
52,44,5,120.4869,125.0
52,45,4,121.38933,125.0
52,46,3,128.33871,125.0
52,47,2,124.32568,125.0
52,48,0,124.73461,125.0
52,49,1,127.045845,125.0
52,50,4,119.43551,125.0
52,51,4,121.04793,125.0
52,52,0,126.218544,125.0
52,53,1,118.63769,125.0
52,54,3,127.15816,125.0
52,55,0,123.80324,125.0
52,56,3,126.24251,125.0
52,57,2,126.26781,125.0
52,58,2,124.12919,125.0
53,36,0,118.96807,125.0
53,37,3,116.90136,125.0
53,38,3,122.718475,125.0
53,39,0,119.96927,125.0
53,40,0,119.02953,125.0
53,41,3,125.94192,125.0
53,42,5,118.643845,125.0
53,43,1,115.72836,125.0
53,44,3,113.267494,125.0
53,45,5,114.2631,125.0
53,46,3,117.24337,125.0
53,47,5,114.68319,125.0
53,48,0,110.42983,125.0
53,49,4,105.85905,125.0
53,50,5,107.29139,125.0
53,51,5,104.06893,125.0
53,52,3,93.57256,125.0
53,53,4,108.60197,125.0
53,54,5,117.04914,125.0
53,55,3,115.10667,125.0
53,56,0,116.80731,125.0
53,57,0,113.7812,125.0
53,58,5,114.10988,125.0
53,59,0,113.83368,125.0
53,60,4,117.69121,125.0
53,61,4,110.81378,125.0
53,62,4,126.33061,125.0
53,63,3,123.75573,125.0
53,64,3,126.93482,125.0
53,65,5,126.27705,125.0
53,66,2,117.21703,125.0
53,67,3,128.91135,125.0
54,36,2,121.66886,125.0
54,37,1,116.91925,125.0
54,38,4,123.06226,125.0
54,39,1,117.85563,125.0
54,40,5,119.6192,125.0
54,41,5,119.20814,125.0
54,42,0,120.80984,125.0
54,43,5,123.85949,125.0
54,44,2,125.74508,125.0
54,45,4,126.42518,125.0
54,46,2,121.746124,125.0
54,47,0,125.05227,125.0
54,48,3,120.51711,125.0
54,49,0,113.71871,125.0
54,50,3,108.81967,125.0
54,51,4,114.24688,125.0
54,52,1,126.087746,125.0
54,53,0,123.10757,125.0
54,54,5,129.0102,125.0
54,55,0,123.06384,125.0
54,56,5,125.59559,125.0
54,57,2,125.997154,125.0
54,58,0,118.135414,125.0
54,59,4,118.6155,125.0
54,60,5,108.314125,125.0
54,61,0,119.78698,125.0
54,62,1,115.08224,125.0
54,63,0,119.73168,125.0
54,64,2,118.5646,125.0
54,65,1,124.732,125.0
54,66,5,125.10191,125.0
54,67,5,118.737816,125.0
54,68,1,109.47027,125.0
54,69,5,109.46764,125.0
54,70,1,115.02252,125.0
54,71,2,124.20694,125.0
54,72,0,120.676796,125.0
54,73,0,117.557365,125.0
54,74,2,117.019196,125.0
54,75,4,121.768326,125.0
54,76,1,121.37937,125.0
54,77,0,113.00365,125.0
54,78,0,125.43104,125.0
54,79,2,121.39492,125.0
54,80,5,122.131645,125.0
54,81,5,108.38056,125.0
55,36,2,112.02069,125.0
55,37,0,112.87547,125.0
55,38,0,111.27986,125.0
55,39,0,114.09586,125.0
55,40,1,115.02282,125.0
55,41,2,120.99459,125.0
55,42,2,120.88464,125.0
55,43,5,120.06568,125.0
55,44,2,118.84875,125.0
55,45,5,116.39199,125.0
55,46,5,106.028725,125.0
55,47,2,113.27282,125.0
55,48,2,105.67608,125.0
55,49,2,100.601364,125.0
55,50,2,102.67194,125.0
55,51,1,112.66398,125.0
55,52,4,110.217766,125.0
55,53,2,89.79801,125.0
55,54,2,77.63773,125.0
55,55,0,88.11529,125.0
55,56,0,101.197395,125.0
55,57,0,97.46304,125.0
55,58,1,96.22074,125.0
55,59,3,113.201035,125.0
55,60,4,116.93916,125.0
55,61,5,108.57969,125.0
55,62,4,120.67796,125.0
55,63,3,113.34853,125.0
55,64,0,121.45852,125.0
55,65,2,118.442604,125.0
55,66,4,108.73928,125.0
55,67,5,114.62791,125.0
55,68,5,98.20348,125.0
55,69,5,102.58365,125.0
55,70,3,103.81008,125.0
55,71,4,103.024635,125.0
55,72,0,107.70924,125.0
55,73,1,110.313286,125.0
55,74,4,105.43096,125.0
55,75,3,90.92578,125.0
55,76,5,71.801476,125.0
55,77,1,83.42332,125.0
55,78,2,113.75765,125.0
55,79,5,110.98684,125.0
55,80,0,116.862045,125.0
55,81,5,114.52821,125.0
55,82,5,105.208405,125.0
55,83,3,118.31767,125.0
55,84,5,114.79324,125.0
55,85,1,117.000755,125.0
55,86,0,118.209656,125.0
55,87,4,122.104645,125.0
55,88,5,114.860725,125.0
55,89,4,116.82188,125.0
55,90,4,115.47917,125.0
55,91,3,114.09645,125.0
55,92,5,114.524345,125.0
55,93,5,114.195915,125.0
55,94,5,109.484276,125.0
55,95,1,108.637535,125.0
55,96,3,121.34857,125.0
55,97,5,130.25793,125.0
55,98,0,120.966545,125.0
55,99,3,125.85081,125.0
55,100,5,128.97632,125.0
55,101,2,127.7336,125.0
55,102,4,127.747154,125.0
55,103,2,122.75822,125.0
56,36,1,125.261314,125.0
56,37,0,110.89529,125.0
56,38,1,113.222336,125.0
56,39,1,123.47908,125.0
56,40,2,122.27805,125.0
56,41,3,118.07556,125.0
56,42,1,118.95369,125.0
56,43,1,122.165886,125.0
56,44,5,109.707085,125.0
56,45,2,117.2886,125.0
56,46,2,111.7239,125.0
56,47,1,128.67244,125.0
56,48,4,125.29106,125.0
56,49,0,126.54579,125.0
56,50,4,123.91119,125.0
56,51,0,125.92817,125.0
56,52,5,126.48582,125.0
56,53,3,130.95798,125.0
56,54,1,132.87534,125.0
56,55,2,121.62396,125.0
56,56,0,131.855,125.0
56,57,0,131.73483,125.0
56,58,1,113.48107,125.0
56,59,1,128.922,125.0
56,60,4,129.94731,125.0
56,61,0,120.83621,125.0
56,62,3,119.72335,125.0
56,63,5,124.69014,125.0
56,64,5,122.58739,125.0
56,65,5,128.35043,125.0
56,66,3,128.54996,125.0
56,67,0,127.83821,125.0
56,68,3,126.93803,125.0
56,69,2,120.02445,125.0
56,70,2,122.91299,125.0
56,71,4,107.855156,125.0
56,72,3,119.72107,125.0
56,73,0,113.90974,125.0
56,74,4,120.54119,125.0
56,75,4,124.83385,125.0
56,76,4,113.727684,125.0
56,77,2,120.12347,125.0
56,78,5,123.097725,125.0
56,79,0,122.817,125.0
56,80,0,121.21046,125.0
56,81,1,127.34614,125.0
56,82,0,125.15918,125.0
56,83,0,126.34108,125.0
56,84,5,118.93664,125.0
56,85,4,131.75067,125.0
56,86,1,127.298515,125.0
56,87,4,116.396355,125.0
56,88,0,122.04514,125.0
56,89,5,123.28403,125.0
56,90,5,125.50553,125.0
56,91,0,131.35995,125.0
56,92,4,122.9201,125.0
56,93,4,128.45703,125.0
56,94,0,120.716866,125.0
56,95,5,119.245255,125.0
56,96,2,117.879875,125.0
56,97,1,114.50295,125.0
56,98,1,110.17844,125.0
56,99,2,112.418205,125.0
56,100,2,113.17266,125.0
56,101,3,114.01298,125.0
56,102,3,115.98629,125.0
56,103,5,113.452545,125.0
56,104,4,116.81651,125.0
56,105,2,123.74468,125.0
56,106,3,119.0458,125.0
56,107,3,124.88032,125.0
56,108,0,116.75248,125.0
56,109,5,121.94934,125.0
56,110,1,120.86228,125.0
56,111,0,121.453865,125.0
56,112,3,109.54052,125.0
56,113,2,117.73165,125.0
56,114,2,106.69726,125.0
56,115,1,123.807686,125.0
56,116,5,126.41003,125.0
56,117,2,107.915794,125.0
56,118,3,103.63355,125.0
56,119,0,101.69662,125.0
56,120,0,111.42696,125.0
56,121,0,116.4585,125.0
56,122,5,116.23725,125.0
56,123,0,117.37409,124.0
56,124,5,114.353935,123.0
56,125,5,100.36197,122.0
56,126,4,120.25108,121.0
56,127,3,122.177216,120.0
56,128,5,124.66921,119.0
56,129,0,117.78848,118.0
56,130,4,123.886345,117.0
56,131,4,116.42855,116.0
56,132,4,113.69224,115.0
56,133,5,110.835014,114.0
56,134,3,112.46067,113.0
56,135,3,99.60341,112.0
56,136,4,89.76031,111.0
56,137,3,101.34808,110.0
56,138,4,78.05114,109.0
56,139,2,105.92568,108.0
56,140,5,99.925674,107.0
56,141,0,102.10363,106.0
56,142,0,101.1108,105.0
56,143,3,97.60067,104.0
56,144,1,101.172775,103.0
56,145,0,103.514534,102.0
56,146,0,102.70083,101.0
56,147,2,105.469696,100.0
56,148,1,92.72207,99.0
56,149,5,101.564766,98.0
56,150,2,108.019806,97.0
56,151,0,104.8982,96.0
56,152,2,102.944336,95.0
56,153,1,92.04071,94.0
56,154,2,60.63385,93.0
56,155,3,80.13171,92.0
56,156,5,72.2836,91.0
56,157,3,76.755486,90.0
56,158,2,63.411865,89.0
56,159,4,78.2887,88.0
56,160,0,84.66723,87.0
56,161,2,53.246765,86.0
56,162,5,50.98553,85.0
56,163,3,65.52986,84.0
56,164,5,59.91854,83.0
56,165,5,59.631096,82.0
56,166,5,54.816566,81.0
56,167,5,72.33696,80.0
56,168,5,62.96857,79.0
56,169,4,62.068153,78.0
56,170,5,74.262054,77.0
56,171,5,77.48188,76.0
56,172,2,82.9954,75.0
56,173,2,72.379196,74.0
56,174,5,71.51724,73.0
56,175,3,80.19346,72.0
56,176,3,74.03114,71.0
56,177,0,66.291595,70.0
56,178,3,63.254208,69.0
56,179,3,72.7438,68.0
56,180,5,62.15211,67.0
57,36,1,111.06574,125.0
57,37,1,97.386925,125.0
57,38,0,123.23135,125.0
57,39,5,124.95022,125.0
57,40,1,124.26443,125.0
57,41,0,119.404976,125.0
57,42,2,124.33201,125.0
57,43,5,123.70104,125.0
57,44,5,125.81006,125.0
57,45,5,119.214165,125.0
57,46,0,113.39744,125.0
57,47,1,110.98722,125.0
57,48,2,118.5928,125.0
57,49,1,118.58902,125.0
57,50,4,115.50701,125.0
57,51,0,110.7282,125.0
57,52,1,118.71505,125.0
57,53,2,99.03558,125.0
57,54,3,109.88764,125.0
57,55,4,118.224754,125.0
57,56,1,104.516106,125.0
57,57,1,102.87452,125.0
57,58,0,106.44143,125.0
57,59,0,120.08281,125.0
57,60,2,119.35787,125.0
57,61,2,111.88895,125.0
57,62,3,113.1282,125.0
57,63,2,117.46101,125.0
57,64,4,122.93937,125.0
57,65,5,118.78748,125.0
57,66,5,125.46548,125.0
57,67,5,127.21906,125.0
57,68,2,122.25237,125.0
57,69,5,119.65129,125.0
57,70,3,120.08132,125.0
57,71,5,119.12639,125.0
57,72,0,112.44008,125.0
57,73,5,113.07537,125.0
57,74,4,119.57809,125.0
57,75,5,109.60588,125.0
57,76,0,117.66946,125.0
57,77,1,117.89311,125.0
57,78,5,109.72353,125.0
57,79,1,124.16172,125.0
57,80,5,118.65581,125.0
57,81,3,114.10726,125.0
57,82,4,121.26394,125.0
57,83,2,123.77788,125.0
57,84,0,130.00575,125.0
57,85,5,124.28361,125.0
57,86,4,118.76107,125.0
57,87,3,124.294525,125.0
57,88,3,112.11686,125.0
57,89,3,121.502464,125.0
57,90,0,116.727905,125.0
57,91,3,115.07656,125.0
57,92,3,120.58143,125.0
57,93,4,112.33883,125.0
57,94,5,115.1341,124.0
57,95,3,109.82593,123.0
57,96,4,113.02194,122.0
57,97,2,112.4234,121.0
57,98,5,117.25092,120.0
57,99,5,107.418236,119.0
57,100,2,108.02256,118.0
57,101,1,98.24996,117.0
57,102,5,102.85551,116.0
57,103,5,114.46761,115.0
57,104,0,117.64514,114.0
57,105,1,106.02882,113.0
57,106,4,120.02578,112.0
57,107,0,121.07812,111.0
57,108,1,123.95308,110.0
57,109,3,122.344734,109.0
57,110,5,123.07559,108.0
57,111,4,124.412025,107.0
57,112,0,116.24494,106.0
57,113,4,107.759834,105.0
57,114,0,116.507454,104.0
57,115,4,113.08077,103.0
57,116,3,107.70026,102.0
57,117,5,98.24589,101.0
57,118,0,92.98666,100.0
57,119,2,99.22424,99.0
57,120,1,96.84867,98.0
57,121,4,90.84771,97.0
58,36,3,119.150764,125.0
58,37,2,103.81488,125.0
58,38,1,114.929886,125.0
58,39,0,119.80196,125.0
58,40,4,119.825584,125.0
58,41,2,122.09577,125.0
58,42,5,126.55335,125.0
58,43,2,118.35334,125.0
58,44,3,121.868866,125.0
58,45,0,121.50791,125.0
58,46,4,127.93813,125.0
58,47,4,118.024445,125.0
58,48,4,121.51834,125.0
58,49,2,123.19132,125.0
58,50,1,127.854546,125.0
58,51,4,118.97947,125.0
58,52,0,126.76254,125.0
58,53,2,118.25191,125.0
58,54,1,127.19781,125.0
58,55,0,113.82901,125.0
58,56,2,121.21877,125.0
58,57,3,121.69227,125.0
58,58,5,122.335625,125.0
58,59,1,118.90339,125.0
58,60,5,124.322685,125.0
58,61,5,109.98529,125.0
58,62,5,112.00257,125.0
58,63,3,112.4975,125.0
58,64,0,114.51957,125.0
58,65,5,106.81097,125.0
58,66,5,112.09795,125.0
58,67,3,113.533875,125.0
58,68,3,117.37271,125.0
58,69,5,122.59196,124.0
58,70,5,109.84505,123.0
58,71,5,95.44741,122.0
58,72,5,82.381165,121.0
58,73,5,58.225727,120.0
58,74,3,88.10895,119.0
58,75,1,100.9526,118.0
58,76,5,101.75027,117.0
58,77,1,104.3238,116.0
58,78,4,105.191505,115.0
58,79,4,110.42257,114.0
58,80,5,106.49125,113.0
58,81,3,89.78618,112.0
58,82,0,100.69611,111.0
58,83,3,105.417076,110.0
58,84,5,106.013954,109.0
58,85,5,102.94869,108.0
58,86,5,98.179924,107.0
58,87,2,97.48644,106.0
58,88,5,107.35965,105.0
58,89,4,93.58173,104.0
58,90,5,101.96572,103.0
58,91,1,112.21636,102.0
58,92,4,99.13044,101.0
58,93,4,107.82495,100.0
58,94,5,115.5696,99.0
58,95,5,118.19614,98.0
58,96,0,116.69785,97.0
58,97,4,104.61077,96.0
58,98,0,109.91717,95.0
58,99,4,115.71259,94.0
58,100,5,118.161415,93.0
58,101,2,113.037285,92.0
58,102,4,100.57852,91.0
58,103,1,117.23525,90.0
58,104,4,110.76055,89.0
58,105,0,106.93058,88.0
58,106,2,117.14753,87.0
58,107,5,120.60133,86.0
58,108,0,123.34636,85.0
58,109,2,118.43812,84.0
58,110,5,121.25463,83.0
58,111,3,115.41803,82.0
58,112,4,114.98021,81.0
58,113,5,105.89109,80.0
58,114,2,109.49013,79.0
58,115,2,107.81623,78.0
58,116,5,114.000595,77.0
58,117,2,110.50662,76.0
58,118,4,117.24467,75.0
58,119,4,104.686516,74.0
58,120,0,113.464516,73.0
58,121,0,117.74287,72.0
58,122,0,110.181465,71.0
58,123,4,116.83256,70.0
58,124,3,107.181335,69.0
58,125,5,118.08508,68.0
58,126,2,120.11529,67.0
58,127,5,117.92499,66.0
58,128,0,125.987015,65.0
58,129,1,118.293144,64.0
58,130,5,116.91519,63.0
58,131,3,108.51823,62.0
58,132,1,102.0817,61.0
58,133,5,110.28019,60.0
58,134,0,81.2812,59.0
58,135,5,87.79656,58.0
58,136,5,99.45025,57.0
58,137,5,85.85226,56.0
58,138,0,65.828224,55.0
58,139,5,65.487404,54.0
58,140,2,75.2898,53.0
58,141,0,77.38517,52.0
58,142,0,89.62918,51.0
58,143,2,93.63714,50.0
58,144,4,93.03449,49.0
58,145,5,86.78443,48.0
58,146,5,82.34176,47.0
58,147,0,65.92388,46.0
58,148,5,77.42457,45.0
58,149,1,70.73583,44.0
58,150,3,79.36259,43.0
58,151,2,78.46461,42.0
58,152,1,92.05117,41.0
58,153,1,87.17399,40.0
58,154,1,88.655846,39.0
58,155,2,81.70398,38.0
58,156,0,88.460144,37.0
58,157,0,91.14144,36.0
58,158,2,83.31403,35.0
58,159,3,82.92877,34.0
58,160,1,60.70964,33.0
58,161,5,92.556885,32.0
58,162,3,79.34587,31.0
58,163,3,72.92329,30.0
58,164,2,66.749,29.0
58,165,5,61.039536,28.0
58,166,2,64.98173,27.0
58,167,3,67.75121,26.0
58,168,2,69.894424,25.0
58,169,1,56.227577,24.0
58,170,3,34.93779,23.0
58,171,3,34.961266,22.0
58,172,4,39.69693,21.0
58,173,4,48.454376,20.0
58,174,4,31.833366,19.0
58,175,5,41.96927,18.0
58,176,1,24.596401,17.0
58,177,2,20.548204,16.0
58,178,4,36.10865,15.0
58,179,4,22.712942,14.0
58,180,5,12.052037,13.0
58,181,1,13.576572,12.0
58,182,4,8.5801935,11.0
58,183,4,7.6903996,10.0
58,184,0,11.874722,9.0
58,185,1,5.7427583,8.0
59,36,4,119.02473,125.0
59,37,0,120.00333,125.0
60,36,1,124.11166,125.0
60,37,2,127.23325,125.0
60,38,4,121.39954,125.0
60,39,2,131.13126,125.0
60,40,5,120.18778,125.0
60,41,4,120.769516,125.0
60,42,5,120.158775,125.0
60,43,5,120.07164,125.0
60,44,0,121.9115,125.0
60,45,2,114.49118,125.0
60,46,5,117.16569,125.0
60,47,5,111.53213,125.0
60,48,5,98.1482,125.0
60,49,3,118.55669,125.0
60,50,5,109.54312,125.0
60,51,5,109.27793,125.0
60,52,2,112.652664,125.0
60,53,4,119.50704,125.0
60,54,0,120.35888,125.0
60,55,2,106.10958,125.0
60,56,0,115.83424,125.0
60,57,4,113.504196,125.0
60,58,5,118.83256,125.0
60,59,5,116.72881,125.0
60,60,5,112.68094,125.0
60,61,0,114.01767,125.0
60,62,5,117.62867,125.0
60,63,2,117.22941,125.0
60,64,2,119.7282,125.0
60,65,5,119.54742,125.0
60,66,3,112.564415,125.0
60,67,3,116.82928,125.0
60,68,5,111.19555,125.0
60,69,5,113.49402,125.0
60,70,5,113.04671,125.0
60,71,5,119.60723,125.0
60,72,4,120.07307,125.0
60,73,4,120.28721,125.0
60,74,3,115.40803,125.0
60,75,5,118.726204,125.0
60,76,1,126.156784,125.0
60,77,2,121.414764,125.0
60,78,0,129.65112,125.0
60,79,1,125.87036,125.0
60,80,4,120.42761,125.0
60,81,3,122.756226,125.0
60,82,5,116.9799,125.0
60,83,3,116.14474,125.0
60,84,2,119.68012,125.0
60,85,3,119.27236,125.0
60,86,0,113.45841,125.0
60,87,0,115.51169,125.0
60,88,5,120.7196,125.0
60,89,3,125.28173,125.0
60,90,0,117.07765,125.0
60,91,1,126.54186,125.0
60,92,3,118.51372,125.0
60,93,0,115.241684,125.0
60,94,1,104.58709,125.0
60,95,5,117.78619,125.0
60,96,5,111.049835,125.0
60,97,2,121.688255,125.0
60,98,0,119.88819,125.0
60,99,1,118.93913,125.0
60,100,4,117.76145,125.0
60,101,3,125.92441,125.0
60,102,3,118.86501,125.0
60,103,5,126.79092,125.0
60,104,5,127.75611,125.0
60,105,5,128.71954,125.0
60,106,1,126.31677,125.0
60,107,3,119.99578,125.0
60,108,1,121.807465,125.0
60,109,3,119.81873,125.0
60,110,1,106.27978,125.0
60,111,4,116.07397,125.0
60,112,5,83.18934,125.0
60,113,2,94.46296,125.0
60,114,1,94.67429,125.0
60,115,1,88.01434,125.0
60,116,4,67.50776,125.0
60,117,4,65.49157,125.0
60,118,5,92.81649,125.0
60,119,5,89.849434,125.0
60,120,4,80.054794,125.0
60,121,5,81.3476,125.0
60,122,4,90.675026,125.0
60,123,5,80.62926,125.0
60,124,0,105.36559,125.0
60,125,4,106.51968,125.0
60,126,5,112.794945,125.0
60,127,0,102.89292,125.0
60,128,5,107.47372,125.0
60,129,1,104.975975,125.0
60,130,3,98.12505,125.0
60,131,3,109.016266,125.0
60,132,5,114.45959,125.0
60,133,3,104.39126,125.0
60,134,3,109.65693,125.0
60,135,3,118.64684,125.0
61,36,0,114.441505,125.0
61,37,3,120.13557,125.0
61,38,3,121.58776,125.0
61,39,0,120.21517,125.0
61,40,0,112.51167,125.0
61,41,3,112.437546,125.0
61,42,5,114.75387,125.0
61,43,1,113.15393,125.0
61,44,3,119.9985,125.0
61,45,5,117.451164,125.0
61,46,3,110.80305,125.0
61,47,5,114.82436,125.0
61,48,0,115.334724,125.0
61,49,4,120.657936,125.0
61,50,5,111.87976,125.0
61,51,5,106.88027,125.0
61,52,3,110.03573,125.0
61,53,4,122.397095,125.0
61,54,5,113.31048,125.0
61,55,3,114.79513,125.0
61,56,0,124.73916,125.0
61,57,0,121.20978,125.0
61,58,5,124.29958,125.0
61,59,0,116.10482,125.0
61,60,4,120.712685,125.0
61,61,4,124.10371,125.0
61,62,4,115.86824,125.0
61,63,3,120.009315,125.0
61,64,3,120.081276,125.0
61,65,5,122.90644,125.0
61,66,2,122.14985,125.0
61,67,3,118.89764,125.0
61,68,5,120.46076,125.0
61,69,5,128.18837,125.0
61,70,5,121.50342,125.0
61,71,4,123.161674,125.0
61,72,2,124.60732,125.0
61,73,2,115.604,125.0
61,74,0,128.97466,125.0
61,75,1,123.92761,125.0
61,76,3,126.40019,125.0
61,77,3,126.74521,125.0
61,78,5,128.06522,125.0
61,79,4,122.730194,125.0
61,80,1,119.81979,125.0
61,81,2,116.74901,125.0
61,82,5,114.60687,125.0
61,83,4,113.8908,125.0
61,84,0,115.40954,125.0
61,85,5,121.92862,125.0
61,86,1,123.99464,125.0
61,87,0,111.51473,125.0
61,88,5,117.640755,125.0
61,89,2,115.18842,125.0
61,90,4,109.70248,125.0
61,91,4,123.767975,125.0
61,92,5,120.85834,125.0
61,93,1,112.78762,125.0
61,94,1,108.81191,125.0
61,95,4,114.616615,125.0
61,96,2,123.05218,125.0
61,97,4,126.11522,125.0
61,98,3,115.24047,125.0
61,99,2,115.700264,125.0
61,100,5,123.87286,125.0
61,101,5,125.418686,125.0
61,102,2,122.03238,125.0
61,103,2,123.61819,125.0
61,104,3,124.50961,125.0
61,105,5,129.36642,125.0
61,106,4,116.56585,125.0
61,107,0,118.88314,125.0
61,108,4,121.41845,125.0
61,109,1,120.68085,125.0
61,110,4,124.5196,125.0
61,111,5,130.13095,125.0
61,112,5,134.55902,125.0
61,113,3,131.30566,125.0
61,114,3,129.15813,125.0
61,115,3,122.581535,125.0
61,116,3,121.81818,125.0
61,117,4,115.96468,125.0
61,118,4,114.48238,125.0
61,119,4,101.90455,125.0
61,120,5,103.636894,125.0
61,121,0,85.66893,125.0
61,122,3,100.22054,125.0
61,123,4,92.57506,125.0
61,124,1,90.94297,125.0
61,125,5,96.495766,125.0
61,126,1,104.446236,125.0
61,127,0,111.26615,125.0
61,128,4,115.3475,125.0
61,129,5,113.36927,125.0
61,130,3,114.0679,125.0
61,131,5,101.97275,125.0
61,132,3,103.626656,125.0
61,133,5,100.971886,125.0
61,134,3,95.36738,125.0
61,135,0,108.67801,125.0
61,136,4,105.67741,125.0
61,137,0,111.729485,125.0
61,138,0,118.49264,125.0
61,139,1,117.61987,125.0
61,140,5,119.903984,125.0
61,141,0,120.6041,125.0
61,142,1,120.03262,125.0
61,143,5,121.27027,125.0
61,144,3,123.44809,125.0
61,145,5,125.57131,125.0
61,146,5,121.148224,125.0
61,147,0,114.41265,125.0
61,148,2,117.43586,125.0
61,149,5,107.02426,125.0
61,150,4,103.389336,125.0
61,151,5,112.19288,125.0
61,152,5,111.284744,125.0
61,153,0,114.46391,125.0
61,154,5,112.10905,125.0
61,155,2,112.98351,125.0
61,156,5,123.28562,125.0
61,157,2,123.25462,125.0
61,158,4,118.22765,125.0
61,159,5,109.72616,125.0
61,160,2,112.44227,125.0
61,161,5,106.38271,125.0
61,162,2,77.62369,125.0
61,163,1,88.743645,125.0
61,164,4,69.8068,125.0
61,165,4,89.027626,125.0
61,166,1,103.697365,125.0
61,167,1,101.97617,125.0
61,168,1,95.07548,125.0
61,169,5,106.77087,125.0
61,170,5,131.28006,125.0
61,171,5,129.62384,125.0
61,172,0,123.85222,125.0
61,173,0,123.73069,125.0
61,174,1,123.28939,125.0
61,175,2,120.315865,125.0
61,176,3,118.14725,125.0
61,177,4,123.87473,125.0
61,178,2,123.547966,125.0
61,179,4,124.35022,125.0
61,180,5,122.978676,125.0
61,181,3,120.68438,125.0
61,182,2,115.13447,125.0
61,183,4,110.598785,125.0
61,184,1,106.48051,125.0
61,185,5,125.65186,125.0
61,186,5,119.97527,125.0
61,187,1,117.57531,125.0
61,188,5,123.976845,125.0
61,189,0,118.90592,125.0
61,190,2,118.62442,125.0
61,191,4,123.60462,125.0
61,192,2,121.21044,125.0
61,193,2,122.73438,125.0
61,194,5,124.590126,125.0
61,195,0,120.854195,125.0
61,196,3,126.86422,125.0
61,197,5,116.48139,125.0
61,198,3,114.413315,125.0
61,199,1,127.8187,125.0
61,200,4,131.03168,125.0
61,201,5,122.60731,125.0
61,202,2,127.10897,125.0
61,203,4,130.4929,125.0
61,204,5,125.83149,125.0
61,205,0,125.58972,125.0
61,206,3,128.40138,125.0
61,207,2,123.173515,125.0
61,208,5,124.337166,125.0
61,209,4,125.6652,125.0
61,210,3,127.94335,125.0
61,211,5,130.91959,125.0
61,212,0,128.40887,125.0
61,213,5,118.5671,125.0
61,214,4,110.735344,125.0
61,215,1,115.491745,125.0
61,216,0,120.6173,125.0
61,217,5,115.038506,125.0
61,218,3,106.12621,125.0
61,219,3,117.99371,125.0
61,220,2,117.68648,125.0
61,221,1,115.05933,125.0
61,222,2,115.144356,125.0
61,223,1,115.46821,125.0
61,224,4,113.97521,125.0
61,225,0,106.22511,125.0
61,226,2,115.90502,125.0
61,227,3,122.94706,125.0
61,228,0,122.8612,125.0
61,229,2,111.17963,125.0
61,230,1,101.07218,125.0
61,231,0,92.55396,125.0
61,232,2,93.6453,125.0
61,233,0,97.442,125.0
61,234,5,116.47411,125.0
61,235,5,118.299355,125.0
61,236,5,116.64871,125.0
61,237,0,111.051765,125.0
61,238,3,112.729614,125.0
61,239,1,116.54324,125.0
61,240,5,112.13117,125.0
61,241,3,122.55941,125.0
61,242,4,121.48173,125.0
61,243,4,110.867744,125.0
61,244,0,122.71943,125.0
61,245,2,119.9004,125.0
61,246,5,125.69364,125.0
61,247,5,105.662476,125.0
61,248,5,118.95967,125.0
61,249,3,105.236,125.0
61,250,1,105.24468,125.0
61,251,0,90.81954,125.0
61,252,5,87.905556,125.0
61,253,1,99.783165,125.0
61,254,4,108.1539,125.0
61,255,4,100.1101,125.0
61,256,3,100.41804,125.0
61,257,5,92.10585,125.0
61,258,5,93.49568,125.0
61,259,5,85.93272,125.0
61,260,0,103.18958,125.0
61,261,2,115.46514,125.0
61,262,1,119.71801,125.0
61,263,4,109.804436,125.0
61,264,5,111.648964,125.0
61,265,2,103.62417,125.0
61,266,2,98.049934,125.0
61,267,0,115.36002,125.0
61,268,1,113.53556,125.0
61,269,3,103.91169,125.0
61,270,0,101.47739,125.0
61,271,5,110.63573,125.0
61,272,1,122.614494,125.0
61,273,0,117.88769,125.0
61,274,3,118.8765,125.0
61,275,3,112.1726,125.0
61,276,0,108.36119,125.0
61,277,1,90.187355,125.0
61,278,3,106.141975,125.0
61,279,3,105.42517,125.0
61,280,5,99.901245,125.0
61,281,3,91.24015,125.0
61,282,2,83.61182,125.0
61,283,1,78.78668,125.0
61,284,2,71.679184,125.0
61,285,2,68.790215,125.0
61,286,5,72.747246,125.0
61,287,1,79.761024,125.0
61,288,3,81.29334,125.0
61,289,1,88.238106,125.0
61,290,2,85.9342,125.0
61,291,1,89.42975,125.0
61,292,5,84.56528,125.0
61,293,0,90.32108,125.0
61,294,2,94.3162,125.0
61,295,1,98.18288,125.0
61,296,3,108.99194,125.0
61,297,5,113.95385,125.0
61,298,5,115.68605,125.0
61,299,3,100.58706,125.0
61,300,4,106.70107,125.0
61,301,5,106.14892,125.0
61,302,2,88.45182,125.0
61,303,0,100.45884,125.0
61,304,1,114.245155,125.0
61,305,5,115.65664,125.0
61,306,4,123.774704,125.0
61,307,1,117.325966,125.0
61,308,3,118.492546,125.0
61,309,5,126.02667,125.0
61,310,5,125.40741,125.0
61,311,1,118.61794,125.0
61,312,2,119.74889,125.0
61,313,2,128.26306,125.0
61,314,4,118.46256,125.0
61,315,2,119.40406,125.0
61,316,4,112.65242,125.0
61,317,5,124.92331,125.0
61,318,2,117.873924,125.0
61,319,0,115.916336,125.0
61,320,5,112.61883,125.0
61,321,5,116.33783,125.0
61,322,2,108.17914,125.0
61,323,2,108.847466,124.0
61,324,4,110.87044,123.0
61,325,1,112.49308,122.0
61,326,0,119.39061,121.0
61,327,3,111.71774,120.0
61,328,3,96.07267,119.0
61,329,4,89.589775,118.0
61,330,2,103.45078,117.0
61,331,2,94.54842,116.0
61,332,3,98.999306,115.0
61,333,1,84.73348,114.0
61,334,4,73.7987,113.0
61,335,0,82.928444,112.0
61,336,3,79.25356,111.0
61,337,5,92.59841,110.0
61,338,4,85.57017,109.0
61,339,3,77.5917,108.0
61,340,3,70.63125,107.0
61,341,5,67.98539,106.0
61,342,4,76.33548,105.0
61,343,4,78.072975,104.0
61,344,5,72.67753,103.0
61,345,1,68.820885,102.0
61,346,5,69.64942,101.0
61,347,3,70.65877,100.0
61,348,0,67.6466,99.0
61,349,3,77.98876,98.0
61,350,3,64.02918,97.0
61,351,2,66.14069,96.0
61,352,0,72.43847,95.0
61,353,0,74.098236,94.0
61,354,5,64.47741,93.0
61,355,5,60.219894,92.0
61,356,5,62.818066,91.0
61,357,3,66.8101,90.0
61,358,5,64.03703,89.0
61,359,5,59.558865,88.0
61,360,3,55.99653,87.0
61,361,0,66.53651,86.0
61,362,5,67.760124,85.0
61,363,5,63.037346,84.0
61,364,1,63.13988,83.0
61,365,5,62.624348,82.0
61,366,1,61.121704,81.0
61,367,0,63.12616,80.0
61,368,1,61.508446,79.0
61,369,5,54.150826,78.0
61,370,4,63.175026,77.0
61,371,3,69.6623,76.0
61,372,1,63.55363,75.0
61,373,5,70.7766,74.0
61,374,1,68.86008,73.0
61,375,1,64.61841,72.0
61,376,1,65.24259,71.0
61,377,3,64.60183,70.0
61,378,4,67.51812,69.0
61,379,4,62.425095,68.0
61,380,5,57.759197,67.0
61,381,5,59.095615,66.0
61,382,2,50.89381,65.0
61,383,1,55.474213,64.0
61,384,2,56.021603,63.0
61,385,1,58.566048,62.0
61,386,5,55.761833,61.0
61,387,5,51.573624,60.0
61,388,5,52.53555,59.0
61,389,5,54.174263,58.0
61,390,4,51.84359,57.0
61,391,5,52.14701,56.0
61,392,0,52.945633,55.0
61,393,4,57.13066,54.0
61,394,0,56.29048,53.0
61,395,1,53.30844,52.0
61,396,0,60.428135,51.0
62,36,5,113.18006,125.0
62,37,1,116.04125,125.0
62,38,5,121.03115,125.0
62,39,0,121.380035,125.0
62,40,3,122.359344,125.0
62,41,2,123.98928,125.0
62,42,1,127.421234,125.0
62,43,1,125.6244,125.0
62,44,1,120.5909,125.0
62,45,4,127.13158,125.0
62,46,5,124.86843,125.0
62,47,5,126.59381,125.0
62,48,5,123.96907,125.0
62,49,5,123.94358,125.0
62,50,4,120.17321,125.0
62,51,0,125.023476,125.0
62,52,1,116.65682,125.0
62,53,2,122.76731,125.0
62,54,0,128.67546,125.0
62,55,2,130.20084,125.0
62,56,5,127.30677,125.0
62,57,0,126.448006,125.0
62,58,2,123.14182,125.0
62,59,3,123.825806,125.0
62,60,5,119.0595,125.0
62,61,2,122.58709,125.0
62,62,4,129.41327,125.0
62,63,3,131.1271,125.0
62,64,3,128.58823,125.0
62,65,5,119.687645,125.0
62,66,3,119.13815,125.0
62,67,1,123.3839,125.0
62,68,4,127.656555,125.0
62,69,3,132.88303,125.0
62,70,1,131.78217,125.0
62,71,4,124.64374,125.0
62,72,0,126.74792,125.0
62,73,2,107.91214,125.0
62,74,1,113.78056,125.0
62,75,5,113.30984,125.0
62,76,5,112.389,125.0
62,77,0,121.49151,125.0
62,78,5,125.25319,125.0
62,79,2,123.53329,125.0
62,80,4,120.33779,125.0
62,81,5,128.41263,125.0
62,82,5,123.71465,125.0
62,83,4,125.65876,125.0
62,84,5,120.715324,125.0
62,85,2,121.71075,125.0
62,86,4,116.74711,125.0
62,87,3,112.33135,125.0
62,88,5,123.303696,125.0
62,89,3,124.111946,125.0
62,90,2,120.68957,125.0
62,91,1,121.91386,125.0
62,92,1,110.97428,125.0
62,93,1,116.31345,125.0
62,94,0,118.66418,125.0
62,95,2,119.50181,125.0
62,96,5,131.41669,125.0
62,97,0,122.0656,125.0
62,98,2,122.313484,125.0
62,99,2,124.06217,125.0
62,100,2,122.93229,125.0
62,101,1,123.05838,125.0
62,102,3,123.94497,125.0
62,103,2,120.175606,125.0
62,104,5,116.88538,125.0
62,105,5,116.479164,125.0
62,106,5,117.06869,125.0
62,107,2,127.19363,125.0
62,108,0,128.05449,125.0
62,109,5,128.72014,125.0
62,110,1,123.79332,125.0
62,111,3,126.50132,125.0
62,112,2,128.081,125.0
62,113,5,119.55258,125.0
62,114,5,116.82334,125.0
62,115,4,115.96852,125.0
62,116,2,107.90424,125.0
62,117,3,110.969574,125.0
62,118,3,105.64106,125.0
62,119,3,104.79413,125.0
62,120,5,119.044655,125.0
62,121,0,121.93536,125.0
62,122,5,132.39624,125.0
62,123,2,127.922905,125.0
62,124,0,117.828766,125.0
62,125,5,111.15179,125.0
62,126,0,113.77326,125.0
62,127,5,114.21697,125.0
62,128,5,117.32667,125.0
62,129,4,121.53228,125.0
62,130,4,125.24811,125.0
62,131,4,120.3612,125.0
62,132,2,106.141174,125.0
62,133,4,109.79975,125.0
62,134,2,109.09272,125.0
62,135,1,106.90802,125.0
62,136,3,102.12709,125.0
62,137,5,101.809395,125.0
62,138,3,112.43403,125.0
62,139,3,103.422905,125.0
62,140,3,107.12873,125.0
62,141,0,115.97134,125.0
62,142,2,127.181984,125.0
62,143,0,125.51717,125.0
62,144,1,123.36889,125.0
62,145,0,126.696266,125.0
62,146,4,126.02071,125.0
62,147,5,124.547676,125.0
62,148,1,113.47879,125.0
62,149,0,120.32173,124.0
62,150,2,116.84279,123.0
62,151,4,106.87017,122.0
62,152,4,112.79745,121.0
62,153,0,108.117516,120.0
62,154,0,117.04026,119.0
62,155,5,109.61221,118.0
62,156,2,115.81094,117.0
62,157,4,116.195564,116.0
62,158,1,118.32232,115.0
62,159,1,111.72765,114.0
62,160,4,104.2235,113.0
62,161,4,105.86477,112.0
62,162,5,117.32905,111.0
62,163,4,109.78889,110.0
62,164,5,107.68452,109.0
62,165,3,102.28062,108.0
62,166,4,94.76118,107.0
62,167,4,96.346306,106.0
62,168,4,74.36981,105.0
62,169,0,66.75257,104.0
62,170,2,69.769104,103.0
62,171,0,83.78436,102.0
62,172,2,80.213936,101.0
62,173,2,93.80924,100.0
62,174,1,98.27301,99.0
62,175,0,79.8461,98.0
62,176,3,83.73458,97.0
62,177,1,81.40261,96.0
62,178,0,78.139565,95.0
62,179,2,71.03887,94.0
62,180,1,62.958878,93.0
62,181,0,64.03889,92.0
62,182,5,62.026173,91.0
62,183,5,78.299034,90.0
62,184,5,73.0821,89.0
62,185,5,68.150856,88.0
62,186,5,70.817955,87.0
62,187,1,87.68987,86.0
62,188,3,87.333244,85.0
62,189,5,88.589226,84.0
62,190,0,77.947845,83.0
62,191,0,80.125374,82.0
62,192,2,68.75567,81.0
62,193,4,79.91867,80.0
62,194,1,74.654274,79.0
62,195,1,66.73437,78.0
62,196,5,67.525505,77.0
62,197,2,62.766014,76.0
62,198,2,52.95159,75.0
62,199,4,54.63452,74.0
62,200,1,42.590633,73.0
62,201,4,34.883366,72.0
62,202,1,26.73185,71.0
62,203,3,30.77899,70.0
62,204,1,43.21577,69.0
62,205,3,35.432602,68.0
62,206,4,33.86377,67.0
62,207,2,37.383904,66.0
62,208,5,43.45234,65.0
62,209,0,36.485825,64.0
62,210,5,29.189964,63.0
62,211,2,30.491669,62.0
62,212,0,38.22105,61.0
62,213,1,29.691626,60.0
62,214,0,34.07084,59.0
62,215,1,34.35829,58.0
62,216,2,30.815447,57.0
62,217,3,29.929152,56.0
62,218,5,36.321617,55.0
62,219,0,35.039165,54.0
62,220,2,31.540373,53.0
62,221,4,29.936285,52.0
62,222,5,30.834532,51.0
62,223,0,32.31974,50.0
62,224,5,41.028675,49.0
62,225,4,40.490707,48.0
62,226,4,43.126312,47.0
62,227,4,37.248726,46.0
62,228,5,33.956432,45.0
62,229,2,25.383667,44.0
62,230,0,28.767809,43.0
62,231,4,29.695108,42.0
62,232,4,18.892206,41.0
62,233,4,19.216936,40.0
62,234,5,18.035086,39.0
62,235,1,17.195269,38.0
62,236,5,12.600061,37.0
62,237,1,13.2777,36.0
62,238,3,18.383286,35.0
62,239,5,23.880732,34.0
62,240,2,21.408554,33.0
63,36,3,121.2073,125.0
63,37,0,129.84912,125.0
63,38,2,130.68857,125.0
63,39,5,125.058075,125.0
63,40,1,128.00414,125.0
63,41,5,121.795395,125.0
63,42,4,128.74823,125.0
63,43,0,128.04547,125.0
63,44,3,123.88064,125.0
63,45,3,125.70168,125.0
63,46,5,122.26535,125.0
63,47,5,123.38327,125.0
63,48,1,125.461975,125.0
63,49,2,128.5204,125.0
63,50,2,118.4684,125.0
63,51,5,116.825096,125.0
63,52,3,117.998795,125.0
63,53,5,122.418846,125.0
63,54,1,122.78014,125.0
63,55,2,123.83671,125.0
63,56,2,125.16456,125.0
63,57,2,119.819275,125.0
63,58,3,120.678856,125.0
63,59,5,122.71415,125.0
63,60,5,109.25244,125.0
63,61,2,113.01354,125.0
63,62,3,119.02656,125.0
63,63,0,121.88572,125.0
63,64,2,117.4249,125.0
63,65,5,114.48029,125.0
63,66,4,114.44197,125.0
63,67,5,117.32318,125.0
63,68,2,108.76988,125.0
63,69,1,103.51084,125.0
63,70,5,111.22777,125.0
63,71,2,92.26556,125.0
63,72,0,109.69861,125.0
63,73,4,113.54542,125.0
63,74,5,106.7653,125.0
63,75,3,103.64135,125.0
63,76,5,107.60339,125.0
63,77,0,120.22932,125.0
63,78,3,122.75835,125.0
63,79,3,127.99552,125.0
63,80,5,125.42591,125.0
63,81,5,122.97355,125.0
63,82,1,121.47967,125.0
63,83,2,124.57709,125.0
63,84,5,121.61712,125.0
63,85,4,126.03833,125.0
63,86,2,111.189644,125.0
63,87,0,116.68661,125.0
63,88,1,117.66549,125.0
63,89,2,118.81539,125.0
63,90,0,119.091675,125.0
63,91,5,109.95296,125.0
63,92,4,125.2911,125.0
63,93,2,117.803185,125.0
63,94,4,121.95289,125.0
63,95,0,130.15558,125.0
63,96,4,123.974434,125.0
63,97,5,127.93523,125.0
63,98,0,126.44636,125.0
63,99,3,126.949715,125.0
63,100,4,131.3761,125.0
63,101,4,127.726395,125.0
63,102,1,122.63361,125.0
63,103,5,119.54477,125.0
63,104,4,112.40324,125.0
63,105,5,112.03571,125.0
63,106,0,115.59984,125.0
63,107,4,114.46534,125.0
63,108,1,114.687996,125.0
63,109,2,120.00591,125.0
63,110,3,118.15403,125.0
63,111,4,116.31937,125.0
63,112,0,116.899124,125.0
63,113,5,122.417725,125.0
63,114,5,122.341805,125.0
63,115,2,123.31844,125.0
63,116,2,124.11366,125.0
63,117,5,104.99824,125.0
63,118,3,105.785774,125.0
63,119,5,102.929756,125.0
63,120,3,121.70379,125.0
63,121,4,116.90928,125.0
63,122,5,111.18322,125.0
63,123,2,121.571434,125.0
63,124,0,121.36143,125.0
63,125,3,118.84515,125.0
63,126,5,110.76582,125.0
63,127,5,108.47857,125.0
63,128,5,99.78498,125.0
63,129,0,94.303856,125.0
63,130,1,112.32433,125.0
63,131,2,100.69082,125.0
63,132,0,111.14158,125.0
63,133,0,100.82344,125.0
63,134,2,95.00603,125.0
63,135,3,115.44712,125.0
63,136,1,107.418434,125.0
63,137,5,120.9407,125.0
63,138,3,120.39308,125.0
63,139,4,117.31336,125.0
63,140,4,128.25452,125.0
63,141,0,124.234276,125.0
63,142,1,113.283424,125.0
63,143,1,119.088234,125.0
63,144,4,100.37072,125.0
63,145,5,113.04785,125.0
63,146,4,104.9597,125.0
63,147,3,111.32398,125.0
63,148,5,125.9054,125.0
63,149,4,132.33173,125.0
63,150,5,123.665565,125.0
63,151,5,125.17749,125.0
63,152,4,124.972786,125.0
63,153,1,123.910866,125.0
63,154,3,124.56527,125.0
63,155,5,122.021286,125.0
63,156,5,128.34824,125.0
63,157,0,123.22275,125.0
63,158,1,126.55384,125.0
64,36,2,122.18692,125.0
64,37,5,122.76256,125.0
64,38,3,123.91848,125.0
64,39,1,122.719734,125.0
64,40,5,113.47341,125.0
64,41,3,118.121605,125.0
64,42,2,120.318405,125.0
64,43,2,116.52107,125.0
64,44,4,110.36503,125.0
64,45,3,100.254654,125.0
64,46,2,109.71619,125.0
64,47,4,116.97213,125.0
64,48,4,112.98232,125.0
64,49,1,124.42939,125.0
64,50,5,128.98499,125.0
64,51,1,122.06611,125.0
64,52,4,125.23014,125.0
64,53,4,119.22604,125.0
64,54,2,121.90563,125.0
64,55,5,119.381905,125.0
64,56,5,118.87766,125.0
64,57,0,117.44656,125.0
64,58,4,117.46888,125.0
64,59,1,118.87887,125.0
64,60,2,121.18984,125.0
64,61,4,124.65747,125.0
64,62,2,124.59496,125.0
64,63,2,121.1409,125.0
64,64,0,123.94641,125.0
64,65,4,125.83982,125.0
64,66,0,118.08762,125.0
64,67,3,117.985664,125.0
64,68,3,118.16598,125.0
64,69,5,109.50003,125.0
64,70,2,108.07041,125.0
64,71,5,113.0353,125.0
64,72,5,105.92435,125.0
64,73,5,101.58802,125.0
64,74,2,105.57612,125.0
64,75,5,99.48087,125.0
64,76,5,98.2757,125.0
64,77,5,66.959816,125.0
64,78,4,106.68486,125.0
64,79,5,89.53058,125.0
64,80,5,88.27212,125.0
64,81,0,90.79256,125.0
64,82,5,80.564705,125.0
64,83,4,101.14788,125.0
64,84,2,116.85144,125.0
64,85,4,117.24056,125.0
64,86,1,123.90242,125.0
64,87,3,121.08671,125.0
64,88,3,112.612015,125.0
64,89,5,117.8812,125.0
64,90,2,106.129555,125.0
64,91,1,111.567665,125.0
64,92,5,117.099205,125.0
64,93,5,116.83334,125.0
64,94,5,109.9643,125.0
64,95,5,104.90557,125.0
64,96,3,99.01095,125.0
64,97,3,95.56285,125.0
64,98,2,94.64611,125.0
64,99,2,101.193405,125.0
64,100,3,115.329216,125.0
64,101,5,114.16621,125.0
64,102,4,113.11726,125.0
64,103,2,113.81907,125.0
64,104,5,113.862724,125.0
64,105,1,124.06907,125.0
64,106,3,118.75852,125.0
64,107,5,119.6835,125.0
64,108,5,118.934814,125.0
64,109,5,119.41392,125.0
64,110,3,113.48254,125.0
64,111,1,113.48121,125.0
64,112,3,124.08181,125.0
64,113,2,118.644585,125.0
64,114,2,118.747215,125.0
64,115,0,125.71578,125.0
64,116,2,123.47328,125.0
64,117,5,119.951645,125.0
64,118,1,122.1921,125.0
64,119,0,116.94349,125.0
64,120,5,123.42011,125.0
64,121,2,118.91747,125.0
64,122,3,126.60706,125.0
64,123,5,122.23732,125.0
64,124,0,122.409676,125.0
64,125,4,122.32119,125.0
64,126,0,117.65505,125.0
64,127,0,115.56068,125.0
64,128,4,119.68301,125.0
64,129,0,121.012794,125.0
64,130,5,126.97654,125.0
64,131,4,126.41723,125.0
64,132,1,126.94413,125.0
64,133,2,128.47298,125.0
64,134,1,132.64066,125.0
64,135,2,122.08281,125.0
64,136,5,126.24823,125.0
64,137,3,126.3823,125.0
64,138,2,126.19489,125.0
64,139,3,127.99905,125.0
64,140,3,125.56748,125.0
64,141,2,127.50259,125.0
64,142,5,129.8112,125.0
64,143,5,125.9687,125.0
64,144,2,125.88468,125.0
64,145,2,118.70913,125.0
64,146,5,127.359085,125.0
64,147,3,124.86347,125.0
64,148,0,122.21028,125.0
64,149,2,129.41827,125.0
64,150,3,115.26148,125.0
64,151,5,102.32544,125.0
64,152,5,105.83376,125.0
64,153,3,103.71787,125.0
64,154,1,100.473114,125.0
64,155,2,106.567894,125.0
64,156,3,96.21117,125.0
64,157,0,106.78942,125.0
64,158,0,110.83448,125.0
64,159,0,109.51208,125.0
64,160,5,105.67328,125.0
64,161,0,123.2073,125.0
64,162,2,114.27372,125.0
64,163,3,116.25017,125.0
64,164,5,124.54548,125.0
64,165,1,118.836754,125.0
64,166,0,105.94929,125.0
64,167,0,92.03437,125.0
64,168,0,96.38317,125.0
64,169,2,109.382484,125.0
64,170,5,105.82517,125.0
64,171,5,111.75262,125.0
64,172,0,113.63041,125.0
64,173,5,112.57711,124.0
64,174,3,103.68689,123.0
64,175,4,104.63694,122.0
64,176,5,107.74018,121.0
64,177,5,109.14387,120.0
64,178,4,116.72001,119.0
64,179,5,106.2556,118.0
64,180,3,110.493546,117.0
64,181,3,114.943596,116.0
64,182,0,114.83163,115.0
64,183,2,119.359886,114.0
64,184,5,119.64947,113.0
64,185,0,110.50469,112.0
64,186,0,122.04026,111.0
64,187,3,111.55923,110.0
64,188,3,110.04078,109.0
64,189,5,101.791534,108.0
64,190,2,109.55381,107.0
64,191,4,106.22513,106.0
64,192,5,93.6544,105.0
64,193,0,90.67939,104.0
64,194,1,83.313835,103.0
64,195,4,73.623604,102.0
64,196,3,86.162994,101.0
64,197,4,73.047066,100.0
64,198,5,63.28865,99.0
64,199,5,84.66369,98.0
64,200,1,88.16114,97.0
64,201,4,55.02547,96.0
64,202,2,71.32284,95.0
64,203,1,67.29769,94.0
64,204,4,80.93966,93.0
64,205,3,55.146416,92.0
64,206,2,54.118557,91.0
64,207,0,64.399635,90.0
64,208,2,69.600746,89.0
64,209,3,70.90696,88.0
64,210,2,56.717407,87.0
64,211,0,52.88526,86.0
64,212,1,63.614998,85.0
64,213,2,65.93535,84.0
64,214,4,72.824715,83.0
64,215,5,94.50062,82.0
64,216,5,111.83439,81.0
64,217,2,114.02683,80.0
64,218,3,100.012505,79.0
64,219,0,109.32705,78.0
64,220,5,113.83221,77.0
64,221,0,102.79319,76.0
64,222,4,105.41242,75.0
64,223,4,93.7924,74.0
64,224,1,89.47103,73.0
64,225,5,83.94946,72.0
64,226,3,87.47115,71.0
64,227,5,68.82503,70.0
64,228,1,69.32667,69.0
64,229,0,64.94103,68.0
64,230,3,66.89553,67.0
64,231,3,67.01177,66.0
64,232,4,57.812824,65.0
64,233,4,59.953762,64.0
64,234,3,52.058838,63.0
64,235,1,52.992798,62.0
64,236,4,49.092964,61.0
64,237,4,39.50664,60.0
64,238,3,50.380653,59.0
64,239,1,46.026176,58.0
64,240,2,47.506783,57.0
64,241,1,36.09647,56.0
64,242,3,43.59544,55.0
64,243,3,40.32144,54.0
64,244,5,44.380478,53.0
64,245,1,47.551983,52.0
64,246,0,48.204178,51.0
64,247,4,47.15361,50.0
64,248,5,41.438065,49.0
64,249,3,40.850403,48.0
64,250,0,40.95722,47.0
64,251,2,44.970657,46.0
65,36,4,121.449715,125.0
65,37,3,117.21047,125.0
65,38,3,115.26406,125.0
65,39,5,115.314,125.0
65,40,3,118.30139,125.0
65,41,3,123.916565,125.0
65,42,4,119.507164,125.0
65,43,3,119.976036,125.0
65,44,2,123.51408,125.0
65,45,3,110.609116,125.0
65,46,2,114.80379,125.0
65,47,5,111.6818,125.0
65,48,0,101.78647,125.0
65,49,0,123.00631,125.0
65,50,2,114.73096,125.0
65,51,0,112.61915,125.0
65,52,0,106.58984,125.0
65,53,5,98.69869,125.0
65,54,0,94.07395,125.0
65,55,4,112.47036,125.0
65,56,5,108.41747,125.0
65,57,1,116.98356,125.0
65,58,1,121.278984,125.0
65,59,5,101.93359,125.0
65,60,3,114.28437,125.0
65,61,1,115.81757,125.0
65,62,3,119.321754,125.0
65,63,3,119.93073,125.0
65,64,2,115.84226,125.0
65,65,4,115.482216,125.0
65,66,0,120.86825,125.0
65,67,1,119.55583,125.0
65,68,5,109.19009,125.0
65,69,0,100.29106,125.0
65,70,5,115.9673,125.0
65,71,5,108.933426,125.0
65,72,1,117.27711,125.0
65,73,4,108.38584,125.0
65,74,0,100.80602,124.0
65,75,2,104.25367,123.0
65,76,5,119.168205,122.0
65,77,5,122.23084,121.0
65,78,0,113.328964,120.0
65,79,0,128.28574,119.0
65,80,5,112.1855,118.0
65,81,0,124.113205,117.0
65,82,2,121.12555,116.0
65,83,1,123.28808,115.0
65,84,1,111.080925,114.0
65,85,3,118.403984,113.0
65,86,4,126.189095,112.0
65,87,5,118.92545,111.0
65,88,3,105.557625,110.0
65,89,5,99.26416,109.0
65,90,5,111.2244,108.0
65,91,0,118.926186,107.0
65,92,3,112.15119,106.0
65,93,0,112.7472,105.0
65,94,5,113.82685,104.0
65,95,3,111.138176,103.0
65,96,5,110.35023,102.0
65,97,5,107.11729,101.0
65,98,4,95.16104,100.0
65,99,1,85.548744,99.0
65,100,5,92.88735,98.0
65,101,3,109.26345,97.0
65,102,5,103.06367,96.0
65,103,1,85.03499,95.0
65,104,5,88.637276,94.0
65,105,4,75.59008,93.0
65,106,1,55.458725,92.0
65,107,0,57.915634,91.0
65,108,4,37.994892,90.0
65,109,2,32.962685,89.0
65,110,4,49.96849,88.0
65,111,0,51.990067,87.0
65,112,3,48.906326,86.0
65,113,1,53.349525,85.0
65,114,1,40.792225,84.0
65,115,2,64.410034,83.0
65,116,0,59.053844,82.0
65,117,1,52.47341,81.0
65,118,4,38.12656,80.0
65,119,5,64.95277,79.0
65,120,0,60.37493,78.0
65,121,5,78.176506,77.0
65,122,2,68.48939,76.0
65,123,4,87.9887,75.0
65,124,4,78.80441,74.0
65,125,1,74.073265,73.0
65,126,2,71.98432,72.0
65,127,5,73.77664,71.0
65,128,5,78.58845,70.0
65,129,5,86.892975,69.0
65,130,5,85.50109,68.0
65,131,5,88.92327,67.0
65,132,3,84.63445,66.0
65,133,4,90.94275,65.0
65,134,2,72.88426,64.0
65,135,3,90.12941,63.0
65,136,5,101.46775,62.0
65,137,2,84.7277,61.0
65,138,5,73.88438,60.0
65,139,3,83.7153,59.0
65,140,4,76.816246,58.0
65,141,4,71.222404,57.0
65,142,1,55.88438,56.0
65,143,5,59.97853,55.0
65,144,1,55.551064,54.0
65,145,3,52.213882,53.0
65,146,1,40.350643,52.0
65,147,4,49.753098,51.0
65,148,5,42.66559,50.0
65,149,5,43.462864,49.0
65,150,4,41.659966,48.0
65,151,4,46.075054,47.0
65,152,5,42.85826,46.0
65,153,4,42.405632,45.0
65,154,1,40.244053,44.0
65,155,2,29.159266,43.0
65,156,5,30.043276,42.0
65,157,5,37.93611,41.0
65,158,1,36.32713,40.0
65,159,5,32.435833,39.0
65,160,5,34.970146,38.0
65,161,5,30.183495,37.0
65,162,5,29.26095,36.0
65,163,4,24.30527,35.0
65,164,0,27.957706,34.0
65,165,5,32.859184,33.0
65,166,4,26.633575,32.0
65,167,1,22.739475,31.0
65,168,4,20.720755,30.0
65,169,3,17.654612,29.0
65,170,1,23.169085,28.0
65,171,0,19.991896,27.0
65,172,1,19.206638,26.0
65,173,3,17.165995,25.0
65,174,1,16.950094,24.0
65,175,1,14.835165,23.0
65,176,1,14.640139,22.0
65,177,2,14.873208,21.0
65,178,5,15.294757,20.0
65,179,0,14.476139,19.0
65,180,3,13.150597,18.0
65,181,4,14.353136,17.0
65,182,0,14.860747,16.0
65,183,5,14.714682,15.0
65,184,5,14.229477,14.0
65,185,5,14.385935,13.0
65,186,3,13.274465,12.0
66,36,1,115.76665,125.0
66,37,0,112.0378,125.0
66,38,0,111.897,125.0
66,39,5,113.84225,125.0
66,40,2,117.49774,125.0
66,41,1,108.96215,125.0
66,42,5,112.08011,125.0
66,43,5,113.93836,125.0
66,44,5,113.1937,125.0
66,45,3,111.950356,125.0
66,46,3,113.615845,125.0
66,47,0,111.486855,125.0
66,48,2,119.854225,125.0
66,49,3,113.22142,125.0
66,50,2,115.27323,125.0
66,51,5,117.19266,125.0
66,52,2,117.89114,125.0
66,53,5,118.95177,125.0
66,54,2,109.57208,125.0
66,55,2,95.67335,125.0
66,56,4,105.36469,125.0
66,57,3,102.9608,125.0
66,58,5,104.705376,125.0
66,59,4,115.26363,125.0
66,60,0,115.66277,125.0
66,61,5,125.01174,125.0
66,62,0,125.35556,125.0
66,63,1,123.41215,125.0
66,64,2,126.00489,125.0
66,65,5,123.61298,125.0
66,66,2,117.7231,125.0
66,67,1,118.67671,125.0
66,68,5,116.883286,125.0
66,69,4,116.29943,125.0
66,70,2,109.733086,125.0
66,71,4,105.71821,125.0
66,72,5,108.553955,125.0
66,73,1,117.575554,125.0
66,74,5,121.71641,125.0
66,75,4,116.06283,125.0
66,76,5,120.58521,125.0
66,77,0,116.07693,125.0
66,78,3,121.0375,125.0
66,79,2,123.79597,125.0
66,80,0,124.09193,125.0
66,81,0,112.05299,125.0
66,82,0,120.275505,125.0
66,83,3,118.87751,125.0
66,84,2,127.630165,125.0
66,85,0,123.080574,125.0
66,86,2,117.68725,125.0
66,87,1,127.45263,125.0
66,88,1,119.612724,125.0
66,89,0,111.22295,125.0
66,90,5,119.00968,125.0
66,91,1,119.313194,125.0
66,92,3,114.64278,125.0
66,93,1,112.609856,125.0
66,94,4,116.44503,125.0
66,95,2,112.925316,125.0
66,96,2,112.97564,125.0
66,97,4,109.12602,125.0
67,36,1,129.20143,125.0
67,37,3,129.07549,125.0
67,38,1,126.23524,125.0
67,39,1,122.913635,125.0
67,40,0,126.632355,125.0
67,41,2,121.589485,125.0
67,42,3,117.69834,125.0
67,43,1,113.45795,125.0
67,44,5,118.76726,125.0
67,45,0,119.61499,125.0
67,46,0,117.32166,125.0
67,47,1,117.31855,125.0
67,48,3,116.90356,125.0
67,49,4,124.20007,125.0
67,50,4,123.081856,125.0
67,51,5,123.49545,125.0
67,52,4,121.28909,125.0
67,53,5,122.49235,125.0
67,54,0,122.306206,125.0
67,55,5,125.09834,125.0
67,56,1,121.48027,125.0
67,57,1,114.300545,125.0
67,58,5,107.08607,125.0
67,59,5,121.80343,125.0
67,60,5,114.22892,125.0
67,61,4,115.59344,125.0
67,62,4,118.857124,125.0
67,63,3,120.51061,125.0
67,64,5,107.96114,125.0
67,65,5,102.806465,125.0
67,66,4,111.34278,125.0
67,67,3,101.62109,125.0
67,68,5,101.76252,125.0
67,69,1,104.38652,125.0
67,70,5,105.1083,125.0
67,71,5,90.47539,125.0
67,72,0,83.42769,124.0
67,73,2,104.00005,123.0
67,74,3,103.28515,122.0
67,75,0,102.91765,121.0
67,76,2,91.25393,120.0
67,77,0,105.79854,119.0
67,78,0,109.73608,118.0
67,79,4,110.2254,117.0
67,80,1,100.1729,116.0
67,81,4,105.56424,115.0
67,82,5,120.120415,114.0
67,83,2,114.14576,113.0
67,84,2,117.75507,112.0
67,85,5,114.63358,111.0
67,86,5,112.968254,110.0
67,87,5,111.50251,109.0
67,88,5,103.66843,108.0
67,89,4,96.44549,107.0
67,90,4,105.277885,106.0
67,91,0,105.605415,105.0
67,92,5,122.23449,104.0
67,93,2,114.40852,103.0
67,94,5,103.292465,102.0
67,95,1,117.93785,101.0
67,96,0,113.50002,100.0
67,97,5,111.38523,99.0
67,98,0,108.38863,98.0
67,99,4,112.88201,97.0
67,100,1,114.67765,96.0
67,101,4,113.66913,95.0
67,102,1,103.220345,94.0
67,103,4,100.88923,93.0
67,104,3,104.94745,92.0
67,105,2,101.28655,91.0
67,106,1,89.21598,90.0
67,107,3,88.7307,89.0
67,108,0,93.39469,88.0
67,109,3,101.48477,87.0
67,110,2,95.94338,86.0
67,111,0,96.61308,85.0
67,112,4,98.78637,84.0
67,113,5,84.01757,83.0
67,114,5,81.864876,82.0
67,115,4,71.68716,81.0
67,116,3,74.05585,80.0
67,117,5,77.374504,79.0
67,118,2,71.38682,78.0
67,119,3,77.71115,77.0
67,120,3,81.17715,76.0
67,121,2,98.123535,75.0
67,122,2,97.8752,74.0
67,123,3,113.84403,73.0
67,124,5,101.6489,72.0
67,125,5,113.69291,71.0
67,126,0,112.38871,70.0
67,127,0,105.97061,69.0
67,128,0,103.214836,68.0
67,129,1,116.51263,67.0
67,130,5,105.48478,66.0
67,131,1,119.29118,65.0
67,132,5,111.21506,64.0
67,133,3,123.12661,63.0
67,134,3,115.123085,62.0
67,135,3,116.548965,61.0
67,136,1,117.30823,60.0
67,137,5,117.788536,59.0
67,138,5,108.38652,58.0
67,139,1,103.9652,57.0
67,140,0,93.24161,56.0
67,141,2,107.93798,55.0
67,142,3,89.99096,54.0
67,143,5,88.36672,53.0
67,144,0,89.84814,52.0
67,145,5,93.742744,51.0
67,146,3,105.54577,50.0
67,147,1,99.98423,49.0
67,148,1,101.97335,48.0
67,149,2,96.90474,47.0
67,150,0,112.488884,46.0
68,36,1,117.56729,125.0
68,37,3,104.95716,125.0
68,38,2,111.364555,125.0
68,39,5,122.77349,125.0
68,40,5,129.84818,125.0
68,41,3,115.178314,125.0
68,42,1,119.19031,125.0
68,43,5,124.332245,125.0
68,44,3,124.26296,125.0
68,45,2,127.589645,125.0
68,46,1,131.1604,125.0
68,47,1,123.1007,125.0
68,48,5,119.91038,125.0
68,49,3,126.7114,125.0
68,50,4,127.852646,125.0
68,51,3,116.78808,125.0
68,52,5,111.95243,125.0
68,53,0,121.02265,125.0
68,54,5,115.66034,125.0
68,55,5,118.23348,125.0
68,56,1,122.76086,125.0
68,57,1,122.82185,125.0
68,58,4,119.91915,125.0
68,59,4,112.60929,125.0
68,60,3,110.89659,125.0
68,61,5,103.93082,125.0
68,62,0,116.975044,125.0
68,63,5,120.222565,125.0
68,64,4,121.331276,125.0
68,65,2,124.12604,125.0
68,66,2,124.20284,125.0
68,67,2,126.21116,125.0
68,68,2,111.883705,125.0
68,69,0,118.216515,125.0
68,70,0,118.00146,125.0
68,71,1,126.01034,125.0
68,72,5,128.78323,125.0
68,73,5,128.84229,125.0
68,74,0,124.714836,125.0
68,75,1,124.44099,125.0
68,76,5,121.53793,125.0
68,77,5,125.06332,125.0
68,78,3,132.26102,125.0
68,79,3,124.5764,125.0
68,80,4,128.77206,125.0
68,81,3,122.78329,125.0
68,82,0,121.780136,125.0
68,83,5,121.93484,125.0
68,84,0,111.88505,125.0
68,85,1,121.56754,125.0
68,86,4,124.38644,125.0
68,87,0,115.99393,125.0
68,88,3,119.76919,125.0
68,89,5,118.46007,125.0
68,90,0,101.48636,125.0
68,91,5,119.41459,125.0
68,92,5,118.520546,125.0
68,93,3,119.930565,125.0
68,94,4,117.72582,125.0
68,95,4,108.70223,125.0
68,96,0,112.33837,125.0
68,97,1,100.71157,125.0
68,98,4,109.69236,125.0
68,99,5,99.95284,125.0
68,100,4,88.10421,125.0
68,101,4,102.01641,125.0
68,102,2,103.18521,125.0
68,103,3,104.92645,125.0
68,104,5,106.83808,125.0
68,105,3,123.677124,125.0
68,106,3,127.189354,125.0
68,107,5,123.77985,125.0
68,108,5,125.7407,125.0
68,109,5,125.1638,125.0
68,110,0,119.91219,125.0
68,111,4,121.42037,125.0
68,112,5,116.183586,125.0
68,113,5,101.01838,125.0
68,114,3,101.21348,125.0
68,115,5,99.496994,125.0
68,116,5,100.98857,125.0
68,117,0,109.2521,125.0
68,118,4,103.27052,125.0
68,119,0,99.36757,125.0
68,120,3,96.67239,125.0
68,121,2,107.67805,125.0
68,122,0,93.882835,125.0
68,123,2,92.78159,125.0
68,124,4,119.42398,125.0
68,125,4,111.54016,125.0
68,126,4,104.466805,125.0
68,127,5,111.7418,125.0
68,128,5,101.24261,125.0
68,129,0,90.0178,125.0
68,130,5,105.56278,125.0
68,131,4,107.15948,125.0
68,132,4,96.04044,125.0
68,133,5,105.69408,125.0
68,134,0,120.6325,125.0
68,135,0,123.32571,125.0
68,136,0,120.96084,125.0
68,137,5,126.30795,125.0
68,138,0,121.00622,125.0
68,139,5,120.75889,125.0
68,140,5,122.74337,125.0
68,141,4,125.10723,125.0
68,142,2,109.08721,125.0
68,143,5,103.67764,125.0
68,144,5,119.32862,125.0
68,145,3,112.97693,125.0
68,146,5,111.47376,125.0
68,147,5,122.22821,125.0
68,148,4,112.908394,125.0
68,149,5,113.696365,125.0
68,150,0,108.77715,125.0
68,151,3,111.69469,125.0
68,152,0,114.89706,125.0
68,153,5,112.89632,125.0
68,154,4,115.8756,125.0
68,155,1,107.47513,125.0
68,156,1,107.01911,125.0
68,157,5,109.28315,125.0
68,158,5,109.19465,125.0
68,159,3,99.250984,125.0
68,160,1,103.743484,125.0
68,161,5,95.11382,125.0
68,162,5,90.028404,125.0
68,163,0,81.2756,124.0
68,164,0,62.92958,123.0
68,165,5,56.29968,122.0
68,166,3,61.337944,121.0
68,167,0,63.16052,120.0
68,168,2,62.61087,119.0
68,169,4,56.6014,118.0
68,170,3,51.54102,117.0
68,171,4,60.190422,116.0
68,172,1,54.9217,115.0
68,173,5,66.002785,114.0
68,174,1,50.46085,113.0
68,175,3,59.967075,112.0
68,176,5,53.6082,111.0
68,177,0,47.185783,110.0
68,178,4,53.598473,109.0
68,179,1,49.424683,108.0
68,180,4,67.4676,107.0
68,181,4,58.828266,106.0
68,182,2,53.121082,105.0
68,183,2,58.120934,104.0
68,184,1,51.484295,103.0
68,185,5,55.748302,102.0
68,186,2,51.320194,101.0
68,187,2,44.089325,100.0
68,188,5,44.40448,99.0
68,189,1,51.543407,98.0
68,190,2,63.25597,97.0
68,191,0,52.548477,96.0
68,192,2,55.34256,95.0
68,193,5,64.59016,94.0
68,194,4,70.37957,93.0
68,195,5,57.563816,92.0
68,196,5,57.72965,91.0
68,197,5,40.274765,90.0
68,198,3,57.037876,89.0
68,199,0,56.66873,88.0
68,200,5,30.21533,87.0
68,201,0,47.318382,86.0
68,202,5,59.511154,85.0
68,203,3,47.7719,84.0
68,204,2,44.45011,83.0
68,205,4,56.370937,82.0
68,206,2,57.9468,81.0
68,207,0,65.30626,80.0
68,208,2,53.25595,79.0
68,209,0,45.915707,78.0
68,210,4,49.525955,77.0
68,211,3,49.067165,76.0
68,212,4,46.465878,75.0
68,213,0,21.886496,74.0
68,214,3,29.490124,73.0
68,215,0,29.155603,72.0
68,216,2,29.274807,71.0
68,217,2,26.062876,70.0
68,218,1,17.67574,69.0
68,219,0,16.495647,68.0
68,220,4,15.968115,67.0
68,221,2,8.799869,66.0
68,222,0,29.711586,65.0
68,223,5,24.56381,64.0
68,224,5,28.78953,63.0
68,225,1,25.326214,62.0
68,226,5,31.47063,61.0
68,227,3,32.886475,60.0
68,228,3,22.026642,59.0
68,229,2,16.235104,58.0
68,230,3,19.62918,57.0
68,231,2,8.637499,56.0
68,232,4,11.138713,55.0
68,233,3,12.905759,54.0
68,234,1,12.937016,53.0
68,235,3,28.783314,52.0
68,236,1,27.134531,51.0
68,237,0,28.341496,50.0
68,238,0,33.766838,49.0
68,239,5,32.6351,48.0
68,240,3,30.254984,47.0
68,241,1,21.656519,46.0
69,36,5,116.564766,125.0
69,37,4,106.52102,125.0
69,38,5,96.62978,125.0
69,39,4,114.90063,125.0
69,40,5,115.316795,125.0
69,41,3,95.34704,125.0
69,42,1,100.89212,125.0
69,43,5,102.39951,125.0
69,44,4,113.76959,125.0
69,45,4,103.38589,125.0
69,46,5,92.86371,125.0
69,47,5,103.382744,125.0
69,48,3,105.59113,125.0
69,49,0,108.23136,125.0
69,50,1,104.646,124.0
69,51,3,112.41013,123.0
69,52,1,106.78324,122.0
69,53,0,118.40893,121.0
69,54,1,118.892235,120.0
69,55,4,120.8504,119.0
69,56,0,103.92899,118.0
69,57,3,114.19469,117.0
69,58,1,95.144936,116.0
69,59,3,98.98522,115.0
69,60,2,114.34017,114.0
69,61,4,109.17751,113.0
69,62,4,112.94998,112.0
69,63,1,107.73127,111.0
69,64,3,105.389854,110.0
69,65,5,118.80735,109.0
69,66,2,106.53492,108.0
69,67,0,113.41175,107.0
69,68,0,123.2942,106.0
69,69,0,116.07592,105.0
69,70,4,114.68342,104.0
69,71,2,121.46936,103.0
69,72,3,116.911736,102.0
69,73,5,122.83427,101.0
69,74,2,110.80294,100.0
69,75,5,116.35143,99.0
69,76,5,107.72302,98.0
69,77,2,106.7156,97.0
69,78,5,119.89843,96.0
69,79,5,104.02609,95.0
69,80,4,113.379555,94.0
69,81,5,102.75565,93.0
69,82,0,90.732025,92.0
69,83,4,73.78086,91.0
69,84,5,77.56869,90.0
69,85,5,67.464836,89.0
69,86,0,89.33487,88.0
69,87,2,78.70595,87.0
69,88,3,97.10083,86.0
69,89,4,113.345665,85.0
69,90,5,102.382805,84.0
69,91,4,109.7768,83.0
69,92,5,105.77631,82.0
69,93,3,115.3946,81.0
69,94,1,110.12903,80.0
69,95,2,119.87403,79.0
69,96,5,124.23923,78.0
69,97,5,118.55444,77.0
69,98,3,121.93566,76.0
69,99,0,118.330864,75.0
69,100,5,97.18063,74.0
69,101,5,105.682686,73.0
69,102,1,95.836044,72.0
69,103,3,95.06727,71.0
69,104,5,92.09164,70.0
69,105,5,92.299385,69.0
69,106,3,102.27323,68.0
69,107,3,88.705666,67.0
69,108,4,93.966866,66.0
69,109,5,100.27195,65.0
69,110,2,87.56646,64.0
69,111,0,73.16668,63.0
69,112,0,62.205173,62.0
69,113,1,56.721138,61.0
69,114,1,66.24277,60.0
69,115,5,63.145046,59.0
69,116,3,59.212776,58.0
69,117,2,51.447365,57.0
69,118,1,47.764587,56.0
69,119,2,56.153297,55.0
69,120,1,53.95864,54.0
69,121,0,53.916473,53.0
69,122,4,42.243675,52.0
69,123,0,40.393196,51.0
69,124,5,37.71945,50.0
69,125,1,45.915466,49.0
69,126,5,49.686455,48.0
69,127,2,44.98317,47.0
69,128,5,39.504463,46.0
69,129,5,39.03475,45.0
69,130,4,42.42428,44.0
69,131,0,35.18157,43.0
69,132,2,25.270159,42.0
69,133,3,29.235044,41.0
69,134,3,30.55532,40.0
69,135,1,33.735157,39.0
69,136,2,33.951077,38.0
69,137,4,32.047092,37.0
69,138,0,33.70753,36.0
69,139,2,31.79054,35.0
69,140,3,38.9066,34.0
69,141,2,38.427757,33.0
69,142,2,41.35228,32.0
69,143,4,36.22683,31.0
69,144,5,50.790207,30.0
69,145,5,47.028236,29.0
69,146,4,49.9748,28.0
69,147,5,39.8224,27.0
69,148,1,49.474113,26.0
69,149,3,37.57559,25.0
69,150,4,24.230463,24.0
69,151,5,34.82856,23.0
69,152,1,28.389746,22.0
69,153,5,27.521978,21.0
69,154,4,22.414864,20.0
69,155,5,28.2012,19.0
69,156,4,27.149275,18.0
69,157,1,15.85614,17.0
69,158,1,15.815392,16.0
69,159,0,11.704778,15.0
69,160,0,12.334345,14.0
69,161,1,9.838083,13.0
69,162,3,11.162316,12.0
70,36,0,115.2666,125.0
70,37,5,119.9302,125.0
70,38,3,124.62021,125.0
70,39,0,120.44246,125.0
70,40,0,117.338905,125.0
70,41,3,132.47513,125.0
70,42,2,122.18667,125.0
70,43,3,115.390526,125.0
70,44,3,116.04106,125.0
70,45,1,124.351265,125.0
70,46,5,125.47154,125.0
70,47,2,123.13915,125.0
70,48,3,113.67519,125.0
70,49,4,123.816956,125.0
70,50,4,126.418594,125.0
70,51,4,116.01139,125.0
70,52,2,125.567894,125.0
70,53,0,124.049675,125.0
70,54,4,123.21807,125.0
70,55,5,126.49682,125.0
70,56,0,126.517265,125.0
70,57,5,121.96558,125.0
70,58,4,124.327156,125.0
70,59,3,119.85044,125.0
70,60,0,129.17548,125.0
70,61,1,124.572586,125.0
70,62,5,116.175514,125.0
70,63,2,108.97988,125.0
70,64,2,116.02131,125.0
70,65,5,105.79487,125.0
70,66,5,118.2343,125.0
70,67,0,101.65183,125.0
70,68,1,104.83169,125.0
70,69,5,113.57975,125.0
70,70,4,108.070175,125.0
70,71,3,121.1399,125.0
70,72,3,125.82595,125.0
70,73,3,124.2871,125.0
70,74,1,117.61355,125.0
70,75,2,125.37177,125.0
70,76,2,113.24905,125.0
70,77,0,116.143486,125.0
70,78,5,124.794945,125.0
70,79,1,122.880135,125.0
70,80,3,121.51551,125.0
70,81,4,111.05662,125.0
70,82,2,114.25974,125.0
70,83,2,112.23313,125.0
70,84,2,99.14028,125.0
70,85,5,122.54408,125.0
70,86,5,115.45297,125.0
70,87,2,111.45019,125.0
70,88,5,110.6682,125.0
70,89,5,115.51046,125.0
70,90,0,111.56652,125.0
70,91,5,115.67855,125.0
70,92,5,115.930405,125.0
70,93,2,111.54162,125.0
70,94,5,121.041405,125.0
70,95,5,109.916145,125.0
70,96,1,107.5994,125.0
70,97,0,115.69228,125.0
70,98,5,110.08926,125.0
70,99,3,116.54574,124.0
70,100,5,114.38665,123.0
70,101,5,110.82945,122.0
70,102,5,118.20661,121.0
70,103,0,98.25796,120.0
70,104,0,99.28147,119.0
70,105,4,107.777626,118.0
70,106,4,110.656235,117.0
70,107,5,110.89807,116.0
70,108,4,106.94802,115.0
70,109,1,94.443596,114.0
70,110,1,79.92991,113.0
70,111,4,102.19964,112.0
70,112,2,111.66538,111.0
70,113,2,108.46357,110.0
70,114,4,84.35578,109.0
70,115,5,75.90168,108.0
70,116,0,91.07691,107.0
70,117,0,97.65362,106.0
70,118,4,75.88674,105.0
70,119,5,101.39382,104.0
70,120,0,99.993546,103.0
70,121,0,105.94855,102.0
70,122,1,103.28018,101.0
70,123,0,103.93041,100.0
70,124,2,120.63414,99.0
70,125,2,111.04418,98.0
70,126,2,112.25545,97.0
70,127,5,121.05852,96.0
70,128,0,103.90046,95.0
70,129,4,86.08468,94.0
70,130,1,92.831,93.0
70,131,3,95.49329,92.0
70,132,1,94.71543,91.0
70,133,5,88.04775,90.0
70,134,0,89.759514,89.0
70,135,5,107.52719,88.0
70,136,2,91.12279,87.0
70,137,1,78.52781,86.0
70,138,1,79.52312,85.0
70,139,5,76.6155,84.0
70,140,5,83.40586,83.0
70,141,1,85.50099,82.0
70,142,5,81.29612,81.0
70,143,5,79.16944,80.0
70,144,0,69.1811,79.0
70,145,1,70.22156,78.0
70,146,1,71.65684,77.0
70,147,2,79.1079,76.0
70,148,1,68.57047,75.0
70,149,5,60.782448,74.0
70,150,2,72.66622,73.0
70,151,1,68.57665,72.0
70,152,1,48.709694,71.0
70,153,2,61.550285,70.0
70,154,3,59.320427,69.0
70,155,0,55.611107,68.0
70,156,2,70.77773,67.0
70,157,3,63.07119,66.0
70,158,1,51.27511,65.0
70,159,3,60.253395,64.0
70,160,2,55.303905,63.0
70,161,5,58.372444,62.0
70,162,2,47.89022,61.0
70,163,0,44.628532,60.0
70,164,4,39.252644,59.0
70,165,5,32.500153,58.0
70,166,3,38.822723,57.0
70,167,0,34.90742,56.0
70,168,5,28.993664,55.0
70,169,3,28.281618,54.0
70,170,3,29.789915,53.0
70,171,4,24.866922,52.0
70,172,5,22.052237,51.0
70,173,2,21.118082,50.0
70,174,3,28.75556,49.0
70,175,1,33.301994,48.0
70,176,1,38.223118,47.0
70,177,0,37.422714,46.0
70,178,2,32.701504,45.0
70,179,0,40.30649,44.0
70,180,3,41.404194,43.0
70,181,1,37.963333,42.0
70,182,4,26.496786,41.0
70,183,4,28.353416,40.0
70,184,4,32.881195,39.0
70,185,5,25.344751,38.0
70,186,2,37.04205,37.0
70,187,0,28.798536,36.0
70,188,5,28.011095,35.0
70,189,1,23.283728,34.0
70,190,0,23.902727,33.0
71,36,3,124.00216,125.0
71,37,2,131.32166,125.0
71,38,4,129.42545,125.0
71,39,2,128.21527,125.0
71,40,0,130.8105,125.0
71,41,0,123.09934,125.0
71,42,1,115.56522,125.0
71,43,1,115.94796,125.0
71,44,1,103.11828,125.0
71,45,5,127.282104,125.0
71,46,4,122.57271,125.0
71,47,0,122.27358,125.0
71,48,5,127.96551,125.0
71,49,0,122.39507,125.0
71,50,0,118.41292,125.0
71,51,4,118.69706,125.0
71,52,4,116.4864,125.0
71,53,4,127.89512,125.0
71,54,1,127.49816,125.0
71,55,3,123.47541,125.0
71,56,2,127.40487,125.0
71,57,4,119.60761,125.0
71,58,1,127.20826,125.0
71,59,5,126.78627,125.0
71,60,4,123.10843,125.0
71,61,4,125.37278,125.0
71,62,2,127.94474,125.0
71,63,0,122.98347,125.0
71,64,5,117.1799,125.0
71,65,1,115.66551,125.0
71,66,1,122.33701,125.0
71,67,4,114.10432,125.0
71,68,5,112.66794,125.0
71,69,1,117.26324,125.0
71,70,3,124.260414,125.0
71,71,5,118.51708,125.0
71,72,1,111.4797,125.0
71,73,3,115.04128,125.0
71,74,2,111.46734,125.0
71,75,5,108.68876,125.0
71,76,4,123.258484,125.0
71,77,0,124.878075,125.0
71,78,4,124.203835,125.0
71,79,3,124.23014,125.0
71,80,1,120.10171,125.0
71,81,5,123.92925,125.0
71,82,2,122.138725,125.0
71,83,5,117.05666,125.0
71,84,5,122.86072,125.0
71,85,3,122.52354,125.0
71,86,1,121.72921,125.0
71,87,2,124.63683,125.0
71,88,5,122.85744,125.0
71,89,5,105.75204,125.0
71,90,0,110.960106,125.0
71,91,1,109.1504,125.0
71,92,5,97.21098,125.0
71,93,5,104.66439,125.0
71,94,1,106.34598,125.0
71,95,3,113.193,125.0
71,96,0,112.63038,125.0
71,97,1,117.70859,125.0
71,98,0,120.90983,125.0
71,99,0,110.97587,125.0
71,100,5,112.967255,125.0
71,101,5,120.89106,125.0
71,102,4,124.97975,125.0
71,103,3,125.38554,125.0
71,104,5,117.623634,125.0
71,105,5,120.07434,125.0
71,106,5,115.63817,125.0
71,107,5,118.46595,125.0
71,108,4,122.43777,125.0
71,109,5,123.87066,125.0
71,110,1,120.61166,125.0
71,111,5,120.5992,125.0
71,112,2,120.0113,125.0
71,113,5,116.71927,125.0
71,114,2,115.76628,125.0
71,115,0,117.63532,125.0
71,116,3,121.70592,125.0
71,117,2,117.27664,125.0
71,118,4,112.8873,125.0
71,119,0,117.591545,125.0
71,120,0,118.640015,125.0
71,121,0,112.24199,125.0
71,122,0,118.43261,125.0
71,123,5,127.86903,125.0
71,124,3,119.50456,125.0
71,125,1,120.350945,125.0
71,126,5,116.816,125.0
71,127,3,116.373245,125.0
71,128,3,129.20024,125.0
71,129,0,122.97807,125.0
71,130,5,120.42884,125.0
71,131,5,126.96843,125.0
71,132,2,125.2458,125.0
71,133,3,123.58878,125.0
71,134,3,116.6787,125.0
71,135,2,111.99375,125.0
71,136,5,114.477135,125.0
71,137,1,105.88731,125.0
71,138,1,111.330345,125.0
71,139,0,107.55512,125.0
71,140,5,106.692055,125.0
71,141,1,113.33041,125.0
71,142,2,127.94544,125.0
71,143,4,120.06279,125.0
71,144,1,113.0354,125.0
71,145,5,122.18121,125.0
71,146,5,113.42277,125.0
71,147,1,108.19689,125.0
71,148,2,111.43164,125.0
71,149,3,126.321754,125.0
71,150,1,101.577324,125.0
71,151,5,99.7543,125.0
71,152,5,103.76425,125.0
71,153,4,105.54847,125.0
71,154,5,110.68253,125.0
71,155,4,107.49296,125.0
71,156,2,110.69804,125.0
71,157,0,126.23031,125.0
71,158,5,108.54998,125.0
71,159,3,105.447296,125.0
71,160,0,114.038795,125.0
71,161,2,116.383,125.0
71,162,2,113.47988,125.0
71,163,4,113.10793,125.0
71,164,4,121.76816,125.0
71,165,1,123.79899,125.0
71,166,3,115.20251,125.0
71,167,5,119.23663,125.0
71,168,3,117.497215,125.0
71,169,5,121.22941,125.0
71,170,5,119.589584,125.0
71,171,5,113.465355,125.0
71,172,0,101.28286,125.0
71,173,0,110.789795,125.0
71,174,0,99.7694,125.0
71,175,5,99.77091,125.0
71,176,3,87.62486,125.0
71,177,2,100.47939,125.0
71,178,0,111.60756,125.0
71,179,3,112.029,125.0
71,180,2,101.85844,125.0
71,181,3,110.15276,125.0
71,182,0,103.74509,125.0
71,183,2,106.11463,124.0
71,184,5,108.972664,123.0
71,185,4,113.58958,122.0
71,186,5,113.84237,121.0
71,187,4,107.69228,120.0
71,188,4,107.74941,119.0
71,189,4,98.20667,118.0
71,190,4,107.78239,117.0
71,191,4,95.409676,116.0
71,192,5,106.933235,115.0
71,193,3,117.68476,114.0
71,194,5,121.99865,113.0
71,195,0,116.62915,112.0
71,196,0,112.76931,111.0
71,197,3,100.28713,110.0
71,198,2,87.469765,109.0
71,199,1,89.73943,108.0
71,200,3,84.41982,107.0
71,201,5,78.79125,106.0
71,202,4,69.26635,105.0
71,203,3,81.90714,104.0
71,204,0,62.557133,103.0
71,205,2,85.51401,102.0
71,206,3,82.06141,101.0
71,207,0,88.27634,100.0
71,208,4,84.00464,99.0
71,209,5,91.11321,98.0
71,210,2,100.45037,97.0
71,211,4,100.238976,96.0
71,212,4,95.61634,95.0
71,213,2,86.62045,94.0
71,214,1,93.91648,93.0
71,215,4,85.79132,92.0
71,216,0,84.4481,91.0
71,217,1,76.497215,90.0
71,218,5,84.20849,89.0
71,219,0,79.74146,88.0
71,220,4,84.20545,87.0
71,221,5,70.400505,86.0
71,222,3,71.83606,85.0
71,223,5,81.41959,84.0
71,224,1,79.10826,83.0
71,225,1,78.66684,82.0
71,226,2,63.08949,81.0
71,227,3,66.23216,80.0
71,228,4,69.67144,79.0
71,229,3,74.37269,78.0
71,230,3,80.89677,77.0
71,231,0,67.3912,76.0
71,232,2,66.907524,75.0
71,233,5,63.87846,74.0
71,234,5,58.266293,73.0
71,235,3,59.024574,72.0
71,236,5,56.883064,71.0
71,237,0,51.630424,70.0
71,238,2,52.597443,69.0
71,239,4,65.98771,68.0
71,240,1,57.679596,67.0
71,241,1,52.517696,66.0
71,242,5,51.913002,65.0
71,243,3,55.31612,64.0
71,244,5,51.630264,63.0
71,245,2,45.544277,62.0
71,246,5,48.316875,61.0
71,247,3,47.545006,60.0
71,248,3,47.34925,59.0
71,249,3,38.66777,58.0
71,250,3,37.985573,57.0
71,251,2,47.025448,56.0
71,252,3,43.08876,55.0
71,253,3,38.81991,54.0
71,254,3,44.30063,53.0
71,255,4,39.38577,52.0
71,256,0,34.584118,51.0
71,257,1,35.5737,50.0
71,258,4,30.526379,49.0
71,259,5,29.407654,48.0
71,260,1,34.03253,47.0
71,261,0,22.211157,46.0
71,262,0,22.674839,45.0
71,263,4,26.202208,44.0
71,264,5,24.53358,43.0
71,265,1,37.279205,42.0
71,266,0,34.57334,41.0
71,267,2,30.100891,40.0
71,268,5,27.111109,39.0
71,269,3,29.317703,38.0
71,270,2,25.5344,37.0
71,271,2,32.559258,36.0
71,272,5,34.90841,35.0
71,273,4,33.870445,34.0
71,274,1,28.904005,33.0
71,275,0,21.142305,32.0
71,276,3,21.492838,31.0
71,277,5,24.345707,30.0
71,278,5,18.111315,29.0
71,279,3,23.730043,28.0
71,280,2,26.462523,27.0
71,281,5,23.970926,26.0
71,282,2,26.711485,25.0
71,283,4,14.481205,24.0
71,284,3,20.040976,23.0
71,285,2,19.219915,22.0
71,286,5,22.305475,21.0
71,287,5,29.532629,20.0
71,288,1,17.520285,19.0
71,289,3,13.449165,18.0
71,290,3,12.870384,17.0
71,291,3,12.54772,16.0
71,292,2,14.508294,15.0
72,36,2,120.98491,125.0
72,37,2,119.71056,125.0
72,38,4,119.22263,125.0
72,39,2,118.757996,125.0
72,40,3,129.04126,125.0
72,41,5,122.96549,125.0
72,42,5,127.34072,125.0
72,43,5,125.47698,125.0
72,44,5,123.599815,125.0
72,45,4,120.354744,125.0
72,46,4,120.83047,125.0
72,47,5,121.44593,125.0
72,48,2,127.250374,125.0
72,49,5,115.66642,125.0
72,50,4,111.16991,125.0
72,51,4,90.346504,125.0
72,52,5,87.64007,125.0
72,53,5,99.35351,125.0
72,54,2,94.64323,125.0
72,55,5,96.83254,125.0
72,56,0,113.10171,125.0
72,57,3,107.23315,125.0
72,58,2,114.94717,125.0
72,59,5,120.68646,125.0
72,60,0,114.955284,125.0
72,61,2,115.61298,125.0
72,62,5,101.07847,125.0
72,63,0,99.56425,125.0
72,64,0,100.02294,125.0
72,65,5,100.90118,125.0
72,66,5,97.96653,125.0
72,67,5,100.04133,125.0
72,68,0,88.13859,125.0
72,69,2,104.68486,125.0
72,70,2,118.56858,125.0
72,71,4,125.933945,125.0
72,72,3,124.26113,125.0
72,73,5,119.806404,125.0
72,74,4,132.03876,125.0
72,75,4,126.24529,125.0
72,76,0,124.384766,125.0
72,77,3,128.23975,125.0
72,78,1,123.24403,125.0
72,79,5,123.7604,125.0
72,80,3,121.663025,125.0
72,81,5,124.99056,125.0
72,82,5,113.05807,125.0
72,83,1,116.85738,125.0
72,84,4,120.23592,125.0
72,85,5,123.2531,125.0
72,86,1,111.364845,125.0
72,87,2,122.89829,125.0
72,88,2,114.35786,125.0
72,89,5,125.269356,125.0
72,90,3,119.03345,125.0
72,91,4,113.15378,125.0
72,92,4,119.19633,125.0
72,93,1,118.493004,125.0
72,94,2,113.295494,125.0
72,95,2,110.16752,125.0
72,96,0,116.464745,125.0
72,97,5,119.46366,125.0
72,98,3,123.409615,125.0
72,99,4,112.86652,125.0
72,100,4,107.72847,125.0
72,101,3,114.395424,125.0
72,102,5,120.0507,125.0
72,103,0,126.33364,125.0
72,104,3,110.45158,125.0
72,105,1,126.83822,125.0
72,106,0,124.289986,125.0
72,107,2,116.97578,125.0
72,108,4,109.22946,125.0
72,109,5,112.5824,125.0
72,110,4,116.891426,125.0
72,111,4,111.62884,125.0
72,112,3,117.56573,125.0
72,113,2,119.00447,125.0
72,114,5,120.15461,125.0
72,115,0,123.38581,125.0
72,116,5,119.89689,125.0
72,117,5,110.96848,125.0
72,118,1,117.18339,125.0
73,36,1,124.18603,125.0
73,37,2,119.63178,125.0
73,38,5,115.02902,125.0
73,39,0,115.225914,125.0
73,40,5,123.69427,125.0
73,41,2,112.49293,125.0
73,42,4,104.16103,125.0
73,43,4,109.675354,125.0
73,44,5,114.79664,125.0
73,45,2,118.76516,125.0
73,46,5,120.464836,125.0
73,47,3,118.57498,125.0
73,48,3,109.6224,124.0
73,49,1,96.442535,123.0
73,50,3,110.90612,122.0
73,51,4,97.66755,121.0
73,52,1,85.80981,120.0
73,53,4,86.026054,119.0
73,54,0,107.276085,118.0
73,55,4,89.77812,117.0
73,56,0,99.41051,116.0
73,57,0,105.66726,115.0
73,58,2,111.96272,114.0
73,59,3,110.60844,113.0
73,60,5,109.15444,112.0
73,61,3,108.544304,111.0
73,62,0,113.61776,110.0
73,63,3,103.64994,109.0
73,64,5,116.95306,108.0
73,65,4,112.79678,107.0
73,66,3,123.81819,106.0
73,67,5,117.38485,105.0
73,68,3,120.51499,104.0
73,69,5,112.83793,103.0
73,70,3,122.65397,102.0
73,71,5,120.57044,101.0
73,72,4,126.56969,100.0
73,73,2,122.079506,99.0
73,74,4,110.38865,98.0
73,75,1,101.42545,97.0
73,76,3,116.260216,96.0
73,77,5,105.615005,95.0
73,78,1,98.89875,94.0
73,79,2,107.88762,93.0
73,80,5,107.61539,92.0
73,81,3,116.22087,91.0
73,82,4,109.223175,90.0
73,83,0,109.94769,89.0
73,84,3,119.361755,88.0
73,85,3,117.79554,87.0
73,86,5,113.93461,86.0
73,87,3,111.760994,85.0
73,88,5,102.84822,84.0
73,89,1,101.01423,83.0
73,90,0,99.0727,82.0
73,91,1,85.3073,81.0
73,92,3,86.48789,80.0
73,93,3,83.90214,79.0
73,94,5,82.43085,78.0
73,95,4,81.72172,77.0
73,96,2,79.6643,76.0
73,97,1,75.243034,75.0
73,98,5,89.03103,74.0
73,99,5,85.15273,73.0
73,100,2,96.20266,72.0
73,101,4,87.04015,71.0
73,102,1,84.06426,70.0
73,103,2,90.588524,69.0
73,104,5,84.02806,68.0
73,105,3,92.187546,67.0
73,106,5,88.7499,66.0
73,107,1,97.34743,65.0
73,108,1,87.3881,64.0
73,109,2,87.72256,63.0
73,110,5,84.57597,62.0
73,111,2,83.53497,61.0
73,112,0,88.21149,60.0
73,113,5,110.23156,59.0
73,114,3,105.80654,58.0
73,115,3,97.274635,57.0
73,116,3,94.84138,56.0
73,117,5,78.79003,55.0
73,118,3,63.15253,54.0
73,119,1,56.436966,53.0
73,120,0,63.720642,52.0
73,121,1,56.116226,51.0
73,122,5,58.37091,50.0
73,123,4,51.620914,49.0
73,124,3,43.887966,48.0
73,125,5,44.160713,47.0
73,126,3,51.89331,46.0
73,127,4,47.094692,45.0
73,128,5,40.11676,44.0
73,129,0,38.45117,43.0
73,130,5,43.0506,42.0
73,131,3,39.099564,41.0
73,132,4,37.58787,40.0
73,133,2,29.884314,39.0
73,134,0,36.642113,38.0
73,135,4,21.053102,37.0
73,136,5,19.431337,36.0
73,137,5,18.271954,35.0
73,138,2,18.465479,34.0
73,139,2,14.688667,33.0
73,140,3,11.407221,32.0
73,141,0,18.670351,31.0
73,142,5,11.493135,30.0
73,143,2,12.3585,29.0
73,144,4,16.207098,28.0
73,145,5,14.201168,27.0
73,146,5,15.621578,26.0
73,147,2,9.475889,25.0
73,148,2,7.676056,24.0
73,149,0,10.998171,23.0
74,36,5,120.99928,125.0
74,37,4,122.54512,125.0
74,38,4,123.867744,125.0
74,39,1,129.54721,125.0
74,40,3,131.58719,125.0
74,41,0,127.602615,125.0
74,42,2,125.035194,125.0
74,43,5,125.77735,125.0
74,44,4,121.78199,125.0
74,45,5,111.99577,125.0
74,46,4,119.55983,125.0
74,47,1,122.393,125.0
74,48,3,117.33177,125.0
74,49,3,114.87005,125.0
74,50,5,119.00135,125.0
74,51,0,114.84913,125.0
74,52,2,110.90693,125.0
74,53,3,120.237076,125.0
74,54,0,120.25377,125.0
74,55,0,120.80822,125.0
74,56,5,129.01248,125.0
74,57,3,120.83028,125.0
74,58,0,114.40377,125.0
74,59,1,115.63418,125.0
74,60,5,115.794754,125.0
74,61,5,114.70665,125.0
74,62,5,114.3104,125.0
74,63,5,99.27451,125.0
74,64,5,107.50536,125.0
74,65,1,95.726776,125.0
74,66,4,112.57917,125.0
74,67,3,114.038506,125.0
74,68,5,113.52059,125.0
74,69,3,122.80515,125.0
74,70,3,116.1234,125.0
74,71,3,119.831764,125.0
74,72,1,113.48655,125.0
74,73,1,118.41105,125.0
74,74,4,119.74966,125.0
74,75,1,111.90768,125.0
74,76,3,119.57102,125.0
74,77,2,121.5359,125.0
74,78,0,124.723885,125.0
74,79,5,126.25102,125.0
74,80,3,125.81869,125.0
74,81,2,127.879265,125.0
74,82,2,124.48137,125.0
74,83,4,125.07972,125.0
74,84,5,121.75927,125.0
74,85,5,119.79847,125.0
74,86,2,119.92733,125.0
74,87,2,108.176,125.0
74,88,5,119.59557,125.0
74,89,3,107.579155,125.0
74,90,2,107.76374,125.0
74,91,1,120.935326,125.0
74,92,5,118.09642,125.0
74,93,4,118.88146,125.0
74,94,1,119.373,125.0
74,95,3,120.90391,125.0
74,96,4,122.62319,125.0
74,97,0,121.1444,125.0
74,98,4,126.90157,125.0
74,99,1,114.03945,125.0
74,100,1,114.45048,125.0
74,101,4,105.22178,125.0
74,102,0,117.25691,125.0
74,103,0,110.58937,125.0
74,104,5,108.26107,125.0
74,105,2,118.515114,125.0
74,106,3,123.29687,125.0
74,107,1,114.19074,125.0
74,108,0,127.14234,125.0
74,109,2,122.286644,125.0
74,110,2,118.368935,125.0
74,111,1,109.832596,125.0
74,112,1,92.94576,125.0
74,113,2,91.338196,125.0
74,114,1,84.10396,125.0
74,115,1,80.891655,125.0
74,116,0,101.17404,125.0
74,117,1,68.582344,125.0
74,118,3,95.521065,125.0
74,119,5,108.46555,125.0
74,120,5,119.93575,125.0
74,121,4,119.24398,125.0
74,122,2,122.42365,125.0
74,123,2,115.40231,125.0
74,124,0,124.99981,125.0
74,125,1,124.53871,125.0
74,126,3,118.6388,125.0
74,127,5,122.70799,125.0
74,128,5,112.70432,125.0
74,129,5,120.45367,125.0
74,130,1,126.30474,125.0
74,131,0,119.35444,125.0
74,132,4,123.54438,125.0
74,133,0,127.46831,125.0
74,134,2,122.35903,125.0
74,135,1,121.78418,125.0
74,136,4,119.31215,125.0
74,137,3,124.665215,125.0
74,138,5,127.72175,125.0
74,139,5,120.7244,125.0
74,140,1,126.9313,125.0
74,141,3,126.05791,125.0
74,142,5,120.68243,125.0
74,143,0,128.09882,125.0
74,144,0,119.376595,125.0
74,145,4,113.10249,125.0
74,146,5,111.55319,125.0
74,147,3,115.70455,125.0
74,148,5,117.39573,125.0
74,149,5,120.57188,125.0
74,150,5,128.00423,125.0
74,151,4,126.57758,125.0
74,152,2,126.124855,125.0
74,153,5,128.97086,125.0
74,154,1,124.47569,125.0
74,155,5,122.1124,125.0
74,156,2,126.331665,125.0
74,157,5,124.39553,125.0
74,158,3,128.45966,125.0
74,159,4,119.82375,125.0
74,160,1,129.857,125.0
74,161,1,128.88196,125.0
74,162,1,118.275826,125.0
74,163,0,129.70015,125.0
74,164,1,117.258415,125.0
74,165,5,114.494736,125.0
74,166,2,128.78728,125.0
74,167,2,133.12915,125.0
74,168,5,125.58225,125.0
74,169,0,118.83252,125.0
74,170,4,116.3863,125.0
74,171,4,132.3024,125.0
74,172,3,119.02708,125.0
74,173,4,105.06971,125.0
74,174,3,102.32844,125.0
74,175,5,106.21433,125.0
74,176,4,97.45887,125.0
74,177,4,87.44785,125.0
74,178,3,92.692894,125.0
74,179,3,108.25226,125.0
74,180,3,97.57442,125.0
74,181,4,99.12037,125.0
74,182,5,98.966194,125.0
74,183,1,116.470024,125.0
74,184,1,112.36535,125.0
74,185,3,96.34426,125.0
74,186,1,96.72429,125.0
74,187,1,88.07307,125.0
74,188,3,91.34943,124.0
74,189,2,96.09657,123.0
74,190,2,101.17649,122.0
74,191,4,96.963585,121.0
74,192,3,114.49532,120.0
74,193,5,116.9311,119.0
74,194,2,121.80758,118.0
74,195,3,126.554016,117.0
74,196,3,117.00222,116.0
74,197,3,121.10491,115.0
74,198,0,120.8536,114.0
74,199,4,117.1097,113.0
74,200,3,111.7682,112.0
74,201,5,111.662796,111.0
74,202,4,118.889595,110.0
74,203,5,126.64655,109.0
74,204,5,119.40363,108.0
74,205,4,122.476395,107.0
74,206,5,105.300575,106.0
74,207,3,104.060875,105.0
74,208,5,102.83558,104.0
74,209,4,101.171974,103.0
74,210,5,107.7875,102.0
74,211,2,89.76292,101.0
74,212,4,86.600975,100.0
74,213,1,77.55503,99.0
74,214,2,64.3572,98.0
74,215,5,76.937546,97.0
74,216,5,80.79213,96.0
74,217,2,68.272415,95.0
74,218,1,84.21499,94.0
74,219,2,64.87957,93.0
74,220,4,52.652687,92.0
74,221,4,71.65937,91.0
74,222,4,45.15371,90.0
74,223,3,39.13768,89.0
75,36,5,119.779594,125.0
75,37,2,117.28855,125.0
75,38,5,116.92727,125.0
75,39,3,123.02996,125.0
75,40,4,120.84106,125.0
75,41,3,122.82103,125.0
75,42,1,120.96702,125.0
75,43,5,123.01226,125.0
75,44,0,121.93767,125.0
75,45,1,122.274765,125.0
75,46,3,118.685745,125.0
75,47,3,124.959816,125.0
75,48,4,121.329216,125.0
75,49,4,131.39673,125.0
75,50,4,127.32068,125.0
75,51,0,120.06736,125.0
75,52,2,123.46155,125.0
75,53,0,123.90319,125.0
75,54,3,116.93484,125.0
75,55,3,121.74179,125.0
75,56,3,124.08077,125.0
75,57,0,124.78986,125.0
75,58,4,116.38882,125.0
75,59,2,109.92759,125.0
75,60,1,113.34639,125.0
75,61,4,115.610985,125.0
75,62,0,121.99527,125.0
75,63,0,110.952354,125.0
75,64,0,117.39454,125.0
75,65,3,117.44422,125.0
75,66,0,115.878685,125.0
75,67,2,125.12354,125.0
75,68,1,124.80363,125.0
75,69,1,109.57662,125.0
75,70,0,114.90009,125.0
75,71,3,118.12309,125.0
75,72,4,123.67605,125.0
75,73,5,123.932625,125.0
75,74,1,123.964775,125.0
75,75,3,129.76581,125.0
75,76,5,125.385994,125.0
75,77,3,121.59266,125.0
75,78,1,123.692986,125.0
75,79,0,121.6881,125.0
75,80,1,118.781944,125.0
75,81,3,118.20368,125.0
75,82,2,122.818306,125.0
75,83,0,121.39694,125.0
75,84,3,125.06165,125.0
75,85,5,120.602745,125.0
75,86,5,124.78945,125.0
75,87,0,124.01815,125.0
75,88,3,116.57224,125.0
75,89,4,120.24198,125.0
75,90,0,123.42289,125.0
75,91,5,126.61654,125.0
75,92,0,124.31163,125.0
75,93,2,121.79884,125.0
75,94,4,127.96782,125.0
75,95,0,125.343285,125.0
75,96,4,114.65761,125.0
75,97,4,113.69032,125.0
75,98,2,109.17702,125.0
75,99,5,107.044815,125.0
75,100,0,115.9163,125.0
75,101,2,111.15196,125.0
75,102,2,111.97224,125.0
75,103,4,107.493034,125.0
75,104,0,107.97121,125.0
75,105,0,119.316185,125.0
75,106,4,121.94393,125.0
75,107,0,121.336655,125.0
75,108,1,125.84674,125.0
75,109,0,119.49003,125.0
75,110,1,124.97198,125.0
75,111,3,126.44405,125.0
75,112,5,128.80647,125.0
75,113,5,122.20785,125.0
75,114,2,126.40626,125.0
75,115,0,123.10174,125.0
75,116,4,120.06469,125.0
75,117,3,115.39391,125.0
75,118,5,122.05376,125.0
75,119,4,116.49926,125.0
75,120,3,117.512314,125.0
75,121,3,108.74712,125.0
75,122,3,113.049614,125.0
75,123,0,118.41913,125.0
75,124,4,122.1047,125.0
75,125,2,126.446,125.0
75,126,4,126.569305,125.0
75,127,2,124.23161,125.0
75,128,3,117.742424,125.0
75,129,3,116.99726,125.0
75,130,3,118.80506,125.0
75,131,5,114.59362,125.0
75,132,5,113.45127,125.0
75,133,5,111.80297,125.0
75,134,0,125.98887,125.0
75,135,5,111.68958,125.0
75,136,4,112.794716,125.0
75,137,3,120.74595,125.0
75,138,5,104.92914,125.0
75,139,5,118.91718,125.0
75,140,2,118.06552,125.0
75,141,1,121.92271,125.0
75,142,5,120.8451,125.0
75,143,3,115.584496,125.0
75,144,3,119.019485,125.0
75,145,3,118.59053,125.0
75,146,5,114.53677,125.0
75,147,2,112.978386,125.0
75,148,5,111.486115,125.0
75,149,5,104.571785,125.0
75,150,5,106.03451,125.0
75,151,0,107.81574,125.0
75,152,5,110.0158,125.0
75,153,0,117.73715,125.0
75,154,5,106.02622,125.0
75,155,0,109.713936,125.0
75,156,4,120.866844,125.0
75,157,1,127.84603,125.0
75,158,0,119.546295,125.0
75,159,4,123.74869,125.0
75,160,1,119.636,125.0
75,161,3,110.763374,125.0
75,162,0,120.53158,125.0
75,163,2,114.42264,125.0
75,164,1,103.967354,125.0
75,165,3,117.15139,125.0
75,166,1,110.87959,125.0
75,167,5,114.40079,125.0
75,168,5,118.08963,125.0
75,169,1,121.65934,125.0
75,170,1,102.63795,125.0
75,171,5,111.65296,125.0
75,172,5,120.00004,125.0
75,173,2,120.80606,125.0
75,174,5,119.288414,125.0
75,175,5,121.14599,125.0
75,176,1,111.36482,125.0
75,177,2,93.46267,125.0
75,178,1,91.24158,125.0
75,179,3,104.91778,125.0
75,180,3,114.8785,125.0
75,181,0,114.71447,125.0
75,182,5,105.12322,125.0
75,183,5,92.136475,125.0
75,184,3,100.41908,125.0
75,185,2,98.785545,125.0
75,186,5,93.113594,125.0
75,187,0,96.624756,125.0
75,188,5,92.95711,125.0
75,189,2,95.33598,125.0
75,190,3,97.00993,125.0
75,191,4,99.04471,125.0
75,192,1,106.52457,125.0
75,193,4,118.14899,125.0
75,194,4,117.674,125.0
75,195,0,110.118675,125.0
75,196,1,115.71824,125.0
75,197,5,111.20279,125.0
75,198,5,102.906044,125.0
75,199,5,90.40108,125.0
75,200,4,99.6515,125.0
75,201,4,96.624794,125.0
75,202,0,110.507355,125.0
75,203,5,106.406395,124.0
76,36,3,95.393074,125.0
76,37,3,96.7174,125.0
76,38,3,99.34208,125.0
76,39,5,93.01397,125.0
76,40,1,67.22418,125.0
76,41,0,70.953514,125.0
76,42,1,85.10925,125.0
76,43,4,99.24893,125.0
76,44,1,85.937614,125.0
76,45,2,92.22804,125.0
76,46,0,93.858505,125.0
76,47,5,106.65214,125.0
76,48,5,112.743614,125.0
77,36,5,123.547264,97.0
77,37,0,120.168205,96.0
77,38,5,116.75977,95.0
77,39,2,113.67554,94.0
77,40,1,121.168175,93.0
77,41,5,120.72941,92.0
77,42,1,118.45075,91.0
77,43,0,114.536446,90.0
77,44,5,116.96394,89.0
77,45,3,119.94622,88.0
77,46,0,113.241295,87.0
77,47,0,114.46114,86.0
77,48,4,120.360176,85.0
77,49,2,121.43392,84.0
77,50,1,126.12413,83.0
77,51,3,125.149734,82.0
77,52,3,126.16732,81.0
77,53,4,125.598526,80.0
77,54,5,122.85373,79.0
77,55,2,116.456566,78.0
77,56,5,121.921,77.0
77,57,1,115.34323,76.0
77,58,2,122.72576,75.0
77,59,4,117.25706,74.0
77,60,1,118.12489,73.0
77,61,5,121.33239,72.0
77,62,1,112.16933,71.0
77,63,0,115.598305,70.0
77,64,4,111.56955,69.0
77,65,2,123.16559,68.0
77,66,0,122.48991,67.0
77,67,4,123.46363,66.0
77,68,5,122.977104,65.0
77,69,0,118.92902,64.0
77,70,3,126.36645,63.0
77,71,5,114.52631,62.0
77,72,1,117.95313,61.0
77,73,5,122.59028,60.0
77,74,3,123.54103,59.0
77,75,3,117.744576,58.0
77,76,0,119.131996,57.0
77,77,4,112.38467,56.0
77,78,2,103.704216,55.0
77,79,2,101.46267,54.0
77,80,5,102.74762,53.0
77,81,2,108.6305,52.0
77,82,1,110.44463,51.0
77,83,0,102.19961,50.0
77,84,2,98.58492,49.0
77,85,5,92.01977,48.0
77,86,1,101.55764,47.0
77,87,2,105.742516,46.0
77,88,1,98.380554,45.0
77,89,1,98.11651,44.0
77,90,0,92.87411,43.0
77,91,5,101.30709,42.0
77,92,5,100.5523,41.0
77,93,5,98.22634,40.0
77,94,4,79.7758,39.0
77,95,5,86.69486,38.0
77,96,4,70.80755,37.0
77,97,0,83.50315,36.0
77,98,1,92.44973,35.0
77,99,5,78.16244,34.0
77,100,3,87.43673,33.0
77,101,4,77.788025,32.0
77,102,2,77.34647,31.0
77,103,4,73.397026,30.0
77,104,5,88.20879,29.0
77,105,0,93.026505,28.0
77,106,1,80.600044,27.0
77,107,0,71.17186,26.0
77,108,5,57.772537,25.0
78,36,4,109.254585,125.0
78,37,0,109.38689,125.0
78,38,0,113.874855,125.0
78,39,2,118.134315,125.0
78,40,5,117.524574,125.0
78,41,3,118.30606,125.0
78,42,4,124.33509,125.0
78,43,5,123.12068,125.0
78,44,1,108.97315,125.0
78,45,2,115.32539,125.0
78,46,1,119.65244,125.0
78,47,3,120.89884,125.0
78,48,5,119.18989,125.0
78,49,5,116.19386,125.0
78,50,2,119.6524,125.0
78,51,5,117.761444,125.0
78,52,2,121.44514,125.0
78,53,3,111.04942,125.0
78,54,1,118.102425,125.0
78,55,1,101.014244,125.0
78,56,1,70.80024,124.0
78,57,4,86.45036,123.0
78,58,0,107.2458,122.0
78,59,2,101.84268,121.0
78,60,3,115.62022,120.0
78,61,2,117.595825,119.0
78,62,3,121.76359,118.0
78,63,5,116.27151,117.0
78,64,5,118.75525,116.0
78,65,3,123.507095,115.0
78,66,4,115.47154,114.0
78,67,1,121.35999,113.0
78,68,2,116.14391,112.0
78,69,3,114.90954,111.0
78,70,3,106.74499,110.0
78,71,1,117.41831,109.0
78,72,0,110.23463,108.0
78,73,5,112.614815,107.0
78,74,5,109.35644,106.0
78,75,4,116.23436,105.0
78,76,5,112.40119,104.0
78,77,4,120.92386,103.0
78,78,5,122.07143,102.0
78,79,3,120.51879,101.0
78,80,5,112.27351,100.0
78,81,3,120.64204,99.0
78,82,5,109.64794,98.0
78,83,4,94.40776,97.0
78,84,2,114.435936,96.0
78,85,1,118.08659,95.0
78,86,0,122.736946,94.0
78,87,3,124.1816,93.0
78,88,1,121.15999,92.0
78,89,0,122.146965,91.0
78,90,1,116.61331,90.0
78,91,0,122.89884,89.0
78,92,0,112.47077,88.0
78,93,2,114.52045,87.0
78,94,4,106.55545,86.0
78,95,4,110.443954,85.0
78,96,5,110.971405,84.0
78,97,3,104.29333,83.0
78,98,2,117.993195,82.0
78,99,4,114.4401,81.0
78,100,2,119.04487,80.0
78,101,0,121.6269,79.0
78,102,0,115.58942,78.0
78,103,4,110.90737,77.0
78,104,1,116.235054,76.0
78,105,5,107.3395,75.0
78,106,3,116.32996,74.0
79,36,5,112.26275,125.0
79,37,2,115.78612,125.0
79,38,4,119.94905,125.0
79,39,2,114.464714,125.0
79,40,0,124.84712,125.0
79,41,4,119.76989,125.0
79,42,5,122.87309,125.0
79,43,5,123.19744,125.0
79,44,1,123.81889,125.0
79,45,4,123.997025,125.0
79,46,5,126.168106,125.0
79,47,5,125.71183,125.0
79,48,5,125.726425,125.0
79,49,1,121.41047,125.0
79,50,4,127.23452,125.0
79,51,3,120.57367,125.0
79,52,1,124.35058,125.0
79,53,4,119.9153,125.0
79,54,5,117.82929,125.0
79,55,0,124.286194,125.0
79,56,5,124.522,125.0
79,57,1,123.18377,125.0
79,58,2,118.36196,125.0
79,59,2,123.46757,125.0
79,60,1,127.25732,125.0
79,61,2,128.28387,125.0
79,62,2,131.06175,125.0
79,63,1,120.177864,125.0
79,64,3,124.50371,125.0
79,65,3,122.61584,125.0
79,66,0,123.04377,125.0
79,67,1,122.118225,125.0
79,68,0,124.00546,125.0
79,69,0,124.285675,125.0
79,70,5,123.53556,125.0
79,71,0,128.54305,125.0
79,72,2,126.87017,125.0
79,73,4,129.71625,125.0
79,74,4,129.4229,125.0
79,75,2,119.48929,125.0
79,76,4,125.16102,125.0
79,77,5,123.36506,125.0
79,78,4,126.66221,125.0
79,79,2,127.96804,125.0
79,80,5,128.69937,125.0
79,81,3,127.50664,125.0
79,82,5,124.34841,125.0
79,83,0,125.72281,125.0
79,84,1,124.69399,125.0
79,85,0,125.35497,125.0
79,86,4,129.72092,125.0
79,87,0,126.11521,125.0
79,88,0,121.65096,125.0
79,89,0,117.31777,125.0
79,90,0,118.83738,125.0
79,91,3,110.95363,125.0
79,92,0,106.39772,125.0
79,93,3,104.22656,125.0
79,94,5,98.00367,125.0
79,95,4,114.8014,125.0
79,96,2,111.82523,125.0
79,97,3,109.406105,125.0
79,98,0,112.02993,125.0
79,99,0,118.01195,125.0
79,100,5,113.47628,125.0
79,101,3,105.05077,125.0
79,102,1,119.62215,125.0
79,103,4,123.60206,125.0
79,104,3,111.55364,125.0
79,105,5,108.57997,125.0
79,106,1,115.425766,125.0
79,107,4,118.48232,125.0
79,108,0,124.06698,125.0
79,109,1,121.49405,125.0
79,110,4,120.74543,125.0
79,111,5,118.60641,125.0
79,112,1,102.27216,125.0
79,113,5,104.03984,125.0
79,114,5,108.32469,125.0
79,115,1,95.82815,125.0
79,116,0,109.08053,125.0
79,117,1,100.70994,125.0
79,118,1,71.148865,125.0
79,119,2,84.39303,125.0
79,120,1,62.76652,125.0
79,121,0,72.60297,125.0
79,122,1,59.151764,125.0
79,123,0,85.54405,125.0
79,124,5,92.68462,125.0
79,125,1,91.64691,125.0
79,126,0,97.88134,125.0
79,127,5,86.67028,125.0
79,128,2,100.89248,125.0
79,129,3,104.02267,125.0
79,130,4,109.044846,125.0
79,131,2,114.96238,125.0
79,132,1,102.31491,125.0
79,133,3,93.20926,125.0
79,134,1,94.22817,125.0
79,135,2,87.983894,125.0
79,136,1,87.11925,125.0
79,137,2,93.24444,125.0
79,138,2,77.3581,124.0
79,139,3,77.57024,123.0
79,140,0,66.19111,122.0
79,141,2,80.89683,121.0
79,142,5,66.56619,120.0
79,143,4,84.69865,119.0
79,144,2,91.41353,118.0
79,145,0,93.58425,117.0
79,146,5,85.20762,116.0
79,147,0,96.25183,115.0
79,148,2,83.34374,114.0
79,149,3,92.74277,113.0
79,150,1,101.19537,112.0
79,151,4,109.68528,111.0
79,152,4,111.312164,110.0
79,153,0,99.02583,109.0
79,154,1,96.99937,108.0
79,155,5,91.34289,107.0
79,156,3,102.457886,106.0
79,157,0,100.12864,105.0
79,158,5,88.48379,104.0
79,159,2,97.96269,103.0
79,160,4,107.69164,102.0
79,161,5,98.94447,101.0
79,162,1,103.530525,100.0
79,163,5,102.33783,99.0
79,164,3,102.86442,98.0
79,165,4,86.62944,97.0
79,166,2,96.63224,96.0
79,167,5,98.19456,95.0
79,168,5,97.29212,94.0
79,169,1,103.69093,93.0
79,170,5,106.04768,92.0
79,171,2,117.56023,91.0
79,172,4,110.87699,90.0
79,173,4,100.84443,89.0
79,174,5,104.65975,88.0
79,175,5,99.54991,87.0
79,176,4,106.84833,86.0
79,177,4,101.91616,85.0
79,178,1,95.80997,84.0
79,179,3,90.00788,83.0
79,180,5,94.29931,82.0
79,181,5,74.05378,81.0
79,182,5,82.928795,80.0
79,183,1,83.37885,79.0
79,184,2,60.096436,78.0
80,36,5,101.29621,125.0
80,37,4,120.37478,125.0
80,38,3,104.76539,125.0
80,39,5,113.67959,125.0
80,40,4,119.40851,125.0
80,41,5,110.93082,125.0
80,42,4,113.72069,125.0
80,43,5,110.750206,125.0
80,44,0,111.299774,125.0
80,45,2,122.37165,125.0
80,46,0,118.356186,125.0
80,47,4,117.182274,125.0
80,48,1,127.169106,125.0
80,49,3,123.94552,125.0
80,50,1,129.37805,125.0
80,51,5,122.27763,125.0
80,52,4,122.02479,125.0
80,53,1,121.95249,125.0
80,54,2,117.555214,125.0
80,55,3,117.45739,125.0
80,56,0,124.121826,125.0
80,57,2,112.16096,125.0
80,58,4,116.757225,125.0
80,59,5,115.847496,125.0
80,60,5,113.4804,125.0
80,61,0,102.576,125.0
80,62,2,100.55656,125.0
80,63,5,94.350876,125.0
80,64,5,92.08401,125.0
80,65,1,110.487015,125.0
80,66,2,97.69049,125.0
80,67,2,76.42347,125.0
80,68,0,86.36453,125.0
80,69,3,91.32588,125.0
80,70,2,90.96894,125.0
80,71,2,71.6733,125.0
80,72,4,76.374825,125.0
80,73,1,83.81556,125.0
80,74,4,85.635864,125.0
80,75,2,93.41796,125.0
80,76,3,108.45028,125.0
80,77,2,101.693085,125.0
80,78,1,88.99192,125.0
80,79,1,84.81524,125.0
80,80,0,91.49195,125.0
80,81,3,105.28567,125.0
80,82,3,103.07733,125.0
80,83,5,106.62764,125.0
80,84,2,113.59168,125.0
80,85,1,111.693405,125.0
80,86,3,102.18235,125.0
80,87,4,100.69758,125.0
80,88,5,101.211845,125.0
80,89,4,97.9913,125.0
80,90,0,82.336174,125.0
80,91,0,93.49164,125.0
80,92,0,108.935486,125.0
80,93,5,107.365974,125.0
80,94,4,104.10346,125.0
80,95,1,110.116356,125.0
80,96,2,114.54885,125.0
80,97,0,113.36332,125.0
80,98,1,106.90157,125.0
80,99,0,97.97534,125.0
80,100,1,92.06823,125.0
80,101,1,89.50352,125.0
80,102,0,111.51307,124.0
80,103,0,99.606606,123.0
80,104,2,79.63479,122.0
80,105,2,90.886215,121.0
80,106,4,86.496315,120.0
80,107,1,80.505486,119.0
80,108,3,90.92614,118.0
80,109,2,82.88422,117.0
80,110,5,98.4004,116.0
80,111,1,116.01903,115.0
80,112,0,114.42989,114.0
81,36,0,124.3178,120.0
81,37,2,121.71052,119.0
81,38,5,127.289276,118.0
81,39,5,116.05855,117.0
81,40,0,117.70646,116.0
81,41,5,116.66012,115.0
81,42,5,118.11589,114.0
81,43,0,122.360245,113.0
81,44,5,116.92901,112.0
81,45,4,127.78416,111.0
81,46,5,121.10177,110.0
81,47,5,111.67649,109.0
81,48,0,114.96783,108.0
81,49,5,120.131004,107.0
81,50,1,125.668205,106.0
81,51,5,120.10414,105.0
81,52,4,120.981094,104.0
81,53,2,117.72639,103.0
81,54,2,122.72546,102.0
81,55,0,125.77173,101.0
81,56,0,125.211105,100.0
81,57,1,120.6632,99.0
81,58,4,124.624886,98.0
81,59,3,127.771866,97.0
81,60,1,127.64182,96.0
82,36,2,130.43405,120.0
82,37,5,123.61823,119.0
82,38,0,127.62157,118.0
82,39,5,117.67809,117.0
82,40,2,112.29221,116.0
82,41,0,104.16979,115.0
82,42,1,116.90094,114.0
82,43,3,113.719215,113.0
82,44,0,121.98186,112.0
82,45,2,119.891685,111.0
82,46,5,107.52314,110.0
82,47,5,109.04092,109.0
82,48,4,115.42913,108.0
82,49,5,116.15938,107.0
82,50,5,121.30903,106.0
82,51,2,118.69192,105.0
82,52,3,117.1689,104.0
82,53,3,121.802574,103.0
82,54,5,120.3792,102.0
82,55,2,125.97245,101.0
82,56,3,117.91604,100.0
82,57,5,122.94509,99.0
82,58,0,118.77595,98.0
82,59,1,123.3361,97.0
82,60,4,122.74595,96.0
82,61,3,118.790245,95.0
82,62,1,114.04968,94.0
82,63,4,102.86986,93.0
82,64,1,87.15177,92.0
82,65,4,105.47639,91.0
82,66,1,111.342865,90.0
82,67,2,90.08329,89.0
82,68,5,121.7596,88.0
82,69,5,115.72173,87.0
82,70,3,103.931244,86.0
82,71,3,105.74067,85.0
82,72,0,118.893135,84.0
82,73,2,126.13822,83.0
82,74,5,122.46754,82.0
82,75,0,128.64813,81.0
82,76,0,119.36056,80.0
82,77,5,125.52902,79.0
82,78,1,122.88347,78.0
82,79,0,115.45241,77.0
82,80,2,109.60984,76.0
82,81,4,118.49235,75.0
82,82,0,110.588104,74.0
82,83,5,109.28626,73.0
82,84,1,103.16784,72.0
82,85,4,102.894035,71.0
82,86,5,108.2398,70.0
82,87,3,112.36591,69.0
82,88,4,123.69608,68.0
82,89,2,117.55572,67.0
82,90,5,97.527084,66.0
82,91,5,104.2111,65.0
82,92,4,100.30361,64.0
82,93,1,100.59741,63.0
82,94,3,101.00744,62.0
82,95,3,98.070854,61.0
82,96,3,103.74975,60.0
82,97,4,80.81482,59.0
82,98,5,87.69093,58.0
82,99,5,107.00959,57.0
82,100,5,111.62942,56.0
82,101,4,104.27025,55.0
82,102,5,112.500854,54.0
82,103,3,99.35673,53.0
82,104,5,92.483925,52.0
82,105,4,83.81779,51.0
82,106,3,81.950165,50.0
82,107,1,88.8628,49.0
82,108,3,74.30909,48.0
82,109,1,85.15666,47.0
82,110,5,92.98398,46.0
82,111,0,92.36172,45.0
82,112,5,91.62994,44.0
82,113,4,101.92841,43.0
82,114,4,101.67759,42.0
82,115,2,84.185074,41.0
82,116,2,75.1088,40.0
82,117,2,76.125984,39.0
82,118,1,81.982765,38.0
82,119,2,84.14302,37.0
82,120,5,84.54164,36.0
82,121,1,71.176094,35.0
82,122,5,65.31693,34.0
82,123,1,59.912285,33.0
82,124,4,52.18215,32.0
82,125,0,45.007057,31.0
82,126,4,44.487377,30.0
82,127,3,63.420185,29.0
82,128,2,44.849716,28.0
82,129,3,65.86979,27.0
82,130,2,55.69021,26.0
82,131,5,64.868256,25.0
82,132,2,71.53895,24.0
82,133,4,63.296066,23.0
82,134,1,60.13777,22.0
82,135,1,50.2305,21.0
82,136,5,51.426746,20.0
82,137,5,53.189148,19.0
82,138,0,64.72289,18.0
82,139,2,50.617653,17.0
82,140,3,43.313995,16.0
82,141,5,37.718647,15.0
82,142,4,41.62303,14.0
82,143,4,41.50202,13.0
82,144,1,29.68502,12.0
82,145,3,31.816992,11.0
82,146,2,29.936699,10.0
83,36,3,126.80205,125.0
83,37,4,122.14084,125.0
83,38,5,120.725105,125.0
83,39,3,121.45416,125.0
83,40,4,133.86005,125.0
83,41,0,120.26467,125.0
83,42,2,127.69058,125.0
83,43,4,123.404,125.0
83,44,0,123.76048,125.0
83,45,2,127.67242,125.0
83,46,3,134.17137,125.0
83,47,5,119.36197,125.0
83,48,4,129.33817,125.0
83,49,5,123.86894,125.0
83,50,3,124.853294,125.0
83,51,5,122.78983,125.0
83,52,1,123.666466,125.0
83,53,0,126.92089,125.0
83,54,2,134.67314,125.0
83,55,0,126.7217,125.0
83,56,1,128.03041,125.0
83,57,5,125.56692,125.0
83,58,5,124.975624,125.0
83,59,5,118.848785,125.0
83,60,0,116.55123,125.0
83,61,4,124.56782,125.0
83,62,4,126.93271,125.0
83,63,3,113.25756,125.0
83,64,5,127.852165,125.0
83,65,1,127.84486,125.0
83,66,0,117.43368,125.0
83,67,3,123.46632,125.0
83,68,1,117.38715,125.0
83,69,4,120.36725,125.0
83,70,2,119.82121,125.0
83,71,4,124.49981,125.0
83,72,1,122.060555,125.0
83,73,4,129.46487,125.0
83,74,5,120.91099,125.0
83,75,5,130.15161,125.0
83,76,3,125.0828,125.0
83,77,3,125.467255,125.0
83,78,2,123.87647,125.0
83,79,3,129.19911,125.0
83,80,5,125.56809,125.0
83,81,4,131.94547,125.0
83,82,2,123.729515,125.0
83,83,1,129.55591,125.0
83,84,5,123.77364,125.0
83,85,1,121.22548,125.0
83,86,5,115.01608,125.0
83,87,5,125.401215,125.0
83,88,2,127.08245,125.0
83,89,4,125.86045,125.0
83,90,5,121.002686,125.0
83,91,5,124.774574,125.0
83,92,3,117.804565,125.0
83,93,3,113.77906,125.0
83,94,5,115.4296,125.0
83,95,5,110.50619,125.0
83,96,2,105.14769,125.0
83,97,0,109.00539,125.0
83,98,2,116.348564,125.0
83,99,5,104.40439,125.0
83,100,0,98.76728,125.0
83,101,2,115.237816,125.0
83,102,0,114.99117,125.0
83,103,2,109.46248,125.0
83,104,5,109.58773,125.0
83,105,5,118.11559,125.0
83,106,0,110.83695,125.0
83,107,2,116.100426,125.0
83,108,5,116.34519,125.0
83,109,1,120.73304,125.0
83,110,5,127.703514,125.0
83,111,5,122.15097,125.0
83,112,5,118.88565,125.0
83,113,5,122.11418,125.0
83,114,0,116.64095,125.0
83,115,2,120.46615,125.0
83,116,5,117.77269,125.0
83,117,4,131.58669,125.0
83,118,0,125.38756,125.0
83,119,1,130.58234,125.0
83,120,3,125.7723,125.0
83,121,2,117.69922,125.0
83,122,5,116.5635,125.0
83,123,5,125.230705,125.0
83,124,4,123.73508,125.0
83,125,3,129.47198,125.0
83,126,1,121.46549,125.0
83,127,5,124.01397,125.0
83,128,3,123.73963,125.0
83,129,2,121.28774,125.0
83,130,2,121.8773,125.0
83,131,5,122.25145,125.0
83,132,2,128.09213,125.0
83,133,3,123.104355,125.0
83,134,5,124.17452,125.0
83,135,3,122.96229,125.0
83,136,2,126.44169,125.0
83,137,4,120.480675,125.0
83,138,2,121.047035,125.0
83,139,2,121.03521,125.0
83,140,3,118.9,125.0
83,141,5,121.78513,125.0
83,142,5,115.906906,125.0
83,143,5,120.19889,125.0
83,144,5,112.919556,125.0
83,145,2,123.39005,125.0
83,146,3,123.63494,125.0
83,147,2,125.07627,125.0
83,148,0,122.38134,125.0
83,149,3,121.85022,125.0
83,150,5,121.23882,125.0
83,151,0,117.79377,125.0
83,152,4,128.22717,125.0
83,153,5,120.09801,125.0
83,154,3,124.24819,125.0
83,155,0,123.698685,125.0
83,156,1,118.28257,125.0
83,157,0,118.55718,125.0
83,158,5,113.97333,125.0
83,159,4,119.72123,125.0
83,160,2,122.78593,125.0
83,161,5,123.111206,125.0
83,162,3,102.46879,125.0
83,163,1,96.25096,125.0
83,164,0,93.97131,125.0
83,165,3,94.90458,125.0
83,166,2,105.69038,125.0
83,167,1,114.263435,125.0
83,168,1,102.88203,125.0
83,169,3,99.94085,125.0
83,170,2,106.5407,125.0
83,171,1,91.850426,125.0
83,172,0,101.38734,125.0
83,173,5,101.9849,125.0
83,174,1,108.12356,125.0
83,175,0,104.27755,125.0
83,176,4,99.76975,125.0
83,177,0,109.13789,125.0
83,178,4,124.143684,125.0
83,179,4,119.121254,125.0
83,180,4,127.93713,125.0
83,181,1,128.89075,125.0
83,182,3,123.381065,125.0
83,183,2,118.26568,125.0
83,184,1,124.271736,125.0
83,185,2,124.30007,125.0
83,186,5,123.78588,125.0
83,187,5,112.937744,125.0
83,188,4,124.753944,125.0
83,189,4,124.07038,125.0
83,190,5,121.84999,125.0
83,191,1,123.41265,125.0
83,192,5,129.1134,125.0
83,193,4,127.98379,125.0
83,194,5,128.57997,125.0
83,195,2,119.94811,125.0
83,196,1,114.152084,125.0
83,197,5,116.980156,125.0
83,198,3,124.86863,125.0
83,199,1,122.67489,125.0
83,200,4,114.222336,125.0
83,201,4,119.66903,125.0
83,202,0,124.39759,125.0
83,203,0,122.3209,125.0
83,204,2,130.81052,125.0
83,205,1,125.12421,125.0
83,206,0,124.820305,125.0
83,207,0,119.04176,125.0
83,208,5,124.90357,125.0
83,209,2,120.3129,125.0
83,210,2,122.413086,125.0
83,211,1,117.30633,125.0
83,212,3,125.34954,125.0
83,213,0,105.386345,125.0
83,214,4,115.38677,125.0
83,215,5,123.30601,125.0
83,216,5,123.27036,125.0
83,217,4,120.73334,125.0
83,218,5,124.68455,125.0
83,219,1,124.61932,125.0
83,220,4,127.75266,125.0
83,221,2,119.06187,125.0
83,222,4,121.97283,125.0
83,223,0,123.184685,125.0
83,224,3,123.51796,125.0
83,225,5,120.14167,125.0
83,226,2,126.25683,125.0
83,227,3,120.977425,125.0
83,228,3,122.08559,125.0
83,229,0,121.72024,125.0
83,230,5,108.51243,125.0
83,231,5,120.92315,125.0
83,232,1,123.063896,125.0
83,233,0,119.43655,125.0
83,234,2,123.36173,125.0
83,235,5,120.87464,125.0
83,236,4,129.91551,125.0
83,237,4,123.66814,125.0
83,238,4,120.8487,125.0
83,239,2,126.45945,125.0
83,240,1,128.25873,125.0
83,241,5,125.1139,125.0
83,242,1,126.57913,125.0
83,243,2,127.148476,125.0
83,244,0,125.29423,125.0
83,245,4,117.82484,125.0
83,246,0,115.66007,125.0
83,247,1,113.527954,125.0
83,248,3,114.87947,125.0
83,249,3,102.00594,125.0
83,250,5,105.16894,125.0
83,251,5,117.692955,125.0
83,252,4,118.693306,125.0
83,253,3,123.2451,125.0
83,254,4,121.55268,125.0
83,255,0,121.93896,125.0
83,256,5,122.09243,125.0
83,257,4,120.206436,125.0
83,258,1,118.3839,125.0
83,259,3,123.038506,125.0
83,260,2,115.61367,125.0
83,261,2,115.98519,125.0
83,262,1,111.47439,125.0
83,263,3,113.48951,125.0
83,264,1,116.963905,125.0
83,265,1,111.42066,125.0
83,266,0,104.16603,125.0
83,267,3,109.249245,125.0
83,268,2,113.77903,125.0
83,269,2,110.47012,125.0
83,270,4,104.54929,125.0
83,271,5,118.030396,125.0
83,272,1,124.27812,125.0
83,273,5,124.10497,125.0
83,274,5,118.737495,125.0
84,36,2,128.27626,125.0
84,37,3,119.51826,125.0
84,38,1,115.39247,125.0
84,39,0,109.711586,125.0
84,40,1,108.60572,125.0
84,41,5,119.62801,125.0
84,42,2,109.85998,125.0
84,43,2,121.64273,125.0
84,44,5,118.25286,125.0
84,45,5,120.06109,125.0
84,46,4,126.63913,125.0
84,47,2,121.76536,125.0
84,48,3,118.41946,125.0
84,49,1,125.7799,125.0
84,50,3,122.16603,125.0
84,51,5,121.473854,125.0
84,52,5,124.1195,125.0
84,53,2,123.194244,125.0
84,54,5,124.846405,125.0
84,55,3,119.083916,125.0
84,56,2,123.69984,125.0
84,57,3,120.87379,125.0
84,58,3,121.61842,125.0
84,59,2,130.80103,125.0
84,60,0,122.34081,125.0
84,61,4,124.78692,125.0
84,62,0,126.753365,125.0
84,63,1,122.51222,125.0
84,64,5,122.05116,125.0
84,65,0,126.675354,125.0
84,66,5,127.07975,125.0
84,67,0,124.69065,125.0
84,68,5,118.76412,125.0
84,69,0,120.606865,125.0
84,70,4,119.33732,125.0
84,71,4,109.01198,125.0
84,72,0,123.43159,125.0
84,73,1,120.34773,125.0
84,74,4,120.90026,125.0
84,75,1,121.60458,125.0
84,76,3,116.06325,125.0
84,77,2,119.40247,125.0
84,78,2,117.655556,125.0
84,79,5,117.0135,125.0
84,80,5,121.42368,125.0
84,81,5,122.90016,125.0
84,82,3,119.14359,125.0
84,83,3,120.93758,125.0
84,84,3,130.8282,125.0
84,85,0,119.06632,125.0
84,86,3,120.80008,125.0
84,87,0,125.16677,125.0
84,88,3,120.529625,125.0
85,36,0,116.027756,125.0
85,37,5,126.736725,125.0
85,38,2,123.52976,125.0
85,39,5,124.35389,125.0
85,40,5,123.50628,125.0
85,41,3,126.11903,125.0
85,42,3,127.605385,125.0
85,43,4,121.775444,125.0
85,44,0,125.60339,125.0
85,45,3,127.70758,125.0
85,46,0,125.49561,125.0
85,47,2,125.108894,125.0
85,48,0,124.80426,125.0
85,49,3,119.30303,125.0
85,50,1,117.48298,125.0
85,51,5,119.695175,125.0
85,52,2,114.10035,125.0
85,53,5,120.78616,125.0
85,54,2,116.16968,125.0
85,55,5,112.96169,125.0
85,56,3,117.76602,125.0
85,57,3,125.301994,125.0
85,58,2,124.956635,125.0
85,59,4,130.65294,125.0
85,60,1,126.44898,125.0
85,61,5,129.38194,125.0
85,62,3,136.39166,125.0
85,63,1,129.91302,125.0
85,64,3,128.51173,125.0
85,65,3,131.6268,125.0
85,66,5,128.8503,125.0
85,67,1,131.01297,125.0
85,68,1,117.53335,125.0
85,69,4,119.37682,125.0
85,70,1,95.12115,125.0
85,71,1,56.419106,125.0
85,72,1,45.335228,125.0
85,73,3,72.69833,125.0
85,74,3,66.16976,125.0
85,75,3,94.4361,125.0
85,76,1,86.39207,125.0
85,77,4,105.09291,125.0
85,78,0,114.38187,125.0
85,79,1,91.84118,125.0
85,80,1,86.20309,125.0
85,81,2,104.47955,125.0
85,82,3,114.54836,125.0
85,83,5,122.5357,125.0
85,84,4,116.45938,125.0
85,85,0,118.35,125.0
85,86,5,114.0876,125.0
85,87,5,121.07129,125.0
85,88,5,126.35025,125.0
85,89,5,116.18313,125.0
85,90,5,103.52031,125.0
85,91,5,86.0495,125.0
85,92,1,101.896545,125.0
85,93,3,101.04176,125.0
85,94,4,114.59082,125.0
85,95,2,104.446106,125.0
85,96,3,118.542175,125.0
85,97,4,112.407104,125.0
85,98,5,92.7326,125.0
85,99,3,100.71116,125.0
85,100,1,128.28647,125.0
85,101,0,111.60881,125.0
85,102,3,112.65334,125.0
85,103,1,124.34325,125.0
85,104,1,114.0735,125.0
85,105,2,127.688835,125.0
85,106,5,126.847374,125.0
85,107,5,116.48841,125.0
85,108,2,121.94529,125.0
85,109,3,112.266754,125.0
85,110,3,118.86386,125.0
85,111,1,123.28567,125.0
85,112,5,117.240456,125.0
85,113,1,119.49752,125.0
85,114,4,129.27869,125.0
85,115,0,127.81263,125.0
85,116,2,117.254265,125.0
85,117,5,116.99189,125.0
85,118,3,116.14513,125.0
85,119,1,119.44054,125.0
85,120,2,114.3783,125.0
85,121,4,115.91413,125.0
85,122,5,118.64482,125.0
85,123,0,127.61259,125.0
85,124,3,117.00677,125.0
85,125,0,127.6435,125.0
85,126,5,127.905815,125.0
85,127,1,120.191826,125.0
85,128,1,120.59701,125.0
85,129,1,120.31677,125.0
85,130,4,121.74647,125.0
85,131,5,122.38048,125.0
85,132,3,122.71096,125.0
85,133,5,132.48973,125.0
85,134,4,128.02444,125.0
85,135,5,122.232864,125.0
85,136,0,126.159,125.0
85,137,3,119.52932,125.0
85,138,2,124.74413,125.0
85,139,0,113.99581,125.0
85,140,3,113.90522,125.0
85,141,0,125.57982,125.0
85,142,0,115.591835,125.0
85,143,4,114.53685,125.0
85,144,2,124.89261,125.0
85,145,2,117.75896,125.0
85,146,4,121.54481,125.0
85,147,5,117.1733,125.0
85,148,0,109.0176,125.0
85,149,4,115.22979,125.0
85,150,3,102.2062,125.0
85,151,2,73.40533,125.0
85,152,2,89.64611,125.0
85,153,3,101.783134,125.0
85,154,3,105.550026,125.0
85,155,2,107.01709,125.0
85,156,1,92.34335,125.0
85,157,5,105.23991,125.0
85,158,2,117.95598,125.0
85,159,1,116.92485,125.0
85,160,5,108.1833,125.0
85,161,2,118.18409,125.0
85,162,4,113.75184,125.0
85,163,3,114.872856,125.0
85,164,0,119.45025,125.0
85,165,3,99.63785,124.0
85,166,1,83.75065,123.0
85,167,5,93.64083,122.0
85,168,3,89.54461,121.0
85,169,4,85.07159,120.0
85,170,4,94.580025,119.0
85,171,3,89.090034,118.0
85,172,4,82.398476,117.0
85,173,3,68.7304,116.0
85,174,4,59.34192,115.0
86,36,0,111.42033,125.0
86,37,1,114.378685,125.0
86,38,1,116.507904,125.0
86,39,4,129.67542,125.0
86,40,0,124.769295,125.0
86,41,4,133.35608,125.0
86,42,5,129.35637,125.0
86,43,3,124.83106,125.0
86,44,1,124.50439,125.0
86,45,4,99.66375,125.0
86,46,3,91.404816,125.0
86,47,3,100.79759,125.0
86,48,0,102.17886,125.0
86,49,5,122.41621,125.0
86,50,4,125.831276,125.0
86,51,4,111.072845,125.0
86,52,2,106.32588,125.0
86,53,3,107.40594,125.0
86,54,4,117.17654,125.0
86,55,5,123.161766,125.0
86,56,5,125.343636,125.0
86,57,0,121.054634,125.0
86,58,5,120.610756,125.0
86,59,3,123.40218,125.0
86,60,5,111.04493,125.0
86,61,4,124.153076,125.0
86,62,3,112.76664,125.0
86,63,2,124.78735,125.0
86,64,3,124.56005,125.0
86,65,1,121.02021,125.0
86,66,3,124.05005,125.0
86,67,1,127.31594,125.0
86,68,2,119.5628,125.0
86,69,4,122.20758,125.0
86,70,2,116.253426,125.0
86,71,3,113.56893,125.0
86,72,2,120.72863,125.0
86,73,1,116.42039,125.0
86,74,2,111.75999,125.0
86,75,4,123.396034,125.0
86,76,3,114.43001,125.0
86,77,1,112.183945,125.0
86,78,4,110.27707,125.0
86,79,4,103.696,125.0
86,80,2,91.638176,125.0
86,81,0,110.91881,125.0
86,82,0,112.69167,125.0
86,83,0,110.24693,125.0
86,84,0,104.19094,125.0
86,85,5,119.30862,125.0
86,86,5,118.778404,125.0
86,87,1,126.552124,125.0
86,88,0,122.0763,125.0
86,89,1,119.544586,125.0
86,90,1,109.14393,125.0
86,91,1,99.29926,125.0
86,92,5,106.34847,125.0
86,93,1,105.37643,125.0
86,94,2,111.38474,125.0
86,95,4,122.53115,125.0
86,96,5,119.82693,125.0
86,97,3,125.564674,125.0
86,98,4,119.09605,125.0
86,99,5,122.95278,125.0
86,100,1,125.440926,125.0
86,101,0,127.80849,125.0
86,102,4,123.41551,125.0
86,103,0,124.39581,125.0
86,104,5,118.39176,125.0
86,105,4,121.930504,125.0
86,106,1,114.750755,125.0
86,107,3,118.13619,125.0
86,108,0,121.50985,125.0
86,109,5,120.58904,125.0
86,110,1,127.21688,125.0
86,111,5,124.3105,125.0
86,112,4,124.9273,125.0
86,113,1,128.74196,125.0
86,114,3,127.92921,125.0
86,115,3,124.797874,125.0
86,116,4,128.25285,125.0
86,117,1,131.15407,125.0
86,118,4,128.76717,125.0
86,119,5,128.98244,125.0
86,120,2,131.71912,125.0
86,121,4,129.61089,125.0
86,122,2,125.38919,125.0
86,123,4,130.50725,125.0
86,124,4,107.29883,125.0
86,125,0,104.71836,125.0
86,126,2,127.97065,125.0
86,127,4,132.20564,125.0
86,128,3,130.59091,125.0
86,129,5,126.6515,125.0
86,130,4,121.73843,125.0
86,131,0,121.749916,125.0
86,132,2,101.93962,125.0
86,133,3,112.48779,125.0
86,134,2,114.21435,125.0
86,135,3,113.51089,125.0
86,136,5,114.2066,125.0
86,137,5,105.87145,125.0
86,138,2,110.16875,125.0
86,139,4,106.961334,125.0
86,140,0,106.552284,125.0
86,141,5,107.619995,125.0
86,142,5,103.94135,125.0
86,143,2,106.76403,125.0
86,144,1,119.15458,125.0
86,145,0,107.20818,125.0
86,146,5,101.43305,125.0
86,147,4,104.192055,125.0
86,148,0,110.19741,125.0
86,149,2,112.96464,125.0
86,150,3,116.95495,125.0
86,151,5,108.02584,125.0
86,152,5,111.098366,125.0
86,153,1,111.273674,125.0
86,154,2,119.39753,125.0
86,155,5,124.216194,125.0
86,156,3,113.21704,125.0
86,157,2,111.46615,125.0
86,158,3,109.95217,125.0
86,159,5,117.68189,125.0
86,160,1,110.42251,125.0
86,161,3,106.67928,125.0
86,162,2,117.6374,125.0
86,163,0,125.40547,125.0
86,164,0,125.878426,125.0
86,165,2,120.19163,125.0
86,166,5,122.726,125.0
86,167,0,118.52545,125.0
86,168,5,113.62745,125.0
86,169,3,122.08669,125.0
86,170,4,125.81619,125.0
86,171,5,117.431816,125.0
86,172,2,127.121124,125.0
86,173,0,125.17535,125.0
86,174,5,122.2128,125.0
86,175,4,129.85326,125.0
86,176,2,119.52179,125.0
86,177,0,118.73832,125.0
86,178,0,125.304146,125.0
86,179,2,115.59277,125.0
86,180,1,122.95245,125.0
86,181,5,127.217476,125.0
86,182,5,118.34229,125.0
86,183,5,122.71966,125.0
86,184,5,106.611244,125.0
86,185,5,106.361916,125.0
86,186,4,117.40866,125.0
86,187,5,113.08695,125.0
86,188,1,111.892845,125.0
86,189,1,115.78434,125.0
86,190,0,120.97332,125.0
86,191,1,119.79605,125.0
86,192,5,112.86434,125.0
86,193,5,116.51089,125.0
86,194,2,110.6014,125.0
86,195,2,109.43143,125.0
86,196,3,110.51228,125.0
86,197,5,118.01783,125.0
86,198,4,114.68816,125.0
86,199,1,107.75719,125.0
86,200,0,121.09725,124.0
86,201,4,113.31638,123.0
86,202,0,121.24302,122.0
86,203,5,122.91374,121.0
86,204,1,118.624794,120.0
86,205,5,115.71537,119.0
86,206,4,112.24697,118.0
86,207,5,115.37804,117.0
86,208,4,88.65949,116.0
86,209,2,91.1569,115.0
86,210,3,90.919556,114.0
86,211,5,92.9965,113.0
86,212,5,100.38053,112.0
86,213,3,91.01374,111.0
86,214,0,92.04193,110.0
86,215,1,66.311134,109.0
86,216,5,81.19602,108.0
86,217,0,81.57952,107.0
86,218,5,82.05068,106.0
86,219,5,70.56246,105.0
86,220,4,101.15296,104.0
86,221,0,80.21981,103.0
86,222,0,86.54739,102.0
86,223,5,78.07886,101.0
86,224,0,81.7591,100.0
86,225,3,84.86778,99.0
86,226,1,97.713295,98.0
86,227,0,98.61126,97.0
86,228,5,95.86117,96.0
86,229,1,84.35958,95.0
86,230,2,88.77897,94.0
86,231,2,73.480156,93.0
86,232,4,86.987045,92.0
86,233,0,89.35593,91.0
86,234,0,76.12987,90.0
86,235,5,93.8986,89.0
86,236,3,85.12815,88.0
86,237,5,80.706825,87.0
86,238,3,73.51078,86.0
86,239,5,73.54275,85.0
86,240,5,92.731224,84.0
86,241,3,96.62179,83.0
86,242,4,84.76322,82.0
86,243,5,81.48629,81.0
86,244,5,95.16581,80.0
86,245,5,91.23873,79.0
86,246,5,113.32447,78.0
86,247,3,89.6885,77.0
86,248,2,88.88577,76.0
86,249,5,78.48083,75.0
86,250,2,77.21949,74.0
86,251,2,66.13104,73.0
86,252,3,80.04088,72.0
86,253,0,86.7947,71.0
86,254,5,73.13967,70.0
87,36,4,104.38027,125.0
87,37,3,120.48195,125.0
87,38,5,121.8987,125.0
87,39,3,108.97039,125.0
87,40,2,99.4459,125.0
87,41,5,113.14224,125.0
87,42,1,114.49436,125.0
87,43,5,122.51038,125.0
87,44,1,112.86476,125.0
87,45,5,116.90945,125.0
87,46,5,126.5641,125.0
87,47,4,125.1861,125.0
87,48,0,117.90409,125.0
87,49,4,121.46153,125.0
87,50,0,127.53816,125.0
87,51,1,115.65984,125.0
87,52,5,122.43364,125.0
87,53,4,123.306595,125.0
87,54,1,122.963844,125.0
87,55,0,115.25926,125.0
87,56,1,111.25321,125.0
87,57,0,118.52012,125.0
87,58,4,112.80472,125.0
87,59,4,124.0487,125.0
87,60,1,113.41119,125.0
87,61,3,115.51322,125.0
87,62,5,107.45066,125.0
87,63,3,115.00087,125.0
87,64,5,109.2469,125.0
87,65,1,112.37979,125.0
87,66,3,112.15089,125.0
87,67,5,109.37244,125.0
87,68,5,109.808975,125.0
87,69,5,119.497795,125.0
87,70,3,125.81947,125.0
87,71,0,134.84691,125.0
87,72,0,124.211,125.0
87,73,2,130.53447,125.0
87,74,5,122.82878,125.0
87,75,1,127.359116,125.0
87,76,2,128.07169,125.0
87,77,2,118.65376,125.0
87,78,5,121.15784,125.0
87,79,4,123.113,125.0
87,80,2,123.600464,125.0
87,81,1,118.14451,125.0
87,82,3,122.08031,125.0
87,83,5,127.08095,125.0
87,84,0,119.00269,125.0
87,85,0,118.80428,125.0
87,86,0,117.675476,125.0
87,87,2,116.394966,125.0
87,88,5,117.90878,125.0
87,89,4,120.98235,125.0
87,90,5,103.91647,125.0
87,91,0,117.48138,125.0
87,92,5,120.49863,125.0
87,93,3,117.263695,125.0
87,94,0,111.87298,125.0
87,95,5,123.05323,125.0
87,96,0,127.25143,125.0
87,97,2,124.687454,125.0
87,98,3,133.46484,125.0
87,99,0,119.819176,125.0
87,100,3,128.9754,125.0
87,101,4,127.00524,125.0
87,102,5,120.02331,125.0
87,103,5,127.29966,125.0
87,104,4,130.48734,125.0
87,105,3,122.56384,125.0
87,106,2,127.66388,125.0
87,107,1,127.219536,125.0
87,108,1,126.5847,125.0
87,109,4,125.61783,125.0
87,110,5,122.11292,125.0
87,111,5,121.190346,125.0
87,112,3,125.7125,125.0
87,113,2,125.3413,125.0
87,114,4,127.57353,125.0
87,115,2,121.71737,125.0
87,116,2,119.031136,125.0
87,117,3,113.13508,125.0
87,118,5,112.308914,125.0
87,119,0,121.885765,125.0
87,120,5,116.94837,125.0
87,121,2,115.44899,125.0
87,122,3,126.60704,125.0
87,123,4,126.00756,125.0
87,124,0,112.43572,125.0
87,125,4,100.45456,125.0
87,126,2,108.282616,125.0
87,127,0,115.36908,125.0
87,128,2,112.36437,125.0
87,129,2,113.61907,125.0
87,130,5,110.75622,125.0
87,131,0,112.18703,125.0
87,132,0,115.74884,125.0
87,133,3,115.434166,125.0
87,134,5,125.842674,125.0
87,135,0,119.71555,125.0
87,136,1,118.730095,125.0
87,137,0,127.15159,124.0
87,138,3,122.68785,123.0
87,139,3,114.766304,122.0
87,140,2,110.72216,121.0
87,141,2,106.93037,120.0
87,142,3,113.91912,119.0
87,143,3,106.52308,118.0
87,144,2,108.32534,117.0
87,145,4,111.040794,116.0
87,146,4,110.6516,115.0
87,147,0,112.08477,114.0
87,148,2,109.17887,113.0
87,149,4,112.40563,112.0
87,150,3,113.96594,111.0
87,151,5,110.50164,110.0
87,152,2,124.02805,109.0
87,153,2,121.34028,108.0
87,154,4,116.5812,107.0
87,155,5,111.5301,106.0
87,156,4,111.84093,105.0
87,157,1,110.467834,104.0
87,158,2,110.33272,103.0
87,159,5,103.46172,102.0
87,160,5,104.36506,101.0
87,161,2,98.478134,100.0
87,162,5,93.06747,99.0
87,163,2,89.58899,98.0
87,164,5,95.73647,97.0
87,165,2,69.1076,96.0
87,166,3,92.836,95.0
87,167,5,99.63013,94.0
88,36,5,116.80939,125.0
88,37,0,112.94255,125.0
88,38,5,113.60125,125.0
88,39,0,114.5726,125.0
88,40,3,115.77377,125.0
88,41,5,115.91903,125.0
88,42,2,106.8317,125.0
88,43,1,118.534004,125.0
88,44,0,115.83653,125.0
88,45,1,106.05921,125.0
88,46,5,110.731094,125.0
88,47,5,121.600334,125.0
88,48,3,114.29388,125.0
88,49,3,113.48555,125.0
88,50,5,108.123856,125.0
88,51,1,119.4464,125.0
88,52,1,105.61941,125.0
88,53,1,102.99354,125.0
88,54,5,111.62679,125.0
88,55,1,108.04798,125.0
88,56,0,115.00486,125.0
88,57,2,107.51884,125.0
88,58,3,115.52839,125.0
88,59,4,112.03835,125.0
88,60,2,108.55724,125.0
88,61,5,104.15908,125.0
88,62,5,115.98684,125.0
88,63,0,104.19149,125.0
88,64,3,109.8547,125.0
88,65,4,94.419304,125.0
88,66,0,95.20838,125.0
88,67,0,95.073845,125.0
88,68,2,93.81586,125.0
88,69,3,101.01309,125.0
88,70,0,109.86144,125.0
88,71,4,104.04214,125.0
88,72,5,99.573494,124.0
88,73,0,107.012474,123.0
88,74,2,110.778854,122.0
88,75,0,108.553764,121.0
88,76,4,111.25543,120.0
88,77,4,104.03228,119.0
88,78,3,103.679146,118.0
88,79,5,109.54598,117.0
88,80,1,118.86263,116.0
88,81,2,122.26405,115.0
88,82,3,119.66151,114.0
88,83,3,117.879295,113.0
88,84,3,115.38249,112.0
88,85,5,119.11532,111.0
88,86,2,110.32281,110.0
88,87,5,111.76029,109.0
88,88,2,116.20132,108.0
88,89,5,122.1811,107.0
88,90,5,119.372086,106.0
88,91,1,113.1538,105.0
88,92,3,117.83358,104.0
88,93,1,107.35446,103.0
88,94,3,108.188126,102.0
88,95,1,111.852104,101.0
88,96,5,97.3068,100.0
88,97,4,119.87055,99.0
88,98,4,123.11485,98.0
88,99,5,118.29513,97.0
88,100,4,121.23857,96.0
88,101,0,118.50123,95.0
88,102,5,114.50592,94.0
88,103,3,111.31651,93.0
88,104,1,102.00893,92.0
88,105,0,122.731064,91.0
88,106,2,125.046196,90.0
88,107,2,123.992874,89.0
88,108,1,119.32797,88.0
88,109,4,124.32261,87.0
88,110,4,126.33964,86.0
88,111,2,116.79464,85.0
88,112,5,123.80326,84.0
88,113,0,123.18734,83.0
88,114,3,124.31516,82.0
88,115,1,123.9502,81.0
88,116,0,114.92347,80.0
88,117,4,119.70161,79.0
88,118,5,126.11627,78.0
88,119,3,117.686745,77.0
88,120,1,110.62644,76.0
88,121,5,113.6059,75.0
88,122,5,113.81858,74.0
88,123,1,112.7631,73.0
88,124,1,103.42182,72.0
88,125,1,95.04577,71.0
88,126,0,106.47296,70.0
88,127,2,98.56818,69.0
88,128,2,109.53032,68.0
88,129,2,96.45934,67.0
88,130,4,69.32423,66.0
88,131,2,68.46612,65.0
88,132,1,58.87394,64.0
88,133,2,46.166054,63.0
88,134,5,58.784546,62.0
88,135,3,71.50494,61.0
88,136,5,70.58624,60.0
88,137,0,70.07212,59.0
88,138,5,91.71198,58.0
88,139,4,89.98991,57.0
88,140,0,89.48354,56.0
89,36,5,123.27791,125.0
89,37,5,123.585075,125.0
89,38,1,118.45344,125.0
89,39,2,121.55811,125.0
89,40,2,112.25298,125.0
89,41,5,115.64657,125.0
89,42,3,119.52007,125.0
89,43,4,123.543495,125.0
89,44,4,125.70518,125.0
89,45,4,118.6605,125.0
89,46,2,118.60048,125.0
89,47,5,122.364494,125.0
89,48,3,123.10201,125.0
89,49,2,125.92751,125.0
89,50,0,125.58616,125.0
89,51,1,125.722984,125.0
89,52,3,127.73923,125.0
89,53,2,126.50092,125.0
89,54,5,125.732346,125.0
89,55,5,123.61285,125.0
89,56,5,120.97016,125.0
89,57,4,121.10378,125.0
89,58,5,125.764786,125.0
89,59,5,125.36143,125.0
89,60,1,124.907646,125.0
89,61,2,124.612526,125.0
89,62,1,122.415535,125.0
89,63,5,122.22436,125.0
89,64,4,123.109474,125.0
89,65,3,121.16874,125.0
89,66,3,119.287605,125.0
89,67,3,118.34963,125.0
89,68,1,118.01688,125.0
89,69,2,117.50283,125.0
89,70,1,124.325226,125.0
89,71,3,120.46705,125.0
89,72,4,116.98484,125.0
89,73,2,114.95397,125.0
89,74,0,128.72763,125.0
89,75,4,125.67863,125.0
89,76,5,126.53324,125.0
89,77,1,119.181206,125.0
89,78,5,120.822075,125.0
89,79,0,124.917625,125.0
89,80,2,126.097275,125.0
89,81,1,124.1666,125.0
89,82,3,119.63267,125.0
89,83,1,127.602295,125.0
89,84,5,127.454506,125.0
89,85,4,129.8197,125.0
89,86,4,113.60317,125.0
89,87,1,106.26436,125.0
89,88,3,97.82203,125.0
89,89,1,100.06571,125.0
89,90,0,103.44192,125.0
89,91,4,98.83356,125.0
89,92,4,111.903625,125.0
89,93,1,116.4514,125.0
89,94,2,115.69317,125.0
89,95,1,113.39468,125.0
89,96,5,116.586464,125.0
89,97,4,124.69007,125.0
89,98,3,122.54758,125.0
89,99,4,122.87708,125.0
89,100,5,129.33775,125.0
89,101,5,120.70318,125.0
89,102,4,123.39129,125.0
89,103,3,120.01133,125.0
89,104,3,120.86802,125.0
89,105,2,121.63737,125.0
89,106,1,126.87884,125.0
89,107,2,128.59451,125.0
89,108,3,126.851295,125.0
89,109,0,122.92498,125.0
89,110,3,120.464584,125.0
89,111,5,117.58308,125.0
89,112,4,116.585106,125.0
89,113,4,118.37182,125.0
89,114,1,117.719124,125.0
89,115,5,117.649925,125.0
89,116,5,123.724724,125.0
89,117,0,123.40548,125.0
89,118,5,117.61458,125.0
89,119,5,111.534096,125.0
89,120,5,88.92642,125.0
89,121,5,82.95987,125.0
89,122,2,96.44977,125.0
89,123,5,87.28013,125.0
89,124,5,87.69366,125.0
89,125,5,92.47587,125.0
89,126,4,94.386505,125.0
89,127,1,118.46865,125.0
89,128,2,123.50848,125.0
89,129,2,126.44087,125.0
89,130,2,114.17814,125.0
89,131,4,111.10172,125.0
89,132,2,112.02209,125.0
89,133,5,116.99311,125.0
89,134,5,121.870415,125.0
89,135,3,124.465294,125.0
89,136,3,123.22716,125.0
89,137,4,120.656,125.0
89,138,5,117.556946,125.0
89,139,0,115.501076,125.0
89,140,2,119.99839,125.0
89,141,3,113.98084,125.0
89,142,5,105.45719,125.0
89,143,3,105.992546,125.0
89,144,1,124.31391,125.0
89,145,5,122.17415,125.0
89,146,4,125.46876,125.0
89,147,1,120.71457,125.0
89,148,0,118.47585,125.0
89,149,5,111.81011,125.0
89,150,3,114.101814,125.0
89,151,2,116.23325,125.0
89,152,1,120.52403,125.0
89,153,1,119.91375,125.0
89,154,4,115.34722,125.0
89,155,2,118.95748,125.0
89,156,0,124.28277,125.0
89,157,4,110.455894,125.0
89,158,3,117.97644,125.0
89,159,1,116.56796,125.0
89,160,3,109.207344,125.0
89,161,1,109.20375,125.0
89,162,4,99.17303,125.0
89,163,4,89.13981,125.0
89,164,3,97.02492,125.0
89,165,3,99.27988,125.0
89,166,2,111.528725,125.0
89,167,5,114.63455,125.0
89,168,5,114.015854,125.0
89,169,1,115.367134,125.0
89,170,0,120.245674,125.0
89,171,0,117.40452,125.0
89,172,2,126.08709,125.0
89,173,2,120.431496,125.0
89,174,4,124.7481,125.0
89,175,4,117.19569,125.0
89,176,4,113.59291,125.0
89,177,1,126.69126,125.0
89,178,4,129.14462,125.0
89,179,4,121.73797,125.0
89,180,1,118.3217,125.0
89,181,3,129.8413,125.0
89,182,5,125.40345,125.0
89,183,3,124.701935,125.0
89,184,2,125.952095,125.0
89,185,3,129.47667,125.0
89,186,0,125.57412,125.0
89,187,3,117.8402,125.0
89,188,1,130.83966,125.0
89,189,3,125.37641,125.0
89,190,5,123.36894,125.0
89,191,4,128.48251,125.0
89,192,2,125.30651,125.0
89,193,1,126.36067,125.0
89,194,4,125.150276,125.0
89,195,2,118.73994,125.0
89,196,5,123.20793,125.0
89,197,0,120.11486,125.0
89,198,0,118.36266,125.0
89,199,5,120.627716,125.0
89,200,3,113.83307,125.0
89,201,0,113.6882,125.0
89,202,1,108.7051,125.0
89,203,2,119.684,125.0
89,204,5,113.57034,125.0
89,205,0,114.133095,125.0
89,206,2,110.67945,125.0
89,207,4,118.620476,125.0
89,208,1,114.26423,125.0
89,209,1,111.7994,125.0
89,210,5,104.511894,125.0
89,211,1,103.104004,125.0
89,212,1,108.80733,125.0
89,213,3,108.940285,125.0
89,214,2,98.68891,125.0
89,215,5,102.00625,125.0
89,216,2,115.93817,125.0
89,217,4,126.7087,125.0
89,218,5,126.3319,125.0
89,219,3,126.154396,125.0
89,220,3,122.76383,125.0
89,221,3,122.67064,125.0
89,222,3,121.17167,125.0
89,223,2,118.25074,125.0
89,224,4,130.48953,125.0
89,225,1,123.65899,125.0
89,226,0,125.61711,125.0
89,227,0,113.55586,125.0
89,228,3,109.50201,125.0
89,229,4,103.42615,125.0
89,230,4,115.768265,125.0
89,231,1,114.56308,125.0
89,232,5,109.724236,125.0
89,233,0,112.91015,125.0
89,234,3,105.26506,125.0
89,235,0,125.316025,125.0
89,236,1,119.94229,125.0
89,237,5,114.86344,125.0
89,238,5,117.11167,125.0
89,239,0,106.723404,125.0
89,240,2,112.726585,125.0
89,241,0,110.637955,125.0
89,242,3,112.259224,125.0
89,243,4,119.70307,125.0
89,244,5,118.12745,125.0
89,245,1,116.600945,125.0
89,246,1,119.96194,125.0
89,247,4,113.30889,124.0
89,248,1,111.32331,123.0
89,249,0,102.58399,122.0
89,250,1,104.95158,121.0
89,251,4,111.02044,120.0
89,252,2,83.64338,119.0
89,253,1,90.701584,118.0
89,254,5,81.0217,117.0
89,255,5,92.32835,116.0
89,256,0,93.785255,115.0
89,257,3,90.69065,114.0
89,258,1,88.32519,113.0
89,259,5,91.02338,112.0
89,260,3,100.00869,111.0
89,261,5,95.41223,110.0
89,262,5,101.17443,109.0
89,263,3,89.15673,108.0
89,264,1,74.94524,107.0
89,265,5,77.42631,106.0
89,266,4,78.86863,105.0
89,267,5,79.98095,104.0
89,268,5,82.57139,103.0
89,269,5,83.33782,102.0
89,270,5,75.17995,101.0
89,271,5,75.98249,100.0
89,272,0,72.7293,99.0
89,273,1,80.293144,98.0
89,274,1,80.96784,97.0
89,275,5,73.56885,96.0
89,276,1,70.82433,95.0
89,277,3,71.31551,94.0
89,278,5,71.05039,93.0
89,279,4,64.126366,92.0
89,280,2,75.83614,91.0
89,281,0,76.448746,90.0
89,282,5,86.46254,89.0
89,283,3,79.3955,88.0
89,284,1,75.39189,87.0
89,285,2,72.93166,86.0
90,36,0,116.407646,125.0
90,37,1,123.01783,125.0
90,38,4,124.69414,125.0
90,39,1,123.36108,125.0
90,40,1,91.74593,125.0
90,41,5,119.52783,125.0
90,42,5,122.39795,125.0
90,43,3,120.20299,125.0
90,44,1,109.88932,125.0
90,45,3,118.56193,125.0
90,46,0,118.72305,125.0
90,47,5,128.73074,125.0
90,48,0,123.4694,125.0
90,49,0,115.60038,125.0
90,50,0,118.49807,125.0
90,51,1,122.645195,125.0
90,52,3,118.7382,125.0
90,53,2,126.76563,125.0
90,54,5,120.47147,125.0
90,55,4,125.15392,125.0
90,56,3,128.30753,125.0
90,57,4,120.9774,125.0
90,58,5,114.88691,125.0
90,59,2,122.67803,125.0
90,60,2,122.531586,125.0
90,61,2,120.73629,125.0
90,62,0,107.73763,125.0
90,63,5,108.536896,125.0
90,64,1,121.595116,125.0
90,65,3,103.093506,125.0
90,66,5,109.879555,125.0
90,67,1,110.3957,125.0
90,68,5,124.258995,125.0
90,69,5,122.521194,125.0
90,70,5,123.82282,125.0
90,71,5,115.11381,125.0
90,72,3,116.327515,125.0
90,73,1,128.16174,125.0
90,74,4,124.98168,125.0
90,75,2,114.08149,125.0
90,76,2,123.81986,125.0
90,77,3,118.965065,125.0
90,78,2,120.86178,125.0
90,79,5,128.73517,125.0
90,80,5,124.66245,125.0
90,81,4,113.16717,125.0
90,82,1,105.552864,125.0
90,83,0,114.48139,125.0
90,84,0,123.57988,125.0
90,85,3,121.330505,125.0
90,86,5,124.614525,125.0
90,87,1,112.739746,125.0
90,88,2,107.82592,125.0
90,89,1,87.01278,125.0
90,90,2,103.06226,124.0
90,91,4,114.24112,123.0
90,92,1,119.08431,122.0
90,93,3,104.01244,121.0
90,94,0,113.33555,120.0
90,95,3,116.64798,119.0
90,96,3,101.40717,118.0
90,97,1,81.788246,117.0
90,98,5,106.62568,116.0
90,99,2,119.23048,115.0
90,100,1,114.17515,114.0
90,101,5,110.43956,113.0
90,102,4,113.17829,112.0
90,103,2,114.13349,111.0
90,104,5,122.73475,110.0
90,105,0,116.04911,109.0
90,106,4,124.07005,108.0
90,107,1,127.383064,107.0
90,108,1,127.72936,106.0
90,109,0,126.29989,105.0
90,110,4,119.67686,104.0
90,111,5,124.6289,103.0
90,112,5,127.30282,102.0
90,113,4,124.22375,101.0
90,114,0,128.1281,100.0
90,115,4,128.2061,99.0
90,116,5,119.53376,98.0
90,117,4,119.29485,97.0
90,118,1,116.45775,96.0
91,36,0,129.06955,125.0
91,37,5,119.46624,125.0
91,38,2,116.75771,125.0
91,39,5,121.765045,125.0
91,40,2,117.93299,125.0
91,41,2,114.873436,125.0
91,42,2,107.22143,125.0
91,43,3,112.95678,125.0
91,44,3,113.27171,125.0
91,45,3,91.82633,125.0
91,46,3,87.46592,125.0
91,47,3,94.17638,125.0
91,48,0,71.40456,125.0
91,49,4,82.12649,125.0
91,50,2,81.87124,125.0
91,51,5,76.962875,125.0
91,52,1,88.32931,125.0
91,53,0,89.13154,125.0
91,54,4,106.91567,125.0
91,55,0,116.77081,125.0
91,56,5,112.30054,125.0
91,57,0,113.466446,125.0
91,58,4,114.68526,125.0
91,59,0,112.12843,125.0
91,60,3,125.35818,125.0
91,61,4,116.60026,125.0
91,62,0,117.56097,125.0
91,63,5,111.70016,125.0
91,64,4,112.46833,125.0
91,65,5,102.916794,125.0
91,66,2,109.446236,125.0
91,67,1,119.13334,125.0
91,68,5,114.8191,125.0
91,69,0,111.79424,125.0
91,70,1,114.96679,124.0
91,71,5,105.25884,123.0
91,72,2,108.224144,122.0
91,73,4,101.49519,121.0
91,74,1,112.8523,120.0
91,75,5,107.61094,119.0
91,76,4,115.60493,118.0
91,77,0,111.6959,117.0
91,78,5,102.37963,116.0
91,79,5,95.8679,115.0
91,80,1,93.768585,114.0
91,81,4,98.8526,113.0
91,82,2,88.15101,112.0
91,83,3,87.59423,111.0
91,84,4,88.18032,110.0
91,85,0,94.35366,109.0
91,86,5,94.83341,108.0
91,87,5,82.681885,107.0
91,88,2,88.93134,106.0
91,89,0,85.44109,105.0
91,90,5,76.07075,104.0
91,91,4,103.8022,103.0
91,92,1,100.90907,102.0
91,93,3,117.74044,101.0
91,94,3,121.33641,100.0
91,95,1,111.25271,99.0
91,96,3,125.77809,98.0
91,97,5,117.67178,97.0
91,98,0,118.60432,96.0
91,99,1,115.66604,95.0
91,100,1,118.20476,94.0
91,101,5,126.2156,93.0
91,102,2,118.817955,92.0
91,103,0,114.852745,91.0
91,104,5,108.9309,90.0
91,105,5,98.07966,89.0
91,106,0,95.17936,88.0
91,107,2,81.15746,87.0
91,108,1,79.82229,86.0
91,109,4,92.6421,85.0
91,110,2,82.25915,84.0
91,111,2,80.595474,83.0
91,112,5,72.766335,82.0
91,113,1,80.91442,81.0
91,114,3,84.2329,80.0
91,115,0,70.47796,79.0
91,116,1,76.34092,78.0
91,117,1,67.52276,77.0
91,118,4,59.418472,76.0
91,119,5,63.991375,75.0
91,120,1,65.109985,74.0
91,121,2,66.430466,73.0
91,122,4,56.547646,72.0
91,123,2,52.61903,71.0
91,124,3,56.28223,70.0
91,125,5,54.61487,69.0
91,126,1,54.334908,68.0
91,127,3,57.6261,67.0
91,128,2,34.121307,66.0
91,129,5,41.845108,65.0
91,130,1,49.54058,64.0
91,131,0,37.081356,63.0
91,132,0,62.59476,62.0
91,133,5,53.23482,61.0
91,134,2,44.34188,60.0
91,135,5,35.900295,59.0
91,136,3,36.618557,58.0
91,137,5,53.526188,57.0
91,138,2,38.6652,56.0
91,139,4,41.36958,55.0
91,140,0,52.00487,54.0
91,141,3,44.99683,53.0
91,142,5,57.60338,52.0
91,143,2,57.97731,51.0
91,144,0,52.56309,50.0
92,36,1,120.84421,125.0
92,37,3,122.34223,125.0
92,38,2,105.24745,125.0
92,39,0,111.273544,125.0
92,40,0,106.31759,125.0
92,41,2,105.72506,125.0
92,42,5,87.174446,125.0
92,43,4,97.78068,125.0
92,44,0,104.13322,125.0
92,45,5,94.19751,125.0
92,46,5,97.65181,125.0
92,47,5,90.040695,125.0
92,48,0,100.46003,125.0
92,49,3,109.258095,125.0
92,50,1,115.30341,125.0
92,51,2,118.8832,125.0
92,52,1,122.811516,125.0
92,53,2,124.67712,125.0
92,54,5,115.503845,125.0
92,55,5,128.32405,125.0
92,56,0,120.21736,125.0
92,57,2,121.57467,125.0
92,58,0,119.189026,125.0
92,59,5,127.231705,125.0
92,60,0,128.89084,125.0
92,61,5,126.472664,125.0
92,62,5,125.20211,125.0
92,63,3,123.779564,125.0
92,64,5,118.503044,125.0
92,65,1,124.86913,124.0
92,66,4,119.07094,123.0
92,67,4,135.3921,122.0
92,68,2,129.91467,121.0
92,69,3,129.73413,120.0
92,70,1,127.62366,119.0
92,71,3,131.40106,118.0
92,72,5,135.1847,117.0
92,73,2,126.55716,116.0
92,74,3,103.193375,115.0
92,75,5,119.485794,114.0
92,76,5,124.91491,113.0
92,77,4,128.55432,112.0
92,78,4,123.86925,111.0
92,79,3,118.524765,110.0
92,80,0,124.81995,109.0
92,81,5,114.35963,108.0
92,82,2,112.021736,107.0
92,83,5,119.62185,106.0
92,84,0,116.78559,105.0
92,85,1,126.52709,104.0
92,86,2,128.05621,103.0
92,87,2,126.43746,102.0
92,88,1,115.28477,101.0
92,89,3,119.308,100.0
92,90,4,104.67539,99.0
92,91,3,118.71528,98.0
92,92,5,116.68568,97.0
92,93,1,107.84939,96.0
92,94,1,96.5947,95.0
92,95,1,101.14597,94.0
92,96,2,92.54616,93.0
92,97,2,111.50742,92.0
92,98,0,107.26586,91.0
92,99,1,109.19239,90.0
92,100,5,119.27826,89.0
92,101,1,112.70372,88.0
92,102,2,113.45842,87.0
92,103,0,110.81583,86.0
92,104,2,102.99454,85.0
92,105,2,105.58033,84.0
92,106,2,100.139534,83.0
92,107,5,105.209404,82.0
92,108,3,114.86227,81.0
92,109,5,107.54758,80.0
92,110,3,116.1194,79.0
92,111,1,112.4992,78.0
92,112,3,93.526146,77.0
92,113,1,95.64884,76.0
92,114,5,98.75675,75.0
92,115,4,94.71487,74.0
92,116,5,89.38939,73.0
93,36,4,110.66535,125.0
93,37,4,112.13087,125.0
93,38,4,108.30918,125.0
93,39,3,111.577705,125.0
93,40,2,105.36045,125.0
93,41,5,108.786964,125.0
93,42,5,117.97404,125.0
93,43,1,108.03982,125.0
93,44,4,108.185974,125.0
93,45,5,113.11762,125.0
93,46,5,121.66262,125.0
93,47,1,123.11028,125.0
93,48,4,116.367516,125.0
93,49,5,124.96657,125.0
93,50,0,127.345215,125.0
93,51,2,122.55543,125.0
93,52,5,122.65931,125.0
93,53,0,125.67221,125.0
93,54,4,124.46226,125.0
93,55,1,107.53281,125.0
93,56,3,120.12542,125.0
93,57,1,124.29583,125.0
93,58,0,123.501205,125.0
93,59,0,122.986,125.0
93,60,5,122.97888,125.0
93,61,5,118.12157,125.0
93,62,0,126.3986,125.0
93,63,1,114.44814,125.0
93,64,2,112.63967,125.0
93,65,5,115.99701,125.0
93,66,4,123.844345,125.0
93,67,5,120.88971,125.0
93,68,5,119.73909,125.0
93,69,3,116.98653,125.0
93,70,0,120.95565,125.0
93,71,5,116.12881,125.0
93,72,5,107.21869,125.0
93,73,1,124.01089,125.0
93,74,2,127.73107,125.0
93,75,5,127.99256,125.0
93,76,1,126.80323,125.0
93,77,2,131.72922,125.0
93,78,3,127.16293,125.0
93,79,5,128.73222,125.0
93,80,4,127.82552,125.0
93,81,2,129.51697,125.0
93,82,4,126.66444,125.0
93,83,3,124.0816,125.0
93,84,5,126.66518,125.0
93,85,0,124.88173,125.0
93,86,0,126.88518,125.0
93,87,5,126.0593,125.0
93,88,1,118.00498,125.0
93,89,5,126.9102,125.0
93,90,0,133.13293,125.0
93,91,2,127.19678,125.0
93,92,4,134.59927,125.0
93,93,4,133.09824,125.0
93,94,2,125.90077,125.0
93,95,1,126.80332,125.0
93,96,3,128.71114,125.0
93,97,5,125.519806,125.0
93,98,5,121.91126,125.0
93,99,0,127.26624,125.0
93,100,0,127.4954,125.0
93,101,0,132.22348,125.0
93,102,2,119.03445,125.0
93,103,4,125.35489,125.0
93,104,5,118.356834,125.0
93,105,5,124.46908,125.0
93,106,3,120.21187,125.0
93,107,5,123.59276,125.0
93,108,2,119.94232,125.0
93,109,0,123.59655,125.0
93,110,5,122.71876,125.0
93,111,3,109.56642,125.0
93,112,2,116.89713,125.0
93,113,1,113.46354,125.0
93,114,4,119.46701,125.0
93,115,4,123.442665,125.0
93,116,3,122.090096,125.0
93,117,0,123.39828,125.0
93,118,2,118.113716,125.0
93,119,1,122.31928,125.0
93,120,2,123.24305,125.0
93,121,5,117.81832,125.0
93,122,3,116.091225,125.0
93,123,1,116.7058,125.0
93,124,4,106.55131,125.0
93,125,4,106.93827,125.0
93,126,1,105.340485,125.0
93,127,5,112.67276,125.0
93,128,5,104.31439,125.0
93,129,4,97.618996,125.0
93,130,4,94.845665,125.0
93,131,3,94.06898,125.0
93,132,5,109.06519,125.0
93,133,3,114.03947,125.0
93,134,5,119.21053,125.0
93,135,0,100.70661,125.0
93,136,0,111.60584,125.0
93,137,5,121.1541,125.0
93,138,1,110.68482,125.0
93,139,5,110.64385,125.0
93,140,5,110.129265,125.0
93,141,0,110.23444,125.0
93,142,0,113.00199,125.0
93,143,3,116.08996,125.0
93,144,3,113.976204,125.0
93,145,2,124.77995,125.0
93,146,3,115.72541,125.0
93,147,4,118.41582,125.0
93,148,1,118.50158,125.0
93,149,3,113.53878,125.0
93,150,1,116.52099,125.0
93,151,1,113.664665,125.0
93,152,0,111.796776,125.0
93,153,3,113.853874,125.0
93,154,3,108.77877,125.0
93,155,4,105.158226,125.0
93,156,3,94.29604,125.0
93,157,5,96.49308,125.0
93,158,4,105.00396,125.0
93,159,4,100.332726,125.0
93,160,2,93.48118,125.0
93,161,0,94.65128,125.0
93,162,5,89.78643,125.0
93,163,0,118.215454,125.0
93,164,3,118.27357,125.0
93,165,0,110.50278,125.0
93,166,3,99.65486,125.0
93,167,3,103.23905,125.0
93,168,4,114.021904,125.0
93,169,5,120.24812,125.0
93,170,5,120.66265,125.0
93,171,4,112.51283,125.0
93,172,0,114.23798,125.0
93,173,1,124.610176,125.0
93,174,4,121.895775,125.0
93,175,5,116.56202,125.0
93,176,5,111.56545,125.0
93,177,2,94.94285,125.0
93,178,5,95.207634,125.0
93,179,0,92.67451,125.0
93,180,1,97.49322,125.0
93,181,2,88.00182,125.0
93,182,1,89.06638,125.0
93,183,0,82.700005,125.0
93,184,2,87.92783,125.0
93,185,5,82.34965,125.0
93,186,1,85.38183,125.0
93,187,1,75.97791,125.0
93,188,3,91.627525,125.0
93,189,2,84.723885,125.0
93,190,1,81.05772,125.0
93,191,3,91.264305,125.0
93,192,4,82.67179,125.0
93,193,5,98.65206,125.0
93,194,3,106.10037,125.0
93,195,5,107.77156,125.0
93,196,2,118.77156,125.0
93,197,2,117.951164,125.0
93,198,2,116.069664,125.0
93,199,3,124.120834,125.0
93,200,5,123.50924,125.0
94,36,4,121.341995,125.0
94,37,1,119.115585,125.0
94,38,5,124.3541,125.0
94,39,1,123.57955,125.0
94,40,1,123.5869,125.0
94,41,0,117.10107,125.0
94,42,5,110.11495,125.0
94,43,5,111.79325,125.0
94,44,4,110.98996,125.0
94,45,4,119.44039,125.0
94,46,3,125.159325,125.0
94,47,2,121.353386,125.0
94,48,1,118.33619,125.0
94,49,4,122.47811,125.0
94,50,1,117.48025,125.0
94,51,0,121.540535,125.0
94,52,5,128.31894,125.0
94,53,1,123.875465,125.0
94,54,0,120.70826,125.0
94,55,4,107.82384,125.0
94,56,4,111.09568,125.0
94,57,1,105.38941,125.0
94,58,0,113.98064,125.0
94,59,5,116.70959,125.0
94,60,2,122.590454,125.0
94,61,5,119.80918,125.0
94,62,3,112.822105,125.0
94,63,1,121.50152,125.0
94,64,4,126.79879,125.0
94,65,2,123.233986,125.0
94,66,1,120.15772,125.0
94,67,4,119.362236,125.0
94,68,5,123.75252,125.0
94,69,5,127.14658,125.0
94,70,4,126.949455,125.0
94,71,3,125.18249,125.0
94,72,5,122.63108,125.0
94,73,5,123.83279,125.0
94,74,5,116.4782,125.0
94,75,5,117.29653,125.0
94,76,1,127.17821,125.0
94,77,0,115.23592,125.0
94,78,5,102.28072,125.0
94,79,4,114.600266,125.0
94,80,4,106.92533,125.0
94,81,3,124.20254,125.0
94,82,1,122.823654,125.0
94,83,3,122.39127,125.0
94,84,2,113.609764,125.0
94,85,5,110.72574,125.0
94,86,2,117.8957,125.0
94,87,0,126.54516,125.0
94,88,5,120.92525,125.0
94,89,4,130.42511,125.0
94,90,5,126.60125,125.0
94,91,0,113.01404,125.0
94,92,3,122.696556,125.0
94,93,5,117.93487,125.0
94,94,0,122.79299,125.0
94,95,3,129.7695,125.0
94,96,3,117.02567,125.0
94,97,5,114.36916,125.0
94,98,0,115.73491,125.0
94,99,1,123.450356,125.0
94,100,0,124.22367,125.0
94,101,5,117.918724,125.0
94,102,3,112.05646,125.0
94,103,0,115.63577,125.0
94,104,0,114.88715,125.0
94,105,2,103.57115,125.0
95,36,1,117.614136,125.0
95,37,3,123.149376,125.0
95,38,2,128.60902,125.0
95,39,1,123.737885,125.0
95,40,2,123.44312,125.0
95,41,2,117.55815,125.0
95,42,5,112.90998,125.0
95,43,2,104.930214,125.0
95,44,0,116.853516,125.0
95,45,0,114.28535,125.0
95,46,1,115.97103,125.0
95,47,3,113.306816,125.0
95,48,2,103.60399,125.0
95,49,4,108.58175,125.0
95,50,1,102.48884,125.0
95,51,5,110.87057,125.0
95,52,5,119.146545,125.0
95,53,5,124.76992,125.0
95,54,0,125.49455,125.0
95,55,5,112.001686,125.0
95,56,1,124.91001,125.0
95,57,0,115.8453,125.0
95,58,3,125.46065,125.0
95,59,5,121.46038,125.0
95,60,2,112.27943,125.0
95,61,4,109.3075,125.0
95,62,5,107.23497,125.0
95,63,3,110.20092,125.0
95,64,5,109.697136,125.0
95,65,3,103.4973,125.0
95,66,5,62.44343,125.0
95,67,3,95.258934,125.0
95,68,1,106.35258,125.0
95,69,5,100.598785,125.0
95,70,2,106.748024,125.0
95,71,4,113.226425,125.0
95,72,3,114.04199,125.0
95,73,1,119.94465,125.0
95,74,4,114.47054,125.0
95,75,5,112.57161,125.0
95,76,4,118.12177,125.0
95,77,3,115.23583,125.0
95,78,5,120.706474,125.0
95,79,0,124.35354,125.0
95,80,5,112.55768,125.0
95,81,5,115.15336,125.0
95,82,2,115.82725,125.0
95,83,0,110.72627,125.0
95,84,0,93.9965,125.0
95,85,3,106.37258,125.0
95,86,5,123.65539,125.0
95,87,2,121.38835,125.0
95,88,5,113.62656,125.0
95,89,3,121.42934,125.0
95,90,5,117.38838,125.0
95,91,2,117.161125,125.0
95,92,1,122.98191,125.0
95,93,5,124.16108,125.0
95,94,1,119.01086,125.0
95,95,3,119.84789,125.0
95,96,3,109.56928,125.0
95,97,3,106.48306,125.0
95,98,3,110.10224,125.0
95,99,2,114.99528,125.0
95,100,1,114.21735,125.0
95,101,5,121.635956,125.0
95,102,0,121.708626,125.0
95,103,2,116.57415,125.0
95,104,5,117.95766,125.0
95,105,4,101.48608,125.0
95,106,0,119.25225,125.0
95,107,0,122.78904,125.0
95,108,5,128.88504,125.0
95,109,0,126.309,125.0
95,110,4,117.58558,125.0
96,36,1,126.36225,125.0
96,37,2,126.48423,125.0
96,38,3,124.27938,125.0
96,39,0,116.33926,125.0
96,40,0,124.85289,125.0
96,41,1,122.65374,125.0
96,42,5,119.1707,125.0
96,43,4,119.20278,125.0
96,44,1,111.44665,125.0
96,45,3,118.29061,125.0
96,46,3,115.557724,125.0
96,47,4,120.716194,125.0
96,48,0,118.29981,125.0
96,49,2,123.367065,125.0
96,50,5,122.03692,125.0
96,51,5,118.44599,125.0
96,52,3,112.340454,125.0
96,53,0,117.72028,125.0
96,54,0,103.451454,125.0
96,55,5,113.9088,125.0
96,56,1,113.64418,125.0
96,57,2,118.37527,125.0
96,58,1,112.03662,125.0
96,59,3,116.99642,125.0
96,60,5,123.01128,125.0
96,61,3,127.62917,125.0
96,62,5,121.236855,125.0
96,63,3,118.7009,125.0
96,64,4,127.565895,125.0
96,65,0,125.91956,125.0
96,66,3,124.59686,125.0
96,67,0,121.568794,125.0
96,68,0,117.088585,125.0
96,69,3,117.00982,125.0
96,70,2,114.41772,124.0
96,71,5,115.45629,123.0
96,72,5,118.339134,122.0
96,73,2,103.29058,121.0
96,74,4,118.22358,120.0
96,75,4,120.00896,119.0
96,76,2,122.42759,118.0
96,77,2,113.70585,117.0
96,78,0,122.75511,116.0
96,79,0,116.119446,115.0
96,80,2,115.33798,114.0
96,81,2,113.82946,113.0
96,82,3,114.472305,112.0
96,83,0,122.181816,111.0
96,84,2,120.96888,110.0
96,85,2,92.05232,109.0
96,86,3,86.91161,108.0
96,87,0,101.476875,107.0
96,88,1,103.521904,106.0
96,89,5,120.031685,105.0
96,90,3,121.24267,104.0
96,91,4,126.67151,103.0
96,92,4,127.874016,102.0
96,93,3,112.87083,101.0
96,94,0,120.48875,100.0
96,95,1,125.39953,99.0
96,96,2,121.7024,98.0
96,97,4,124.27984,97.0
96,98,1,121.06242,96.0
96,99,4,124.387146,95.0
96,100,5,124.275276,94.0
96,101,1,112.75511,93.0
96,102,5,107.861145,92.0
96,103,5,110.349556,91.0
96,104,3,115.31748,90.0
96,105,0,111.83572,89.0
96,106,0,118.48162,88.0
96,107,4,116.268715,87.0
96,108,5,97.854515,86.0
96,109,5,106.78742,85.0
96,110,4,90.49658,84.0
96,111,3,81.27667,83.0
96,112,3,97.85548,82.0
96,113,3,77.760414,81.0
96,114,0,72.196686,80.0
96,115,1,72.41045,79.0
96,116,4,70.32412,78.0
96,117,5,73.96538,77.0
96,118,3,71.09217,76.0
96,119,1,76.551186,75.0
96,120,3,83.38928,74.0
96,121,3,96.17411,73.0
96,122,4,96.96062,72.0
96,123,5,111.05164,71.0
97,36,3,118.613045,120.0
97,37,3,121.41903,119.0
97,38,5,118.97907,118.0
97,39,1,117.42422,117.0
97,40,3,114.2305,116.0
97,41,1,123.67953,115.0
97,42,4,120.93223,114.0
97,43,0,124.8096,113.0
97,44,5,123.11031,112.0
97,45,5,117.217705,111.0
97,46,4,112.75674,110.0
97,47,5,125.186195,109.0
97,48,4,120.4878,108.0
97,49,4,118.6845,107.0
97,50,1,122.95418,106.0
97,51,1,108.71617,105.0
98,36,1,109.02899,125.0
98,37,5,119.964,125.0
98,38,5,117.407196,125.0
98,39,4,126.63029,125.0
98,40,5,123.195984,125.0
98,41,2,124.996925,125.0
98,42,5,126.18841,125.0
98,43,0,125.23582,125.0
98,44,0,108.99557,125.0
98,45,0,112.75496,125.0
98,46,1,122.181816,125.0
98,47,5,125.0657,125.0
98,48,5,112.79879,125.0
98,49,4,105.97825,125.0
98,50,2,125.10747,125.0
98,51,5,117.17937,125.0
98,52,0,103.3431,125.0
98,53,5,104.722466,125.0
98,54,5,108.95094,125.0
98,55,5,95.76414,125.0
98,56,5,90.43287,125.0
98,57,1,96.748474,125.0
98,58,3,100.166435,125.0
98,59,5,110.05949,125.0
98,60,1,111.73152,125.0
98,61,4,120.54966,125.0
98,62,3,126.02026,125.0
98,63,3,124.20338,125.0
98,64,3,116.328285,125.0
98,65,5,121.212906,125.0
98,66,2,105.1113,125.0
98,67,2,89.35072,125.0
98,68,5,76.28113,125.0
98,69,3,90.7424,125.0
98,70,1,106.65393,125.0
98,71,2,102.12151,124.0
98,72,2,85.52866,123.0
98,73,0,106.69368,122.0
98,74,5,102.43128,121.0
98,75,3,111.33961,120.0
98,76,3,106.72495,119.0
98,77,4,108.27021,118.0
98,78,0,111.579956,117.0
98,79,4,105.66752,116.0
98,80,4,114.32337,115.0
98,81,5,121.005486,114.0
98,82,0,111.551796,113.0
99,36,5,127.71882,125.0
99,37,3,118.95193,125.0
99,38,3,130.39832,125.0
99,39,4,128.91763,125.0
99,40,0,126.970024,125.0
99,41,5,132.82254,125.0
99,42,5,121.271576,125.0
99,43,0,126.77279,125.0
99,44,3,124.38891,125.0
99,45,3,116.39694,125.0
99,46,1,119.63053,125.0
99,47,0,126.62923,125.0
99,48,2,128.84947,125.0
99,49,1,126.190125,125.0
99,50,1,128.12213,125.0
99,51,1,125.752785,125.0
99,52,2,115.36805,125.0
99,53,4,119.07094,125.0
99,54,2,120.46726,125.0
99,55,3,117.759445,125.0
99,56,4,124.37034,125.0
99,57,3,125.321625,125.0
99,58,5,123.611946,125.0
99,59,1,120.78356,125.0
99,60,3,128.00719,125.0
99,61,5,109.724754,125.0
99,62,5,120.78333,125.0
99,63,0,121.64509,125.0
99,64,2,121.606346,125.0
99,65,2,126.71526,125.0
99,66,5,123.24257,125.0
99,67,2,120.25498,125.0
99,68,3,122.75849,125.0
99,69,2,118.997635,125.0
99,70,2,117.7877,125.0
99,71,5,108.921295,125.0
99,72,3,127.11112,125.0
99,73,1,128.86456,125.0
99,74,3,126.60929,125.0
99,75,0,124.982666,125.0
99,76,3,129.73798,125.0
99,77,4,125.206276,125.0
99,78,3,123.656494,125.0
99,79,1,122.756966,125.0
99,80,1,123.985176,125.0
99,81,5,127.21402,125.0
99,82,4,115.220695,125.0
99,83,0,105.905556,125.0
99,84,2,118.26464,125.0
99,85,3,118.95968,125.0
99,86,1,110.64507,125.0
99,87,5,109.95898,125.0
99,88,2,114.35085,125.0
99,89,2,114.11475,125.0
99,90,5,124.63357,125.0
99,91,2,121.31817,125.0
99,92,5,114.319496,125.0
99,93,4,116.57033,125.0
99,94,5,121.05893,125.0
99,95,4,118.04975,125.0
99,96,2,115.310104,125.0
99,97,2,119.594986,125.0
99,98,1,127.12045,125.0
99,99,3,120.10548,125.0
99,100,0,119.47953,125.0
99,101,4,122.29871,125.0
99,102,1,120.27906,125.0
99,103,5,119.77357,125.0
99,104,1,115.431755,125.0
99,105,0,112.31763,125.0
99,106,3,125.708565,125.0
99,107,1,111.879654,125.0
99,108,4,125.33529,125.0
99,109,0,110.56052,125.0
99,110,2,106.85749,125.0
99,111,5,113.94111,125.0
99,112,4,106.28713,125.0
99,113,4,119.8891,125.0
99,114,2,121.12112,125.0
99,115,5,116.18709,125.0
99,116,0,127.146645,125.0
99,117,5,117.02178,125.0
99,118,2,118.81266,125.0
99,119,2,124.363625,125.0
99,120,2,125.91473,125.0
99,121,2,129.79341,125.0
99,122,4,124.17099,125.0
99,123,5,114.34471,125.0
99,124,4,124.91288,125.0
99,125,3,114.06143,125.0
99,126,2,114.69907,125.0
99,127,3,112.93841,125.0
99,128,3,117.67681,125.0
99,129,5,122.82801,125.0
99,130,5,109.991295,125.0
99,131,2,113.559166,125.0
99,132,3,112.09568,125.0
99,133,0,115.83431,125.0
99,134,5,115.84023,125.0
99,135,3,115.174995,125.0
99,136,5,107.03472,125.0
99,137,0,113.67057,125.0
99,138,0,109.75647,125.0
99,139,1,122.55866,125.0
99,140,3,117.6801,125.0
99,141,5,111.869194,125.0
99,142,0,111.700386,125.0
99,143,3,103.86046,125.0
99,144,1,103.2522,125.0
99,145,0,86.121666,125.0
99,146,0,102.81255,125.0
99,147,5,104.661995,125.0
99,148,2,102.3149,125.0
99,149,2,105.17244,125.0
99,150,0,104.08163,124.0
99,151,3,105.57104,123.0
99,152,3,107.96431,122.0
99,153,5,94.65914,121.0
99,154,0,107.72079,120.0
99,155,2,94.58449,119.0
99,156,5,91.36596,118.0
99,157,5,98.30177,117.0
99,158,3,100.529015,116.0
99,159,4,113.25979,115.0
99,160,5,111.250435,114.0
99,161,1,116.59957,113.0
99,162,3,123.31574,112.0
99,163,4,115.703865,111.0
99,164,3,123.02125,110.0
99,165,1,114.34774,109.0
99,166,2,118.91556,108.0
99,167,1,102.235725,107.0
99,168,5,98.38361,106.0
99,169,0,111.43748,105.0
99,170,5,112.109505,104.0
99,171,3,112.63467,103.0
99,172,2,124.082855,102.0
99,173,3,118.7815,101.0
99,174,5,122.7883,100.0
99,175,5,105.44359,99.0
99,176,5,118.210365,98.0
99,177,2,116.01097,97.0
99,178,4,113.1723,96.0
99,179,0,111.014145,95.0
99,180,5,106.29505,94.0
99,181,1,109.99964,93.0
99,182,0,104.936,92.0
99,183,4,95.92457,91.0
99,184,0,111.93188,90.0
99,185,1,105.66128,89.0
99,186,0,90.542534,88.0
99,187,3,82.49866,87.0
99,188,3,86.319534,86.0
99,189,2,91.7745,85.0
99,190,4,87.54851,84.0
99,191,5,71.575775,83.0
99,192,5,76.711296,82.0
99,193,5,69.374916,81.0
99,194,4,66.38065,80.0
99,195,1,67.95309,79.0
99,196,5,60.102737,78.0
99,197,0,67.67396,77.0
99,198,4,68.34898,76.0
99,199,5,63.834274,75.0
99,200,1,65.6917,74.0
99,201,0,61.051735,73.0
99,202,4,71.682526,72.0
99,203,3,66.205025,71.0
99,204,0,56.85355,70.0
99,205,5,53.325798,69.0
99,206,3,58.068844,68.0
99,207,4,52.09372,67.0
99,208,5,64.20249,66.0
99,209,2,62.10604,65.0
99,210,4,66.984924,64.0
99,211,0,67.08514,63.0
99,212,0,68.81644,62.0
99,213,0,64.36196,61.0
99,214,3,55.335926,60.0
99,215,1,59.227135,59.0
99,216,4,48.32875,58.0
99,217,3,49.991325,57.0
99,218,5,44.883827,56.0
99,219,1,43.61817,55.0
99,220,2,43.554935,54.0
99,221,2,35.350517,53.0
99,222,5,38.565132,52.0
99,223,4,33.622925,51.0
99,224,5,36.124786,50.0
99,225,0,38.30452,49.0
99,226,1,36.79467,48.0
99,227,4,33.820663,47.0
99,228,0,30.2116,46.0
99,229,3,35.93097,45.0
99,230,5,35.432518,44.0
99,231,5,26.094599,43.0
99,232,5,28.485968,42.0
99,233,0,32.326447,41.0
99,234,4,26.980488,40.0
99,235,0,28.71768,39.0
99,236,0,22.784868,38.0
99,237,5,25.55117,37.0
100,36,1,115.830826,125.0
100,37,2,124.94402,125.0
100,38,4,125.432655,125.0
100,39,5,125.144966,125.0
100,40,5,125.86729,125.0
100,41,0,125.53684,125.0
100,42,5,131.78455,125.0
100,43,2,116.30257,125.0
100,44,1,123.90924,125.0
100,45,2,117.59813,125.0
100,46,0,116.75111,125.0
100,47,0,116.938286,125.0
100,48,4,98.98632,125.0
100,49,5,115.23192,125.0
100,50,4,122.66458,125.0
100,51,3,117.970436,125.0
100,52,0,124.99645,125.0
100,53,3,132.66782,125.0
100,54,3,129.48349,125.0
100,55,3,122.19581,125.0
100,56,5,123.77744,125.0
100,57,5,129.1593,125.0
100,58,2,117.68112,125.0
100,59,5,120.22907,125.0
100,60,5,111.89919,125.0
100,61,0,117.1809,125.0
100,62,0,113.09945,125.0
100,63,3,120.257866,125.0
100,64,5,122.09947,125.0
100,65,5,123.34518,125.0
100,66,5,113.78636,125.0
100,67,3,119.95792,125.0
100,68,2,115.920715,125.0
100,69,0,114.0752,125.0
100,70,2,111.25709,125.0
100,71,0,114.4638,125.0
100,72,5,112.69884,125.0
100,73,0,120.58703,125.0
100,74,4,121.16032,125.0
100,75,2,127.33572,125.0
100,76,1,124.422874,125.0
100,77,1,130.04504,125.0
100,78,1,116.48206,125.0
100,79,3,134.35715,124.0
100,80,4,121.120476,123.0
100,81,5,120.45997,122.0
100,82,4,114.59954,121.0
100,83,5,119.07949,120.0
100,84,5,119.14939,119.0
100,85,5,115.46024,118.0
100,86,5,112.46768,117.0
100,87,5,114.84101,116.0
100,88,5,126.036995,115.0
100,89,2,114.056206,114.0
100,90,1,108.02978,113.0
100,91,3,98.77018,112.0
100,92,0,110.23591,111.0
100,93,5,103.68476,110.0
100,94,5,108.60316,109.0
100,95,0,114.65316,108.0
100,96,1,118.41979,107.0
100,97,0,120.68377,106.0
100,98,5,121.97512,105.0
100,99,4,109.78658,104.0
100,100,5,116.71447,103.0
100,101,5,112.76426,102.0
100,102,1,117.69699,101.0
100,103,1,120.5305,100.0
100,104,5,123.68221,99.0
100,105,4,117.03102,98.0
100,106,4,117.37137,97.0
100,107,4,121.96613,96.0
100,108,2,122.30834,95.0
100,109,4,112.17538,94.0
100,110,5,99.642784,93.0
100,111,5,103.819115,92.0
100,112,5,97.92443,91.0
100,113,2,96.60174,90.0
100,114,0,90.75621,89.0
100,115,1,99.04378,88.0
100,116,3,97.9903,87.0
100,117,0,106.75776,86.0
100,118,2,76.59869,85.0
100,119,4,74.58621,84.0
100,120,3,86.3519,83.0
100,121,3,108.496864,82.0
100,122,5,113.548805,81.0
100,123,2,114.20193,80.0
100,124,5,110.70439,79.0
100,125,0,108.0395,78.0
100,126,5,106.655624,77.0
100,127,4,103.78681,76.0
100,128,3,72.166985,75.0
100,129,3,102.1949,74.0
100,130,0,93.60014,73.0
100,131,4,106.35538,72.0
100,132,2,103.37008,71.0
100,133,1,94.10401,70.0
100,134,2,95.47551,69.0
100,135,3,102.49357,68.0
100,136,1,80.878654,67.0
100,137,2,96.69628,66.0
100,138,4,68.6778,65.0
100,139,0,56.026787,64.0
100,140,4,60.724815,63.0
100,141,5,59.260624,62.0
100,142,4,54.572296,61.0
100,143,1,39.749138,60.0
100,144,0,55.05372,59.0
100,145,4,50.35638,58.0
100,146,0,57.68405,57.0
100,147,5,66.38929,56.0
100,148,4,64.390884,55.0
100,149,1,64.00365,54.0
100,150,5,59.884056,53.0
100,151,2,53.08021,52.0
100,152,4,49.821373,51.0
100,153,2,45.14492,50.0
100,154,5,50.188416,49.0
100,155,2,43.216026,48.0
100,156,4,40.910297,47.0
100,157,5,34.347565,46.0
100,158,0,41.63642,45.0
100,159,2,40.81387,44.0
100,160,2,43.791122,43.0
100,161,0,44.320915,42.0
100,162,0,44.105602,41.0
100,163,4,43.54638,40.0
100,164,0,41.787994,39.0
100,165,4,38.234417,38.0
100,166,2,44.42604,37.0
100,167,2,37.216934,36.0
100,168,2,38.3923,35.0
100,169,5,38.816444,34.0
100,170,2,29.646038,33.0
100,171,0,26.856516,32.0
100,172,2,26.61208,31.0
100,173,1,24.6542,30.0
100,174,5,20.338823,29.0
100,175,3,19.387648,28.0
100,176,5,20.239859,27.0
100,177,3,17.84947,26.0
100,178,5,22.789934,25.0
100,179,2,23.661188,24.0
100,180,1,22.835886,23.0
100,181,5,24.46441,22.0
100,182,2,20.96643,21.0
100,183,4,15.538313,20.0
100,184,1,13.878743,19.0
100,185,4,15.408079,18.0
100,186,5,14.407736,17.0
100,187,2,14.129327,16.0
100,188,5,13.8076515,15.0
100,189,1,14.382304,14.0
100,190,0,13.323476,13.0
100,191,4,12.517611,12.0
100,192,4,13.844785,11.0
100,193,3,13.464081,10.0
100,194,5,12.759445,9.0
100,195,4,12.837169,8.0
100,196,3,14.279205,7.0
101,36,4,116.477715,125.0
101,37,0,113.2597,125.0
101,38,5,116.84863,125.0
101,39,0,105.522354,125.0
101,40,0,122.06691,125.0
101,41,3,119.24415,125.0
101,42,1,120.031235,125.0
101,43,5,104.60139,125.0
101,44,5,90.70701,125.0
101,45,2,104.32085,125.0
101,46,4,110.53861,125.0
101,47,3,102.630394,125.0
101,48,5,105.64042,125.0
101,49,4,109.19756,125.0
101,50,3,115.64978,125.0
101,51,1,88.32322,125.0
101,52,3,96.175606,125.0
101,53,0,102.08409,125.0
101,54,5,81.65478,125.0
101,55,3,81.88674,124.0
101,56,0,80.82981,123.0
101,57,5,78.569496,122.0
101,58,2,95.97319,121.0
101,59,5,85.34693,120.0
101,60,4,96.756805,119.0
101,61,2,98.61151,118.0
101,62,1,114.9911,117.0
101,63,1,111.651505,116.0
101,64,1,112.50031,115.0
101,65,0,111.79374,114.0
101,66,0,116.99437,113.0
101,67,0,118.36343,112.0
101,68,2,127.95303,111.0
101,69,0,117.36562,110.0
101,70,0,117.49711,109.0
101,71,1,101.89915,108.0
101,72,0,108.87573,107.0
101,73,3,116.05086,106.0
101,74,3,112.45496,105.0
101,75,3,113.54534,104.0
101,76,4,116.47483,103.0
101,77,5,120.9078,102.0
101,78,0,119.32635,101.0
101,79,2,122.07383,100.0
101,80,4,120.25738,99.0
101,81,3,113.76748,98.0
101,82,2,120.20469,97.0
101,83,1,118.55969,96.0
101,84,5,111.890564,95.0
101,85,3,128.79088,94.0
101,86,4,124.66921,93.0
101,87,4,128.18011,92.0
101,88,3,123.90861,91.0
101,89,4,116.939995,90.0
101,90,4,115.42602,89.0
101,91,5,108.64785,88.0
101,92,1,109.08981,87.0
101,93,3,112.597244,86.0
101,94,1,123.26446,85.0
101,95,4,118.81048,84.0
101,96,5,109.0687,83.0
101,97,3,110.8656,82.0
101,98,5,111.49677,81.0
101,99,4,119.05082,80.0
101,100,3,105.33829,79.0
101,101,0,125.85334,78.0
101,102,1,131.20126,77.0
101,103,0,123.26881,76.0
101,104,0,113.79342,75.0
101,105,3,125.08396,74.0
101,106,5,123.70147,73.0
101,107,2,113.086494,72.0
101,108,2,102.67837,71.0
101,109,0,90.04083,70.0
101,110,0,87.46168,69.0
101,111,2,87.53652,68.0
101,112,2,77.9108,67.0
101,113,3,73.289375,66.0
101,114,3,77.12201,65.0
101,115,0,57.793415,64.0
101,116,4,60.11033,63.0
101,117,1,66.38121,62.0
101,118,5,52.899582,61.0
101,119,5,44.288902,60.0
101,120,1,53.317787,59.0
101,121,2,56.827984,58.0
101,122,2,45.826485,57.0
101,123,1,46.4634,56.0
101,124,1,27.323977,55.0
101,125,5,45.85557,54.0
101,126,4,35.52795,53.0
101,127,5,42.4131,52.0
101,128,5,37.98216,51.0
101,129,5,35.040245,50.0
101,130,5,47.54219,49.0
101,131,5,39.11376,48.0
101,132,0,43.382713,47.0
101,133,0,48.275738,46.0
101,134,3,51.05768,45.0
101,135,0,36.296852,44.0
101,136,4,42.761074,43.0
101,137,5,37.98233,42.0
101,138,5,44.291016,41.0
101,139,0,33.21585,40.0
101,140,2,45.966125,39.0
101,141,1,42.950897,38.0
101,142,5,39.71718,37.0
101,143,1,35.801132,36.0
101,144,5,43.43853,35.0
101,145,5,54.571415,34.0
101,146,5,54.785236,33.0
101,147,3,49.079315,32.0
101,148,2,40.27067,31.0
101,149,2,38.26712,30.0
101,150,4,34.46368,29.0
101,151,4,32.279907,28.0
101,152,1,30.874403,27.0
101,153,0,27.638865,26.0
101,154,0,25.40766,25.0
101,155,5,19.92208,24.0
101,156,3,15.622639,23.0
101,157,1,10.182064,22.0
101,158,5,12.174968,21.0
101,159,0,14.4703665,20.0
101,160,3,13.602393,19.0
101,161,1,11.238808,18.0
101,162,5,13.123747,17.0
101,163,5,16.854237,16.0
101,164,3,23.645151,15.0
101,165,5,25.165352,14.0
101,166,1,26.478197,13.0
102,36,1,130.6656,125.0
102,37,0,131.38022,125.0
102,38,0,128.00311,125.0
102,39,3,126.58401,125.0
102,40,1,127.30126,125.0
102,41,5,124.20839,125.0
102,42,3,123.65907,125.0
102,43,1,111.407196,125.0
102,44,2,124.04491,125.0
102,45,3,122.19866,125.0
102,46,5,115.80378,125.0
102,47,5,123.99062,125.0
102,48,0,119.89304,125.0
102,49,5,118.057884,125.0
102,50,4,130.43341,125.0
102,51,0,120.13242,125.0
102,52,5,116.29699,125.0
102,53,3,109.56943,125.0
102,54,0,123.80845,125.0
102,55,1,125.77113,125.0
102,56,0,119.72314,125.0
102,57,5,115.132805,125.0
102,58,2,118.11611,125.0
102,59,3,121.511284,125.0
102,60,1,119.44425,125.0
102,61,2,127.413086,125.0
102,62,4,121.887024,125.0
102,63,1,124.862175,125.0
102,64,2,123.642235,125.0
102,65,1,118.5256,125.0
102,66,3,119.13717,125.0
102,67,5,120.81844,125.0
102,68,5,121.671165,125.0
102,69,4,122.71694,125.0
102,70,0,124.26655,125.0
102,71,0,124.869896,125.0
102,72,1,113.97496,125.0
102,73,0,107.398796,125.0
102,74,2,110.97081,125.0
102,75,2,95.912926,125.0
102,76,3,107.78398,125.0
102,77,1,118.166145,125.0
102,78,4,112.037544,125.0
102,79,5,119.9433,125.0
102,80,5,121.530945,125.0
102,81,0,118.98,125.0
102,82,0,119.85449,125.0
102,83,2,120.94419,125.0
102,84,5,127.31562,125.0
102,85,5,124.40436,125.0
102,86,5,126.61266,125.0
102,87,1,126.30791,125.0
102,88,4,121.24308,125.0
102,89,5,124.927666,125.0
102,90,1,126.97682,125.0
102,91,2,123.74644,125.0
102,92,5,114.1342,125.0
102,93,1,99.1708,125.0
102,94,4,100.6834,125.0
102,95,5,100.73626,125.0
102,96,5,96.69201,125.0
102,97,3,101.671036,125.0
102,98,5,112.15624,125.0
102,99,2,111.835304,125.0
102,100,2,107.541214,125.0
102,101,0,97.96591,125.0
102,102,1,107.09603,125.0
102,103,5,105.30526,125.0
102,104,1,104.668495,125.0
102,105,4,96.4055,125.0
102,106,5,114.361595,125.0
102,107,2,113.07348,125.0
102,108,1,118.87879,125.0
102,109,5,121.18792,125.0
102,110,5,121.26895,125.0
102,111,5,118.26593,125.0
102,112,5,121.9262,125.0
102,113,1,114.52948,125.0
102,114,2,102.151886,125.0
102,115,3,117.758736,125.0
102,116,4,112.72235,125.0
102,117,5,112.51509,125.0
102,118,3,119.050835,125.0
102,119,2,111.82195,125.0
102,120,4,103.06106,125.0
102,121,2,101.71929,125.0
102,122,3,109.54287,125.0
102,123,1,119.8973,125.0
102,124,3,115.980034,125.0
102,125,2,123.67623,125.0
102,126,3,130.34773,125.0
102,127,4,124.71201,125.0
102,128,5,128.00418,125.0
102,129,3,119.650276,125.0
102,130,0,128.2412,125.0
102,131,4,120.50588,125.0
102,132,1,130.29036,125.0
102,133,0,128.24611,125.0
102,134,3,127.411934,125.0
102,135,4,129.10898,125.0
102,136,1,124.709595,125.0
102,137,1,114.143394,125.0
102,138,2,121.72938,125.0
102,139,2,114.759315,125.0
102,140,5,109.71631,125.0
102,141,3,112.73207,125.0
102,142,0,120.53216,125.0
102,143,2,120.65489,125.0
102,144,2,122.09052,125.0
102,145,5,122.1908,125.0
102,146,3,125.305984,125.0
102,147,3,123.30891,125.0
102,148,5,116.33297,125.0
102,149,2,117.501,125.0
102,150,5,117.92785,125.0
102,151,3,119.68458,125.0
102,152,1,126.015686,125.0
102,153,1,116.73812,125.0
102,154,1,123.80714,125.0
102,155,3,122.19609,125.0
102,156,5,121.64869,125.0
102,157,1,121.58218,125.0
102,158,0,127.43813,125.0
102,159,4,127.27207,125.0
102,160,3,120.4428,125.0
102,161,5,125.27978,125.0
102,162,0,121.45566,125.0
102,163,0,125.17634,125.0
102,164,4,107.33192,125.0
102,165,4,107.21435,125.0
102,166,3,106.911316,125.0
102,167,3,106.216446,125.0
102,168,4,108.382744,125.0
102,169,0,115.38291,125.0
102,170,4,106.69313,125.0
102,171,3,96.592705,125.0
102,172,1,85.19405,125.0
102,173,5,104.3655,125.0
102,174,4,101.80665,125.0
102,175,1,113.34568,125.0
102,176,0,113.84731,125.0
102,177,1,113.21629,125.0
102,178,3,118.99849,125.0
102,179,4,107.01713,125.0
102,180,3,120.664055,125.0
102,181,5,114.19988,125.0
102,182,2,123.9363,125.0
102,183,0,124.98602,125.0
102,184,2,122.86826,125.0
102,185,5,127.40419,125.0
102,186,5,127.671364,125.0
102,187,5,124.46805,125.0
102,188,5,124.092865,125.0
102,189,4,123.872284,125.0
102,190,3,127.336845,125.0
102,191,2,123.12236,125.0
102,192,5,120.08138,125.0
102,193,5,109.62319,125.0
102,194,2,95.72301,125.0
102,195,0,117.048,125.0
102,196,2,120.92179,125.0
102,197,5,94.640114,125.0
102,198,2,67.82228,125.0
102,199,2,63.56934,125.0
102,200,5,66.33947,125.0
102,201,2,62.217552,125.0
102,202,5,74.01841,125.0
102,203,1,75.98292,125.0
102,204,5,89.6922,125.0
102,205,0,101.178406,125.0
102,206,5,108.57006,125.0
102,207,0,112.74977,125.0
102,208,3,115.41122,125.0
102,209,1,120.3466,125.0
102,210,2,119.69507,125.0
102,211,3,118.0422,125.0
102,212,0,121.94936,125.0
102,213,5,113.69497,125.0
102,214,4,109.32765,125.0
102,215,1,100.44348,125.0
102,216,5,100.77177,125.0
102,217,5,106.183846,125.0
102,218,4,98.2341,125.0
102,219,5,114.531494,125.0
102,220,3,110.007385,125.0
102,221,0,121.83978,125.0
102,222,5,112.13836,125.0
102,223,1,104.99077,125.0
102,224,0,108.32166,125.0
102,225,5,106.72381,125.0
102,226,4,98.14776,125.0
102,227,2,112.85439,125.0
102,228,2,123.251625,125.0
102,229,1,115.64715,125.0
102,230,5,124.63227,125.0
102,231,0,122.37641,125.0
102,232,0,114.75421,125.0
102,233,4,120.956825,125.0
102,234,1,118.09702,125.0
102,235,2,120.12918,125.0
102,236,1,120.36745,125.0
102,237,5,121.16248,125.0
102,238,4,120.98424,125.0
102,239,5,128.07225,125.0
102,240,4,124.55105,125.0
102,241,1,126.49846,125.0
102,242,1,123.007675,125.0
102,243,3,128.40736,125.0
102,244,5,123.62748,125.0
102,245,5,119.05248,125.0
102,246,4,124.92363,125.0
102,247,5,127.40533,125.0
102,248,1,122.79026,125.0
102,249,5,123.33034,125.0
102,250,4,111.96407,125.0
102,251,5,103.99296,125.0
102,252,3,98.839195,125.0
102,253,5,98.67809,125.0
102,254,5,86.06959,125.0
102,255,2,96.690384,125.0
102,256,3,87.27279,125.0
102,257,3,90.13563,125.0
102,258,5,82.10771,125.0
102,259,5,93.13801,125.0
102,260,0,93.57416,125.0
102,261,0,91.129944,125.0
102,262,5,97.05176,125.0
102,263,3,92.181625,125.0
102,264,5,77.34997,125.0
102,265,0,97.19383,125.0
102,266,5,80.0377,125.0
102,267,4,101.93964,125.0
102,268,1,115.040474,125.0
102,269,5,117.627266,125.0
102,270,5,112.99698,125.0
102,271,1,114.46999,125.0
102,272,0,121.46249,125.0
102,273,5,115.62877,125.0
102,274,5,111.213234,125.0
102,275,5,111.94448,125.0
102,276,0,118.66213,125.0
102,277,3,120.32379,125.0
102,278,2,118.78695,125.0
102,279,0,114.11174,125.0
102,280,5,112.59722,125.0
102,281,0,117.16223,125.0
102,282,4,115.89187,125.0
102,283,5,115.1873,125.0
102,284,3,118.85372,125.0
102,285,3,120.0437,125.0
102,286,2,117.94722,125.0
102,287,1,121.13039,125.0
102,288,3,119.76505,125.0
102,289,5,125.69058,125.0
102,290,2,116.0058,125.0
102,291,4,121.537544,125.0
102,292,4,106.70087,125.0
102,293,5,106.67033,125.0
102,294,2,110.90353,125.0
102,295,0,114.19872,125.0
102,296,5,96.33286,125.0
102,297,3,114.253426,125.0
102,298,1,112.88921,125.0
102,299,3,123.93581,125.0
102,300,2,105.67367,125.0
102,301,2,112.18415,125.0
102,302,5,108.95488,125.0
102,303,0,121.53504,125.0
102,304,2,125.961754,125.0
102,305,0,126.48588,125.0
102,306,0,123.78698,125.0
102,307,1,101.33529,125.0
102,308,5,111.10763,125.0
102,309,0,127.23559,125.0
102,310,2,120.14608,125.0
102,311,1,102.12615,125.0
102,312,5,106.94306,125.0
102,313,2,112.82859,125.0
102,314,0,109.01781,125.0
102,315,3,124.8564,125.0
102,316,1,116.18319,125.0
102,317,5,121.895485,125.0
102,318,3,118.276436,125.0
102,319,2,120.40354,125.0
102,320,0,114.768776,125.0
102,321,3,109.142494,125.0
102,322,0,107.05689,125.0
102,323,4,110.983025,125.0
102,324,5,102.99201,125.0
102,325,3,106.408615,125.0
102,326,2,103.90449,125.0
102,327,2,111.815056,125.0
102,328,4,105.76054,125.0
102,329,0,109.07213,125.0
102,330,0,105.06345,125.0
102,331,5,110.50302,125.0
102,332,5,107.601295,125.0
102,333,2,119.393814,125.0
102,334,2,122.05554,125.0
102,335,0,118.94512,125.0
102,336,2,120.116585,125.0
102,337,0,108.61881,125.0
102,338,1,101.614876,125.0
102,339,0,102.23736,125.0
102,340,5,106.31849,125.0
102,341,5,101.09443,124.0
102,342,1,97.95312,123.0
102,343,3,84.42518,122.0
102,344,0,85.01266,121.0
102,345,4,89.56402,120.0
102,346,4,88.112785,119.0
102,347,1,79.06864,118.0
102,348,4,83.65293,117.0
102,349,5,83.34475,116.0
102,350,1,77.75611,115.0
102,351,4,77.42095,114.0
102,352,5,73.25297,113.0
102,353,5,80.42431,112.0
102,354,1,62.263916,111.0
102,355,0,68.53277,110.0
102,356,2,66.95199,109.0
102,357,3,86.481834,108.0
102,358,1,75.031654,107.0
102,359,3,75.04223,106.0
102,360,0,60.971855,105.0
102,361,5,61.11142,104.0
102,362,2,59.53775,103.0
102,363,1,66.883995,102.0
102,364,1,41.4609,101.0
102,365,5,44.92325,100.0
102,366,5,51.692455,99.0
102,367,4,51.86548,98.0
102,368,0,42.359383,97.0
102,369,3,65.20919,96.0
102,370,2,70.603355,95.0
102,371,0,60.217968,94.0
102,372,2,46.10534,93.0
102,373,4,42.81554,92.0
102,374,0,40.75216,91.0
102,375,5,44.12709,90.0
102,376,1,42.49871,89.0
102,377,4,34.099136,88.0
102,378,5,61.301212,87.0
102,379,4,61.396896,86.0
102,380,4,49.350185,85.0
102,381,4,49.80258,84.0
102,382,2,53.277557,83.0
102,383,2,31.464792,82.0
102,384,2,18.318342,81.0
102,385,1,23.943846,80.0
102,386,4,24.805399,79.0
102,387,0,31.54021,78.0
102,388,2,40.158134,77.0
102,389,4,30.405632,76.0
102,390,5,43.619087,75.0
102,391,2,61.51275,74.0
102,392,1,52.16291,73.0
102,393,2,47.55657,72.0
102,394,5,52.216675,71.0
102,395,1,53.924606,70.0
102,396,3,57.15973,69.0
102,397,2,60.46394,68.0
102,398,4,51.52044,67.0
102,399,5,55.585594,66.0
102,400,4,39.9317,65.0
102,401,1,43.76197,64.0
102,402,0,50.145515,63.0
102,403,2,55.712276,62.0
102,404,0,60.188194,61.0
102,405,1,56.692844,60.0
102,406,2,59.758312,59.0
102,407,4,57.912437,58.0
102,408,2,62.97808,57.0
102,409,3,54.731827,56.0
102,410,1,55.37671,55.0
102,411,4,47.587547,54.0
102,412,1,43.94244,53.0
102,413,4,41.859924,52.0
102,414,4,31.958933,51.0
102,415,4,36.31446,50.0
102,416,0,35.21411,49.0
102,417,4,34.21721,48.0
102,418,4,33.52044,47.0
102,419,3,34.445786,46.0
102,420,3,37.003273,45.0
102,421,1,32.7421,44.0
102,422,4,25.10875,43.0
102,423,0,35.42084,42.0
102,424,3,37.199703,41.0
102,425,3,35.922836,40.0
102,426,1,38.40178,39.0
102,427,3,28.288208,38.0
102,428,1,36.31969,37.0
102,429,5,32.048996,36.0
102,430,3,26.83586,35.0
102,431,4,28.764997,34.0
102,432,5,28.413849,33.0
102,433,1,29.788074,32.0
102,434,2,36.594574,31.0
102,435,5,38.1536,30.0
102,436,5,37.814964,29.0
102,437,2,39.123093,28.0
102,438,5,27.871649,27.0
102,439,3,37.672806,26.0
102,440,4,33.204872,25.0
102,441,5,28.930872,24.0
102,442,3,23.988451,23.0
102,443,0,28.095747,22.0
103,36,1,126.917534,118.0
103,37,5,124.768776,117.0
103,38,5,125.827126,116.0
103,39,3,117.76577,115.0
103,40,1,121.75225,114.0
103,41,5,120.296104,113.0
103,42,0,118.942406,112.0
103,43,0,117.771065,111.0
103,44,2,121.582375,110.0
103,45,4,125.82725,109.0
103,46,5,121.98338,108.0
103,47,0,126.12394,107.0
103,48,5,124.79511,106.0
103,49,0,119.93435,105.0
103,50,0,108.355034,104.0
103,51,5,120.31535,103.0
103,52,2,124.05884,102.0
103,53,0,119.97103,101.0
103,54,5,121.64718,100.0
103,55,1,118.18675,99.0
103,56,0,124.98059,98.0
103,57,3,113.717476,97.0
103,58,0,114.89352,96.0
103,59,3,121.8771,95.0
103,60,3,121.10644,94.0
103,61,3,126.76499,93.0
103,62,2,125.3135,92.0
103,63,2,133.50258,91.0
103,64,2,124.15925,90.0
103,65,5,129.56033,89.0
103,66,5,112.75689,88.0
103,67,5,108.85461,87.0
103,68,5,105.274376,86.0
103,69,2,100.66274,85.0
103,70,0,96.51174,84.0
103,71,5,90.96261,83.0
103,72,3,116.33786,82.0
103,73,3,107.14892,81.0
103,74,4,120.28915,80.0
103,75,1,123.98222,79.0
103,76,4,132.15424,78.0
103,77,1,127.738846,77.0
103,78,3,129.37222,76.0
103,79,1,126.12228,75.0
103,80,5,128.68024,74.0
103,81,4,122.50202,73.0
103,82,2,125.57784,72.0
103,83,5,119.99479,71.0
103,84,2,111.22314,70.0
103,85,0,122.98356,69.0
103,86,3,108.432274,68.0
103,87,4,117.28011,67.0
103,88,4,86.2302,66.0
103,89,1,82.2763,65.0
103,90,5,99.47432,64.0
103,91,3,94.112625,63.0
103,92,3,105.8149,62.0
103,93,1,100.08211,61.0
103,94,0,108.10386,60.0
103,95,1,106.634705,59.0
103,96,2,108.979225,58.0
103,97,4,104.67475,57.0
103,98,0,108.21311,56.0
103,99,3,108.56021,55.0
103,100,2,96.4665,54.0
103,101,1,112.59621,53.0
103,102,0,105.66865,52.0
103,103,4,106.39004,51.0
103,104,0,100.47798,50.0
103,105,3,99.3199,49.0
103,106,2,104.78245,48.0
103,107,2,95.727196,47.0
103,108,5,85.311806,46.0
103,109,5,86.12245,45.0
103,110,0,104.01314,44.0
103,111,1,98.433784,43.0
103,112,2,74.03645,42.0
103,113,4,82.270386,41.0
103,114,5,67.460335,40.0
103,115,0,84.76655,39.0
103,116,4,78.34031,38.0
103,117,2,71.07935,37.0
103,118,3,56.86988,36.0
103,119,5,41.42807,35.0
103,120,1,46.148754,34.0
103,121,3,54.232334,33.0
103,122,0,58.847713,32.0
103,123,1,25.257044,31.0
103,124,0,14.944608,30.0
103,125,5,18.592781,29.0
103,126,0,16.794834,28.0
103,127,3,11.000734,27.0
103,128,3,17.31508,26.0
103,129,2,9.559553,25.0
103,130,5,12.055261,24.0
103,131,2,11.134231,23.0
103,132,2,9.949452,22.0
103,133,0,6.8705497,21.0
103,134,5,5.337676,20.0
103,135,1,5.3936944,19.0
103,136,1,7.2696595,18.0
103,137,2,7.5310745,17.0
103,138,5,7.0941973,16.0
103,139,1,7.6208367,15.0
103,140,0,7.287869,14.0
103,141,0,8.25715,13.0
103,142,0,6.1153216,12.0
103,143,2,6.7607293,11.0
103,144,5,6.115128,10.0
103,145,5,5.483928,9.0
104,36,3,126.06733,125.0
104,37,0,121.79919,125.0
104,38,0,125.72698,125.0
104,39,4,124.527016,125.0
104,40,1,124.82436,125.0
104,41,5,127.797585,125.0
104,42,1,127.33312,125.0
104,43,5,126.16385,125.0
104,44,1,124.45408,125.0
104,45,2,123.69351,125.0
104,46,5,120.25194,125.0
104,47,5,113.21628,125.0
104,48,2,117.08297,125.0
104,49,5,113.181404,125.0
104,50,5,114.1742,125.0
104,51,3,121.31956,125.0
104,52,3,124.06992,125.0
104,53,4,123.69822,125.0
104,54,2,125.73396,125.0
104,55,3,121.77163,125.0
104,56,1,124.98565,125.0
104,57,0,124.813034,125.0
104,58,5,120.69278,125.0
104,59,5,126.76962,125.0
104,60,2,119.69624,125.0
104,61,3,127.13566,124.0
104,62,0,114.4576,123.0
104,63,1,118.81626,122.0
104,64,3,123.77061,121.0
104,65,0,122.5233,120.0
105,36,3,126.44559,125.0
105,37,1,115.1568,125.0
105,38,2,112.340164,125.0
105,39,5,107.8213,125.0
105,40,5,117.70885,125.0
105,41,2,115.77653,125.0
105,42,3,112.92654,125.0
105,43,2,106.33666,125.0
105,44,0,104.41396,125.0
105,45,4,109.17327,125.0
105,46,5,110.248566,125.0
105,47,5,109.01836,125.0
105,48,5,115.46161,125.0
105,49,4,114.54616,125.0
105,50,0,116.34762,125.0
105,51,4,122.5713,125.0
105,52,1,117.62466,125.0
105,53,4,115.98504,125.0
105,54,5,109.42612,125.0
105,55,4,114.934456,125.0
105,56,4,105.83944,125.0
105,57,2,111.036,125.0
105,58,5,120.61805,125.0
105,59,2,110.40958,125.0
105,60,2,116.30421,125.0
105,61,4,102.89749,125.0
105,62,0,112.05319,125.0
105,63,5,112.50303,125.0
105,64,4,106.74305,125.0
105,65,4,122.50677,125.0
105,66,4,111.645744,125.0
105,67,4,113.92376,125.0
105,68,0,114.60368,125.0
105,69,5,105.03701,125.0
105,70,3,112.92463,125.0
105,71,1,117.996284,125.0
105,72,2,111.81858,125.0
105,73,2,95.58064,125.0
105,74,2,105.480675,125.0
105,75,1,111.06455,125.0
105,76,5,111.33161,125.0
105,77,4,116.41204,125.0
105,78,3,111.56519,125.0
105,79,3,118.565285,125.0
105,80,5,111.45488,125.0
105,81,3,103.53054,125.0
105,82,4,122.27495,125.0
105,83,2,114.511696,125.0
105,84,0,116.42037,125.0
105,85,3,117.67488,125.0
105,86,5,115.716225,125.0
105,87,2,120.26519,125.0
105,88,2,120.91112,125.0
105,89,3,117.53673,125.0
105,90,5,122.50182,125.0
105,91,5,113.6403,125.0
105,92,5,118.96385,125.0
105,93,2,111.64921,125.0
105,94,2,116.076,125.0
105,95,1,109.89922,125.0
105,96,1,108.912544,125.0
105,97,5,116.1209,125.0
105,98,5,115.72213,125.0
105,99,1,104.51783,125.0
105,100,5,116.86813,125.0
105,101,5,118.93312,125.0
105,102,4,118.05462,125.0
105,103,0,112.56922,125.0
105,104,0,117.83351,125.0
105,105,5,108.4004,125.0
105,106,4,115.82051,125.0
105,107,2,121.648865,125.0
105,108,2,114.044,125.0
105,109,5,118.218285,125.0
105,110,1,120.970566,125.0
105,111,2,118.41333,125.0
105,112,2,122.06002,125.0
105,113,5,114.6911,125.0
105,114,0,121.54577,125.0
105,115,5,125.49587,125.0
105,116,5,129.97626,125.0
105,117,5,124.28331,125.0
105,118,1,119.95279,125.0
105,119,1,112.68235,125.0
105,120,5,125.18018,125.0
105,121,5,125.31992,125.0
105,122,4,123.62466,125.0
105,123,5,127.04373,125.0
105,124,2,125.01303,125.0
105,125,4,125.5884,125.0
105,126,1,127.78868,125.0
105,127,4,119.35227,125.0
105,128,5,127.51866,125.0
105,129,1,126.31539,125.0
105,130,1,124.7873,125.0
105,131,5,100.94158,125.0
105,132,3,91.94339,125.0
105,133,4,90.13703,125.0
105,134,2,95.24508,125.0
105,135,1,65.59205,125.0
105,136,5,96.875206,125.0
105,137,1,102.386894,125.0
105,138,1,98.932045,125.0
105,139,0,88.60145,125.0
105,140,5,103.022835,125.0
105,141,1,105.37071,125.0
105,142,1,99.342514,125.0
105,143,5,106.10314,125.0
105,144,0,107.41503,125.0
105,145,5,106.727196,125.0
105,146,5,98.81198,125.0
105,147,1,112.82042,125.0
105,148,0,108.95141,125.0
105,149,5,114.62379,125.0
105,150,5,116.10493,125.0
105,151,1,106.10423,125.0
105,152,3,116.51787,125.0
105,153,0,117.48877,125.0
105,154,0,115.59786,125.0
105,155,0,104.77042,125.0
105,156,3,108.57825,125.0
105,157,0,97.87504,125.0
105,158,5,108.519875,125.0
105,159,1,105.01585,125.0
105,160,4,119.09174,125.0
105,161,0,112.176094,125.0
105,162,5,108.14904,125.0
105,163,3,112.492355,125.0
105,164,2,113.33242,125.0
105,165,4,121.79296,125.0
105,166,0,110.204155,125.0
105,167,1,122.223335,125.0
105,168,2,106.48254,125.0
105,169,2,116.09594,125.0
105,170,3,106.18373,125.0
105,171,0,93.52134,125.0
105,172,5,92.01286,125.0
105,173,5,99.26502,125.0
105,174,5,96.13654,125.0
105,175,5,106.934296,125.0
105,176,1,106.19492,125.0
105,177,2,107.55364,125.0
105,178,0,112.69306,125.0
105,179,5,111.55418,125.0
105,180,2,101.19114,125.0
105,181,3,98.279724,125.0
105,182,5,113.15899,125.0
105,183,2,115.03263,125.0
105,184,2,110.25934,125.0
105,185,0,108.78417,125.0
105,186,4,106.11702,125.0
105,187,5,102.99734,125.0
105,188,5,106.54011,125.0
105,189,2,105.82224,125.0
105,190,5,111.74142,125.0
105,191,4,113.984085,125.0
105,192,3,113.98035,125.0
105,193,5,117.78442,125.0
105,194,0,118.23962,125.0
105,195,3,117.51226,125.0
105,196,5,117.469154,125.0
105,197,5,115.67954,125.0
105,198,4,101.43189,125.0
105,199,5,114.94271,125.0
105,200,3,111.330574,125.0
105,201,3,108.61096,125.0
105,202,5,121.05781,125.0
105,203,5,117.35502,125.0
105,204,2,115.253815,125.0
105,205,2,122.89153,125.0
105,206,5,126.23762,125.0
105,207,5,131.2956,125.0
105,208,2,127.10111,125.0
105,209,5,127.32271,125.0
105,210,2,122.45985,125.0
105,211,4,118.38825,125.0
105,212,3,121.59801,125.0
105,213,5,126.84682,125.0
105,214,1,118.652115,125.0
105,215,1,115.85568,125.0
105,216,5,124.9888,125.0
105,217,3,124.7907,125.0
105,218,2,119.899895,125.0
105,219,0,116.30337,125.0
105,220,1,96.429054,125.0
105,221,5,87.89175,125.0
105,222,1,69.0794,125.0
105,223,5,80.99475,125.0
105,224,1,86.37088,125.0
105,225,3,82.454506,125.0
105,226,1,75.2559,125.0
105,227,0,83.98014,125.0
105,228,0,80.468605,125.0
105,229,5,100.05254,125.0
105,230,4,105.38848,125.0
105,231,2,110.15897,125.0
105,232,5,106.95528,125.0
105,233,3,115.46116,125.0
105,234,5,118.75674,125.0
105,235,5,100.68119,125.0
105,236,2,103.39704,125.0
105,237,1,113.59542,125.0
105,238,2,106.83492,125.0
105,239,5,123.03999,125.0
105,240,5,117.96605,125.0
105,241,4,118.83501,125.0
105,242,5,112.29893,125.0
105,243,4,114.532135,125.0
105,244,0,109.468925,125.0
105,245,3,116.51098,125.0
105,246,1,118.53937,125.0
105,247,1,118.90681,125.0
105,248,3,122.445335,125.0
105,249,3,124.97144,125.0
105,250,5,120.856865,125.0
105,251,2,114.860695,125.0
105,252,1,126.56098,125.0
105,253,1,127.983734,125.0
105,254,5,126.50466,125.0
105,255,1,128.08032,125.0
105,256,5,120.342316,125.0
105,257,1,127.32188,125.0
105,258,4,121.0011,125.0
105,259,5,116.47628,125.0
105,260,0,118.80478,125.0
105,261,1,121.598816,125.0
105,262,1,104.944244,125.0
105,263,2,105.152016,125.0
105,264,5,111.1256,125.0
105,265,2,111.23742,125.0
105,266,5,107.182976,125.0
105,267,3,122.36634,125.0
105,268,3,126.11249,125.0
105,269,1,116.05392,125.0
105,270,4,117.95048,125.0
105,271,5,116.255226,125.0
105,272,4,109.289925,125.0
105,273,3,105.61979,125.0
105,274,1,98.95396,125.0
105,275,1,105.923965,125.0
105,276,0,101.79672,125.0
105,277,5,113.7988,125.0
105,278,1,96.39881,125.0
105,279,2,81.099014,125.0
105,280,4,79.203316,125.0
105,281,1,94.053246,125.0
105,282,0,103.41653,125.0
105,283,0,101.96653,125.0
105,284,4,110.03557,125.0
105,285,5,98.81161,125.0
105,286,4,98.354225,125.0
105,287,5,105.49033,125.0
105,288,1,113.06295,125.0
105,289,5,121.76623,125.0
105,290,0,120.70456,125.0
105,291,3,120.538155,125.0
105,292,5,119.816795,125.0
105,293,2,119.51933,125.0
105,294,3,120.97778,125.0
105,295,0,112.31885,125.0
105,296,5,96.46672,125.0
105,297,2,104.052666,125.0
105,298,1,100.1888,125.0
105,299,5,100.23779,125.0
105,300,4,104.930244,125.0
105,301,1,65.10613,125.0
105,302,3,79.71302,125.0
105,303,4,91.219955,125.0
105,304,5,88.86036,125.0
105,305,3,69.99741,125.0
105,306,1,72.00249,125.0
105,307,5,65.24004,125.0
105,308,4,70.162315,125.0
105,309,0,55.983665,125.0
105,310,4,76.462364,125.0
105,311,1,79.53573,125.0
105,312,2,59.72322,125.0
105,313,5,61.964592,125.0
105,314,2,74.49653,125.0
105,315,5,80.70094,125.0
105,316,1,96.331406,125.0
105,317,4,91.45696,125.0
105,318,5,109.49356,125.0
105,319,0,114.366356,125.0
105,320,5,109.574486,125.0
105,321,4,101.944756,125.0
105,322,4,101.487076,125.0
105,323,4,100.86097,125.0
105,324,0,116.58152,125.0
105,325,1,113.10957,125.0
105,326,3,105.50292,125.0
105,327,0,93.36682,124.0
105,328,1,90.435616,123.0
105,329,5,103.9792,122.0
105,330,3,104.95928,121.0
105,331,4,106.93337,120.0
105,332,0,109.42782,119.0
105,333,1,113.92843,118.0
105,334,1,87.472145,117.0
105,335,5,82.4261,116.0
105,336,4,87.339966,115.0
105,337,3,96.79293,114.0
105,338,5,103.4773,113.0
105,339,0,115.0362,112.0
105,340,4,110.34597,111.0
105,341,5,111.62608,110.0
105,342,5,95.2998,109.0
105,343,0,94.76088,108.0
105,344,1,82.12661,107.0
105,345,5,96.76403,106.0
105,346,0,91.7373,105.0
105,347,2,86.179565,104.0
105,348,2,87.45808,103.0
105,349,0,92.237465,102.0
105,350,0,90.90281,101.0
105,351,5,83.92584,100.0
106,36,4,124.1093,125.0
106,37,5,122.5414,125.0
106,38,1,122.741905,125.0
106,39,5,118.83828,125.0
106,40,1,102.91605,125.0
106,41,4,111.25985,125.0
106,42,1,113.50165,125.0
106,43,2,118.84671,125.0
106,44,0,120.85581,125.0
106,45,4,125.49123,125.0
106,46,3,123.76634,125.0
106,47,5,124.15538,125.0
106,48,0,124.31681,125.0
106,49,4,125.688194,125.0
106,50,1,114.210304,125.0
106,51,2,120.93421,125.0
106,52,1,123.04519,125.0
106,53,3,126.4417,125.0
106,54,4,125.52122,125.0
106,55,5,118.26725,125.0
106,56,0,107.128365,125.0
106,57,0,113.00437,125.0
106,58,2,110.32046,125.0
106,59,5,124.47665,125.0
106,60,5,120.962364,125.0
106,61,5,119.248505,125.0
106,62,3,128.25603,125.0
106,63,0,122.56188,125.0
106,64,1,120.30274,125.0
106,65,0,118.03298,125.0
106,66,4,127.17489,125.0
106,67,1,133.84573,125.0
106,68,3,119.36435,125.0
106,69,2,118.47755,125.0
106,70,5,117.83071,125.0
106,71,5,116.11869,125.0
106,72,0,121.64358,125.0
106,73,5,121.075325,125.0
106,74,5,124.05893,125.0
106,75,5,106.86909,125.0
106,76,3,105.950714,125.0
106,77,0,122.546104,125.0
106,78,0,122.576416,125.0
106,79,2,118.56454,125.0
106,80,3,118.63438,125.0
106,81,4,115.26298,125.0
106,82,5,125.35893,125.0
106,83,0,119.47219,125.0
106,84,0,109.38847,125.0
106,85,5,118.25807,125.0
106,86,5,117.942024,125.0
106,87,5,115.82724,125.0
106,88,2,123.12372,125.0
106,89,2,119.263626,125.0
106,90,4,121.297554,125.0
106,91,2,110.40711,125.0
106,92,5,119.27866,125.0
106,93,4,121.01041,125.0
106,94,2,107.59228,125.0
106,95,2,103.58549,125.0
106,96,3,109.62728,125.0
106,97,5,108.10878,125.0
106,98,0,113.32981,125.0
106,99,1,119.4013,125.0
106,100,2,121.53916,125.0
106,101,3,114.16946,125.0
106,102,2,111.89892,125.0
106,103,2,113.76962,125.0
106,104,3,88.605034,125.0
106,105,2,76.95989,125.0
106,106,5,93.45188,125.0
106,107,1,102.27691,125.0
106,108,3,97.23221,125.0
106,109,0,106.99479,125.0
106,110,4,112.543144,125.0
106,111,4,110.87472,125.0
106,112,5,110.89864,125.0
106,113,0,115.71148,125.0
106,114,3,116.93056,125.0
106,115,1,108.62936,125.0
106,116,3,87.64733,125.0
106,117,3,66.65455,125.0
106,118,5,78.998726,125.0
106,119,0,69.34426,125.0
106,120,5,98.40878,125.0
106,121,1,83.598404,125.0
106,122,5,83.02091,125.0
106,123,5,88.965355,125.0
106,124,5,95.01476,125.0
106,125,1,103.63173,125.0
106,126,3,89.3677,125.0
106,127,0,102.29924,125.0
106,128,3,99.538826,125.0
106,129,4,97.714836,125.0
106,130,1,95.257,125.0
106,131,3,111.41587,124.0
106,132,0,97.39944,123.0
106,133,4,106.09118,122.0
106,134,1,105.64479,121.0
106,135,1,104.23397,120.0
106,136,1,109.41473,119.0
106,137,4,94.28957,118.0
106,138,0,99.81798,117.0
106,139,3,96.01412,116.0
106,140,5,111.351234,115.0
106,141,3,110.20247,114.0
106,142,3,99.04738,113.0
106,143,5,112.08567,112.0
106,144,1,118.348564,111.0
106,145,0,115.601944,110.0
106,146,0,110.63116,109.0
106,147,4,110.784,108.0
106,148,5,111.78823,107.0
107,36,3,104.261375,125.0
107,37,5,118.68141,125.0
107,38,4,123.51119,124.0
107,39,4,121.7972,123.0
107,40,2,130.1522,122.0
107,41,3,126.21098,121.0
107,42,4,128.15034,120.0
107,43,2,128.73236,119.0
107,44,4,124.295006,118.0
107,45,2,104.99534,117.0
107,46,2,102.53858,116.0
107,47,5,106.9103,115.0
107,48,3,114.97253,114.0
107,49,4,115.577065,113.0
107,50,0,98.41519,112.0
107,51,5,119.98879,111.0
107,52,0,113.37211,110.0
107,53,0,106.85342,109.0
107,54,4,116.41461,108.0
107,55,4,116.5455,107.0
107,56,0,115.24541,106.0
107,57,4,107.752174,105.0
107,58,2,90.763405,104.0
107,59,0,97.43934,103.0
107,60,5,98.738785,102.0
107,61,2,97.29261,101.0
107,62,3,99.64265,100.0
107,63,5,99.998405,99.0
107,64,5,97.24435,98.0
107,65,5,98.30927,97.0
107,66,3,114.81165,96.0
107,67,4,116.40711,95.0
107,68,4,118.89135,94.0
107,69,0,122.340904,93.0
107,70,5,122.33161,92.0
107,71,3,116.8444,91.0
107,72,0,113.73669,90.0
107,73,2,118.000694,89.0
107,74,3,125.79919,88.0
107,75,5,117.92346,87.0
107,76,1,121.618935,86.0
107,77,5,120.19448,85.0
107,78,5,116.96342,84.0
107,79,1,117.398865,83.0
107,80,2,124.21841,82.0
107,81,1,119.470665,81.0
107,82,3,113.5315,80.0
107,83,2,121.515816,79.0
107,84,3,106.07409,78.0
107,85,5,124.79992,77.0
107,86,0,116.777145,76.0
107,87,0,115.28858,75.0
107,88,2,121.326775,74.0
107,89,5,120.773476,73.0
107,90,1,123.03815,72.0
107,91,3,124.7317,71.0
107,92,4,125.60335,70.0
107,93,1,122.36425,69.0
107,94,0,126.248856,68.0
107,95,2,116.50324,67.0
107,96,2,116.10424,66.0
107,97,4,100.743614,65.0
107,98,4,110.4454,64.0
107,99,3,110.57377,63.0
107,100,0,106.71181,62.0
107,101,5,111.01142,61.0
107,102,4,115.585915,60.0
107,103,0,111.548744,59.0
107,104,3,123.539116,58.0
107,105,3,121.52613,57.0
107,106,2,114.473976,56.0
107,107,5,105.5103,55.0
107,108,5,73.970055,54.0
107,109,2,70.612144,53.0
107,110,0,72.37963,52.0
107,111,2,81.15867,51.0
107,112,0,85.448074,50.0
107,113,0,69.32322,49.0
107,114,1,93.03238,48.0
107,115,4,99.381966,47.0
107,116,3,86.897804,46.0
107,117,5,92.346054,45.0
107,118,3,74.22035,44.0
107,119,0,92.71756,43.0
107,120,0,105.9406,42.0
107,121,2,113.94129,41.0
108,36,3,121.70304,125.0
108,37,4,126.41061,125.0
108,38,1,125.73182,125.0
108,39,3,117.02502,125.0
108,40,4,119.84258,125.0
108,41,5,118.671364,125.0
108,42,0,123.22434,125.0
108,43,0,119.15269,125.0
108,44,3,116.66515,125.0
108,45,0,121.47095,125.0
108,46,1,113.707756,125.0
108,47,1,107.43398,125.0
108,48,1,101.73913,125.0
108,49,0,106.642815,125.0
108,50,5,128.05284,125.0
108,51,0,118.10645,125.0
108,52,2,118.68333,125.0
108,53,0,112.99229,125.0
108,54,5,119.18583,125.0
108,55,3,121.50709,125.0
108,56,5,113.85476,125.0
108,57,3,115.97773,125.0
108,58,5,107.76945,125.0
108,59,2,120.4871,125.0
108,60,5,126.13901,125.0
108,61,0,121.26295,125.0
108,62,1,121.654854,125.0
108,63,0,121.73936,125.0
108,64,1,122.32334,125.0
108,65,2,123.508644,125.0
108,66,4,129.65318,125.0
108,67,3,123.27335,125.0
108,68,0,124.88441,125.0
108,69,2,123.99068,125.0
108,70,2,125.84455,125.0
108,71,5,125.07328,125.0
108,72,5,121.78495,125.0
108,73,0,110.55619,125.0
108,74,5,114.906456,125.0
108,75,1,119.30387,125.0
108,76,3,122.88163,125.0
108,77,5,121.90105,125.0
108,78,0,123.35863,125.0
108,79,2,123.642555,125.0
108,80,0,121.03722,125.0
108,81,5,114.98336,125.0
108,82,4,124.19712,125.0
108,83,0,123.49499,125.0
108,84,3,121.178185,125.0
108,85,3,129.49094,125.0
108,86,5,126.57111,125.0
108,87,4,128.88477,125.0
108,88,5,125.30331,125.0
108,89,4,131.31494,125.0
108,90,5,125.35481,125.0
108,91,5,124.18461,125.0
108,92,5,113.88131,125.0
108,93,4,113.25553,125.0
108,94,5,97.03276,125.0
108,95,0,118.2988,125.0
108,96,1,115.7268,125.0
108,97,5,111.000565,125.0
108,98,1,114.90864,125.0
108,99,3,106.900475,125.0
108,100,4,112.33929,125.0
108,101,0,114.95641,125.0
108,102,1,114.33608,125.0
108,103,0,104.605385,125.0
108,104,2,106.41752,125.0
108,105,3,109.537636,125.0
108,106,1,120.61404,125.0
108,107,5,120.07015,125.0
108,108,1,114.98626,125.0
108,109,1,95.11051,125.0
108,110,0,96.13297,125.0
108,111,3,103.67812,125.0
108,112,1,103.66628,125.0
108,113,2,102.07935,125.0
108,114,5,108.97469,125.0
108,115,5,112.7058,125.0
108,116,5,110.51407,125.0
108,117,5,109.524284,125.0
108,118,2,120.0111,125.0
108,119,5,122.05416,125.0
108,120,3,125.38299,125.0
108,121,5,114.10395,125.0
108,122,4,105.76037,125.0
108,123,3,114.51703,125.0
108,124,2,112.73603,125.0
108,125,4,105.2259,125.0
108,126,5,116.42724,125.0
108,127,1,120.66585,125.0
108,128,4,123.77628,125.0
108,129,2,114.78574,125.0
108,130,1,116.68222,125.0
108,131,1,117.30179,125.0
108,132,0,117.56196,125.0
108,133,5,118.007805,125.0
108,134,0,113.79337,125.0
108,135,2,118.80108,125.0
108,136,2,118.46243,125.0
108,137,5,119.146355,125.0
108,138,0,117.29614,125.0
108,139,1,107.26359,125.0
108,140,0,105.91509,125.0
108,141,5,112.62229,125.0
108,142,3,108.94252,125.0
108,143,2,113.92655,125.0
108,144,2,111.660576,125.0
108,145,0,118.6162,125.0
109,36,3,129.82085,125.0
109,37,0,128.46736,125.0
109,38,5,118.44778,125.0
109,39,2,122.63984,125.0
109,40,5,122.92652,125.0
109,41,4,119.2974,125.0
109,42,5,124.44344,125.0
109,43,1,131.6225,125.0
109,44,0,127.098335,125.0
109,45,3,121.74876,125.0
109,46,2,126.45124,125.0
109,47,2,127.83906,125.0
109,48,3,130.81801,125.0
109,49,5,130.25937,125.0
109,50,5,128.33002,125.0
109,51,1,124.62994,125.0
109,52,5,123.23495,125.0
109,53,4,125.00004,125.0
109,54,5,121.680916,125.0
109,55,5,125.87912,125.0
109,56,5,129.33987,125.0
109,57,0,122.30324,125.0
109,58,4,127.664055,125.0
109,59,3,123.64993,125.0
109,60,5,125.74912,125.0
109,61,5,116.52607,125.0
109,62,5,114.8594,125.0
109,63,4,116.23756,125.0
109,64,2,123.37444,125.0
109,65,0,115.91493,125.0
109,66,5,116.24127,125.0
110,36,3,115.82761,125.0
110,37,5,108.88216,125.0
110,38,1,104.7881,125.0
110,39,2,107.8253,125.0
110,40,2,112.103935,125.0
110,41,1,109.91698,125.0
110,42,3,106.571754,125.0
110,43,4,116.04351,125.0
110,44,5,122.27639,125.0
110,45,4,121.447365,125.0
110,46,5,116.50464,125.0
110,47,1,122.3126,125.0
110,48,4,128.53581,125.0
110,49,0,127.46643,125.0
110,50,2,120.99706,125.0
110,51,3,119.50193,125.0
110,52,4,120.77214,125.0
110,53,3,123.119514,125.0
110,54,5,128.70436,125.0
110,55,2,129.20984,125.0
110,56,0,131.22075,125.0
110,57,2,126.56505,125.0
110,58,4,123.965416,125.0
110,59,3,113.809364,125.0
110,60,5,125.012764,125.0
110,61,1,123.91662,125.0
110,62,0,114.99442,125.0
110,63,4,117.94144,125.0
110,64,0,109.393005,125.0
110,65,4,108.02296,125.0
110,66,0,122.33097,125.0
110,67,2,110.062126,125.0
110,68,2,102.802284,125.0
110,69,5,112.44816,125.0
110,70,3,117.86595,125.0
110,71,4,121.5145,125.0
110,72,5,120.18502,125.0
110,73,3,121.28274,125.0
110,74,5,128.07613,125.0
110,75,3,126.07513,125.0
110,76,3,125.97316,125.0
110,77,0,120.35361,125.0
110,78,0,118.597206,125.0
110,79,3,128.50839,125.0
110,80,5,121.71137,125.0
110,81,5,122.72562,125.0
110,82,5,111.573296,125.0
110,83,5,114.41799,125.0
110,84,5,110.02158,125.0
110,85,5,73.66813,125.0
110,86,5,69.88906,125.0
110,87,4,107.88578,125.0
110,88,0,118.78201,125.0
110,89,2,119.55359,125.0
110,90,4,120.429474,125.0
110,91,3,119.45021,125.0
110,92,2,126.5944,125.0
110,93,2,108.47104,125.0
110,94,1,123.42882,125.0
110,95,4,128.9078,125.0
110,96,0,132.25656,125.0
110,97,1,122.505455,125.0
110,98,0,127.045525,125.0
110,99,5,127.73676,125.0
110,100,1,115.04006,125.0
110,101,0,108.215034,125.0
110,102,2,107.95866,125.0
110,103,0,100.428345,125.0
110,104,2,108.62229,125.0
110,105,3,108.45126,125.0
110,106,2,106.91912,125.0
110,107,5,123.42591,125.0
110,108,5,123.81423,125.0
110,109,1,116.97433,125.0
110,110,3,120.745636,125.0
110,111,2,128.5027,125.0
110,112,4,119.847176,125.0
110,113,4,117.803474,125.0
110,114,0,113.24357,125.0
110,115,2,121.488014,125.0
110,116,1,122.47227,125.0
110,117,5,127.559204,125.0
110,118,5,132.85925,125.0
110,119,4,133.76852,125.0
110,120,0,127.137184,125.0
110,121,5,126.30656,125.0
110,122,5,127.09487,125.0
110,123,0,125.02925,125.0
110,124,2,116.48031,125.0
110,125,0,116.04721,125.0
110,126,3,118.84416,125.0
110,127,0,118.12876,125.0
110,128,5,119.16703,125.0
110,129,1,125.94576,125.0
110,130,2,124.11543,125.0
110,131,1,130.67154,125.0
110,132,4,128.37357,125.0
110,133,3,119.341774,125.0
110,134,5,115.580986,125.0
110,135,0,121.82488,125.0
110,136,5,127.54154,125.0
110,137,3,129.59662,125.0
110,138,2,122.94572,125.0
110,139,0,121.41482,125.0
110,140,2,125.069405,125.0
110,141,4,118.56631,125.0
110,142,3,129.32484,125.0
110,143,0,127.76412,125.0
110,144,3,133.04642,125.0
110,145,2,129.54355,125.0
110,146,5,132.38774,125.0
110,147,0,124.79871,125.0
110,148,1,131.75104,125.0
110,149,5,132.42409,125.0
110,150,4,133.96576,125.0
110,151,5,133.71326,125.0
110,152,3,126.01652,125.0
110,153,5,129.21133,125.0
110,154,2,128.78601,125.0
110,155,5,118.478584,125.0
110,156,5,117.35679,125.0
110,157,4,118.61681,125.0
110,158,1,124.383354,125.0
110,159,5,124.835556,125.0
110,160,0,122.5808,125.0
110,161,2,126.83862,125.0
110,162,1,129.90619,125.0
110,163,4,123.12336,125.0
110,164,5,127.159874,125.0
110,165,5,125.48325,125.0
110,166,3,123.01432,125.0
110,167,3,129.89336,125.0
110,168,1,121.02659,125.0
110,169,3,127.39568,125.0
110,170,2,124.59316,125.0
110,171,1,116.07926,125.0
110,172,5,122.301094,125.0
110,173,5,129.635,125.0
110,174,2,110.06574,125.0
110,175,2,104.447914,125.0
110,176,2,116.55845,125.0
110,177,1,113.26426,125.0
110,178,0,108.33268,125.0
110,179,5,110.91154,125.0
110,180,1,123.354645,125.0
110,181,1,111.691505,125.0
110,182,1,106.93525,125.0
110,183,1,113.58351,125.0
110,184,1,99.950226,125.0
110,185,1,95.87879,125.0
110,186,2,89.04858,125.0
110,187,5,113.33415,125.0
110,188,1,90.2764,125.0
110,189,0,105.82977,125.0
110,190,5,117.35583,125.0
110,191,4,121.32113,125.0
110,192,2,124.16775,125.0
110,193,2,116.35563,125.0
110,194,5,122.43121,125.0
110,195,1,114.868286,125.0
110,196,3,116.62054,125.0
110,197,1,118.60169,125.0
110,198,4,115.63774,125.0
110,199,0,124.484695,125.0
110,200,0,119.824356,125.0
110,201,3,124.271416,125.0
110,202,5,121.661,125.0
110,203,5,116.03077,125.0
110,204,1,122.02473,125.0
110,205,5,116.949486,125.0
110,206,4,119.49302,125.0
110,207,2,117.771774,125.0
110,208,4,115.82758,125.0
110,209,1,129.43115,125.0
110,210,3,117.85648,125.0
110,211,5,122.02326,125.0
110,212,2,119.23963,125.0
110,213,5,117.54425,125.0
110,214,2,124.2286,125.0
110,215,4,125.1577,125.0
110,216,1,126.2231,125.0
110,217,0,126.34635,125.0
110,218,2,122.77238,125.0
110,219,1,122.2649,125.0
110,220,5,129.18289,125.0
110,221,3,127.59908,125.0
110,222,5,130.12785,125.0
110,223,3,129.64099,125.0
110,224,1,124.77819,125.0
110,225,4,129.30109,125.0
110,226,5,120.91978,125.0
110,227,5,126.75144,125.0
110,228,2,124.74188,125.0
110,229,1,113.74633,125.0
110,230,5,121.48295,125.0
110,231,1,114.42321,125.0
110,232,5,106.058266,125.0
110,233,5,109.84538,125.0
110,234,0,121.606926,125.0
110,235,4,117.446266,125.0
110,236,2,123.55608,125.0
110,237,2,118.00451,125.0
110,238,3,128.4925,125.0
110,239,3,128.80554,125.0
110,240,3,119.25533,125.0
110,241,2,121.333244,125.0
110,242,0,120.19228,125.0
110,243,5,120.263565,125.0
110,244,5,129.45515,125.0
110,245,3,126.133675,125.0
110,246,2,126.47366,125.0
110,247,2,122.08318,125.0
110,248,1,126.37968,125.0
110,249,3,117.01891,125.0
110,250,0,118.405655,125.0
110,251,0,120.06912,125.0
110,252,0,123.07079,125.0
110,253,3,126.123116,125.0
110,254,5,121.68099,125.0
110,255,3,119.75306,125.0
110,256,5,121.48029,125.0
110,257,1,111.90562,125.0
110,258,4,111.7822,125.0
110,259,1,115.26037,125.0
110,260,2,115.05283,125.0
110,261,5,112.38972,125.0
110,262,1,111.27622,125.0
110,263,0,117.08701,125.0
110,264,0,115.594185,125.0
110,265,1,102.08487,125.0
110,266,4,95.44338,125.0
110,267,4,87.97077,125.0
110,268,1,80.951256,125.0
110,269,4,58.55,125.0
110,270,5,97.96899,125.0
110,271,0,72.45319,125.0
110,272,1,68.871216,125.0
110,273,0,81.03655,125.0
110,274,2,95.794304,125.0
110,275,5,108.18235,125.0
110,276,5,104.93142,125.0
110,277,4,102.77866,125.0
110,278,0,115.68932,125.0
110,279,3,127.16895,125.0
110,280,4,121.716515,125.0
110,281,5,122.64274,125.0
110,282,2,117.92974,125.0
110,283,0,114.37516,124.0
110,284,1,116.643036,123.0
110,285,0,108.43107,122.0
110,286,4,120.24486,121.0
110,287,4,120.60585,120.0
110,288,5,105.03144,119.0
110,289,1,115.81262,118.0
110,290,2,113.82935,117.0
110,291,3,113.05338,116.0
110,292,1,109.62772,115.0
110,293,4,108.41201,114.0
110,294,3,105.37886,113.0
110,295,5,110.83208,112.0
110,296,2,123.48936,111.0
110,297,4,113.560036,110.0
110,298,0,117.72258,109.0
110,299,3,117.07946,108.0
110,300,0,123.145744,107.0
110,301,5,123.1065,106.0
110,302,3,112.62292,105.0
110,303,4,110.04603,104.0
110,304,4,91.44218,103.0
110,305,0,99.01151,102.0
110,306,5,94.34323,101.0
110,307,2,101.274025,100.0
110,308,2,97.249794,99.0
110,309,1,94.79459,98.0
110,310,0,93.92635,97.0
110,311,3,98.100105,96.0
110,312,3,100.54114,95.0
110,313,0,103.25521,94.0
110,314,4,98.72872,93.0
110,315,5,97.39323,92.0
110,316,1,97.15606,91.0
110,317,4,100.124794,90.0
110,318,2,96.75707,89.0
110,319,2,107.59148,88.0
110,320,0,117.58242,87.0
110,321,5,97.4659,86.0
110,322,5,95.01939,85.0
110,323,3,112.39695,84.0
110,324,5,102.74628,83.0
110,325,3,107.28109,82.0
110,326,1,91.40719,81.0
110,327,3,86.121254,80.0
110,328,5,80.026375,79.0
110,329,5,80.139885,78.0
110,330,5,75.25704,77.0
110,331,5,56.294792,76.0
110,332,5,54.085564,75.0
110,333,2,65.185844,74.0
110,334,1,69.18904,73.0
110,335,5,61.586575,72.0
110,336,0,64.35743,71.0
110,337,3,75.30978,70.0
110,338,4,57.706467,69.0
110,339,1,54.380272,68.0
110,340,0,46.228447,67.0
110,341,5,53.290314,66.0
110,342,5,52.442398,65.0
110,343,2,59.535572,64.0
110,344,4,57.546585,63.0
110,345,4,47.50158,62.0
110,346,5,52.16611,61.0
110,347,1,53.02229,60.0
110,348,1,31.559282,59.0
111,36,5,122.09518,125.0
111,37,4,130.96506,125.0
111,38,1,123.417564,125.0
111,39,1,127.16206,125.0
111,40,3,123.816154,125.0
111,41,0,125.482796,125.0
111,42,4,122.913536,125.0
111,43,1,116.94084,125.0
111,44,4,112.38862,125.0
111,45,5,122.26666,125.0
111,46,4,119.55722,125.0
111,47,5,123.08028,125.0
111,48,3,122.5886,125.0
111,49,2,124.50046,125.0
111,50,1,125.63867,125.0
111,51,5,119.90815,125.0
111,52,5,120.18302,125.0
111,53,4,119.03175,125.0
111,54,1,111.862175,125.0
111,55,0,123.26425,125.0
111,56,4,120.03497,125.0
111,57,5,128.88702,125.0
111,58,2,120.0241,125.0
111,59,2,120.81797,125.0
111,60,5,116.845146,125.0
111,61,0,119.236885,125.0
111,62,3,120.677864,125.0
111,63,1,124.82067,125.0
111,64,0,128.56749,125.0
111,65,1,120.99662,125.0
111,66,5,130.5079,125.0
111,67,0,126.12889,125.0
111,68,4,131.49475,125.0
111,69,0,132.32057,125.0
111,70,2,130.48865,125.0
111,71,4,128.88867,125.0
111,72,4,131.35097,125.0
111,73,0,119.001015,125.0
111,74,3,129.16315,125.0
111,75,1,120.468315,125.0
111,76,3,124.672806,125.0
111,77,2,127.0048,125.0
111,78,2,123.342316,125.0
111,79,3,121.9089,125.0
111,80,5,127.48755,125.0
111,81,4,126.29846,125.0
111,82,4,124.77862,125.0
111,83,1,127.497505,125.0
111,84,5,123.618256,125.0
111,85,5,123.41176,125.0
111,86,2,116.353226,125.0
111,87,5,125.310646,125.0
111,88,5,125.961845,125.0
111,89,0,116.59572,125.0
111,90,5,121.91713,125.0
111,91,0,127.63917,125.0
111,92,2,118.72028,125.0
111,93,5,125.33317,125.0
111,94,0,119.83438,125.0
111,95,1,98.12437,125.0
111,96,1,102.5175,125.0
111,97,3,103.41277,125.0
111,98,1,110.80239,125.0
111,99,4,119.85522,125.0
111,100,5,116.79149,125.0
111,101,0,97.68633,125.0
111,102,4,99.27449,125.0
111,103,4,120.05803,125.0
111,104,2,125.762245,125.0
111,105,5,122.47181,125.0
111,106,2,104.88581,125.0
111,107,0,111.3626,125.0
111,108,4,123.07455,125.0
111,109,4,124.55559,125.0
111,110,5,127.42687,125.0
111,111,4,129.07054,125.0
111,112,3,125.01514,125.0
111,113,0,120.61665,125.0
111,114,5,120.88616,125.0
111,115,3,126.07665,125.0
111,116,1,126.818146,125.0
111,117,5,127.26241,125.0
111,118,0,127.87692,125.0
111,119,5,129.30644,125.0
111,120,1,134.22488,125.0
111,121,5,128.2716,125.0
111,122,5,131.28963,125.0
111,123,2,133.41678,125.0
111,124,0,135.71408,125.0
111,125,1,132.86255,125.0
111,126,4,132.50226,125.0
111,127,0,135.07047,125.0
111,128,2,129.58417,125.0
111,129,5,127.63197,125.0
111,130,5,118.5365,125.0
111,131,1,128.83546,125.0
111,132,5,121.552895,125.0
111,133,2,122.159325,125.0
111,134,2,118.87182,125.0
111,135,3,126.909355,125.0
111,136,2,126.49284,125.0
111,137,0,122.52778,125.0
111,138,0,122.99622,125.0
111,139,4,122.65447,125.0
111,140,5,121.830635,125.0
111,141,5,120.50602,125.0
111,142,3,127.057,125.0
111,143,2,129.51538,125.0
111,144,2,113.43415,125.0
111,145,2,117.93888,125.0
111,146,2,110.02207,125.0
111,147,4,90.02737,125.0
111,148,5,79.636604,125.0
111,149,3,94.380196,125.0
111,150,5,102.047585,125.0
111,151,4,105.68368,125.0
111,152,2,91.38145,125.0
111,153,1,109.756386,125.0
111,154,3,124.1679,125.0
111,155,1,115.65937,125.0
111,156,5,125.65565,125.0
111,157,3,117.899574,125.0
111,158,2,121.698685,125.0
111,159,5,124.20342,125.0
111,160,4,118.15888,125.0
111,161,1,117.818275,125.0
111,162,0,120.05862,125.0
111,163,3,120.81608,125.0
111,164,1,126.664536,125.0
111,165,5,115.33198,125.0
111,166,0,109.89664,125.0
111,167,2,110.60622,125.0
111,168,1,103.20103,125.0
111,169,1,96.21069,125.0
111,170,5,105.42161,125.0
111,171,5,111.09967,125.0
111,172,4,115.74909,125.0
111,173,1,106.94294,125.0
111,174,1,100.58935,125.0
111,175,1,96.7653,125.0
111,176,5,97.07783,125.0
111,177,1,95.450096,125.0
111,178,4,88.938286,125.0
111,179,2,121.51238,125.0
111,180,2,124.715324,125.0
111,181,5,124.83149,125.0
111,182,3,124.12409,125.0
111,183,1,127.91975,125.0
111,184,5,127.56973,125.0
111,185,3,121.74088,125.0
111,186,1,121.49858,125.0
111,187,1,119.56429,125.0
111,188,4,117.15116,125.0
111,189,1,107.858406,125.0
111,190,5,109.97105,125.0
111,191,4,102.34383,125.0
111,192,4,89.36995,125.0
111,193,5,100.56615,125.0
111,194,0,95.87609,125.0
111,195,2,107.01408,125.0
111,196,0,98.65011,125.0
111,197,3,96.94729,125.0
111,198,1,96.582016,125.0
111,199,2,84.055145,125.0
111,200,4,80.789955,125.0
111,201,5,99.21408,125.0
111,202,5,102.37495,125.0
111,203,0,111.22504,125.0
111,204,0,109.05981,125.0
111,205,1,104.18925,125.0
111,206,2,107.26937,125.0
111,207,5,96.42667,125.0
111,208,5,85.57907,125.0
111,209,2,94.88859,125.0
111,210,0,117.34267,125.0
111,211,1,116.148796,125.0
111,212,3,119.67016,125.0
111,213,3,118.58085,125.0
111,214,1,110.33024,125.0
111,215,0,121.86076,125.0
111,216,3,118.35564,125.0
111,217,1,118.497536,125.0
111,218,3,121.05763,125.0
111,219,1,123.098816,125.0
111,220,5,118.78301,125.0
111,221,4,107.69175,125.0
111,222,5,116.82748,125.0
111,223,2,96.809715,125.0
111,224,5,87.670235,125.0
111,225,5,99.77248,125.0
111,226,4,95.75485,125.0
111,227,4,75.91522,125.0
111,228,5,64.61124,125.0
111,229,0,64.46734,125.0
111,230,4,61.36821,125.0
111,231,1,51.58064,125.0
111,232,3,63.043976,125.0
111,233,0,77.07581,125.0
111,234,5,96.58625,125.0
111,235,5,109.977394,125.0
111,236,4,106.69397,124.0
111,237,1,97.00112,123.0
111,238,5,98.52874,122.0
111,239,4,99.03197,121.0
111,240,5,116.84259,120.0
111,241,2,117.141914,119.0
111,242,5,116.293365,118.0
111,243,3,112.54508,117.0
111,244,3,122.680855,116.0
111,245,2,114.75738,115.0
111,246,5,118.04798,114.0
111,247,5,108.63508,113.0
111,248,0,109.11056,112.0
111,249,5,112.38154,111.0
111,250,0,120.63978,110.0
111,251,1,116.10936,109.0
111,252,2,120.970856,108.0
111,253,4,116.74883,107.0
111,254,1,113.98296,106.0
111,255,1,94.17315,105.0
111,256,5,111.54815,104.0
111,257,2,95.688354,103.0
111,258,3,100.7611,102.0
111,259,5,104.29123,101.0
111,260,3,108.01156,100.0
111,261,2,108.01564,99.0
111,262,3,99.31107,98.0
111,263,0,101.12858,97.0
111,264,0,114.86077,96.0
111,265,2,101.65323,95.0
111,266,3,96.91306,94.0
111,267,0,86.64626,93.0
111,268,2,68.5344,92.0
111,269,5,75.0077,91.0
111,270,3,74.34998,90.0
111,271,2,84.906906,89.0
111,272,3,79.643135,88.0
111,273,4,70.46273,87.0
111,274,5,66.949646,86.0
111,275,2,57.74683,85.0
111,276,1,50.82319,84.0
111,277,2,48.59427,83.0
111,278,0,41.38566,82.0
111,279,1,55.72515,81.0
111,280,5,51.126328,80.0
111,281,0,60.007015,79.0
111,282,5,64.10737,78.0
111,283,3,60.525383,77.0
111,284,2,61.91712,76.0
111,285,0,56.046574,75.0
111,286,4,61.007572,74.0
111,287,0,61.438797,73.0
111,288,4,54.80063,72.0
111,289,2,54.35144,71.0
111,290,4,56.851463,70.0
111,291,1,49.13689,69.0
111,292,1,37.605797,68.0
111,293,4,25.566793,67.0
111,294,2,33.524662,66.0
111,295,5,38.543747,65.0
111,296,2,43.533043,64.0
111,297,1,34.522255,63.0
111,298,4,32.3032,62.0
111,299,4,21.508013,61.0
111,300,3,39.828247,60.0
111,301,1,41.248695,59.0
111,302,3,34.460434,58.0
111,303,2,42.48477,57.0
111,304,5,37.674713,56.0
111,305,0,37.089806,55.0
111,306,4,31.400541,54.0
111,307,1,29.223135,53.0
111,308,1,27.160566,52.0
111,309,3,29.962034,51.0
111,310,3,33.75517,50.0
111,311,1,25.790644,49.0
111,312,5,32.77587,48.0
111,313,5,26.854446,47.0
111,314,4,25.354378,46.0
111,315,5,28.096247,45.0
111,316,1,31.438675,44.0
111,317,3,36.418804,43.0
111,318,5,29.615002,42.0
111,319,5,33.60999,41.0
111,320,5,30.575281,40.0
111,321,3,31.199625,39.0
111,322,4,31.65403,38.0
111,323,0,31.99618,37.0
111,324,2,31.558765,36.0
111,325,3,35.208664,35.0
111,326,5,30.536749,34.0
111,327,3,31.250143,33.0
111,328,4,23.024004,32.0
111,329,5,23.751778,31.0
111,330,5,22.767584,30.0
111,331,4,19.392159,29.0
111,332,4,14.361322,28.0
111,333,4,13.353227,27.0
111,334,5,12.217027,26.0
111,335,4,13.475261,25.0
111,336,2,13.698179,24.0
111,337,3,12.110501,23.0
111,338,1,12.298115,22.0
111,339,5,13.080919,21.0
111,340,2,9.727829,20.0
111,341,4,12.479681,19.0
111,342,3,12.315094,18.0
112,36,5,121.56739,118.0
112,37,4,122.028366,117.0
112,38,0,118.16843,116.0
112,39,5,118.347374,115.0
112,40,5,119.43253,114.0
112,41,3,121.5671,113.0
112,42,3,128.06435,112.0
112,43,2,122.61143,111.0
112,44,2,119.19161,110.0
112,45,5,119.062096,109.0
112,46,3,112.75269,108.0
112,47,0,119.95667,107.0
112,48,2,125.33787,106.0
112,49,0,112.54493,105.0
112,50,0,112.061226,104.0
112,51,0,112.01118,103.0
112,52,2,113.38198,102.0
112,53,5,109.6645,101.0
112,54,5,116.41484,100.0
112,55,5,118.30332,99.0
112,56,5,115.03059,98.0
112,57,2,106.01063,97.0
112,58,5,118.28502,96.0
112,59,5,98.1972,95.0
112,60,4,122.34333,94.0
112,61,4,122.08234,93.0
112,62,4,121.78662,92.0
112,63,3,113.303955,91.0
112,64,0,120.33787,90.0
112,65,5,128.7407,89.0
112,66,4,121.304016,88.0
112,67,5,114.06498,87.0
112,68,0,121.4491,86.0
112,69,5,116.59283,85.0
112,70,5,117.923546,84.0
112,71,5,110.33935,83.0
112,72,3,111.77458,82.0
112,73,5,106.23411,81.0
112,74,4,105.90126,80.0
112,75,5,95.38801,79.0
112,76,0,89.25376,78.0
112,77,1,83.8919,77.0
112,78,2,88.95808,76.0
112,79,5,102.5546,75.0
112,80,1,112.1796,74.0
112,81,3,109.62455,73.0
112,82,3,112.46473,72.0
112,83,3,115.75345,71.0
112,84,0,121.40615,70.0
112,85,0,111.56611,69.0
112,86,2,118.47671,68.0
112,87,3,112.92103,67.0
112,88,1,100.96375,66.0
113,36,2,121.50066,109.0
113,37,3,118.03318,108.0
113,38,5,117.99692,107.0
113,39,2,122.230095,106.0
113,40,2,125.43756,105.0
113,41,0,126.48789,104.0
113,42,4,117.23261,103.0
113,43,4,124.367485,102.0
113,44,1,117.332436,101.0
113,45,3,124.51678,100.0
113,46,4,121.50695,99.0
113,47,2,113.3027,98.0
113,48,4,120.274086,97.0
113,49,1,122.45846,96.0
113,50,5,117.21157,95.0
113,51,5,121.35029,94.0
113,52,5,123.81338,93.0
113,53,1,120.98022,92.0
113,54,5,122.28447,91.0
113,55,0,122.28956,90.0
113,56,2,130.77411,89.0
113,57,5,128.98505,88.0
113,58,2,119.47393,87.0
113,59,0,116.921165,86.0
113,60,0,110.63973,85.0
113,61,2,113.400764,84.0
113,62,1,124.74236,83.0
113,63,1,123.50149,82.0
113,64,4,122.14246,81.0
113,65,4,124.977036,80.0
113,66,4,118.246086,79.0
113,67,4,121.99462,78.0
113,68,1,124.7128,77.0
113,69,2,124.25653,76.0
113,70,5,124.77163,75.0
113,71,4,124.19613,74.0
113,72,5,122.60327,73.0
113,73,0,120.82728,72.0
113,74,5,125.37379,71.0
113,75,4,125.55451,70.0
113,76,2,122.43555,69.0
113,77,1,109.58247,68.0
113,78,3,116.78013,67.0
113,79,5,113.62965,66.0
113,80,0,120.59298,65.0
113,81,2,116.59754,64.0
113,82,1,123.38496,63.0
113,83,3,110.65527,62.0
113,84,5,92.31604,61.0
113,85,0,91.324,60.0
113,86,4,100.50516,59.0
113,87,5,105.38091,58.0
113,88,4,97.52164,57.0
113,89,1,82.94066,56.0
113,90,0,85.5281,55.0
113,91,1,93.42895,54.0
113,92,2,105.94106,53.0
113,93,5,93.51136,52.0
113,94,5,102.65737,51.0
113,95,0,93.87629,50.0
113,96,0,96.26619,49.0
113,97,4,107.4733,48.0
113,98,4,100.88714,47.0
113,99,5,107.417145,46.0
113,100,1,118.126915,45.0
113,101,0,121.62192,44.0
113,102,0,102.37298,43.0
113,103,2,116.71462,42.0
113,104,5,113.28426,41.0
113,105,3,111.35734,40.0
113,106,4,110.588524,39.0
113,107,2,106.355446,38.0
113,108,5,113.70556,37.0
113,109,0,113.097374,36.0
113,110,5,100.84843,35.0
113,111,3,98.24741,34.0
113,112,0,102.09614,33.0
113,113,4,108.07459,32.0
113,114,0,84.697075,31.0
113,115,0,78.76521,30.0
113,116,3,59.650368,29.0
113,117,5,62.0042,28.0
113,118,0,58.591423,27.0
113,119,2,54.19895,26.0
113,120,3,65.51178,25.0
113,121,4,27.77929,24.0
113,122,1,37.890663,23.0
113,123,1,34.03794,22.0
113,124,3,41.2895,21.0
113,125,0,23.943653,20.0
113,126,4,17.83298,19.0
113,127,4,11.536671,18.0
113,128,3,13.0783825,17.0
113,129,5,11.399914,16.0
113,130,3,19.610424,15.0
113,131,5,13.99689,14.0
113,132,1,14.763469,13.0
114,36,4,126.814255,125.0
114,37,5,119.316475,125.0
114,38,1,121.85582,125.0
114,39,3,127.6375,125.0
114,40,4,122.63785,125.0
114,41,1,121.12548,125.0
114,42,2,114.44716,125.0
114,43,2,112.86579,125.0
114,44,5,108.81269,125.0
114,45,0,116.12914,125.0
114,46,0,117.27455,125.0
114,47,2,122.691154,125.0
114,48,4,120.56611,125.0
114,49,1,124.11566,125.0
114,50,1,121.90298,125.0
114,51,5,125.30667,125.0
114,52,5,126.28142,125.0
114,53,5,128.07928,125.0
114,54,2,129.44498,125.0
114,55,5,129.18246,125.0
114,56,0,130.58405,125.0
114,57,2,128.53944,125.0
114,58,0,120.556564,125.0
114,59,0,129.23221,125.0
114,60,1,120.87682,125.0
114,61,2,119.713234,125.0
114,62,0,113.24394,125.0
114,63,2,104.85934,125.0
114,64,3,114.608086,125.0
114,65,4,122.590614,125.0
114,66,5,116.83727,125.0
114,67,5,122.01553,125.0
114,68,0,116.23551,125.0
114,69,1,121.664825,125.0
114,70,4,122.62731,125.0
114,71,0,123.200386,125.0
114,72,2,128.04721,125.0
114,73,5,124.50731,125.0
114,74,0,130.3691,125.0
114,75,5,129.01933,125.0
114,76,0,119.68078,125.0
114,77,0,120.21441,125.0
114,78,5,123.039604,125.0
114,79,1,123.8445,125.0
114,80,2,124.596275,125.0
114,81,3,120.63341,125.0
114,82,5,123.17858,125.0
114,83,2,129.93185,125.0
114,84,3,115.75898,125.0
114,85,4,121.46468,125.0
114,86,5,121.74409,125.0
114,87,2,123.95394,125.0
114,88,3,117.70938,125.0
114,89,5,114.43775,125.0
114,90,4,125.32844,125.0
114,91,0,122.16918,125.0
114,92,5,116.795975,125.0
114,93,0,118.96554,125.0
114,94,5,118.57647,125.0
114,95,0,118.57968,125.0
114,96,4,122.82563,125.0
114,97,3,123.089355,125.0
114,98,5,123.24556,125.0
114,99,5,123.5971,125.0
114,100,3,117.04023,125.0
114,101,4,115.36071,125.0
114,102,2,118.72323,125.0
114,103,0,120.269615,125.0
114,104,5,123.87577,125.0
114,105,3,119.00271,125.0
114,106,1,122.88799,125.0
114,107,2,124.129295,125.0
114,108,4,126.77823,124.0
114,109,0,126.0309,123.0
114,110,4,123.476814,122.0
114,111,1,127.39883,121.0
114,112,5,125.80702,120.0
114,113,2,123.78684,119.0
114,114,5,121.03746,118.0
114,115,1,107.51764,117.0
114,116,2,104.25576,116.0
114,117,2,107.113594,115.0
114,118,5,106.14884,114.0
114,119,3,109.50052,113.0
114,120,3,116.23756,112.0
114,121,4,121.687706,111.0
114,122,5,120.27852,110.0
114,123,0,113.65743,109.0
114,124,4,105.94565,108.0
114,125,0,120.590904,107.0
114,126,5,112.90385,106.0
114,127,1,117.31775,105.0
114,128,4,104.916725,104.0
114,129,4,98.76933,103.0
114,130,2,99.8269,102.0
114,131,5,97.12597,101.0
114,132,3,95.64323,100.0
114,133,1,88.72166,99.0
114,134,5,104.20771,98.0
114,135,5,99.61672,97.0
114,136,3,103.37872,96.0
114,137,1,94.63183,95.0
114,138,4,101.37531,94.0
114,139,5,102.00552,93.0
114,140,2,118.50166,92.0
114,141,1,99.82111,91.0
114,142,2,107.74145,90.0
114,143,0,105.126175,89.0
114,144,1,117.76127,88.0
114,145,3,113.59072,87.0
114,146,4,102.160255,86.0
114,147,3,104.17513,85.0
114,148,0,112.121,84.0
114,149,0,112.90756,83.0
114,150,5,119.06145,82.0
114,151,2,105.588295,81.0
114,152,0,107.50541,80.0
114,153,5,103.12388,79.0
114,154,4,107.46292,78.0
114,155,3,107.141075,77.0
114,156,4,107.90873,76.0
114,157,5,110.7602,75.0
114,158,2,113.94695,74.0
114,159,3,92.18371,73.0
114,160,0,103.47384,72.0
114,161,5,113.41311,71.0
114,162,0,115.02974,70.0
114,163,5,97.24413,69.0
114,164,5,79.77311,68.0
114,165,1,77.71195,67.0
114,166,4,76.832855,66.0
114,167,0,72.936905,65.0
114,168,0,69.19911,64.0
114,169,1,65.46692,63.0
114,170,2,60.369583,62.0
114,171,1,55.347183,61.0
114,172,2,49.358627,60.0
114,173,3,51.62498,59.0
114,174,0,38.5105,58.0
114,175,5,51.952236,57.0
114,176,5,53.286537,56.0
114,177,2,52.99697,55.0
114,178,0,51.979076,54.0
114,179,5,44.354877,53.0
114,180,2,33.29415,52.0
114,181,4,42.627747,51.0
114,182,2,22.314081,50.0
114,183,5,45.08678,49.0
114,184,2,46.202682,48.0
114,185,2,36.2273,47.0
114,186,5,47.018715,46.0
114,187,1,43.95623,45.0
114,188,5,48.653275,44.0
114,189,1,46.166405,43.0
114,190,1,36.588547,42.0
114,191,5,39.468414,41.0
114,192,5,32.584103,40.0
114,193,5,34.20027,39.0
114,194,2,40.28424,38.0
114,195,3,29.873302,37.0
114,196,3,28.859617,36.0
114,197,1,22.572868,35.0
114,198,2,29.49668,34.0
114,199,1,24.523596,33.0
114,200,1,26.57953,32.0
114,201,2,25.857502,31.0
114,202,5,23.202099,30.0
114,203,4,17.121765,29.0
114,204,3,14.003905,28.0
114,205,3,21.575064,27.0
114,206,3,22.200289,26.0
114,207,4,16.77487,25.0
114,208,5,14.128078,24.0
114,209,0,11.892511,23.0
114,210,2,17.347471,22.0
114,211,1,14.071038,21.0
114,212,1,14.704901,20.0
114,213,5,14.401781,19.0
114,214,0,14.08531,18.0
114,215,5,15.172129,17.0
114,216,4,15.402737,16.0
114,217,1,12.389239,15.0
114,218,4,13.358854,14.0
115,36,3,123.79003,125.0
115,37,2,123.9679,125.0
115,38,4,126.53054,125.0
115,39,5,125.94325,125.0
115,40,1,121.98368,125.0
115,41,4,123.052055,125.0
115,42,4,122.66503,125.0
115,43,0,115.747314,125.0
115,44,3,120.3473,125.0
115,45,5,117.08745,125.0
115,46,3,122.582924,125.0
115,47,3,120.80707,125.0
115,48,1,121.39657,125.0
115,49,1,121.07282,125.0
115,50,2,124.639,125.0
115,51,2,125.905556,125.0
115,52,0,134.17543,125.0
115,53,0,128.33331,125.0
115,54,0,126.67548,125.0
115,55,3,127.93055,125.0
115,56,1,127.604805,125.0
115,57,0,126.78728,125.0
115,58,2,123.94895,125.0
115,59,0,120.5864,125.0
115,60,0,115.39232,125.0
115,61,3,125.36944,125.0
115,62,5,120.84027,125.0
115,63,2,118.89236,125.0
115,64,5,125.78908,125.0
115,65,3,112.95973,125.0
115,66,2,103.63941,125.0
115,67,1,104.38421,125.0
115,68,2,108.547554,125.0
115,69,4,113.9358,125.0
115,70,0,117.638664,125.0
115,71,5,112.680145,125.0
115,72,4,124.40943,125.0
115,73,3,124.88948,125.0
115,74,5,123.31519,125.0
115,75,2,113.86654,125.0
115,76,1,118.48629,125.0
115,77,4,122.56805,125.0
115,78,2,116.60736,125.0
115,79,5,116.29301,125.0
115,80,3,112.90859,125.0
115,81,5,113.93016,125.0
115,82,4,114.305214,125.0
116,36,3,127.15337,125.0
116,37,5,130.13223,125.0
116,38,1,124.2602,125.0
116,39,0,125.11894,125.0
116,40,5,126.34286,125.0
116,41,4,122.28262,125.0
116,42,1,118.7345,125.0
116,43,3,121.242714,125.0
116,44,3,115.60392,125.0
116,45,2,119.4184,125.0
116,46,3,116.45905,125.0
116,47,4,112.75442,125.0
116,48,1,124.724915,125.0
116,49,4,123.9233,125.0
116,50,3,122.940025,124.0
116,51,5,121.23546,123.0
116,52,1,117.36692,122.0
116,53,5,118.2748,121.0
116,54,0,117.73336,120.0
116,55,2,115.67434,119.0
116,56,2,123.456955,118.0
116,57,0,118.69985,117.0
116,58,3,126.31919,116.0
116,59,0,119.75408,115.0
116,60,2,123.39416,114.0
116,61,0,119.01781,113.0
116,62,5,125.78764,112.0
116,63,2,123.15925,111.0
116,64,0,106.76645,110.0
116,65,2,102.00762,109.0
116,66,1,114.782585,108.0
116,67,5,124.2209,107.0
116,68,4,116.82404,106.0
116,69,4,122.547775,105.0
116,70,1,128.76534,104.0
116,71,5,128.90941,103.0
116,72,4,123.179794,102.0
116,73,3,125.163,101.0
116,74,4,124.22523,100.0
116,75,5,127.307365,99.0
116,76,0,129.77682,98.0
116,77,5,122.52972,97.0
116,78,1,118.136215,96.0
116,79,2,127.64029,95.0
116,80,0,126.49201,94.0
116,81,2,127.38623,93.0
116,82,2,130.4813,92.0
116,83,3,122.46766,91.0
116,84,0,127.599266,90.0
116,85,3,123.02932,89.0
116,86,4,126.61864,88.0
116,87,3,120.19263,87.0
116,88,2,124.67376,86.0
116,89,5,115.148506,85.0
116,90,5,121.81777,84.0
116,91,0,121.01963,83.0
116,92,2,124.60082,82.0
116,93,2,116.91761,81.0
116,94,4,110.14092,80.0
116,95,2,114.71912,79.0
116,96,0,122.78504,78.0
116,97,1,118.696465,77.0
116,98,4,118.88671,76.0
116,99,5,113.88473,75.0
116,100,5,111.992294,74.0
116,101,2,98.08375,73.0
116,102,5,114.01959,72.0
116,103,0,117.02502,71.0
116,104,4,120.44904,70.0
116,105,5,118.57508,69.0
116,106,5,126.837456,68.0
116,107,4,113.27411,67.0
116,108,5,117.15239,66.0
116,109,2,119.66147,65.0
116,110,2,114.63088,64.0
116,111,2,107.828606,63.0
116,112,0,110.60026,62.0
116,113,3,117.73539,61.0
116,114,0,113.53728,60.0
116,115,4,118.126434,59.0
116,116,0,120.34235,58.0
116,117,3,113.01086,57.0
116,118,5,108.05507,56.0
116,119,4,112.45693,55.0
116,120,0,107.4511,54.0
116,121,4,118.13003,53.0
116,122,5,116.20025,52.0
116,123,2,95.49172,51.0
116,124,0,106.133545,50.0
116,125,3,95.20422,49.0
116,126,5,83.29234,48.0
116,127,4,82.464516,47.0
116,128,3,87.66151,46.0
116,129,5,80.85223,45.0
116,130,1,106.63694,44.0
116,131,5,107.82798,43.0
116,132,0,80.00594,42.0
116,133,3,66.63385,41.0
116,134,5,59.95549,40.0
116,135,4,42.36826,39.0
116,136,3,29.973055,38.0
116,137,0,26.309023,37.0
116,138,3,21.06968,36.0
116,139,4,18.729898,35.0
116,140,2,60.579865,34.0
116,141,5,79.25173,33.0
116,142,2,85.65885,32.0
116,143,5,78.111496,31.0
116,144,4,71.62458,30.0
116,145,5,68.38434,29.0
116,146,5,54.49303,28.0
116,147,2,93.55918,27.0
116,148,5,88.99474,26.0
116,149,3,74.634346,25.0
116,150,1,74.39532,24.0
116,151,5,82.18989,23.0
116,152,0,58.594368,22.0
116,153,0,69.085014,21.0
116,154,0,60.049946,20.0
116,155,5,71.8328,19.0
116,156,2,60.4261,18.0
116,157,3,35.44934,17.0
116,158,0,23.01986,16.0
116,159,2,22.799463,15.0
116,160,2,38.464592,14.0
116,161,0,25.317219,13.0
117,36,2,123.64519,125.0
117,37,2,107.8314,125.0
117,38,2,118.30161,125.0
117,39,2,105.64032,125.0
117,40,5,125.42742,125.0
117,41,2,106.588646,125.0
117,42,1,106.7309,125.0
117,43,4,101.20243,125.0
117,44,5,102.85811,125.0
117,45,5,112.04804,125.0
117,46,3,124.445656,125.0
117,47,3,118.976105,125.0
117,48,3,108.54894,124.0
117,49,0,121.83481,123.0
117,50,5,115.74105,122.0
117,51,3,106.51142,121.0
117,52,0,108.83755,120.0
117,53,0,94.92569,119.0
117,54,3,91.78335,118.0
117,55,2,83.026924,117.0
117,56,1,105.732,116.0
117,57,0,119.13096,115.0
117,58,4,122.78829,114.0
117,59,5,117.61475,113.0
117,60,4,114.518936,112.0
117,61,1,110.96937,111.0
117,62,0,98.71844,110.0
117,63,0,102.95162,109.0
117,64,1,102.48046,108.0
117,65,1,99.70326,107.0
117,66,0,98.19581,106.0
117,67,4,82.28293,105.0
117,68,3,92.69921,104.0
117,69,1,81.95841,103.0
117,70,0,100.995125,102.0
117,71,4,93.90442,101.0
117,72,1,96.79621,100.0
117,73,4,118.43049,99.0
117,74,5,128.93515,98.0
117,75,2,124.127914,97.0
117,76,2,127.4602,96.0
117,77,2,120.28422,95.0
117,78,1,117.09639,94.0
117,79,4,115.89134,93.0
117,80,3,120.29102,92.0
117,81,5,123.341896,91.0
117,82,3,121.807274,90.0
117,83,2,118.33989,89.0
117,84,0,116.840965,88.0
117,85,2,119.27755,87.0
117,86,5,125.42674,86.0
117,87,4,122.46226,85.0
117,88,3,116.47956,84.0
117,89,3,112.55328,83.0
117,90,1,113.75381,82.0
117,91,5,121.801926,81.0
117,92,1,115.63986,80.0
117,93,0,113.44554,79.0
117,94,3,120.68203,78.0
117,95,0,119.38326,77.0
117,96,5,117.35114,76.0
117,97,4,119.80886,75.0
118,36,4,119.660866,125.0
118,37,3,124.29232,125.0
118,38,5,125.25594,125.0
118,39,3,123.57933,125.0
118,40,5,115.519646,125.0
118,41,1,126.45349,125.0
118,42,2,117.28126,125.0
118,43,0,113.20071,125.0
118,44,5,122.419365,125.0
118,45,0,126.91501,125.0
118,46,0,126.16564,125.0
118,47,0,122.8011,125.0
118,48,2,121.301155,125.0
118,49,5,123.18748,125.0
118,50,5,119.723404,125.0
118,51,2,121.63671,125.0
118,52,0,118.00645,125.0
118,53,0,118.47501,125.0
118,54,0,109.292946,125.0
118,55,2,97.56678,125.0
118,56,2,111.534485,125.0
118,57,0,110.34116,125.0
118,58,3,94.1189,125.0
118,59,5,107.292305,125.0
118,60,1,116.378136,125.0
118,61,5,117.62983,125.0
118,62,0,117.56712,124.0
118,63,3,115.32256,123.0
118,64,1,126.321754,122.0
118,65,4,128.73079,121.0
118,66,5,119.529915,120.0
118,67,1,127.099686,119.0
118,68,1,124.43117,118.0
118,69,1,113.16627,117.0
118,70,0,117.615616,116.0
118,71,4,124.19716,115.0
118,72,1,118.27401,114.0
118,73,5,108.55774,113.0
118,74,1,102.32087,112.0
118,75,4,105.26484,111.0
118,76,1,93.53998,110.0
118,77,1,65.37447,109.0
118,78,4,81.144936,108.0
118,79,1,73.90988,107.0
118,80,2,82.51383,106.0
118,81,5,97.30902,105.0
118,82,5,104.168816,104.0
118,83,5,124.48762,103.0
118,84,5,101.808426,102.0
118,85,2,104.565544,101.0
118,86,5,103.787636,100.0
118,87,4,97.50826,99.0
118,88,4,91.398315,98.0
118,89,0,116.47121,97.0
118,90,4,111.8512,96.0
118,91,0,107.87206,95.0
118,92,5,94.603935,94.0
118,93,0,89.092735,93.0
118,94,4,87.11099,92.0
118,95,2,83.558586,91.0
118,96,3,79.08568,90.0
118,97,3,69.436554,89.0
118,98,3,47.263924,88.0
118,99,4,50.227364,87.0
118,100,5,59.062447,86.0
118,101,5,42.776794,85.0
118,102,3,38.619812,84.0
118,103,0,51.273514,83.0
118,104,5,55.907104,82.0
118,105,0,75.099556,81.0
118,106,4,72.673615,80.0
118,107,5,79.138214,79.0
118,108,4,77.58103,78.0
118,109,0,82.00034,77.0
118,110,5,95.83055,76.0
118,111,5,90.240265,75.0
118,112,3,79.7975,74.0
118,113,5,74.1759,73.0
118,114,3,78.26222,72.0
118,115,2,78.38159,71.0
118,116,3,68.67406,70.0
118,117,5,57.579685,69.0
118,118,5,81.88074,68.0
118,119,4,90.74933,67.0
118,120,1,73.47584,66.0
118,121,1,50.95979,65.0
118,122,5,56.180367,64.0
118,123,2,57.10874,63.0
118,124,0,57.25328,62.0
118,125,4,39.254654,61.0
118,126,1,40.015854,60.0
118,127,3,42.090717,59.0
118,128,4,37.222427,58.0
118,129,5,44.508087,57.0
118,130,0,45.0394,56.0
118,131,1,41.08721,55.0
118,132,0,32.145626,54.0
118,133,1,23.9238,53.0
118,134,5,44.982685,52.0
118,135,3,36.745125,51.0
118,136,0,41.450798,50.0
118,137,5,37.097267,49.0
118,138,0,44.101765,48.0
118,139,1,29.747463,47.0
118,140,0,44.373615,46.0
118,141,2,31.032156,45.0
118,142,5,35.484215,44.0
118,143,0,49.25049,43.0
118,144,3,41.59478,42.0
118,145,5,49.24851,41.0
118,146,0,39.062157,40.0
118,147,5,39.87642,39.0
118,148,5,41.62921,38.0
118,149,0,31.490835,37.0
118,150,4,40.91762,36.0
118,151,4,41.401405,35.0
118,152,3,33.49338,34.0
118,153,0,34.272186,33.0
118,154,2,24.031347,32.0
118,155,4,28.866323,31.0
118,156,5,30.670435,30.0
118,157,3,19.333317,29.0
118,158,3,21.819284,28.0
118,159,0,19.239763,27.0
118,160,5,17.82142,26.0
118,161,3,21.044714,25.0
118,162,0,18.225216,24.0
118,163,1,20.269617,23.0
118,164,5,18.26449,22.0
118,165,3,16.934563,21.0
118,166,5,17.252584,20.0
118,167,0,14.514944,19.0
118,168,4,12.422405,18.0
118,169,2,14.699564,17.0
118,170,3,14.203511,16.0
118,171,2,14.916027,15.0
118,172,3,13.919296,14.0
118,173,1,15.219868,13.0
118,174,1,15.074392,12.0
118,175,5,16.198805,11.0
118,176,5,15.497761,10.0
118,177,5,15.78534,9.0
118,178,3,15.263748,8.0
119,36,2,125.29517,125.0
119,37,5,130.36522,125.0
119,38,3,127.67437,125.0
119,39,0,120.48915,125.0
119,40,4,116.86297,125.0
119,41,0,119.76768,125.0
119,42,2,119.92893,125.0
119,43,0,125.16607,125.0
119,44,4,124.833,125.0
119,45,3,132.95786,125.0
119,46,4,124.458916,125.0
119,47,1,127.29921,125.0
119,48,5,125.35143,125.0
119,49,5,119.19424,125.0
119,50,0,126.46932,125.0
119,51,5,122.50417,125.0
119,52,5,128.01643,125.0
119,53,2,129.92744,125.0
119,54,2,124.42524,125.0
119,55,4,127.4219,125.0
119,56,3,124.23629,125.0
119,57,0,119.816124,125.0
119,58,2,123.47724,125.0
119,59,5,122.28803,125.0
119,60,5,119.33511,125.0
119,61,0,115.59332,125.0
119,62,3,118.08418,125.0
119,63,2,123.90567,125.0
119,64,4,123.93418,125.0
119,65,3,125.235374,125.0
119,66,3,120.87578,125.0
119,67,1,123.23939,125.0
119,68,3,122.38201,125.0
119,69,5,118.10052,125.0
119,70,1,120.5855,125.0
119,71,3,122.65626,125.0
119,72,4,122.14428,125.0
119,73,4,120.71273,125.0
119,74,3,128.41818,125.0
119,75,5,126.65687,125.0
119,76,2,126.11181,125.0
119,77,2,125.97691,125.0
119,78,5,127.52866,125.0
119,79,4,128.08365,125.0
119,80,2,120.840294,125.0
119,81,1,120.109245,125.0
119,82,2,123.03594,125.0
119,83,3,122.09239,125.0
119,84,5,125.85148,125.0
119,85,4,125.55097,125.0
119,86,4,127.57417,125.0
119,87,0,129.0597,125.0
119,88,4,123.220695,125.0
119,89,4,126.10076,125.0
119,90,5,124.18755,125.0
119,91,1,127.592926,125.0
119,92,4,127.98281,125.0
119,93,5,127.76043,125.0
119,94,2,121.19909,125.0
119,95,2,117.103325,125.0
119,96,5,126.263725,125.0
119,97,2,128.05673,125.0
119,98,5,126.378716,125.0
119,99,5,128.7581,125.0
119,100,0,117.53167,125.0
119,101,5,124.703835,125.0
119,102,5,114.5662,125.0
119,103,4,126.243126,125.0
119,104,5,121.96463,125.0
119,105,0,115.03684,125.0
119,106,1,124.657684,125.0
119,107,1,126.00668,125.0
119,108,0,121.361626,125.0
119,109,2,132.66345,125.0
119,110,2,122.97367,125.0
119,111,5,126.26223,125.0
119,112,0,123.99317,125.0
119,113,5,107.50297,125.0
119,114,4,106.548,125.0
119,115,5,110.7733,125.0
119,116,0,121.8383,125.0
119,117,2,113.14303,125.0
119,118,5,109.08055,125.0
119,119,5,111.319695,125.0
119,120,3,108.925285,125.0
119,121,5,116.731926,125.0
119,122,4,123.99389,125.0
119,123,5,124.51565,125.0
119,124,1,121.96699,125.0
119,125,3,127.353645,125.0
119,126,5,129.5051,125.0
119,127,2,127.11912,125.0
119,128,5,130.57527,125.0
119,129,0,121.46525,125.0
119,130,3,130.39621,125.0
119,131,0,126.27546,125.0
119,132,1,123.55837,125.0
119,133,0,122.88415,125.0
119,134,3,131.57411,125.0
119,135,0,120.07375,125.0
119,136,1,116.623665,125.0
119,137,5,123.32047,125.0
119,138,4,131.1243,125.0
119,139,5,121.65484,125.0
119,140,1,119.114365,125.0
119,141,3,117.33495,125.0
119,142,0,117.411736,125.0
119,143,0,120.9016,125.0
119,144,2,114.65478,125.0
119,145,1,101.358925,125.0
119,146,5,108.21267,125.0
119,147,2,101.32197,125.0
119,148,0,105.82163,125.0
119,149,5,108.13543,125.0
119,150,2,106.182625,125.0
119,151,2,113.25921,125.0
119,152,1,98.038994,125.0
119,153,5,106.2278,125.0
119,154,5,114.255356,125.0
119,155,3,115.254845,125.0
119,156,1,108.54353,125.0
119,157,0,116.704094,125.0
119,158,0,119.229706,125.0
119,159,4,119.7792,125.0
119,160,0,110.81335,125.0
119,161,0,108.08497,125.0
119,162,4,120.99077,125.0
119,163,3,113.027016,125.0
119,164,5,115.29817,125.0
119,165,1,121.688484,125.0
119,166,0,124.01528,125.0
119,167,4,122.43034,125.0
119,168,5,130.76295,125.0
119,169,1,124.25739,125.0
119,170,5,128.02106,125.0
119,171,1,128.09317,125.0
119,172,5,128.66724,125.0
119,173,1,129.25677,125.0
119,174,4,127.34736,125.0
119,175,5,121.25896,125.0
119,176,3,117.59669,125.0
119,177,5,120.95879,125.0
119,178,5,117.54244,125.0
119,179,5,116.45099,125.0
119,180,5,120.63679,125.0
119,181,3,122.66211,125.0
119,182,3,117.86474,125.0
119,183,2,124.00141,125.0
119,184,5,119.94606,125.0
119,185,3,125.32145,125.0
119,186,4,116.40371,125.0
119,187,4,112.65339,125.0
119,188,4,120.15219,125.0
119,189,5,104.57996,125.0
119,190,2,116.06069,125.0
119,191,3,120.6657,125.0
119,192,3,118.81725,125.0
119,193,2,128.53835,125.0
119,194,5,121.31722,125.0
119,195,5,117.057274,125.0
119,196,3,125.628746,125.0
119,197,5,111.015144,125.0
119,198,4,117.24048,125.0
119,199,3,116.061485,125.0
119,200,2,115.006905,125.0
119,201,3,120.30642,125.0
119,202,2,127.79605,125.0
119,203,1,125.034294,125.0
119,204,0,123.29804,125.0
119,205,0,118.71308,125.0
119,206,1,114.197945,125.0
119,207,0,113.21902,125.0
119,208,4,101.56403,125.0
119,209,5,98.95823,125.0
119,210,1,88.806946,125.0
119,211,0,88.21604,125.0
119,212,1,72.37151,125.0
119,213,1,46.069958,124.0
119,214,2,46.415836,123.0
119,215,1,55.18283,122.0
119,216,0,46.461998,121.0
119,217,2,48.59456,120.0
119,218,5,64.7351,119.0
119,219,2,66.26923,118.0
119,220,3,64.58911,117.0
119,221,5,83.95409,116.0
119,222,5,96.12107,115.0
119,223,1,86.260414,114.0
119,224,0,101.28982,113.0
119,225,3,107.17803,112.0
119,226,3,101.28207,111.0
119,227,3,94.11234,110.0
119,228,4,84.37838,109.0
120,36,5,114.59037,125.0
120,37,4,113.64882,125.0
120,38,4,108.066864,125.0
120,39,4,104.453636,125.0
120,40,0,99.31371,125.0
120,41,0,97.07443,125.0
120,42,5,91.07252,125.0
120,43,4,103.50378,125.0
120,44,4,104.84575,125.0
120,45,2,109.787285,125.0
120,46,1,118.1726,125.0
120,47,5,115.0097,125.0
120,48,5,111.607704,125.0
120,49,2,107.25204,125.0
120,50,1,116.20109,125.0
120,51,2,121.46621,125.0
120,52,5,115.7806,125.0
120,53,3,118.85194,125.0
120,54,1,113.36132,125.0
120,55,0,114.589455,125.0
120,56,4,121.5704,125.0
120,57,1,111.53886,125.0
120,58,3,103.709,125.0
120,59,4,115.09261,125.0
120,60,3,115.05495,125.0
120,61,1,98.621796,125.0
120,62,2,111.57695,125.0
120,63,4,114.79392,125.0
120,64,2,107.04638,125.0
120,65,4,109.29304,125.0
120,66,5,114.90702,125.0
120,67,2,104.631935,125.0
120,68,1,117.62058,125.0
120,69,1,116.56431,125.0
120,70,0,119.72164,125.0
120,71,1,120.87411,125.0
120,72,1,119.761185,125.0
120,73,2,117.289665,125.0
120,74,0,117.84942,125.0
120,75,1,122.90972,125.0
120,76,4,117.70156,125.0
120,77,1,110.37559,125.0
120,78,3,119.65813,125.0
120,79,5,116.01966,125.0
120,80,0,124.445206,125.0
120,81,5,124.000496,125.0
120,82,4,119.43567,125.0
120,83,1,121.36594,125.0
120,84,4,120.32827,125.0
120,85,4,129.13904,125.0
120,86,2,120.257545,125.0
120,87,0,123.88248,125.0
120,88,0,125.613396,125.0
120,89,4,119.56565,125.0
120,90,5,119.218475,125.0
120,91,2,109.75649,125.0
120,92,4,116.83175,125.0
120,93,3,118.08214,125.0
120,94,4,116.2869,125.0
120,95,1,116.601006,125.0
120,96,3,120.75932,125.0
120,97,3,120.37863,125.0
120,98,2,118.40018,125.0
120,99,3,116.95121,125.0
120,100,5,113.83903,125.0
120,101,5,102.63381,125.0
120,102,3,88.49943,125.0
120,103,4,102.43293,125.0
120,104,1,115.90674,125.0
120,105,0,122.00717,125.0
120,106,0,120.05089,125.0
120,107,0,121.107735,125.0
120,108,1,117.56605,125.0
120,109,5,122.73018,125.0
120,110,4,126.828476,125.0
120,111,5,127.136665,125.0
120,112,5,124.09249,125.0
120,113,5,122.264465,125.0
120,114,5,124.33091,125.0
120,115,2,119.5082,125.0
120,116,2,116.80113,125.0
120,117,4,118.516884,125.0
120,118,3,112.1763,125.0
120,119,5,108.58726,125.0
120,120,2,101.1262,125.0
120,121,4,91.25764,125.0
120,122,3,85.582886,125.0
120,123,0,99.94799,125.0
120,124,5,107.01334,125.0
120,125,4,111.39043,125.0
120,126,2,124.29806,125.0
120,127,0,110.30625,125.0
120,128,3,109.773,125.0
120,129,0,109.14325,125.0
120,130,0,115.60245,125.0
120,131,5,116.26473,125.0
120,132,3,111.87994,125.0
120,133,5,108.704216,125.0
120,134,0,111.24316,125.0
120,135,1,113.320625,125.0
120,136,0,115.01322,125.0
120,137,5,119.939575,125.0
120,138,2,123.37241,125.0
120,139,1,124.47637,125.0
120,140,4,117.92353,125.0
120,141,3,120.9763,125.0
120,142,3,117.54761,125.0
120,143,0,118.70534,125.0
120,144,4,117.87188,125.0
120,145,2,113.48641,125.0
120,146,1,113.597755,125.0
120,147,0,113.01588,125.0
120,148,4,122.24795,125.0
120,149,0,121.41648,125.0
120,150,5,120.49433,125.0
120,151,0,124.33213,125.0
120,152,0,115.830666,125.0
120,153,5,116.30868,125.0
120,154,2,114.88129,125.0
120,155,3,125.61767,125.0
120,156,1,115.37347,125.0
120,157,4,118.88803,125.0
120,158,5,120.4999,125.0
120,159,5,117.494606,125.0
120,160,0,112.8391,125.0
120,161,1,110.409904,125.0
120,162,1,104.038445,125.0
120,163,5,111.78389,125.0
120,164,2,111.707756,125.0
120,165,4,109.006645,125.0
120,166,1,113.79258,125.0
120,167,0,115.90167,125.0
120,168,5,123.96679,125.0
120,169,5,120.70365,125.0
120,170,5,120.69008,125.0
121,36,5,84.730064,125.0
121,37,1,111.955315,125.0
121,38,5,110.06748,125.0
121,39,3,120.92878,125.0
121,40,3,117.27511,125.0
121,41,1,122.14811,125.0
121,42,2,116.89085,125.0
121,43,4,116.92654,125.0
121,44,3,119.3796,125.0
121,45,4,110.35143,125.0
121,46,1,112.19738,125.0
121,47,5,117.35003,125.0
121,48,1,101.38764,125.0
121,49,0,118.1908,125.0
121,50,3,106.09876,125.0
121,51,5,119.42951,125.0
121,52,0,113.32418,125.0
121,53,4,121.00547,125.0
121,54,3,119.763466,125.0
121,55,2,118.50875,125.0
121,56,2,100.76096,125.0
121,57,1,99.98283,125.0
121,58,3,99.77477,125.0
121,59,2,108.93041,125.0
121,60,4,109.29417,125.0
121,61,3,111.0303,125.0
121,62,5,123.432396,125.0
121,63,1,118.45278,125.0
121,64,1,121.33867,125.0
121,65,1,113.2256,125.0
121,66,5,120.57059,125.0
121,67,3,120.44077,125.0
121,68,3,124.98621,125.0
121,69,2,114.7167,125.0
121,70,4,113.45497,125.0
121,71,3,114.98174,125.0
121,72,0,110.59255,125.0
121,73,1,122.94937,125.0
121,74,2,115.165,125.0
121,75,3,115.70527,125.0
121,76,3,118.73844,125.0
121,77,1,120.0906,125.0
121,78,0,124.85035,125.0
121,79,3,126.35841,125.0
121,80,5,124.18041,125.0
121,81,4,127.37702,125.0
121,82,0,121.731285,125.0
121,83,4,126.19398,125.0
121,84,2,119.81651,125.0
121,85,0,118.206116,125.0
121,86,4,118.476265,125.0
121,87,0,111.16534,125.0
121,88,1,118.27056,125.0
121,89,5,109.549965,125.0
121,90,5,109.70425,125.0
121,91,1,101.62418,125.0
121,92,1,101.256935,125.0
121,93,4,113.04801,125.0
121,94,5,117.60212,125.0
121,95,4,122.958595,125.0
121,96,0,119.25288,125.0
121,97,1,120.980576,125.0
121,98,3,122.25559,125.0
121,99,4,107.601105,125.0
121,100,4,112.96584,125.0
121,101,5,117.16706,125.0
121,102,3,110.302025,125.0
121,103,5,118.45797,125.0
121,104,4,117.35203,125.0
121,105,5,120.41108,125.0
121,106,5,119.52663,125.0
121,107,5,116.35438,125.0
121,108,2,127.40381,125.0
121,109,4,121.94326,125.0
121,110,5,117.81985,125.0
121,111,1,126.99766,124.0
121,112,5,109.24116,123.0
121,113,5,123.78165,122.0
121,114,2,119.31689,121.0
121,115,5,109.889175,120.0
121,116,5,109.34171,119.0
121,117,2,112.76806,118.0
121,118,2,112.15808,117.0
121,119,2,120.11434,116.0
121,120,5,113.64221,115.0
121,121,5,111.653275,114.0
121,122,5,99.25448,113.0
121,123,3,77.88207,112.0
121,124,3,99.760445,111.0
121,125,4,107.52398,110.0
121,126,5,82.63232,109.0
121,127,4,93.79052,108.0
121,128,3,100.16297,107.0
121,129,0,93.77614,106.0
121,130,2,80.36887,105.0
121,131,1,83.84261,104.0
121,132,5,85.10778,103.0
121,133,1,54.25795,102.0
121,134,2,77.924034,101.0
121,135,3,77.940544,100.0
121,136,2,73.709404,99.0
121,137,1,81.71756,98.0
121,138,4,60.555992,97.0
121,139,0,81.45199,96.0
121,140,2,81.80311,95.0
121,141,5,83.56402,94.0
121,142,4,83.98795,93.0
121,143,2,67.679726,92.0
121,144,2,72.2884,91.0
121,145,4,59.330887,90.0
121,146,2,51.790287,89.0
121,147,5,79.73266,88.0
121,148,1,89.62893,87.0
121,149,5,97.58376,86.0
121,150,3,91.60255,85.0
121,151,3,89.89488,84.0
121,152,1,101.81841,83.0
121,153,3,112.21817,82.0
121,154,5,108.010345,81.0
121,155,1,103.194496,80.0
121,156,1,103.34458,79.0
121,157,4,109.20843,78.0
121,158,4,112.02671,77.0
121,159,5,119.92027,76.0
121,160,1,124.09637,75.0
121,161,4,123.32479,74.0
121,162,1,116.24261,73.0
121,163,3,119.69222,72.0
121,164,2,107.756935,71.0
121,165,5,102.5991,70.0
121,166,1,114.66079,69.0
121,167,5,88.18124,68.0
121,168,2,96.66004,67.0
121,169,5,92.45326,66.0
121,170,4,82.66685,65.0
121,171,5,72.63726,64.0
121,172,5,87.245445,63.0
121,173,5,83.48989,62.0
121,174,3,74.66914,61.0
121,175,0,75.739265,60.0
121,176,2,69.59305,59.0
121,177,1,86.28167,58.0
121,178,2,83.08555,57.0
121,179,5,68.06062,56.0
121,180,5,60.528965,55.0
121,181,1,60.589794,54.0
121,182,2,55.06172,53.0
121,183,5,37.33536,52.0
121,184,5,38.011154,51.0
121,185,5,43.80098,50.0
121,186,2,44.048157,49.0
121,187,2,34.551094,48.0
121,188,2,37.78665,47.0
121,189,2,30.232145,46.0
121,190,5,36.70222,45.0
121,191,1,35.88794,44.0
121,192,3,35.890694,43.0
121,193,5,34.223785,42.0
121,194,2,39.835983,41.0
122,36,1,130.34341,125.0
122,37,3,116.92563,125.0
122,38,2,120.40327,125.0
122,39,5,124.63978,125.0
122,40,1,120.402016,125.0
122,41,5,126.41688,125.0
122,42,3,128.6131,125.0
122,43,3,133.3161,125.0
122,44,4,124.205864,125.0
122,45,5,128.87729,125.0
122,46,3,124.07908,125.0
122,47,1,130.82253,125.0
122,48,5,128.61006,125.0
122,49,4,135.8896,125.0
122,50,5,130.97665,125.0
122,51,1,131.26575,125.0
122,52,0,133.00009,125.0
122,53,0,129.3126,125.0
122,54,3,128.70924,125.0
122,55,1,122.30933,125.0
122,56,2,116.740166,125.0
122,57,4,122.99526,125.0
122,58,2,122.79455,125.0
122,59,0,127.23939,125.0
122,60,2,128.65022,125.0
122,61,0,124.659,125.0
122,62,5,127.079155,125.0
122,63,1,120.81037,125.0
122,64,1,117.94728,125.0
122,65,5,107.83871,125.0
122,66,5,126.843704,125.0
122,67,5,120.81602,125.0
122,68,5,120.88705,125.0
122,69,2,126.92469,125.0
122,70,0,126.47187,125.0
122,71,1,131.66425,125.0
122,72,5,131.15477,125.0
122,73,5,128.86325,125.0
122,74,0,122.859474,125.0
122,75,2,111.60322,125.0
122,76,4,119.967865,125.0
122,77,3,122.45762,125.0
122,78,0,123.82994,125.0
122,79,1,127.09565,125.0
122,80,4,122.497116,125.0
122,81,5,115.935036,125.0
122,82,5,128.49417,125.0
122,83,4,125.25584,125.0
122,84,0,125.93501,125.0
122,85,0,123.68989,125.0
122,86,5,117.17475,125.0
122,87,5,121.82094,125.0
122,88,0,118.301125,125.0
122,89,5,116.02378,125.0
122,90,1,112.20431,125.0
122,91,5,116.31428,125.0
122,92,1,100.79106,125.0
122,93,2,110.3661,125.0
122,94,2,100.62724,125.0
122,95,3,99.37209,125.0
122,96,2,111.204926,125.0
122,97,3,112.00394,125.0
122,98,2,115.91499,125.0
122,99,0,118.17979,125.0
122,100,0,125.70396,125.0
122,101,2,120.57314,125.0
122,102,3,127.23124,125.0
122,103,5,117.88642,125.0
122,104,5,125.175095,125.0
122,105,4,126.09148,125.0
122,106,5,129.4986,125.0
122,107,2,126.7998,125.0
122,108,5,121.515625,125.0
122,109,2,111.25886,125.0
122,110,2,111.38339,125.0
122,111,2,116.74976,125.0
122,112,2,116.965096,125.0
122,113,3,108.769005,125.0
122,114,4,117.58854,125.0
122,115,3,116.68668,125.0
122,116,5,121.54309,125.0
122,117,2,116.65444,125.0
123,36,2,124.12083,125.0
123,37,4,127.80723,125.0
123,38,4,124.90684,125.0
123,39,0,128.159,125.0
123,40,2,132.34558,125.0
123,41,1,131.39091,125.0
123,42,2,134.51892,125.0
123,43,4,121.45911,125.0
123,44,1,121.04192,125.0
123,45,5,120.562325,125.0
123,46,2,114.935295,125.0
123,47,1,126.13594,125.0
123,48,1,116.097435,125.0
123,49,3,123.069176,125.0
123,50,3,122.164345,125.0
123,51,2,126.96629,125.0
123,52,1,118.03472,125.0
123,53,3,120.0773,125.0
123,54,0,124.75744,125.0
123,55,5,127.99265,125.0
123,56,5,124.92593,125.0
123,57,2,119.63389,125.0
123,58,5,124.0496,125.0
123,59,3,126.036995,125.0
123,60,2,119.60068,125.0
123,61,3,123.99215,125.0
123,62,5,124.86865,125.0
123,63,1,121.46897,125.0
123,64,2,125.215485,125.0
123,65,0,126.30628,125.0
123,66,5,117.083015,125.0
123,67,2,103.56748,125.0
123,68,5,105.64463,125.0
123,69,4,119.44788,125.0
123,70,2,118.455025,125.0
123,71,0,119.355,125.0
123,72,4,122.99323,125.0
123,73,0,127.12877,125.0
123,74,5,118.31341,125.0
123,75,0,110.67515,125.0
123,76,5,110.77804,125.0
123,77,1,121.18799,125.0
123,78,5,128.183,125.0
123,79,5,127.82429,125.0
123,80,2,128.33417,125.0
123,81,5,122.264885,125.0
123,82,3,120.66863,125.0
123,83,5,127.09649,125.0
123,84,2,130.37628,125.0
123,85,2,125.93566,125.0
123,86,5,125.411865,125.0
123,87,3,121.25526,125.0
123,88,3,123.04194,125.0
123,89,5,127.72332,125.0
123,90,0,124.040306,125.0
123,91,4,125.80317,125.0
123,92,4,129.47394,125.0
123,93,2,128.45486,125.0
123,94,0,132.84848,125.0
123,95,3,125.41355,125.0
123,96,2,127.35068,125.0
123,97,5,129.69666,125.0
123,98,4,124.188644,125.0
123,99,1,119.996635,125.0
123,100,1,115.453674,125.0
123,101,5,124.52419,125.0
123,102,2,129.60587,125.0
123,103,3,129.8416,125.0
123,104,4,123.89262,125.0
123,105,3,120.63656,125.0
123,106,5,120.6909,125.0
123,107,5,127.615486,125.0
123,108,0,120.126076,125.0
123,109,0,111.77984,125.0
123,110,5,125.47834,125.0
123,111,3,124.29967,125.0
123,112,4,124.35792,125.0
123,113,0,117.424934,125.0
123,114,0,116.8807,125.0
123,115,0,106.99897,125.0
123,116,2,112.60117,125.0
123,117,5,112.636314,125.0
123,118,5,125.05943,125.0
123,119,3,116.49026,125.0
123,120,1,118.08613,125.0
123,121,5,130.47157,125.0
123,122,3,123.35004,125.0
123,123,5,123.39412,125.0
123,124,2,119.81717,125.0
123,125,2,126.151596,125.0
123,126,0,114.71668,125.0
123,127,3,124.24618,125.0
123,128,5,126.79591,125.0
123,129,5,128.8687,125.0
123,130,4,122.66969,125.0
123,131,4,123.78343,125.0
123,132,2,115.27236,125.0
123,133,5,119.26373,125.0
123,134,2,114.31164,125.0
123,135,5,104.698204,124.0
123,136,2,93.01586,123.0
123,137,1,86.06076,122.0
123,138,2,56.85928,121.0
123,139,3,67.0961,120.0
123,140,0,68.78807,119.0
123,141,4,77.2898,118.0
123,142,3,79.978935,117.0
123,143,4,69.590164,116.0
123,144,4,67.344925,115.0
123,145,0,74.66335,114.0
123,146,2,70.84647,113.0
123,147,2,78.12385,112.0
123,148,5,78.654205,111.0
123,149,5,89.87508,110.0
123,150,3,92.734695,109.0
123,151,0,94.37496,108.0
123,152,5,102.969,107.0
123,153,1,105.326195,106.0
123,154,3,113.139305,105.0
123,155,4,102.496956,104.0
123,156,5,94.29421,103.0
123,157,2,90.96665,102.0
123,158,1,81.459015,101.0
123,159,4,73.39089,100.0
123,160,2,76.01916,99.0
123,161,5,82.79285,98.0
123,162,0,96.0411,97.0
123,163,3,104.44799,96.0
123,164,1,102.0541,95.0
123,165,1,90.93891,94.0
123,166,5,102.78826,93.0
123,167,1,97.3168,92.0
123,168,4,105.51298,91.0
123,169,4,91.79798,90.0
123,170,0,92.17033,89.0
123,171,3,90.07464,88.0
123,172,2,94.91413,87.0
123,173,1,82.12722,86.0
123,174,5,78.11273,85.0
123,175,0,92.52361,84.0
123,176,4,99.7733,83.0
123,177,3,96.13098,82.0
123,178,5,93.69218,81.0
123,179,0,78.939995,80.0
123,180,0,84.830414,79.0
123,181,2,77.172066,78.0
123,182,5,88.81997,77.0
123,183,1,85.866005,76.0
123,184,5,88.33244,75.0
123,185,0,77.78535,74.0
123,186,5,76.28025,73.0
123,187,2,79.521614,72.0
123,188,2,73.11425,71.0
123,189,2,62.857594,70.0
123,190,2,73.33383,69.0
123,191,4,70.23025,68.0
123,192,3,89.507774,67.0
123,193,1,90.508095,66.0
123,194,4,72.27711,65.0
123,195,1,56.824116,64.0
123,196,3,53.22093,63.0
123,197,4,45.151207,62.0
123,198,5,44.25285,61.0
123,199,5,48.681404,60.0
123,200,4,49.440063,59.0
123,201,0,48.8871,58.0
123,202,4,46.5618,57.0
123,203,4,42.861267,56.0
123,204,3,41.240257,55.0
123,205,0,34.48557,54.0
123,206,5,54.548695,53.0
123,207,3,46.345474,52.0
123,208,4,45.87816,51.0
123,209,0,51.300903,50.0
123,210,2,42.2847,49.0
123,211,1,35.74586,48.0
123,212,5,33.912987,47.0
123,213,5,44.200466,46.0
123,214,3,48.202675,45.0
123,215,5,50.429363,44.0
123,216,3,60.41045,43.0
123,217,0,64.2434,42.0
123,218,0,51.289387,41.0
123,219,1,48.713352,40.0
123,220,5,44.809425,39.0
123,221,4,44.267513,38.0
123,222,3,45.196938,37.0
123,223,5,46.36538,36.0
123,224,4,46.94763,35.0
123,225,5,43.48085,34.0
123,226,5,42.629868,33.0
123,227,3,35.983475,32.0
123,228,0,34.971657,31.0
123,229,5,30.788778,30.0
123,230,5,36.085518,29.0
123,231,5,29.80874,28.0
123,232,4,30.571283,27.0
123,233,3,21.25099,26.0
123,234,4,16.345682,25.0
123,235,5,25.803797,24.0
123,236,5,18.71797,23.0
124,36,4,114.74274,125.0
124,37,5,118.22284,125.0
124,38,3,124.849205,125.0
124,39,2,113.959404,125.0
124,40,1,120.7313,125.0
124,41,1,119.89715,125.0
124,42,0,117.783806,125.0
124,43,4,117.56144,125.0
124,44,5,117.7573,125.0
124,45,5,117.92591,125.0
124,46,0,125.82322,125.0
124,47,5,124.35726,125.0
124,48,3,128.1667,125.0
124,49,2,123.02787,125.0
124,50,1,122.98997,125.0
124,51,3,119.644844,125.0
124,52,4,120.678734,125.0
124,53,5,118.54681,125.0
124,54,3,123.79168,125.0
124,55,1,116.837944,125.0
124,56,0,120.06519,125.0
124,57,3,122.135056,125.0
124,58,3,115.25796,125.0
124,59,5,115.59008,125.0
124,60,4,117.09149,125.0
124,61,1,118.55157,125.0
124,62,1,119.0256,125.0
124,63,5,112.12362,125.0
124,64,5,103.419815,125.0
124,65,3,106.36193,125.0
124,66,2,107.755165,125.0
124,67,5,114.56922,125.0
124,68,2,111.93357,125.0
124,69,0,121.989136,125.0
124,70,3,124.24886,125.0
124,71,5,120.37928,125.0
124,72,1,121.94694,125.0
124,73,2,123.92168,125.0
124,74,5,124.894936,125.0
124,75,1,123.74499,125.0
124,76,5,118.15716,125.0
124,77,0,105.96494,125.0
124,78,1,112.206856,125.0
124,79,4,97.8004,125.0
124,80,3,99.284096,125.0
124,81,2,116.306244,125.0
124,82,4,107.40243,125.0
124,83,0,112.26199,125.0
124,84,2,115.90184,125.0
124,85,3,106.43775,125.0
124,86,0,101.87188,125.0
124,87,3,104.20312,125.0
124,88,0,95.8987,125.0
124,89,0,92.6294,125.0
124,90,4,77.35216,125.0
124,91,5,89.08967,125.0
124,92,5,100.72013,125.0
124,93,2,92.93725,125.0
124,94,3,89.18975,125.0
124,95,0,103.07413,125.0
124,96,5,101.98238,125.0
124,97,2,117.02647,125.0
124,98,1,108.34221,125.0
124,99,1,111.544464,125.0
124,100,5,113.11973,125.0
124,101,2,108.28314,125.0
124,102,4,112.76574,125.0
124,103,1,112.65661,125.0
124,104,1,103.80609,125.0
124,105,4,107.44541,125.0
124,106,5,110.9588,125.0
124,107,5,101.41746,125.0
124,108,5,123.59336,125.0
124,109,5,113.83458,125.0
124,110,1,116.08199,125.0
124,111,5,111.33097,125.0
124,112,4,117.77146,125.0
124,113,1,106.705605,125.0
124,114,5,108.849144,125.0
124,115,2,105.0845,125.0
124,116,4,111.797066,125.0
124,117,2,102.44967,125.0
124,118,5,110.27058,125.0
124,119,2,96.597664,125.0
124,120,2,101.65421,125.0
124,121,1,104.465096,125.0
124,122,4,117.7067,125.0
124,123,5,109.69632,125.0
124,124,3,117.51452,125.0
124,125,3,109.832695,125.0
124,126,3,118.91978,125.0
124,127,2,112.4607,125.0
124,128,4,116.868645,125.0
124,129,4,110.08428,125.0
124,130,3,95.13498,125.0
124,131,2,92.01775,125.0
124,132,0,105.60655,125.0
124,133,5,113.325645,125.0
124,134,2,110.66665,125.0
124,135,4,108.33694,125.0
124,136,2,109.55236,125.0
124,137,0,106.07158,125.0
124,138,5,113.583885,125.0
124,139,5,109.07084,125.0
124,140,3,112.84757,125.0
124,141,2,110.21884,125.0
124,142,3,105.64555,125.0
124,143,5,118.75002,125.0
124,144,5,118.39799,125.0
124,145,4,118.81262,125.0
124,146,4,125.39288,125.0
124,147,5,122.350136,125.0
124,148,0,121.33799,125.0
124,149,0,120.577446,125.0
124,150,5,112.21725,125.0
124,151,4,106.67556,125.0
124,152,5,98.64483,125.0
124,153,1,109.95084,125.0
124,154,2,103.443016,125.0
124,155,5,96.30545,125.0
124,156,4,111.82617,125.0
124,157,1,109.61321,125.0
124,158,5,105.99308,125.0
124,159,1,92.39998,125.0
124,160,1,85.51136,125.0
124,161,2,83.90926,125.0
124,162,1,70.02311,125.0
124,163,0,79.16724,125.0
124,164,4,65.58027,125.0
124,165,2,62.30092,125.0
124,166,4,68.3273,125.0
124,167,3,43.740627,125.0
124,168,0,35.507313,125.0
124,169,5,63.386097,125.0
124,170,2,52.356976,125.0
124,171,3,48.269157,125.0
124,172,3,58.866104,125.0
124,173,5,61.79226,125.0
124,174,4,60.271946,125.0
124,175,2,41.68638,125.0
124,176,1,44.74722,125.0
124,177,0,46.765553,125.0
124,178,0,51.150494,125.0
124,179,1,56.711014,125.0
124,180,4,70.572685,125.0
124,181,1,88.282974,125.0
124,182,2,71.280815,125.0
124,183,2,59.088356,125.0
124,184,5,64.34489,125.0
124,185,4,94.94816,125.0
124,186,5,92.89126,125.0
124,187,3,97.669945,125.0
124,188,5,101.52616,125.0
124,189,2,79.99699,125.0
124,190,4,75.67164,125.0
124,191,0,79.26442,125.0
124,192,1,89.328064,124.0
124,193,0,98.9619,123.0
124,194,1,94.338905,122.0
124,195,0,97.32748,121.0
124,196,3,101.03506,120.0
124,197,5,92.215546,119.0
124,198,0,96.0056,118.0
124,199,3,101.35197,117.0
124,200,5,95.59226,116.0
124,201,4,101.08809,115.0
124,202,5,90.34454,114.0
124,203,3,77.32034,113.0
124,204,0,75.2494,112.0
124,205,5,86.28819,111.0
124,206,3,84.37061,110.0
124,207,0,76.39213,109.0
124,208,3,81.99404,108.0
124,209,4,87.217026,107.0
124,210,5,74.224556,106.0
124,211,4,76.37295,105.0
124,212,0,67.53394,104.0
124,213,5,67.28997,103.0
124,214,1,69.94856,102.0
124,215,0,70.29795,101.0
124,216,2,62.879852,100.0
124,217,5,55.538696,99.0
124,218,2,57.708008,98.0
124,219,3,59.07589,97.0
124,220,1,56.43373,96.0
124,221,1,40.50842,95.0
124,222,1,34.540382,94.0
124,223,0,46.64138,93.0
124,224,3,53.0088,92.0
124,225,5,39.570488,91.0
124,226,5,28.820337,90.0
124,227,4,32.69227,89.0
124,228,0,35.644287,88.0
124,229,3,11.694639,87.0
124,230,4,20.566626,86.0
126,36,2,95.720955,125.0
126,37,1,99.1825,125.0
126,38,0,117.45208,125.0
126,39,2,128.81235,125.0
126,40,1,128.09653,125.0
126,41,0,114.48261,125.0
126,42,0,125.07397,125.0
126,43,4,126.75866,125.0
126,44,2,129.26474,125.0
126,45,5,131.33553,125.0
126,46,4,133.92935,125.0
126,47,5,131.41757,125.0
126,48,5,122.49804,125.0
126,49,1,111.4785,125.0
126,50,4,118.170876,125.0
126,51,0,111.0031,125.0
126,52,5,118.3424,125.0
126,53,0,124.55761,125.0
126,54,4,123.74053,125.0
126,55,1,119.78944,125.0
126,56,3,125.777756,125.0
126,57,0,127.497185,125.0
126,58,3,127.10535,125.0
126,59,4,118.503914,125.0
126,60,3,107.14672,125.0
126,61,5,119.17284,125.0
126,62,2,114.5773,125.0
126,63,1,110.71038,125.0
126,64,0,120.87768,125.0
126,65,5,111.91758,125.0
126,66,1,106.29531,125.0
126,67,5,98.13778,125.0
126,68,0,116.29661,125.0
126,69,2,111.47286,125.0
126,70,0,119.366554,125.0
126,71,5,120.70478,125.0
126,72,0,124.98889,125.0
126,73,4,124.333626,125.0
126,74,4,115.467,125.0
126,75,5,124.2111,125.0
126,76,4,116.77686,125.0
126,77,2,124.36111,125.0
126,78,4,125.35038,125.0
126,79,1,124.950005,125.0
126,80,3,124.688286,125.0
126,81,0,128.03015,125.0
126,82,0,124.27845,125.0
126,83,3,122.548416,125.0
126,84,3,126.285866,125.0
126,85,5,128.64357,125.0
126,86,2,126.889206,125.0
126,87,2,127.99009,125.0
126,88,5,117.3726,125.0
126,89,0,119.137,125.0
126,90,5,120.03336,125.0
126,91,1,128.573,125.0
126,92,4,120.61038,125.0
126,93,4,125.33905,125.0
126,94,5,123.312836,125.0
126,95,2,127.7718,125.0
126,96,4,124.18659,125.0
126,97,0,125.98486,125.0
126,98,1,121.272,125.0
126,99,0,125.48411,125.0
126,100,3,122.84502,125.0
126,101,5,122.7939,125.0
126,102,4,124.81119,125.0
126,103,1,121.64347,125.0
126,104,5,122.13268,125.0
126,105,1,123.323524,125.0
126,106,1,116.816124,125.0
126,107,3,117.34464,125.0
126,108,3,123.23586,125.0
126,109,0,112.38848,125.0
126,110,5,122.91329,125.0
126,111,2,118.93273,124.0
126,112,0,133.12015,123.0
126,113,4,129.20294,122.0
126,114,0,126.53433,121.0
126,115,3,129.53375,120.0
126,116,4,124.10652,119.0
126,117,5,121.90037,118.0
126,118,1,125.22034,117.0
126,119,3,124.80549,116.0
126,120,2,127.2984,115.0
126,121,5,128.89455,114.0
126,122,4,125.88188,113.0
126,123,5,120.93055,112.0
126,124,5,120.23037,111.0
126,125,3,119.63058,110.0
126,126,3,120.24559,109.0
126,127,3,118.68368,108.0
126,128,3,118.28679,107.0
126,129,1,123.415245,106.0
126,130,5,115.01953,105.0
126,131,0,112.895454,104.0
126,132,4,108.93914,103.0
126,133,5,112.91926,102.0
126,134,3,127.20945,101.0
126,135,2,115.37258,100.0
126,136,5,112.80099,99.0
126,137,4,103.81153,98.0
126,138,0,114.34145,97.0
126,139,5,109.01002,96.0
126,140,3,113.76825,95.0
126,141,2,104.69983,94.0
126,142,1,103.8634,93.0
126,143,0,99.242516,92.0
126,144,5,101.9833,91.0
126,145,5,88.47088,90.0
126,146,1,84.14501,89.0
126,147,0,74.28907,88.0
126,148,5,70.61356,87.0
126,149,3,69.82134,86.0
126,150,2,82.63913,85.0
126,151,3,85.95882,84.0
126,152,1,85.607666,83.0
126,153,0,79.248436,82.0
126,154,4,84.64309,81.0
126,155,2,82.95348,80.0
126,156,5,83.292076,79.0
126,157,5,84.551476,78.0
126,158,0,104.94331,77.0
126,159,1,84.34942,76.0
126,160,2,78.232025,75.0
126,161,5,77.29618,74.0
126,162,3,82.05462,73.0
126,163,4,89.5982,72.0
126,164,2,69.98179,71.0
126,165,1,87.43157,70.0
126,166,2,94.23562,69.0
126,167,5,95.12127,68.0
126,168,4,103.13826,67.0
126,169,5,107.317116,66.0
126,170,0,82.05112,65.0
126,171,5,89.604225,64.0
126,172,5,88.486855,63.0
126,173,5,76.0935,62.0
126,174,2,98.79542,61.0
126,175,0,83.105644,60.0
126,176,5,88.489235,59.0
126,177,2,60.986206,58.0
126,178,1,78.97367,57.0
126,179,5,89.95578,56.0
126,180,5,84.25851,55.0
126,181,3,87.98202,54.0
126,182,1,88.06515,53.0
126,183,4,77.86254,52.0
126,184,3,65.161995,51.0
126,185,1,73.24743,50.0
126,186,2,63.749477,49.0
126,187,5,67.592545,48.0
126,188,1,68.8278,47.0
126,189,2,65.840065,46.0
126,190,5,54.128952,45.0
126,191,3,47.634903,44.0
126,192,3,51.944813,43.0
126,193,1,52.437683,42.0
126,194,5,43.792442,41.0
126,195,3,45.539036,40.0
126,196,5,47.21915,39.0
126,197,2,46.339306,38.0
126,198,0,48.490517,37.0
126,199,4,29.483055,36.0
126,200,4,25.177439,35.0
126,201,1,11.157015,34.0
126,202,2,11.01453,33.0
126,203,5,43.191208,32.0
126,204,1,22.662762,31.0
126,205,1,15.286284,30.0
126,206,0,12.325678,29.0
126,207,5,33.03533,28.0
126,208,3,38.96047,27.0
126,209,0,50.477814,26.0
126,210,0,41.774162,25.0
126,211,2,42.578747,24.0
126,212,3,47.04586,23.0
126,213,2,35.65737,22.0
126,214,5,34.70665,21.0
126,215,3,32.760902,20.0
126,216,2,38.037315,19.0
126,217,4,45.693848,18.0
126,218,4,29.339071,17.0
126,219,0,23.227507,16.0
126,220,5,28.298544,15.0
127,36,3,120.88999,125.0
127,37,5,118.53954,125.0
127,38,1,125.11781,125.0
127,39,3,125.39475,125.0
127,40,0,126.11416,125.0
127,41,0,128.71631,125.0
127,42,5,122.69922,125.0
127,43,2,122.43742,125.0
127,44,0,125.54894,125.0
127,45,1,120.887505,125.0
127,46,4,120.93098,125.0
127,47,5,129.39197,125.0
127,48,1,122.22326,125.0
127,49,2,124.115776,125.0
127,50,0,120.13877,125.0
127,51,1,109.43853,125.0
127,52,0,112.99842,125.0
127,53,1,108.10385,125.0
127,54,2,109.79063,125.0
127,55,2,106.61611,125.0
127,56,4,108.04957,125.0
127,57,1,111.86262,125.0
127,58,0,112.27723,125.0
127,59,0,112.20592,125.0
127,60,1,111.112465,125.0
127,61,1,106.17025,125.0
127,62,1,113.829475,125.0
127,63,0,115.654785,125.0
127,64,1,106.96827,125.0
127,65,5,118.04898,125.0
127,66,1,106.89158,125.0
127,67,3,118.520744,125.0
127,68,5,118.22799,125.0
127,69,1,124.08035,125.0
127,70,4,119.625824,125.0
127,71,1,123.76255,125.0
127,72,5,113.705055,125.0
127,73,3,116.22007,125.0
127,74,2,115.90368,125.0
127,75,3,112.66133,125.0
127,76,4,118.415085,125.0
127,77,5,124.888664,125.0
127,78,5,114.80753,125.0
127,79,1,127.93786,125.0
127,80,3,112.48817,125.0
127,81,5,120.1752,125.0
127,82,4,111.17481,125.0
127,83,1,106.88242,125.0
127,84,0,112.800316,125.0
127,85,5,109.22677,125.0
127,86,5,104.80047,125.0
127,87,3,111.90623,125.0
127,88,1,107.81916,125.0
127,89,1,111.97808,125.0
127,90,4,117.0718,125.0
127,91,0,118.74721,125.0
127,92,1,123.594826,125.0
127,93,5,122.47141,125.0
127,94,5,123.03661,125.0
127,95,5,121.913994,125.0
127,96,5,117.9054,125.0
127,97,5,117.105,125.0
127,98,5,117.742775,125.0
128,36,1,89.742714,125.0
128,37,2,86.38718,125.0
128,38,0,90.25056,125.0
128,39,1,78.94451,125.0
128,40,5,76.90215,125.0
128,41,4,59.734592,125.0
128,42,1,91.053535,125.0
128,43,4,86.71738,125.0
128,44,5,86.128494,125.0
128,45,1,89.11747,125.0
128,46,0,111.30395,125.0
128,47,3,115.81082,125.0
128,48,3,121.29579,125.0
128,49,5,124.91114,125.0
128,50,1,112.61189,125.0
128,51,5,116.50338,125.0
128,52,5,97.759155,125.0
128,53,4,89.65653,125.0
128,54,4,91.633385,125.0
128,55,5,82.05599,125.0
128,56,1,102.661964,125.0
128,57,1,92.46262,125.0
128,58,1,97.19274,125.0
128,59,1,88.42763,125.0
128,60,0,97.55435,125.0
128,61,3,99.217896,125.0
128,62,5,123.21441,125.0
128,63,1,112.39486,125.0
128,64,5,114.290306,125.0
128,65,3,122.860466,125.0
128,66,1,123.59719,125.0
128,67,0,114.87082,125.0
128,68,5,118.60232,125.0
128,69,3,114.96699,125.0
128,70,2,118.02521,125.0
128,71,1,123.11976,125.0
128,72,3,125.00932,125.0
128,73,2,120.75517,125.0
128,74,0,109.03805,125.0
128,75,5,119.09565,125.0
128,76,1,124.822365,125.0
128,77,3,121.39176,125.0
128,78,4,121.322044,125.0
128,79,2,121.04841,125.0
128,80,1,106.67641,125.0
128,81,5,105.581924,125.0
128,82,0,110.395164,125.0
128,83,5,123.46232,125.0
128,84,0,124.06078,125.0
128,85,2,115.1438,125.0
128,86,0,117.207466,125.0
128,87,3,111.34478,125.0
128,88,0,104.06158,125.0
128,89,1,112.86219,125.0
128,90,1,121.91033,125.0
128,91,5,122.80172,125.0
128,92,5,124.39431,125.0
128,93,4,125.9065,125.0
128,94,5,121.60815,125.0
128,95,5,130.73306,125.0
128,96,3,121.67118,125.0
128,97,5,128.84454,125.0
128,98,3,125.833694,125.0
128,99,5,123.30488,125.0
128,100,1,130.69685,125.0
128,101,5,122.71233,125.0
128,102,4,126.85666,125.0
128,103,5,128.9378,125.0
128,104,5,116.626656,125.0
128,105,2,117.133286,125.0
128,106,5,118.783134,125.0
128,107,0,118.60283,125.0
128,108,3,117.80883,125.0
128,109,0,117.61927,125.0
128,110,3,119.892296,125.0
128,111,2,124.63767,125.0
128,112,3,128.02579,125.0
128,113,5,117.879524,125.0
128,114,5,117.64171,125.0
128,115,5,113.31905,125.0
128,116,3,123.89414,125.0
128,117,4,119.02091,125.0
128,118,2,129.29262,125.0
128,119,5,127.34676,125.0
128,120,2,125.82633,125.0
128,121,3,116.541176,125.0
128,122,5,121.812515,125.0
128,123,5,122.0899,125.0
128,124,4,123.6828,125.0
128,125,4,124.847404,125.0
128,126,0,124.71229,125.0
128,127,2,118.02845,125.0
128,128,4,104.576515,125.0
128,129,5,108.13331,125.0
128,130,3,112.71683,125.0
128,131,3,117.78251,125.0
128,132,0,116.05721,125.0
128,133,2,119.45336,125.0
128,134,2,119.77102,125.0
128,135,4,123.1751,125.0
128,136,1,109.05612,125.0
128,137,2,105.08619,125.0
128,138,3,102.589096,125.0
128,139,2,104.98431,125.0
129,36,5,93.664604,125.0
129,37,1,101.80306,125.0
129,38,0,108.7702,125.0
129,39,0,101.55572,125.0
129,40,1,107.3088,125.0
129,41,0,107.20229,125.0
129,42,1,105.62282,125.0
129,43,3,112.84956,125.0
129,44,2,117.54783,125.0
129,45,0,121.077446,125.0
129,46,4,112.72843,125.0
129,47,1,105.42098,125.0
129,48,2,110.723816,125.0
129,49,4,125.36712,125.0
129,50,3,124.99273,125.0
129,51,0,123.67565,125.0
129,52,5,131.88802,125.0
129,53,3,125.42886,125.0
129,54,4,124.04514,125.0
129,55,2,118.98292,125.0
129,56,3,108.40627,125.0
129,57,2,117.40641,125.0
129,58,4,116.98648,125.0
129,59,5,115.863884,125.0
129,60,4,92.44167,125.0
129,61,2,102.1131,125.0
129,62,4,89.54439,125.0
129,63,5,87.62911,125.0
129,64,3,91.96229,125.0
129,65,5,104.327736,125.0
129,66,4,90.95492,125.0
129,67,5,86.10787,125.0
129,68,1,113.32199,125.0
129,69,5,124.749916,125.0
129,70,1,130.68915,125.0
129,71,0,129.85757,125.0
129,72,4,128.90787,125.0
129,73,5,130.21732,125.0
129,74,3,130.03969,125.0
129,75,5,121.22906,125.0
129,76,5,117.039085,125.0
129,77,2,119.1404,125.0
129,78,1,118.36771,125.0
129,79,5,117.58416,125.0
129,80,5,124.4183,125.0
129,81,2,121.72573,125.0
129,82,4,128.11137,125.0
129,83,4,125.893036,125.0
129,84,3,126.35508,125.0
129,85,1,129.3832,125.0
129,86,1,121.54581,125.0
129,87,5,120.02337,125.0
129,88,2,125.21757,125.0
129,89,1,123.16657,125.0
129,90,4,123.5758,125.0
129,91,2,116.98501,125.0
129,92,0,119.748116,125.0
129,93,5,115.42759,125.0
129,94,0,111.536545,125.0
129,95,2,113.99294,125.0
129,96,3,121.71902,125.0
129,97,3,118.99082,125.0
129,98,5,119.55389,125.0
129,99,4,123.83773,125.0
129,100,5,127.22755,125.0
129,101,5,124.48823,125.0
129,102,5,122.633354,125.0
129,103,5,124.45777,125.0
129,104,4,128.1065,125.0
129,105,1,131.30618,125.0
129,106,4,129.95734,125.0
129,107,4,126.41326,125.0
129,108,2,125.05036,125.0
129,109,4,121.619514,125.0
129,110,3,121.87928,125.0
129,111,5,131.5599,125.0
129,112,2,127.43644,125.0
129,113,2,129.4509,125.0
129,114,0,124.05337,125.0
129,115,5,124.70015,125.0
129,116,5,115.06218,125.0
129,117,1,117.43687,125.0
129,118,1,115.4098,125.0
129,119,3,114.68076,125.0
129,120,3,121.902306,125.0
129,121,3,123.560684,125.0
129,122,0,122.21068,125.0
129,123,5,117.87677,125.0
129,124,1,122.92979,125.0
129,125,4,116.7967,125.0
129,126,0,115.51046,125.0
129,127,3,118.49553,125.0
129,128,1,122.86841,125.0
129,129,5,126.962456,125.0
129,130,4,120.54723,125.0
129,131,5,124.18189,125.0
129,132,1,114.34301,125.0
129,133,5,120.717125,125.0
129,134,4,116.31451,125.0
129,135,4,125.26008,125.0
129,136,2,121.89328,125.0
129,137,5,117.64974,125.0
129,138,0,121.12765,125.0
129,139,5,125.99297,125.0
129,140,4,121.16891,125.0
129,141,1,121.19601,125.0
129,142,0,123.026634,125.0
129,143,5,124.88911,125.0
129,144,1,128.3999,125.0
129,145,4,124.22145,125.0
129,146,0,123.39968,125.0
129,147,4,118.31711,125.0
129,148,0,122.64443,125.0
129,149,5,119.06722,125.0
129,150,1,116.3032,125.0
129,151,5,126.096794,125.0
129,152,3,123.44451,125.0
129,153,0,124.51291,125.0
129,154,1,121.66744,125.0
129,155,0,125.26521,125.0
129,156,0,123.75599,125.0
129,157,0,128.80157,125.0
129,158,4,122.79072,125.0
129,159,5,130.07439,125.0
129,160,2,128.85376,125.0
129,161,0,127.87423,125.0
129,162,4,126.25866,125.0
129,163,4,124.56218,125.0
129,164,3,121.19434,125.0
129,165,5,127.3382,125.0
129,166,4,134.50223,125.0
129,167,2,137.53043,125.0
129,168,4,138.64182,125.0
129,169,2,134.57541,125.0
129,170,5,133.93443,125.0
129,171,3,126.710754,125.0
129,172,3,132.06268,125.0
129,173,1,125.2721,125.0
129,174,5,132.54279,125.0
129,175,0,135.5357,125.0
129,176,3,124.27985,125.0
129,177,4,124.18388,125.0
129,178,5,125.14654,125.0
129,179,5,119.91416,125.0
129,180,4,121.53403,125.0
129,181,4,122.90031,125.0
129,182,4,120.807556,125.0
129,183,5,113.75713,125.0
129,184,3,112.5098,125.0
129,185,3,112.68981,125.0
129,186,1,121.413086,125.0
129,187,1,113.919975,125.0
129,188,4,124.03089,125.0
129,189,4,117.78658,125.0
129,190,1,101.73933,125.0
129,191,3,107.634285,125.0
129,192,2,118.72646,125.0
129,193,0,122.65653,125.0
129,194,0,125.48626,125.0
129,195,2,126.84864,125.0
129,196,3,126.110435,125.0
129,197,5,130.43164,125.0
129,198,2,128.02118,125.0
129,199,3,128.74161,125.0
129,200,4,126.24342,125.0
129,201,2,128.83472,125.0
129,202,3,121.35722,125.0
129,203,3,129.407,125.0
129,204,1,119.82812,125.0
129,205,2,111.29754,125.0
129,206,5,122.15247,125.0
129,207,0,120.769325,125.0
129,208,4,113.26993,125.0
129,209,5,116.12585,125.0
129,210,0,114.947014,125.0
129,211,3,122.65894,125.0
129,212,0,112.237404,125.0
129,213,1,122.92777,125.0
129,214,3,126.55456,125.0
129,215,5,121.19633,125.0
129,216,5,121.8704,125.0
129,217,5,121.57437,125.0
129,218,3,120.755974,125.0
129,219,4,112.37051,125.0
129,220,0,119.91099,125.0
129,221,5,114.57444,125.0
129,222,0,118.59116,125.0
129,223,1,120.192764,125.0
129,224,5,122.78411,125.0
129,225,3,117.48765,125.0
129,226,1,107.04788,125.0
129,227,4,109.5545,125.0
129,228,4,116.26544,125.0
129,229,2,111.10375,125.0
129,230,2,84.23357,125.0
129,231,4,87.22302,125.0
129,232,5,86.826195,125.0
129,233,0,100.92666,125.0
129,234,4,106.169106,125.0
129,235,2,93.14187,125.0
129,236,3,94.25233,125.0
129,237,2,87.32316,125.0
129,238,0,110.20402,125.0
129,239,2,99.3276,125.0
129,240,3,97.19221,125.0
129,241,4,90.778915,125.0
129,242,5,119.48135,125.0
129,243,3,107.7533,125.0
129,244,1,104.68638,125.0
129,245,3,117.70484,125.0
129,246,0,116.8128,125.0
129,247,5,125.87764,125.0
129,248,2,119.388405,125.0
129,249,4,120.97889,125.0
129,250,5,116.906136,125.0
129,251,3,122.21822,125.0
129,252,0,116.80913,125.0
129,253,5,113.07293,125.0
129,254,0,119.72773,125.0
129,255,2,115.99819,125.0
129,256,5,118.669754,125.0
129,257,5,107.786674,125.0
129,258,4,112.55213,125.0
129,259,5,116.72076,125.0
129,260,4,112.61654,125.0
129,261,0,114.8837,125.0
129,262,1,114.68583,125.0
129,263,3,109.18955,125.0
129,264,4,115.57469,125.0
129,265,3,118.95484,125.0
129,266,1,117.672806,125.0
129,267,5,117.08903,125.0
129,268,2,101.23633,125.0
129,269,4,117.05178,125.0
129,270,2,123.1897,125.0
129,271,5,123.36707,125.0
129,272,2,122.50463,125.0
129,273,1,121.54647,125.0
129,274,1,119.799355,125.0
129,275,5,119.416534,125.0
129,276,5,127.307335,125.0
129,277,5,123.19394,125.0
129,278,4,124.467155,125.0
129,279,2,114.79528,125.0
129,280,5,107.91498,125.0
129,281,0,115.74894,125.0
129,282,2,119.87261,125.0
129,283,0,120.79837,125.0
129,284,2,116.77682,125.0
129,285,1,120.22776,125.0
129,286,2,118.13642,125.0
129,287,0,122.17981,125.0
129,288,4,121.886375,125.0
129,289,0,119.41251,125.0
129,290,5,116.0338,125.0
129,291,3,108.339714,125.0
129,292,5,122.35746,125.0
129,293,2,96.840614,125.0
129,294,5,90.95571,125.0
129,295,5,90.312096,125.0
129,296,2,92.94564,125.0
129,297,5,94.03043,125.0
129,298,3,96.281,125.0
129,299,1,111.84598,125.0
129,300,5,105.72656,125.0
129,301,3,113.909966,125.0
129,302,4,103.43291,125.0
129,303,3,86.806,125.0
129,304,3,75.27691,125.0
129,305,0,89.07502,125.0
129,306,5,76.93602,125.0
129,307,3,84.8175,125.0
129,308,3,82.36402,125.0
129,309,1,76.16223,125.0
129,310,2,98.46334,125.0
129,311,0,91.50383,124.0
129,312,4,97.67044,123.0
129,313,2,101.69335,122.0
129,314,5,94.78508,121.0
129,315,5,90.08015,120.0
130,36,1,127.63566,125.0
130,37,4,124.184395,125.0
130,38,5,118.031746,125.0
130,39,3,118.97813,125.0
130,40,5,116.39342,125.0
130,41,5,114.11439,125.0
130,42,5,112.67811,125.0
130,43,5,106.0447,125.0
130,44,1,119.07061,125.0
130,45,2,120.49682,125.0
130,46,0,115.71021,125.0
130,47,3,119.98554,125.0
130,48,4,124.43546,125.0
130,49,5,118.046135,125.0
130,50,0,119.27259,125.0
130,51,5,119.654526,125.0
130,52,1,123.53948,125.0
130,53,5,128.57886,125.0
130,54,2,128.60405,125.0
130,55,3,128.8106,125.0
130,56,3,128.37564,125.0
130,57,2,125.06184,125.0
130,58,2,131.68405,125.0
130,59,1,124.82723,125.0
130,60,4,120.12479,125.0
130,61,5,134.70108,125.0
130,62,2,127.359726,125.0
130,63,5,121.27244,125.0
130,64,5,119.01302,125.0
130,65,0,110.779076,125.0
130,66,4,122.06865,125.0
130,67,5,116.83318,125.0
130,68,3,129.38928,125.0
130,69,3,126.32955,125.0
130,70,1,126.72399,125.0
130,71,3,120.78204,125.0
130,72,3,127.396935,125.0
130,73,5,125.73049,125.0
130,74,0,126.10032,125.0
130,75,3,119.48658,125.0
130,76,4,125.74323,125.0
130,77,0,115.393234,125.0
130,78,2,121.75742,125.0
130,79,5,124.88799,125.0
130,80,5,118.338875,125.0
130,81,3,121.315315,125.0
130,82,5,124.05835,125.0
130,83,0,124.4056,125.0
130,84,5,121.97994,125.0
130,85,1,128.19437,125.0
130,86,5,121.17892,125.0
130,87,5,121.24743,125.0
130,88,0,118.61315,125.0
130,89,1,115.088554,125.0
130,90,1,113.19393,125.0
130,91,3,120.62666,125.0
130,92,5,111.99715,125.0
130,93,5,113.04897,125.0
130,94,5,110.03612,125.0
130,95,5,92.59835,125.0
130,96,0,96.959785,125.0
130,97,4,101.989525,125.0
130,98,2,112.66043,125.0
130,99,5,113.52882,125.0
130,100,4,111.11004,125.0
130,101,3,108.30804,125.0
130,102,4,106.187454,125.0
130,103,2,114.63058,125.0
130,104,2,108.39618,125.0
130,105,2,102.52691,125.0
130,106,3,118.7431,125.0
130,107,3,97.256966,125.0
131,36,3,112.7707,125.0
131,37,3,112.44166,125.0
131,38,0,121.24771,125.0
131,39,2,120.09597,125.0
131,40,2,113.37778,125.0
131,41,5,115.70374,125.0
131,42,5,113.900764,125.0
131,43,3,111.63018,125.0
131,44,4,119.683784,125.0
131,45,3,123.51737,125.0
131,46,5,117.79507,125.0
131,47,2,100.19136,125.0
131,48,5,109.183525,125.0
131,49,1,109.23515,125.0
131,50,4,94.57015,125.0
131,51,5,121.22356,125.0
131,52,5,110.44128,125.0
131,53,1,107.264854,125.0
131,54,5,110.88331,125.0
131,55,3,110.36184,125.0
131,56,5,104.005516,125.0
131,57,5,106.849304,125.0
131,58,4,99.21053,125.0
131,59,0,111.90601,125.0
131,60,1,107.91964,125.0
131,61,5,105.88747,125.0
131,62,2,116.2721,125.0
131,63,5,113.52405,125.0
131,64,5,107.631676,125.0
131,65,3,113.38671,125.0
131,66,1,121.43351,125.0
131,67,3,123.00927,125.0
131,68,0,119.50973,125.0
131,69,1,114.4797,125.0
131,70,1,106.11639,125.0
131,71,5,109.19145,125.0
131,72,0,115.650566,125.0
131,73,5,122.70304,125.0
131,74,4,123.1135,125.0
131,75,4,126.85832,125.0
131,76,4,126.92888,125.0
131,77,2,126.72138,125.0
131,78,3,128.19255,125.0
131,79,4,129.55109,125.0
131,80,1,123.603546,125.0
131,81,5,131.46797,125.0
131,82,1,125.54121,125.0
131,83,1,126.29483,125.0
131,84,4,129.26724,125.0
131,85,2,117.06881,125.0
131,86,5,123.676186,125.0
131,87,1,118.31046,125.0
131,88,5,123.73957,125.0
131,89,4,124.59046,125.0
131,90,4,120.31867,125.0
131,91,1,120.66012,125.0
131,92,0,122.32493,125.0
131,93,0,127.02512,125.0
131,94,5,123.97669,125.0
131,95,4,126.19779,125.0
131,96,3,126.96801,125.0
131,97,2,121.42344,125.0
131,98,2,126.14305,125.0
131,99,5,119.155235,125.0
131,100,5,119.02277,125.0
131,101,0,105.48855,125.0
131,102,5,108.36196,125.0
131,103,5,102.06833,125.0
131,104,1,113.15739,125.0
131,105,3,117.09847,125.0
131,106,3,121.701775,125.0
131,107,3,118.26913,125.0
131,108,5,116.66842,125.0
131,109,5,83.258705,125.0
131,110,2,92.95635,125.0
131,111,1,113.01662,125.0
131,112,5,124.512726,125.0
131,113,4,114.75327,125.0
131,114,3,117.40737,125.0
131,115,5,114.91512,125.0
131,116,0,120.38874,125.0
131,117,2,117.51774,125.0
131,118,3,121.7751,125.0
131,119,5,113.515434,125.0
131,120,0,124.3243,125.0
131,121,0,115.70852,125.0
131,122,2,111.10166,125.0
131,123,1,114.29212,125.0
131,124,0,120.1979,125.0
131,125,2,119.64388,125.0
131,126,5,122.37034,125.0
131,127,3,121.78927,125.0
131,128,2,125.88229,125.0
131,129,1,120.01336,125.0
131,130,3,122.51523,125.0
131,131,0,128.07442,125.0
131,132,0,125.43604,125.0
131,133,2,114.85248,125.0
131,134,1,111.48873,125.0
131,135,0,102.55535,125.0
131,136,2,107.60601,125.0
131,137,3,112.23385,125.0
131,138,3,122.63768,125.0
131,139,1,116.863594,125.0
131,140,5,123.14606,125.0
131,141,3,121.87049,125.0
131,142,3,120.55128,125.0
131,143,4,122.46931,125.0
131,144,5,120.67083,125.0
131,145,5,113.965355,125.0
131,146,4,121.893295,125.0
131,147,4,118.76995,125.0
131,148,0,121.8124,125.0
131,149,0,119.620895,125.0
131,150,1,112.54212,125.0
131,151,2,107.30367,125.0
131,152,5,105.155685,125.0
131,153,1,102.312675,125.0
131,154,0,101.627754,125.0
131,155,0,101.4519,125.0
131,156,5,93.28311,125.0
131,157,5,79.63055,125.0
131,158,3,90.6771,125.0
131,159,5,92.12092,125.0
131,160,2,93.6402,125.0
131,161,1,102.59899,125.0
131,162,4,103.54809,125.0
131,163,2,100.34195,125.0
131,164,5,104.84394,125.0
131,165,2,113.631424,125.0
131,166,5,118.09658,125.0
131,167,4,124.69691,125.0
131,168,2,121.131485,125.0
131,169,5,117.874596,125.0
131,170,3,120.50488,124.0
131,171,0,121.41137,123.0
131,172,1,104.04287,122.0
131,173,0,115.407936,121.0
131,174,3,115.70814,120.0
131,175,1,117.41955,119.0
131,176,3,114.55975,118.0
131,177,5,122.11915,117.0
131,178,0,125.90681,116.0
131,179,4,115.91193,115.0
131,180,0,115.199585,114.0
131,181,5,116.384285,113.0
131,182,4,127.30314,112.0
131,183,2,108.00144,111.0
131,184,1,112.23369,110.0
131,185,4,109.962364,109.0
131,186,5,104.52483,108.0
131,187,5,116.900826,107.0
131,188,0,119.77006,106.0
131,189,0,123.801414,105.0
131,190,5,119.22245,104.0
131,191,2,116.60978,103.0
131,192,2,114.37951,102.0
131,193,5,118.96104,101.0
132,36,0,121.0201,125.0
132,37,0,114.277275,125.0
132,38,1,103.977974,125.0
132,39,5,103.43452,125.0
132,40,4,113.755684,125.0
132,41,2,124.541725,125.0
132,42,5,116.77325,125.0
132,43,3,117.65734,125.0
132,44,4,121.07522,125.0
132,45,5,116.90584,125.0
132,46,1,119.720604,125.0
132,47,2,115.14068,125.0
132,48,4,119.81846,125.0
132,49,2,118.04812,125.0
132,50,0,118.69761,125.0
132,51,1,121.252785,125.0
132,52,5,121.56398,125.0
132,53,4,114.68755,125.0
132,54,0,120.08431,125.0
132,55,2,126.82603,125.0
132,56,4,123.00288,125.0
132,57,5,126.971504,125.0
132,58,5,120.60737,125.0
132,59,4,119.76904,125.0
132,60,5,118.73678,125.0
132,61,4,112.014565,125.0
132,62,1,118.97743,125.0
132,63,3,122.303764,125.0
132,64,0,128.05852,125.0
132,65,5,129.31082,125.0
132,66,3,116.76641,125.0
132,67,0,120.21112,125.0
132,68,5,122.08898,125.0
132,69,4,121.53309,125.0
132,70,0,122.840126,125.0
132,71,2,132.24089,125.0
132,72,0,131.99298,125.0
132,73,2,123.85643,125.0
132,74,0,113.37321,125.0
132,75,5,117.86672,125.0
132,76,5,116.09151,125.0
132,77,2,117.817604,125.0
132,78,5,113.91265,125.0
132,79,3,120.625084,125.0
132,80,3,114.24241,125.0
132,81,0,104.78224,125.0
132,82,4,109.905876,125.0
132,83,5,105.98942,125.0
132,84,5,111.72312,125.0
132,85,3,105.32688,125.0
132,86,4,103.00452,125.0
132,87,2,114.632484,125.0
132,88,3,111.71415,125.0
132,89,1,116.98671,125.0
132,90,5,122.26617,125.0
132,91,2,116.81462,125.0
132,92,5,117.216774,125.0
132,93,5,109.78506,125.0
132,94,5,101.367226,125.0
132,95,4,103.50159,125.0
132,96,0,110.2573,125.0
132,97,5,95.824425,125.0
132,98,5,95.60078,125.0
132,99,3,107.65975,125.0
132,100,5,104.22127,125.0
132,101,5,109.651924,125.0
132,102,1,102.762856,125.0
132,103,1,112.396385,125.0
132,104,4,116.50364,125.0
132,105,3,116.6045,125.0
132,106,5,114.82572,125.0
132,107,4,123.837746,124.0
132,108,1,111.05919,123.0
132,109,0,112.65855,122.0
132,110,2,113.339714,121.0
132,111,4,116.142685,120.0
132,112,5,119.54133,119.0
132,113,5,105.129074,118.0
132,114,0,104.72908,117.0
132,115,0,97.812584,116.0
133,36,4,102.26643,125.0
133,37,5,108.45667,125.0
133,38,5,103.11977,125.0
133,39,4,117.73284,125.0
133,40,4,120.52158,125.0
133,41,5,107.291,125.0
133,42,0,116.22271,125.0
133,43,3,125.81993,125.0
133,44,3,124.76685,125.0
133,45,3,130.00308,125.0
133,46,1,130.89835,125.0
133,47,2,119.879776,125.0
133,48,0,126.0036,125.0
133,49,2,126.81558,125.0
133,50,3,121.28187,125.0
133,51,5,127.17646,125.0
133,52,0,125.75336,125.0
133,53,2,123.04856,125.0
133,54,3,118.70517,125.0
133,55,3,104.774796,125.0
133,56,2,113.47973,125.0
133,57,3,105.19716,125.0
133,58,3,120.11125,125.0
133,59,3,116.94248,125.0
133,60,4,116.69777,125.0
133,61,5,118.4869,125.0
133,62,2,103.61231,125.0
133,63,0,106.51934,125.0
133,64,2,120.06663,125.0
133,65,2,106.88653,125.0
133,66,3,98.2754,125.0
133,67,5,117.903824,125.0
133,68,5,117.68485,125.0
133,69,5,108.693275,125.0
133,70,2,116.96133,125.0
133,71,0,113.70201,125.0
133,72,2,118.500755,125.0
133,73,2,105.35794,125.0
133,74,5,87.29738,125.0
134,36,1,115.87299,125.0
134,37,3,120.62171,125.0
134,38,2,112.34436,125.0
134,39,0,108.745476,125.0
134,40,0,112.15264,125.0
134,41,2,112.66811,125.0
134,42,5,103.10415,125.0
134,43,4,111.814026,125.0
134,44,0,112.14359,125.0
134,45,5,101.28107,125.0
134,46,5,106.94201,125.0
134,47,5,94.27694,125.0
134,48,0,98.66298,125.0
134,49,3,101.3317,125.0
134,50,1,107.74199,125.0
134,51,2,114.03672,125.0
134,52,1,114.477936,125.0
134,53,2,114.08427,125.0
134,54,5,100.59138,125.0
134,55,5,100.80016,125.0
134,56,0,109.4605,125.0
134,57,2,111.337524,125.0
134,58,0,111.056526,125.0
134,59,5,114.35041,125.0
134,60,0,118.61089,125.0
134,61,5,125.49361,125.0
134,62,5,123.21917,125.0
134,63,3,120.68177,125.0
134,64,5,125.51217,125.0
134,65,1,131.84418,125.0
134,66,4,127.71093,125.0
134,67,4,133.35588,125.0
134,68,2,123.21531,125.0
134,69,3,121.60993,125.0
134,70,1,127.28325,125.0
134,71,3,128.02415,125.0
134,72,5,128.07066,125.0
134,73,2,127.11295,125.0
134,74,3,119.1614,125.0
134,75,5,127.879715,125.0
134,76,5,129.69763,125.0
134,77,4,122.49001,125.0
134,78,4,126.84881,125.0
134,79,3,131.28513,125.0
134,80,0,125.41536,125.0
134,81,5,126.358696,125.0
134,82,2,128.14609,125.0
134,83,5,126.43776,125.0
134,84,0,116.61579,125.0
134,85,1,120.87128,125.0
134,86,2,131.70908,125.0
134,87,2,131.67566,125.0
134,88,1,120.87146,125.0
134,89,3,124.75883,125.0
134,90,4,118.13403,125.0
134,91,3,121.27364,125.0
134,92,5,127.67078,125.0
134,93,1,120.08272,125.0
134,94,1,122.98922,125.0
134,95,1,116.421425,125.0
134,96,2,109.91753,125.0
134,97,2,113.5156,125.0
134,98,0,117.844124,125.0
134,99,1,106.129005,125.0
134,100,5,123.56521,125.0
134,101,1,116.57425,125.0
134,102,2,111.44291,125.0
134,103,0,116.34958,125.0
134,104,2,108.29203,125.0
134,105,2,107.78118,125.0
134,106,2,93.7097,125.0
134,107,5,110.2221,125.0
134,108,3,118.869286,125.0
134,109,5,100.55772,125.0
134,110,3,109.210266,125.0
134,111,1,110.33529,125.0
134,112,3,105.51492,125.0
134,113,1,104.83777,125.0
134,114,5,111.509964,125.0
134,115,4,121.09396,125.0
134,116,5,124.92792,125.0
134,117,1,119.656555,125.0
134,118,5,122.793236,125.0
134,119,1,117.292145,125.0
134,120,2,123.88862,125.0
134,121,5,118.503784,125.0
134,122,0,119.7525,125.0
134,123,2,124.06138,125.0
134,124,2,129.12404,125.0
134,125,1,122.91018,125.0
134,126,3,121.91891,125.0
134,127,1,119.73536,125.0
134,128,4,121.036354,125.0
134,129,2,116.18163,125.0
134,130,2,119.74814,125.0
134,131,3,125.49746,125.0
134,132,5,113.119606,125.0
134,133,4,117.10754,125.0
134,134,5,110.09025,125.0
134,135,5,104.193184,125.0
134,136,0,105.853424,125.0
134,137,3,101.38613,125.0
134,138,1,101.830376,125.0
134,139,2,109.978645,125.0
134,140,3,116.10376,125.0
134,141,4,115.52215,125.0
134,142,3,111.17884,125.0
134,143,0,124.85818,125.0
134,144,2,120.83622,125.0
134,145,4,109.23876,125.0
134,146,0,116.67936,125.0
134,147,2,122.160805,125.0
134,148,3,118.90497,125.0
134,149,1,124.97278,125.0
134,150,4,127.22851,125.0
134,151,3,120.27244,125.0
134,152,2,123.02365,125.0
134,153,2,127.76058,125.0
134,154,2,125.18575,125.0
134,155,1,129.57056,125.0
134,156,5,125.89501,125.0
134,157,3,129.32556,125.0
134,158,0,121.63418,125.0
134,159,5,120.53952,125.0
134,160,0,125.604256,125.0
134,161,5,126.08852,125.0
134,162,1,120.37219,125.0
134,163,4,122.72129,125.0
134,164,3,124.68121,125.0
134,165,5,121.025856,125.0
134,166,5,131.04077,125.0
134,167,1,125.729225,125.0
134,168,2,126.26533,125.0
134,169,2,117.813866,125.0
134,170,5,105.85305,125.0
134,171,5,99.672485,125.0
134,172,3,92.041306,125.0
134,173,3,93.246056,125.0
134,174,0,89.04313,125.0
134,175,1,93.39535,125.0
134,176,3,99.2118,125.0
134,177,4,104.63975,125.0
134,178,4,77.03316,124.0
134,179,5,85.49148,123.0
134,180,1,81.7344,122.0
134,181,2,81.284874,121.0
134,182,2,81.04882,120.0
134,183,5,71.103935,119.0
134,184,3,81.51429,118.0
134,185,5,80.30326,117.0
134,186,5,98.82783,116.0
134,187,4,92.57603,115.0
134,188,3,88.41766,114.0
134,189,0,95.835915,113.0
134,190,3,104.17635,112.0
134,191,4,97.18516,111.0
134,192,3,76.779305,110.0
134,193,2,94.39922,109.0
134,194,3,102.25796,108.0
134,195,1,108.205605,107.0
134,196,2,100.912285,106.0
134,197,4,91.41782,105.0
134,198,0,101.80012,104.0
134,199,2,111.847145,103.0
134,200,4,106.351814,102.0
134,201,1,120.78384,101.0
134,202,0,108.365074,100.0
134,203,0,116.109024,99.0
134,204,5,100.661255,98.0
134,205,3,95.86241,97.0
134,206,1,108.286354,96.0
134,207,4,97.164894,95.0
134,208,4,88.344154,94.0
134,209,3,96.771904,93.0
134,210,1,101.53788,92.0
134,211,0,99.87205,91.0
134,212,5,94.1084,90.0
134,213,5,97.198524,89.0
134,214,3,95.63805,88.0
134,215,3,92.38921,87.0
134,216,0,94.47904,86.0
134,217,0,85.05166,85.0
134,218,2,87.073555,84.0
134,219,0,84.30227,83.0
134,220,2,81.07847,82.0
134,221,0,90.30643,81.0
134,222,1,80.8192,80.0
134,223,5,83.75793,79.0
134,224,5,88.531746,78.0
134,225,5,72.93207,77.0
134,226,1,87.71162,76.0
134,227,2,82.12845,75.0
134,228,5,65.17507,74.0
134,229,5,65.93357,73.0
134,230,5,74.13497,72.0
134,231,0,73.85672,71.0
134,232,5,72.069176,70.0
134,233,5,65.0514,69.0
134,234,0,63.28022,68.0
134,235,5,52.574577,67.0
134,236,5,51.724197,66.0
134,237,3,54.951942,65.0
134,238,1,56.88527,64.0
134,239,0,57.986523,63.0
134,240,5,48.665215,62.0
134,241,4,49.31138,61.0
134,242,5,46.66566,60.0
134,243,1,50.244293,59.0
134,244,5,49.000618,58.0
134,245,2,53.48812,57.0
134,246,0,47.08402,56.0
134,247,2,40.482315,55.0
134,248,2,42.577873,54.0
134,249,2,47.69832,53.0
134,250,5,46.866806,52.0
134,251,3,46.960686,51.0
134,252,1,46.394238,50.0
134,253,1,39.12864,49.0
134,254,5,46.85367,48.0
134,255,5,42.10061,47.0
134,256,5,38.650387,46.0
134,257,1,40.979736,45.0
134,258,1,30.361414,44.0
134,259,0,33.89366,43.0
134,260,1,32.9445,42.0
134,261,5,43.23439,41.0
134,262,5,34.86712,40.0
134,263,4,24.44924,39.0
134,264,0,23.961908,38.0
134,265,5,25.710585,37.0
134,266,5,34.35029,36.0
135,36,3,138.49132,125.0
135,37,3,134.50728,125.0
135,38,0,121.49002,125.0
135,39,4,121.64596,125.0
135,40,3,125.98437,125.0
135,41,5,119.57284,125.0
135,42,0,123.98004,125.0
135,43,4,130.523,125.0
135,44,5,115.3268,125.0
135,45,4,129.6097,125.0
135,46,2,123.82719,125.0
135,47,0,125.21215,125.0
135,48,5,121.2866,125.0
135,49,0,123.868675,125.0
135,50,2,122.945366,125.0
135,51,2,129.7031,125.0
135,52,5,121.81795,125.0
135,53,2,126.22498,125.0
135,54,3,113.51702,125.0
135,55,5,121.56204,125.0
135,56,5,113.25236,125.0
135,57,4,124.93382,125.0
135,58,4,114.25411,125.0
135,59,1,123.169716,125.0
135,60,4,119.63592,125.0
135,61,5,115.177376,125.0
135,62,4,113.29339,125.0
135,63,5,106.55117,125.0
135,64,5,107.276634,125.0
135,65,1,128.61728,125.0
135,66,4,107.46949,125.0
135,67,1,108.80508,125.0
135,68,3,116.88578,125.0
135,69,5,122.66818,125.0
135,70,5,120.96758,125.0
135,71,5,127.6985,125.0
135,72,2,127.5684,125.0
135,73,3,129.8548,125.0
135,74,5,128.56119,125.0
135,75,4,128.2555,125.0
135,76,5,132.27112,125.0
135,77,3,131.70848,125.0
135,78,5,120.1632,125.0
135,79,1,119.53625,125.0
135,80,2,114.93997,125.0
135,81,0,124.73614,125.0
135,82,5,126.81979,125.0
135,83,3,120.74309,125.0
135,84,3,129.41653,125.0
135,85,4,119.956024,125.0
135,86,1,123.34746,125.0
135,87,5,124.10662,125.0
135,88,5,124.96587,125.0
135,89,5,120.49148,125.0
135,90,2,124.71176,125.0
135,91,0,112.43943,125.0
135,92,4,115.82234,125.0
135,93,2,131.82047,125.0
135,94,0,122.921364,125.0
135,95,4,129.09726,125.0
135,96,2,119.56977,125.0
135,97,2,111.17877,125.0
135,98,3,116.681305,125.0
135,99,3,129.01456,125.0
135,100,1,127.69713,125.0
135,101,5,124.47457,125.0
135,102,0,119.96681,125.0
135,103,1,116.871346,125.0
135,104,1,106.08977,125.0
135,105,2,115.217674,125.0
135,106,2,113.559975,125.0
135,107,5,120.885315,125.0
135,108,1,117.915306,125.0
135,109,0,122.50163,125.0
135,110,5,118.530045,125.0
135,111,5,126.474884,125.0
135,112,3,126.54241,125.0
135,113,2,120.28039,125.0
135,114,0,121.88116,125.0
135,115,2,127.828316,125.0
135,116,3,123.14584,125.0
135,117,2,131.01254,125.0
135,118,5,119.04784,125.0
135,119,2,116.660286,125.0
135,120,3,116.14915,125.0
135,121,2,121.81282,125.0
135,122,2,119.02443,125.0
135,123,4,108.244026,125.0
135,124,5,121.170135,125.0
135,125,2,120.12031,125.0
135,126,4,121.69201,125.0
135,127,0,115.510475,125.0
135,128,5,115.87028,125.0
135,129,2,119.82506,125.0
135,130,1,129.48112,125.0
135,131,2,124.462135,125.0
135,132,2,123.22959,125.0
135,133,1,114.45995,125.0
135,134,5,128.93378,125.0
135,135,0,129.51686,125.0
135,136,1,128.27905,125.0
135,137,4,127.31835,125.0
135,138,4,134.69394,125.0
135,139,5,130.7481,125.0
135,140,3,135.42932,125.0
135,141,1,138.24232,125.0
135,142,2,128.1159,125.0
135,143,5,125.45864,125.0
135,144,4,122.414085,125.0
135,145,2,122.19693,125.0
135,146,3,122.658325,125.0
135,147,1,122.61924,125.0
135,148,3,119.93867,125.0
135,149,2,122.34579,125.0
135,150,5,122.436,125.0
135,151,0,122.52863,125.0
135,152,5,119.25468,125.0
135,153,5,122.67602,125.0
135,154,4,125.507355,125.0
135,155,1,122.3794,125.0
135,156,1,115.0012,125.0
135,157,5,118.66839,125.0
135,158,5,124.07521,125.0
135,159,2,122.47708,125.0
135,160,0,123.99364,125.0
135,161,5,128.45671,125.0
135,162,0,127.46714,125.0
135,163,5,126.75036,125.0
135,164,1,124.88642,125.0
135,165,1,127.44189,125.0
135,166,5,121.42222,125.0
135,167,0,123.272766,125.0
135,168,3,128.67365,125.0
135,169,3,123.8119,125.0
135,170,1,124.121025,125.0
135,171,4,124.53156,125.0
135,172,5,121.3341,125.0
135,173,5,125.00886,125.0
135,174,3,117.51527,125.0
135,175,1,110.95762,125.0
135,176,0,121.05779,125.0
135,177,4,108.26124,125.0
135,178,5,116.076515,125.0
135,179,2,118.1126,125.0
135,180,1,108.32586,125.0
135,181,3,118.93383,125.0
135,182,1,118.23849,125.0
135,183,0,102.471085,125.0
135,184,0,90.02357,125.0
135,185,0,101.36445,125.0
135,186,4,95.680534,125.0
135,187,1,90.8731,125.0
135,188,5,97.0243,125.0
135,189,4,100.985275,125.0
135,190,2,106.34809,125.0
135,191,5,116.513435,125.0
135,192,3,102.160286,125.0
135,193,5,120.49692,125.0
135,194,3,109.844124,125.0
135,195,3,119.46346,125.0
135,196,0,123.42204,125.0
135,197,3,121.826866,125.0
135,198,0,125.82033,125.0
135,199,5,119.74369,125.0
135,200,1,128.25668,125.0
135,201,3,132.39468,125.0
135,202,1,135.51155,125.0
135,203,5,131.49341,125.0
135,204,5,125.94138,125.0
135,205,5,124.04484,125.0
135,206,1,127.76648,125.0
135,207,1,130.81413,125.0
135,208,3,122.98356,125.0
135,209,5,124.38116,125.0
135,210,5,117.37832,125.0
135,211,1,122.14736,125.0
135,212,0,122.26377,125.0
135,213,5,122.15696,125.0
135,214,0,121.259544,125.0
135,215,5,120.28866,125.0
135,216,2,107.9925,125.0
135,217,1,118.17545,125.0
135,218,4,114.22847,125.0
135,219,0,117.164345,125.0
135,220,4,121.13563,125.0
135,221,4,115.40815,125.0
135,222,5,110.39861,125.0
135,223,1,94.526024,125.0
135,224,1,94.27082,125.0
135,225,5,104.23501,125.0
135,226,4,80.588234,125.0
135,227,5,81.924805,125.0
135,228,4,73.270546,125.0
135,229,0,83.25288,125.0
135,230,0,113.688515,125.0
135,231,2,105.74986,125.0
135,232,4,107.07142,125.0
135,233,4,98.45124,125.0
135,234,0,115.57221,125.0
135,235,3,122.409386,125.0
135,236,3,120.543686,125.0
135,237,4,117.98408,125.0
135,238,5,115.52936,125.0
135,239,1,123.42257,125.0
135,240,0,124.93635,125.0
135,241,4,121.5763,125.0
135,242,2,121.06689,125.0
135,243,1,109.121284,125.0
135,244,2,111.912445,125.0
135,245,2,119.9582,125.0
135,246,0,125.88865,125.0
135,247,5,128.28058,125.0
135,248,4,122.00549,125.0
135,249,2,130.6597,125.0
135,250,5,127.11422,125.0
135,251,0,123.00495,125.0
135,252,3,115.21657,125.0
135,253,5,116.079,125.0
135,254,2,127.51115,125.0
135,255,2,124.92827,125.0
135,256,0,119.800804,125.0
135,257,5,117.88429,125.0
135,258,2,121.51443,125.0
135,259,2,117.939125,125.0
135,260,0,112.50657,125.0
135,261,5,96.594696,125.0
135,262,5,94.56408,125.0
135,263,5,66.84304,125.0
135,264,4,120.87413,125.0
135,265,2,114.68901,125.0
135,266,5,95.71007,125.0
135,267,4,114.98733,125.0
135,268,0,120.59298,125.0
135,269,1,129.28334,125.0
135,270,5,123.46584,125.0
135,271,4,129.18388,125.0
135,272,5,122.73391,125.0
135,273,3,127.14703,125.0
135,274,3,121.15606,125.0
135,275,3,125.355095,125.0
135,276,2,114.21064,125.0
135,277,2,113.74799,125.0
135,278,2,104.514885,125.0
135,279,3,100.47898,125.0
135,280,3,121.102486,125.0
135,281,0,107.01411,125.0
135,282,4,114.25948,125.0
135,283,3,111.80796,125.0
135,284,1,99.5445,125.0
135,285,1,67.69355,125.0
135,286,3,66.447365,125.0
135,287,1,47.848335,125.0
135,288,2,55.28511,125.0
135,289,4,29.741726,125.0
135,290,1,36.27122,125.0
135,291,1,38.49732,125.0
135,292,1,25.684101,125.0
135,293,0,38.70343,125.0
135,294,3,51.83169,125.0
135,295,0,78.42701,125.0
135,296,4,75.46397,125.0
135,297,4,65.32728,125.0
135,298,5,94.20083,125.0
135,299,2,100.818344,125.0
135,300,2,85.96454,125.0
135,301,0,96.863075,125.0
135,302,3,104.397255,125.0
135,303,5,109.60938,125.0
135,304,1,103.911255,125.0
135,305,1,95.16082,125.0
135,306,5,91.6648,125.0
135,307,4,92.97367,125.0
135,308,0,95.59855,125.0
135,309,4,101.974174,125.0
135,310,2,106.58608,125.0
135,311,3,101.04844,125.0
135,312,5,101.30105,125.0
135,313,1,102.96712,125.0
135,314,4,110.095825,125.0
135,315,1,110.551186,125.0
135,316,5,107.29336,125.0
135,317,2,108.24816,125.0
135,318,2,102.71703,124.0
135,319,5,88.333786,123.0
135,320,4,97.305214,122.0
135,321,0,110.41412,121.0
135,322,2,110.42865,120.0
135,323,1,113.2772,119.0
135,324,5,102.38621,118.0
135,325,5,96.79302,117.0
135,326,3,96.29516,116.0
135,327,3,94.84216,115.0
135,328,0,96.28241,114.0
135,329,2,95.28532,113.0
135,330,5,98.92581,112.0
135,331,3,97.61678,111.0
135,332,4,94.34068,110.0
135,333,4,67.255394,109.0
135,334,0,73.44151,108.0
135,335,1,71.36536,107.0
135,336,5,76.37098,106.0
135,337,5,76.808,105.0
135,338,4,91.376785,104.0
135,339,4,80.7333,103.0
135,340,5,82.772514,102.0
135,341,0,85.03191,101.0
135,342,4,78.59973,100.0
135,343,0,84.60975,99.0
135,344,1,68.775185,98.0
135,345,5,73.66956,97.0
135,346,4,75.70144,96.0
135,347,2,71.71783,95.0
135,348,2,75.06484,94.0
135,349,1,67.149315,93.0
135,350,1,64.149734,92.0
135,351,5,68.88654,91.0
135,352,3,69.58402,90.0
135,353,3,81.366356,89.0
135,354,5,72.09228,88.0
135,355,3,69.116646,87.0
135,356,0,71.57287,86.0
135,357,3,65.36426,85.0
135,358,3,58.94586,84.0
135,359,3,62.736633,83.0
135,360,2,82.09936,82.0
135,361,2,93.70631,81.0
135,362,4,103.05837,80.0
135,363,1,87.04593,79.0
135,364,0,97.18816,78.0
135,365,5,89.66393,77.0
135,366,5,64.52277,76.0
135,367,3,69.01354,75.0
135,368,2,82.1263,74.0
135,369,4,71.628044,73.0
135,370,3,74.9069,72.0
135,371,2,80.00448,71.0
135,372,5,97.66834,70.0
135,373,0,85.05832,69.0
135,374,4,78.89521,68.0
135,375,2,71.06666,67.0
135,376,0,74.182686,66.0
135,377,5,80.25347,65.0
135,378,0,83.22498,64.0
135,379,5,75.96589,63.0
135,380,2,64.845276,62.0
135,381,4,68.30639,61.0
135,382,3,67.494194,60.0
135,383,0,54.20537,59.0
135,384,5,62.191513,58.0
135,385,5,54.09425,57.0
135,386,4,50.243683,56.0
135,387,2,38.34223,55.0
135,388,5,44.96401,54.0
135,389,0,46.236298,53.0
135,390,5,41.296547,52.0
135,391,1,44.91523,51.0
135,392,3,49.907112,50.0
135,393,4,39.866207,49.0
135,394,5,40.756863,48.0
135,395,0,38.71756,47.0
135,396,2,39.171402,46.0
135,397,3,34.540848,45.0
135,398,5,36.021576,44.0
135,399,5,37.090267,43.0
135,400,4,31.149107,42.0
135,401,5,28.791151,41.0
135,402,5,35.10309,40.0
135,403,3,37.01728,39.0
135,404,5,35.662437,38.0
135,405,4,30.010752,37.0
135,406,3,29.184235,36.0
135,407,5,35.532143,35.0
135,408,5,34.11622,34.0
135,409,5,31.627174,33.0
135,410,0,35.425636,32.0
135,411,3,24.125946,31.0
135,412,5,21.027315,30.0
135,413,4,18.734367,29.0
135,414,4,19.510534,28.0
135,415,2,25.539438,27.0
135,416,4,24.568449,26.0
135,417,2,26.36862,25.0
135,418,4,23.674713,24.0
135,419,5,21.465757,23.0
135,420,3,19.371363,22.0
135,421,1,19.013945,21.0
135,422,5,13.007822,20.0
135,423,5,13.073637,19.0
135,424,1,16.847492,18.0
135,425,1,12.92153,17.0
135,426,4,11.314701,16.0
135,427,1,12.059449,15.0
135,428,4,13.472322,14.0
135,429,3,14.126802,13.0
135,430,5,14.2289715,12.0
135,431,5,17.576063,11.0
135,432,0,13.005804,10.0
135,433,3,11.286947,9.0
135,434,5,17.35043,8.0
135,435,2,15.204241,7.0
136,36,3,122.863655,125.0
136,37,2,114.55926,125.0
136,38,1,96.40566,125.0
136,39,4,104.62828,125.0
136,40,4,107.9688,125.0
136,41,4,120.07595,125.0
136,42,4,104.89252,125.0
136,43,3,90.73448,125.0
136,44,4,85.48612,125.0
136,45,0,119.32093,125.0
136,46,0,117.69956,125.0
136,47,2,121.02804,125.0
136,48,3,116.30954,125.0
136,49,1,120.658905,125.0
136,50,5,113.01064,125.0
136,51,0,108.39323,125.0
136,52,1,104.06594,125.0
136,53,5,118.378654,125.0
136,54,3,128.02847,124.0
136,55,0,119.24903,123.0
136,56,5,113.844284,122.0
137,36,5,121.035355,125.0
137,37,3,127.92366,125.0
137,38,0,116.13166,125.0
137,39,2,113.28432,125.0
137,40,0,98.94355,125.0
137,41,2,78.72527,125.0
137,42,0,75.876785,125.0
137,43,5,86.26749,125.0
137,44,2,76.412865,125.0
137,45,5,79.50654,125.0
137,46,5,82.80736,125.0
137,47,5,56.396618,125.0
137,48,2,70.99126,125.0
137,49,1,114.54732,125.0
137,50,0,104.97194,125.0
137,51,4,126.297585,125.0
137,52,2,120.24326,125.0
137,53,1,123.173744,125.0
137,54,5,118.51265,125.0
137,55,2,115.48203,125.0
137,56,1,115.20553,125.0
137,57,5,122.727135,125.0
137,58,1,124.32122,125.0
137,59,5,106.034325,125.0
137,60,2,105.697334,125.0
137,61,1,117.334236,125.0
137,62,3,114.7549,125.0
137,63,2,119.08755,125.0
137,64,5,123.46145,125.0
137,65,2,113.27096,125.0
137,66,3,124.553055,125.0
137,67,3,123.492836,125.0
137,68,0,122.500465,125.0
137,69,5,121.93174,125.0
137,70,1,133.57437,125.0
137,71,1,124.00846,125.0
137,72,3,125.96989,125.0
137,73,4,122.63855,125.0
137,74,0,122.33311,125.0
137,75,1,126.537834,125.0
137,76,4,120.57705,125.0
137,77,2,125.932144,125.0
137,78,1,123.42775,125.0
137,79,2,122.8658,125.0
137,80,2,123.43821,125.0
137,81,1,117.375496,125.0
137,82,1,118.84145,125.0
137,83,0,124.809135,125.0
137,84,2,126.92458,125.0
137,85,0,124.76826,125.0
137,86,0,111.63768,125.0
137,87,2,122.49545,125.0
137,88,5,119.71842,125.0
137,89,3,121.30168,125.0
137,90,3,119.7149,125.0
137,91,1,118.9596,125.0
137,92,3,122.28358,125.0
137,93,4,123.35415,125.0
137,94,0,118.58079,125.0
137,95,3,120.5568,125.0
137,96,1,125.56694,125.0
137,97,5,123.28982,125.0
137,98,2,113.850685,125.0
137,99,0,122.23543,125.0
137,100,0,121.19808,125.0
137,101,5,114.06639,125.0
137,102,5,117.0562,125.0
137,103,2,112.81972,125.0
137,104,5,94.74429,125.0
137,105,0,55.967316,125.0
137,106,0,78.74491,125.0
137,107,4,101.46853,125.0
137,108,0,84.886116,125.0
137,109,1,104.40398,125.0
137,110,5,100.95639,125.0
137,111,3,95.18307,125.0
137,112,1,101.06234,125.0
137,113,0,112.44064,125.0
137,114,5,113.217445,125.0
137,115,3,117.52688,125.0
137,116,4,132.29059,125.0
137,117,5,119.32446,125.0
137,118,4,113.71375,125.0
137,119,3,119.80233,125.0
137,120,5,115.251915,125.0
137,121,2,119.99245,125.0
137,122,4,120.08014,125.0
137,123,3,109.56824,125.0
137,124,0,113.556694,125.0
137,125,5,107.37952,125.0
137,126,0,113.81707,125.0
137,127,5,118.470665,125.0
137,128,5,113.10743,125.0
137,129,2,122.48814,125.0
137,130,2,121.226494,125.0
137,131,5,121.734924,125.0
137,132,5,125.794525,125.0
137,133,5,117.06217,125.0
137,134,3,115.395706,125.0
137,135,0,123.34724,125.0
137,136,5,113.86376,125.0
137,137,3,121.077065,125.0
137,138,4,117.25533,125.0
137,139,2,122.02507,125.0
137,140,3,119.98443,125.0
137,141,4,115.48901,125.0
137,142,4,118.95759,125.0
137,143,1,117.19854,125.0
137,144,0,117.02203,125.0
137,145,5,127.26996,125.0
137,146,5,119.83797,125.0
137,147,4,121.11451,125.0
137,148,3,104.69285,125.0
137,149,5,99.93122,125.0
137,150,4,100.24204,125.0
137,151,4,94.76118,125.0
137,152,3,105.44428,125.0
137,153,5,117.328316,125.0
137,154,3,128.11142,125.0
137,155,0,127.26481,125.0
137,156,5,129.82889,125.0
137,157,5,127.175476,125.0
137,158,2,130.7539,125.0
137,159,0,126.22747,125.0
137,160,4,131.47653,125.0
137,161,2,128.69875,125.0
137,162,3,127.8015,125.0
137,163,2,133.14046,125.0
137,164,2,130.32394,125.0
137,165,2,129.54352,125.0
137,166,4,119.48411,125.0
137,167,1,122.83538,125.0
137,168,1,120.860634,125.0
137,169,3,130.06015,125.0
137,170,5,122.64377,125.0
137,171,0,123.39234,125.0
137,172,1,122.619385,125.0
137,173,1,121.12913,125.0
137,174,4,121.3642,125.0
137,175,4,129.18329,125.0
137,176,0,126.64828,125.0
137,177,3,130.38881,125.0
137,178,4,113.2703,125.0
137,179,5,126.72384,125.0
137,180,5,116.96334,125.0
137,181,1,115.75349,125.0
137,182,1,106.95854,125.0
137,183,1,95.33219,125.0
137,184,1,77.774345,125.0
137,185,0,85.62914,125.0
137,186,4,91.959305,125.0
137,187,5,91.991684,125.0
137,188,2,104.923775,125.0
137,189,5,119.371445,125.0
137,190,5,115.18505,125.0
137,191,3,111.59455,125.0
137,192,3,123.32248,125.0
137,193,0,118.930305,125.0
137,194,5,111.472404,125.0
137,195,4,118.139244,125.0
137,196,4,113.53933,125.0
137,197,5,107.08489,125.0
137,198,2,121.37357,125.0
137,199,0,128.80302,125.0
137,200,0,108.25067,125.0
137,201,0,104.87241,125.0
137,202,0,111.65008,125.0
137,203,2,113.972824,125.0
137,204,0,112.4291,125.0
137,205,2,106.10302,125.0
137,206,5,102.56452,125.0
137,207,0,79.865685,125.0
137,208,5,84.00294,125.0
137,209,4,101.6166,125.0
137,210,1,115.24258,125.0
137,211,4,118.97398,125.0
137,212,0,123.53817,125.0
137,213,1,116.35442,125.0
137,214,2,122.48003,125.0
137,215,3,117.663635,125.0
137,216,2,125.45902,125.0
137,217,5,117.60285,125.0
137,218,2,122.51584,125.0
137,219,0,125.93883,125.0
137,220,5,126.330956,125.0
137,221,5,125.73069,125.0
137,222,0,125.07576,125.0
137,223,5,119.248604,125.0
137,224,5,129.63478,125.0
137,225,0,115.04154,125.0
137,226,4,126.41761,125.0
137,227,0,125.49352,125.0
137,228,3,130.78583,125.0
137,229,1,127.989265,125.0
137,230,5,129.1935,125.0
137,231,3,125.92899,125.0
137,232,1,128.03462,125.0
137,233,4,117.73498,125.0
137,234,2,118.09397,125.0
137,235,0,114.41035,125.0
137,236,3,124.94744,125.0
137,237,2,125.0462,125.0
137,238,0,110.82263,125.0
137,239,1,116.827736,125.0
137,240,5,122.637024,125.0
137,241,3,117.87301,125.0
137,242,3,120.49872,125.0
137,243,2,109.20181,125.0
137,244,1,121.35583,125.0
137,245,2,121.98446,125.0
137,246,4,122.78559,125.0
137,247,3,118.256165,125.0
137,248,4,104.35839,125.0
137,249,4,101.32073,125.0
137,250,3,95.97465,125.0
137,251,5,120.64829,125.0
137,252,5,110.798546,125.0
137,253,5,121.50924,125.0
137,254,1,114.41862,125.0
137,255,0,125.406685,125.0
137,256,1,124.38084,125.0
137,257,3,127.57599,125.0
137,258,0,127.03183,125.0
137,259,4,125.798706,125.0
137,260,5,119.57827,125.0
137,261,1,120.34313,125.0
137,262,1,114.36338,125.0
137,263,5,126.78054,125.0
137,264,4,121.55081,125.0
137,265,2,117.42482,125.0
137,266,2,115.16309,125.0
137,267,5,106.81535,125.0
137,268,5,113.036354,125.0
137,269,3,96.63219,125.0
137,270,5,97.676315,125.0
137,271,5,106.78823,125.0
137,272,5,95.95864,125.0
137,273,4,96.867874,125.0
137,274,1,103.426216,125.0
137,275,1,96.2136,125.0
137,276,2,114.66706,125.0
137,277,5,104.762764,125.0
137,278,3,108.14113,125.0
137,279,0,112.713295,125.0
137,280,4,110.49187,125.0
137,281,2,115.33328,125.0
137,282,5,117.636925,125.0
137,283,1,126.72139,125.0
137,284,0,128.58972,125.0
137,285,1,122.564415,125.0
137,286,2,117.73876,125.0
137,287,5,97.21403,125.0
137,288,5,96.39535,125.0
137,289,1,100.65937,125.0
137,290,4,117.94098,125.0
137,291,5,103.813896,125.0
138,36,4,126.04435,125.0
138,37,1,123.17488,125.0
138,38,2,125.3392,125.0
138,39,5,123.34046,125.0
138,40,1,124.01754,125.0
138,41,4,122.839874,125.0
138,42,1,122.41169,125.0
138,43,5,124.7938,125.0
138,44,3,125.736565,125.0
138,45,5,129.36116,125.0
138,46,4,129.43082,125.0
138,47,2,130.95293,125.0
138,48,1,128.51143,125.0
138,49,5,120.228615,125.0
138,50,1,122.54308,125.0
138,51,0,126.38814,125.0
138,52,2,126.53344,125.0
138,53,3,130.62286,125.0
138,54,5,124.912865,125.0
138,55,1,122.591286,125.0
138,56,5,127.74829,125.0
138,57,4,116.41344,125.0
138,58,4,118.64781,125.0
138,59,3,118.5618,125.0
138,60,3,130.47475,125.0
138,61,1,132.8576,125.0
138,62,4,119.71493,125.0
138,63,2,119.77824,125.0
138,64,1,120.11732,125.0
138,65,0,116.6072,125.0
138,66,5,116.35229,125.0
138,67,5,116.51692,125.0
138,68,2,114.94892,125.0
138,69,1,120.981,125.0
138,70,2,116.822075,125.0
138,71,3,110.46366,125.0
138,72,2,123.99554,125.0
138,73,2,125.31371,125.0
138,74,2,118.46865,125.0
138,75,2,120.345894,125.0
138,76,0,120.68145,125.0
138,77,1,126.58909,125.0
138,78,4,122.404236,125.0
138,79,2,114.86666,125.0
138,80,0,114.22123,125.0
138,81,2,122.519005,125.0
138,82,3,122.802666,125.0
138,83,4,111.48562,125.0
138,84,0,102.59724,125.0
138,85,2,104.46004,125.0
138,86,0,104.976814,125.0
138,87,2,107.59046,125.0
138,88,1,111.700356,125.0
138,89,5,114.89156,125.0
138,90,0,117.696434,125.0
138,91,5,110.767265,125.0
138,92,5,105.507164,125.0
138,93,1,116.452446,125.0
138,94,3,122.38764,125.0
138,95,0,112.05924,125.0
138,96,1,119.41498,125.0
138,97,3,111.62075,125.0
138,98,0,111.8225,125.0
138,99,2,121.49886,125.0
138,100,2,123.58266,125.0
138,101,5,119.914406,125.0
138,102,2,120.45367,125.0
138,103,2,121.812035,125.0
138,104,3,123.892204,125.0
138,105,4,116.9214,125.0
138,106,4,122.87484,125.0
138,107,0,124.673195,125.0
138,108,3,123.64981,125.0
138,109,5,123.306076,125.0
138,110,3,121.07557,125.0
138,111,5,117.58851,125.0
138,112,4,114.849174,125.0
138,113,0,113.804146,125.0
138,114,0,102.16833,125.0
138,115,1,123.34327,125.0
138,116,5,114.852425,125.0
138,117,5,110.9159,125.0
138,118,5,109.88623,125.0
138,119,5,113.805305,125.0
138,120,4,116.379585,125.0
138,121,1,110.887505,125.0
138,122,4,103.68963,125.0
138,123,1,111.53217,125.0
138,124,5,98.70698,125.0
138,125,5,115.50348,125.0
138,126,3,117.52837,125.0
138,127,3,110.019615,125.0
138,128,4,119.051575,125.0
138,129,3,112.34498,125.0
138,130,4,109.04823,125.0
138,131,3,108.335945,125.0
138,132,1,97.73538,125.0
138,133,3,102.27874,125.0
138,134,5,109.56796,125.0
138,135,4,111.186676,125.0
138,136,0,127.321556,125.0
138,137,5,126.57185,125.0
138,138,1,117.20461,125.0
138,139,0,113.34965,125.0
138,140,2,111.677666,125.0
138,141,1,113.9286,125.0
138,142,4,127.613396,125.0
138,143,0,125.206566,125.0
138,144,4,124.374,125.0
138,145,4,122.14526,125.0
138,146,1,119.511536,125.0
138,147,3,127.29798,125.0
138,148,2,112.167595,125.0
138,149,2,118.70834,125.0
138,150,3,121.180374,125.0
138,151,2,106.50515,125.0
138,152,2,106.290886,125.0
138,153,3,101.22818,125.0
138,154,3,120.10048,125.0
138,155,3,125.03147,125.0
138,156,2,118.572395,125.0
138,157,5,127.42075,125.0
138,158,3,116.9284,125.0
138,159,1,115.00072,125.0
138,160,3,130.11276,125.0
138,161,2,127.81582,125.0
138,162,4,126.94155,125.0
138,163,5,121.67562,125.0
138,164,1,125.1476,125.0
138,165,5,126.01806,125.0
138,166,0,114.211784,125.0
138,167,1,118.005554,125.0
138,168,2,119.818726,125.0
138,169,3,123.60093,125.0
138,170,5,125.63624,125.0
138,171,1,122.67135,125.0
138,172,4,118.66352,125.0
138,173,3,116.450325,125.0
138,174,3,104.77325,125.0
138,175,2,100.24845,125.0
138,176,3,112.8792,125.0
138,177,1,93.483315,125.0
138,178,3,96.61259,125.0
138,179,4,97.31008,125.0
138,180,3,91.21679,125.0
138,181,5,99.12415,125.0
138,182,1,94.18009,125.0
138,183,5,85.39202,125.0
138,184,4,84.1921,125.0
138,185,2,103.751595,125.0
138,186,1,112.014725,125.0
138,187,1,108.68523,125.0
138,188,4,106.98556,125.0
138,189,1,105.00065,125.0
138,190,1,101.15229,125.0
138,191,2,99.116264,125.0
138,192,5,109.3772,125.0
138,193,4,99.881294,125.0
138,194,2,101.77793,125.0
138,195,1,109.93874,125.0
138,196,0,110.13321,125.0
138,197,5,115.241264,125.0
138,198,1,108.318665,125.0
138,199,1,108.86473,125.0
138,200,2,97.763466,125.0
138,201,0,96.739586,125.0
138,202,4,88.497536,125.0
138,203,4,62.64765,124.0
138,204,3,86.85362,123.0
138,205,4,92.65218,122.0
138,206,2,78.24723,121.0
138,207,2,88.13782,120.0
138,208,1,98.867744,119.0
138,209,4,95.70989,118.0
138,210,3,97.581795,117.0
138,211,5,110.52262,116.0
138,212,2,117.09027,115.0
138,213,5,111.778336,114.0
138,214,5,120.15909,113.0
138,215,0,118.91664,112.0
138,216,5,119.76012,111.0
138,217,0,92.07459,110.0
138,218,4,119.97764,109.0
138,219,1,120.30902,108.0
138,220,3,107.78559,107.0
138,221,2,104.62203,106.0
138,222,2,109.93737,105.0
138,223,5,115.4281,104.0
138,224,0,117.76353,103.0
138,225,3,116.12385,102.0
138,226,0,108.02421,101.0
138,227,2,106.31449,100.0
138,228,4,108.17211,99.0
138,229,5,99.52811,98.0
138,230,5,101.21398,97.0
138,231,4,111.914734,96.0
138,232,1,112.89574,95.0
138,233,1,110.24114,94.0
138,234,2,106.53178,93.0
138,235,5,107.506256,92.0
138,236,5,98.72929,91.0
138,237,0,98.847725,90.0
138,238,2,98.76458,89.0
138,239,0,89.30086,88.0
139,36,0,102.72377,125.0
139,37,5,99.960304,125.0
139,38,1,120.91343,125.0
139,39,5,122.124535,125.0
139,40,4,115.99944,125.0
139,41,2,116.55363,125.0
139,42,5,109.24354,125.0
139,43,0,120.27531,125.0
139,44,5,118.77526,125.0
139,45,0,112.29839,125.0
139,46,2,122.670876,125.0
139,47,0,117.90226,125.0
139,48,5,124.09661,125.0
139,49,4,123.933655,125.0
139,50,1,121.210396,125.0
139,51,2,123.28477,125.0
139,52,0,122.23356,125.0
139,53,1,118.32325,125.0
139,54,4,123.395744,125.0
139,55,5,123.88597,125.0
139,56,5,125.78174,125.0
139,57,4,117.889725,125.0
139,58,2,118.95118,125.0
139,59,3,111.80161,125.0
139,60,1,107.343285,125.0
139,61,4,116.35114,125.0
139,62,0,114.277855,125.0
139,63,1,117.3156,125.0
139,64,1,110.40149,125.0
139,65,5,107.155304,125.0
139,66,3,116.68345,125.0
139,67,0,114.03611,125.0
139,68,3,121.10292,125.0
139,69,0,120.605644,125.0
139,70,3,115.68839,125.0
139,71,1,120.58174,125.0
139,72,3,107.798225,125.0
139,73,5,112.05776,125.0
139,74,0,119.91444,125.0
139,75,5,117.62133,125.0
139,76,3,111.102135,125.0
139,77,3,109.22175,125.0
139,78,2,113.609245,125.0
139,79,2,109.57877,125.0
139,80,3,109.668526,125.0
139,81,5,115.40469,125.0
139,82,5,104.52598,125.0
139,83,5,93.98194,125.0
139,84,4,108.18901,125.0
139,85,2,105.51479,125.0
139,86,5,109.184105,125.0
139,87,0,118.97573,125.0
139,88,1,117.28328,125.0
140,36,1,115.028465,125.0
140,37,3,114.71259,125.0
140,38,0,113.75436,125.0
140,39,2,113.792015,125.0
140,40,4,118.05477,125.0
140,41,5,118.12829,125.0
140,42,5,125.287125,125.0
140,43,3,128.26093,125.0
140,44,1,116.01554,125.0
140,45,2,122.07276,125.0
140,46,2,108.47314,125.0
140,47,4,111.71955,125.0
140,48,5,109.63897,125.0
140,49,0,116.409065,125.0
140,50,4,114.20178,125.0
140,51,4,114.50257,125.0
140,52,0,105.05451,125.0
140,53,3,115.93425,125.0
140,54,0,116.786095,125.0
140,55,0,122.04904,125.0
140,56,5,118.23533,125.0
140,57,2,118.4878,125.0
140,58,5,116.90825,125.0
140,59,4,120.982025,125.0
140,60,3,113.70443,125.0
140,61,5,112.30396,125.0
140,62,4,125.297516,125.0
140,63,2,116.38096,125.0
140,64,2,112.76474,125.0
140,65,2,114.412704,125.0
140,66,3,119.06064,125.0
140,67,0,115.2788,125.0
140,68,0,116.31872,125.0
140,69,3,127.04277,125.0
140,70,5,121.11525,125.0
140,71,3,117.735344,125.0
140,72,5,112.63072,125.0
140,73,3,117.419106,125.0
140,74,4,125.4959,125.0
140,75,5,123.29583,125.0
140,76,1,122.47139,125.0
140,77,1,115.51015,125.0
140,78,0,109.3329,125.0
140,79,5,95.83519,125.0
140,80,4,105.534035,125.0
140,81,1,95.97056,125.0
140,82,3,103.09669,125.0
140,83,0,117.19712,125.0
140,84,5,113.31756,125.0
140,85,2,119.04782,125.0
140,86,5,119.297485,125.0
140,87,5,109.00478,125.0
140,88,1,99.929634,125.0
140,89,4,104.35273,125.0
140,90,5,106.49006,125.0
140,91,1,105.1189,125.0
140,92,4,110.32882,125.0
140,93,4,115.13233,125.0
140,94,0,120.94421,125.0
140,95,5,118.18783,125.0
140,96,5,110.05221,125.0
140,97,2,117.80966,125.0
140,98,5,124.34673,125.0
140,99,1,116.9326,125.0
140,100,3,115.75863,125.0
140,101,2,116.454,125.0
140,102,0,126.27382,125.0
140,103,3,123.39253,125.0
140,104,5,125.83381,125.0
140,105,2,124.0841,125.0
140,106,1,129.45114,125.0
140,107,0,130.9593,125.0
140,108,5,126.16647,125.0
140,109,5,123.604675,125.0
140,110,4,126.56942,125.0
140,111,2,114.89164,125.0
140,112,1,126.12314,125.0
140,113,0,123.288155,125.0
140,114,1,121.13696,125.0
140,115,2,129.19064,125.0
140,116,1,122.41038,125.0
140,117,0,124.86347,125.0
140,118,1,115.16028,125.0
140,119,3,119.81173,125.0
140,120,0,121.89848,125.0
140,121,1,109.40403,125.0
140,122,5,99.02409,125.0
140,123,1,98.4347,125.0
140,124,0,102.90363,125.0
140,125,0,100.404526,125.0
140,126,3,99.80128,125.0
140,127,3,91.17435,125.0
140,128,2,109.327736,125.0
140,129,5,118.02234,125.0
140,130,1,115.404594,125.0
140,131,3,111.90429,125.0
140,132,0,118.47999,125.0
140,133,0,118.676254,125.0
140,134,3,119.976845,125.0
140,135,4,122.21239,125.0
140,136,1,118.51654,125.0
140,137,0,126.08344,125.0
140,138,1,124.497635,125.0
140,139,5,118.21578,125.0
140,140,1,116.85311,125.0
140,141,3,126.34414,125.0
140,142,5,123.24868,125.0
140,143,1,120.15176,125.0
140,144,1,123.32296,125.0
140,145,2,121.40055,125.0
140,146,2,112.44517,125.0
140,147,5,110.36553,125.0
140,148,1,117.07238,125.0
140,149,1,119.052605,125.0
140,150,5,117.687706,125.0
140,151,2,106.49876,125.0
140,152,0,101.907005,125.0
140,153,2,85.47375,125.0
140,154,1,91.27168,125.0
140,155,2,78.29238,125.0
140,156,1,98.97585,125.0
140,157,2,85.938194,125.0
140,158,2,69.454666,125.0
140,159,3,86.06872,125.0
140,160,2,80.58106,125.0
142,36,0,119.186775,125.0
142,37,1,118.07341,125.0
142,38,2,114.33729,125.0
142,39,4,116.774254,125.0
142,40,1,120.98911,125.0
142,41,4,127.67997,125.0
142,42,5,124.64576,125.0
142,43,2,122.89445,125.0
142,44,3,126.9132,125.0
142,45,5,124.36588,125.0
142,46,0,124.91487,125.0
142,47,0,124.98783,125.0
142,48,4,121.095535,125.0
142,49,4,122.54905,125.0
142,50,3,123.345604,125.0
142,51,5,126.87183,125.0
142,52,1,124.6905,125.0
142,53,4,122.95068,124.0
142,54,2,119.554214,123.0
142,55,4,118.7479,122.0
142,56,3,122.032265,121.0
142,57,0,131.56995,120.0
142,58,3,126.05181,119.0
142,59,3,127.52882,118.0
142,60,2,127.595604,117.0
142,61,0,121.661934,116.0
142,62,4,126.270805,115.0
142,63,2,123.345116,114.0
142,64,4,122.50691,113.0
142,65,5,129.46553,112.0
142,66,5,129.26721,111.0
142,67,0,127.08046,110.0
142,68,3,121.83905,109.0
142,69,0,112.58022,108.0
143,36,0,127.483345,125.0
143,37,5,128.6701,125.0
143,38,4,125.7163,125.0
143,39,1,129.62445,125.0
143,40,2,125.98435,125.0
143,41,5,127.63471,125.0
143,42,0,132.18478,125.0
143,43,4,130.06868,125.0
143,44,5,131.63834,125.0
143,45,4,123.410355,125.0
143,46,5,127.011215,125.0
143,47,2,120.79539,125.0
143,48,3,112.2365,125.0
143,49,5,113.9275,125.0
143,50,2,123.02767,125.0
143,51,0,117.53597,125.0
143,52,5,126.10223,125.0
143,53,4,118.18619,125.0
143,54,2,113.51011,125.0
143,55,3,109.92042,125.0
143,56,3,108.2058,125.0
143,57,2,110.71541,125.0
143,58,1,118.63632,125.0
143,59,5,117.41694,125.0
143,60,5,125.08048,125.0
143,61,2,122.72471,125.0
143,62,1,123.30371,125.0
143,63,2,115.93005,125.0
143,64,4,109.44768,125.0
143,65,0,112.87499,125.0
143,66,4,119.942055,125.0
143,67,4,121.35942,125.0
143,68,5,107.49735,125.0
143,69,3,101.62628,125.0
143,70,5,107.83538,125.0
143,71,1,118.30712,125.0
143,72,1,124.781044,125.0
143,73,1,113.555595,125.0
143,74,2,112.73808,125.0
143,75,4,115.131645,125.0
143,76,3,112.94622,125.0
143,77,0,118.25474,125.0
143,78,0,112.983894,125.0
143,79,5,122.30784,125.0
143,80,5,116.29112,125.0
143,81,5,114.047935,125.0
143,82,1,116.03028,125.0
143,83,0,116.86106,125.0
143,84,3,120.09994,125.0
143,85,5,122.55248,125.0
143,86,2,122.52944,125.0
143,87,5,122.32456,125.0
143,88,3,121.450615,125.0
143,89,2,117.364555,125.0
143,90,1,123.277756,125.0
143,91,4,117.63336,125.0
143,92,2,104.06434,125.0
143,93,1,106.8104,125.0
143,94,4,113.542,125.0
143,95,5,105.695946,125.0
143,96,5,109.88186,125.0
143,97,1,113.880295,125.0
143,98,4,114.01488,125.0
143,99,5,117.564575,125.0
143,100,1,123.25716,125.0
143,101,0,120.7458,125.0
143,102,4,125.031265,125.0
143,103,0,132.49878,125.0
143,104,4,126.58422,125.0
143,105,3,127.379814,125.0
143,106,1,127.55937,125.0
143,107,0,127.90484,125.0
143,108,5,125.05108,125.0
143,109,5,118.344124,125.0
143,110,2,115.51254,125.0
143,111,4,116.39832,125.0
143,112,4,123.9116,125.0
143,113,5,114.92519,125.0
143,114,4,106.163895,125.0
143,115,1,112.49805,125.0
143,116,0,116.33512,125.0
143,117,2,113.082016,125.0
143,118,0,111.65113,125.0
143,119,2,116.480354,125.0
143,120,2,115.919495,125.0
143,121,1,125.62205,125.0
143,122,5,124.1274,125.0
143,123,0,120.22509,125.0
143,124,5,109.13238,125.0
143,125,0,121.26159,125.0
143,126,2,124.4423,125.0
143,127,3,120.549126,125.0
143,128,3,119.96961,125.0
143,129,3,116.602715,125.0
143,130,5,115.31769,125.0
143,131,3,110.608986,125.0
143,132,1,119.97108,125.0
143,133,5,115.08221,125.0
143,134,3,102.01237,125.0
143,135,1,113.47194,125.0
143,136,3,109.46842,125.0
143,137,3,115.69715,125.0
143,138,3,114.315834,125.0
143,139,5,99.273384,125.0
143,140,3,111.395226,125.0
143,141,4,121.9235,125.0
143,142,5,121.26357,125.0
143,143,5,118.63083,125.0
143,144,2,117.69175,125.0
143,145,1,117.38723,125.0
143,146,4,125.09769,125.0
143,147,4,127.46086,125.0
143,148,3,132.8179,125.0
143,149,1,124.17632,125.0
143,150,4,121.83523,125.0
143,151,0,116.569885,125.0
143,152,2,123.32638,125.0
143,153,1,118.39623,125.0
143,154,3,125.39376,125.0
143,155,4,126.28549,125.0
143,156,4,127.91994,125.0
143,157,5,122.84249,125.0
143,158,5,126.649284,125.0
143,159,3,121.28066,125.0
143,160,2,123.09841,125.0
143,161,4,122.26981,125.0
143,162,1,107.27764,125.0
143,163,4,118.77395,125.0
143,164,5,121.47673,125.0
143,165,2,111.320946,125.0
143,166,5,109.64944,125.0
143,167,2,110.08816,125.0
143,168,4,116.05984,125.0
143,169,4,99.85732,125.0
143,170,0,114.381004,125.0
143,171,5,115.05311,125.0
143,172,1,115.38795,125.0
143,173,3,121.971146,125.0
143,174,0,124.33607,125.0
143,175,4,130.40292,125.0
143,176,0,127.91635,125.0
143,177,0,127.39519,125.0
143,178,3,132.48,125.0
143,179,5,120.162926,125.0
143,180,5,114.26231,125.0
143,181,2,113.44373,125.0
143,182,5,116.47651,125.0
143,183,5,113.40891,125.0
143,184,5,105.7659,125.0
143,185,1,125.06475,125.0
143,186,4,130.09515,125.0
143,187,5,117.51181,125.0
143,188,0,122.12711,125.0
143,189,2,114.085724,125.0
143,190,2,119.33377,125.0
143,191,5,102.35101,125.0
143,192,3,109.265724,125.0
143,193,3,113.056404,125.0
143,194,1,104.883156,125.0
143,195,0,94.88372,125.0
143,196,5,87.930664,125.0
143,197,4,100.80956,125.0
143,198,0,104.233635,125.0
143,199,1,108.3283,125.0
143,200,1,102.559044,125.0
143,201,5,118.284874,125.0
143,202,2,120.70754,125.0
143,203,4,114.60798,125.0
143,204,3,118.77697,125.0
143,205,2,124.23429,125.0
143,206,1,119.79311,125.0
143,207,5,117.20014,125.0
143,208,2,120.641884,125.0
143,209,4,118.27555,125.0
143,210,0,122.22878,125.0
143,211,5,115.47158,125.0
143,212,3,114.61902,125.0
143,213,5,120.86657,125.0
143,214,3,120.38924,125.0
143,215,4,121.83291,125.0
143,216,2,111.04938,125.0
143,217,4,106.10193,125.0
143,218,5,100.50182,125.0
143,219,3,98.28669,125.0
143,220,5,103.06783,125.0
143,221,4,104.992195,125.0
143,222,3,93.11343,125.0
143,223,4,86.63038,125.0
143,224,4,85.74168,125.0
143,225,2,98.57892,125.0
143,226,3,90.16537,125.0
143,227,5,103.411446,125.0
143,228,0,104.83791,125.0
143,229,5,107.36912,125.0
143,230,5,104.18096,125.0
143,231,4,118.87629,125.0
143,232,5,111.14421,125.0
143,233,1,117.89139,125.0
143,234,5,107.86541,125.0
143,235,1,123.249626,125.0
143,236,2,118.31959,125.0
143,237,5,108.46227,125.0
143,238,0,106.349754,125.0
143,239,0,110.078606,125.0
143,240,3,110.79032,125.0
143,241,2,102.057274,125.0
143,242,5,98.99832,125.0
143,243,1,90.07447,125.0
143,244,2,84.39825,125.0
143,245,4,94.4278,125.0
143,246,5,82.390236,125.0
143,247,3,81.99198,125.0
143,248,5,79.98954,125.0
143,249,0,79.46677,125.0
143,250,4,78.9315,125.0
143,251,0,72.895,125.0
143,252,3,68.843,125.0
143,253,5,71.89017,125.0
143,254,1,66.914116,125.0
143,255,3,75.37794,125.0
143,256,3,72.74082,124.0
143,257,5,95.15009,123.0
143,258,5,75.808975,122.0
143,259,1,79.6053,121.0
143,260,2,68.73821,120.0
143,261,1,78.965645,119.0
143,262,5,98.17484,118.0
143,263,5,95.0664,117.0
143,264,1,92.88289,116.0
143,265,3,93.29748,115.0
143,266,5,101.38022,114.0
143,267,5,97.378105,113.0
143,268,0,96.370766,112.0
143,269,2,100.03869,111.0
143,270,1,92.048546,110.0
143,271,3,81.70225,109.0
143,272,5,73.06638,108.0
143,273,5,86.50899,107.0
143,274,2,97.13602,106.0
143,275,2,83.5943,105.0
143,276,0,98.42591,104.0
143,277,5,92.55711,103.0
143,278,0,102.20461,102.0
143,279,2,98.00303,101.0
143,280,1,79.017876,100.0
143,281,5,85.711174,99.0
143,282,0,102.29168,98.0
143,283,5,90.121124,97.0
143,284,1,90.59052,96.0
143,285,5,75.57549,95.0
143,286,0,95.92619,94.0
143,287,5,93.7293,93.0
143,288,4,109.890915,92.0
143,289,4,104.20031,91.0
143,290,4,78.02397,90.0
143,291,4,65.089485,89.0
143,292,2,46.462517,88.0
143,293,4,39.09766,87.0
143,294,3,41.89729,86.0
143,295,2,47.62714,85.0
143,296,4,21.263899,84.0
143,297,2,21.335487,83.0
143,298,0,40.577812,82.0
143,299,4,44.65606,81.0
143,300,4,35.518486,80.0
143,301,4,20.011951,79.0
143,302,1,28.81935,78.0
143,303,5,52.2418,77.0
143,304,5,34.120674,76.0
143,305,2,31.541765,75.0
143,306,5,36.151894,74.0
143,307,5,39.698486,73.0
143,308,5,49.331535,72.0
143,309,5,43.604187,71.0
143,310,0,32.948658,70.0
143,311,5,42.602886,69.0
143,312,3,41.544014,68.0
143,313,5,56.837807,67.0
143,314,0,54.56808,66.0
143,315,4,59.26909,65.0
143,316,3,43.580303,64.0
143,317,0,38.24707,63.0
143,318,4,51.800594,62.0
143,319,1,52.100792,61.0
143,320,4,51.26611,60.0
143,321,3,42.869423,59.0
143,322,2,42.248344,58.0
143,323,2,46.11531,57.0
143,324,1,31.040071,56.0
143,325,1,30.422655,55.0
143,326,4,32.721786,54.0
143,327,5,36.730885,53.0
145,36,5,115.39029,125.0
145,37,4,112.75375,124.0
145,38,0,117.49333,123.0
145,39,3,124.62235,122.0
145,40,3,124.34028,121.0
145,41,2,121.76296,120.0
145,42,5,123.61065,119.0
145,43,3,112.055786,118.0
145,44,5,106.39976,117.0
145,45,5,94.046684,116.0
145,46,4,88.96671,115.0
145,47,3,83.54132,114.0
145,48,1,98.68632,113.0
145,49,5,90.38264,112.0
145,50,4,99.99624,111.0
145,51,0,105.019806,110.0
145,52,1,104.31954,109.0
145,53,0,111.25175,108.0
145,54,2,123.47082,107.0
145,55,1,122.651245,106.0
145,56,5,126.93291,105.0
145,57,2,124.96253,104.0
145,58,0,122.164276,103.0
145,59,2,124.04859,102.0
145,60,4,124.93958,101.0
145,61,0,116.547455,100.0
145,62,1,117.6774,99.0
145,63,4,112.25321,98.0
145,64,2,107.48594,97.0
145,65,5,115.03442,96.0
145,66,0,115.91588,95.0
145,67,2,113.61461,94.0
145,68,1,112.33424,93.0
145,69,0,114.025635,92.0
145,70,1,100.44901,91.0
145,71,1,96.57752,90.0
145,72,1,94.56926,89.0
145,73,0,93.58543,88.0
145,74,0,86.069176,87.0
145,75,1,99.40583,86.0
145,76,5,109.622314,85.0
145,77,0,114.10532,84.0
145,78,2,114.8741,83.0
145,79,5,121.46764,82.0
145,80,1,127.430565,81.0
145,81,3,120.65559,80.0
145,82,3,121.58491,79.0
145,83,4,117.68786,78.0
145,84,0,121.13912,77.0
145,85,5,122.409904,76.0
145,86,5,121.79653,75.0
145,87,4,119.61555,74.0
145,88,2,111.90137,73.0
145,89,1,110.27627,72.0
145,90,5,111.974464,71.0
145,91,4,101.16224,70.0
145,92,5,98.39599,69.0
145,93,3,98.98406,68.0
145,94,0,116.03864,67.0
145,95,5,115.79362,66.0
145,96,1,115.04686,65.0
145,97,1,120.26777,64.0
145,98,2,102.81665,63.0
145,99,4,101.21189,62.0
145,100,2,89.44636,61.0
145,101,1,85.94036,60.0
145,102,2,102.844604,59.0
146,36,4,120.43902,125.0
146,37,0,118.469604,125.0
146,38,1,118.81928,125.0
146,39,3,124.459854,125.0
146,40,4,122.74207,125.0
146,41,4,122.22381,125.0
146,42,5,117.42457,125.0
146,43,5,127.30652,125.0
146,44,5,124.75057,125.0
146,45,4,129.97931,125.0
146,46,3,126.12478,125.0
146,47,2,123.81884,125.0
146,48,0,128.22098,125.0
146,49,1,122.83918,125.0
146,50,4,118.43437,125.0
146,51,4,108.192406,125.0
146,52,0,111.02962,125.0
146,53,1,108.11061,125.0
146,54,3,109.18845,125.0
146,55,0,114.97108,125.0
146,56,3,116.26302,125.0
146,57,2,119.3939,125.0
146,58,2,118.81669,125.0
146,59,5,120.59461,125.0
146,60,5,118.1254,124.0
146,61,0,113.04331,123.0
146,62,2,114.16441,122.0
146,63,2,124.051796,121.0
146,64,0,118.993744,120.0
146,65,0,107.03019,119.0
146,66,2,98.21943,118.0
146,67,1,107.632454,117.0
146,68,0,111.40472,116.0
146,69,4,119.76191,115.0
146,70,0,111.11568,114.0
146,71,2,118.343605,113.0
146,72,3,127.78866,112.0
146,73,1,119.98376,111.0
146,74,0,116.57677,110.0
146,75,2,113.39919,109.0
146,76,4,119.321266,108.0
146,77,5,124.89815,107.0
146,78,5,128.16098,106.0
146,79,1,130.8381,105.0
146,80,1,115.49515,104.0
146,81,2,125.69985,103.0
146,82,0,127.12328,102.0
146,83,5,122.586876,101.0
146,84,5,115.25459,100.0
147,36,3,128.25653,125.0
147,37,0,114.71671,125.0
147,38,3,120.89385,125.0
147,39,4,115.15147,125.0
147,40,3,129.70506,125.0
147,41,4,124.78719,125.0
147,42,4,115.635345,125.0
147,43,2,107.87784,125.0
147,44,5,115.42094,125.0
147,45,5,117.26919,125.0
147,46,5,117.77012,125.0
147,47,4,113.770164,125.0
147,48,2,117.29092,124.0
147,49,3,117.08564,123.0
147,50,5,112.98117,122.0
147,51,3,109.833664,121.0
147,52,4,114.1798,120.0
147,53,5,115.52476,119.0
147,54,5,118.48052,118.0
147,55,1,121.816734,117.0
147,56,4,126.55369,116.0
147,57,0,124.087555,115.0
147,58,3,116.96786,114.0
147,59,5,117.54465,113.0
147,60,5,121.031654,112.0
147,61,0,125.74595,111.0
147,62,5,115.067955,110.0
147,63,2,113.21342,109.0
147,64,0,102.40865,108.0
147,65,1,121.44585,107.0
147,66,5,114.99987,106.0
147,67,0,121.237434,105.0
147,68,1,115.75514,104.0
147,69,2,115.69568,103.0
147,70,1,106.07004,102.0
147,71,2,92.6238,101.0
147,72,4,105.31339,100.0
147,73,2,91.706215,99.0
147,74,5,110.5016,98.0
147,75,5,120.20737,97.0
147,76,0,107.92324,96.0
147,77,5,113.09861,95.0
147,78,5,117.261955,94.0
147,79,5,101.20202,93.0
147,80,3,85.74796,92.0
147,81,0,102.29278,91.0
147,82,5,90.89596,90.0
147,83,0,96.909805,89.0
147,84,2,70.513016,88.0
147,85,5,79.72242,87.0
147,86,1,71.93045,86.0
147,87,4,84.14968,85.0
147,88,4,74.2683,84.0
147,89,5,97.301094,83.0
147,90,3,82.67339,82.0
147,91,3,87.32848,81.0
147,92,5,89.33383,80.0
147,93,0,74.514496,79.0
147,94,4,78.85752,78.0
147,95,0,67.827835,77.0
147,96,1,67.25014,76.0
147,97,0,54.484,75.0
147,98,1,39.603806,74.0
147,99,5,56.649326,73.0
147,100,0,54.114044,72.0
147,101,4,60.963387,71.0
147,102,2,69.36559,70.0
147,103,4,47.08287,69.0
147,104,2,64.497246,68.0
147,105,0,63.14155,67.0
147,106,0,64.83734,66.0
147,107,1,46.948353,65.0
147,108,2,32.758698,64.0
147,109,5,44.457916,63.0
147,110,1,44.69332,62.0
147,111,0,40.91472,61.0
147,112,2,48.667656,60.0
147,113,5,55.786156,59.0
147,114,4,43.29503,58.0
147,115,3,45.655205,57.0
147,116,3,54.313633,56.0
148,36,0,117.841515,125.0
148,37,4,121.060555,125.0
148,38,3,118.56797,125.0
148,39,5,122.190056,125.0
148,40,0,122.89743,125.0
148,41,4,121.84438,125.0
148,42,5,111.89713,125.0
148,43,5,119.92489,125.0
148,44,5,113.73592,125.0
148,45,5,110.96349,125.0
148,46,5,113.146095,125.0
148,47,1,121.27257,125.0
148,48,3,119.00093,125.0
148,49,4,107.07814,125.0
148,50,4,113.7297,125.0
148,51,0,123.38067,125.0
148,52,2,119.0124,125.0
148,53,5,122.13238,125.0
148,54,5,116.35205,125.0
148,55,5,120.68489,125.0
148,56,0,120.96247,125.0
148,57,1,129.62189,125.0
148,58,2,128.79889,125.0
148,59,2,123.83631,125.0
148,60,1,123.93528,125.0
148,61,0,128.45335,125.0
148,62,5,112.36728,125.0
148,63,2,111.30355,125.0
148,64,3,122.89358,125.0
148,65,5,122.828705,125.0
148,66,0,131.71626,125.0
148,67,2,118.441826,125.0
148,68,5,120.49137,125.0
148,69,0,123.68501,125.0
148,70,1,121.11367,125.0
148,71,3,123.197014,125.0
148,72,3,120.819176,125.0
148,73,5,122.762535,125.0
148,74,0,125.796684,125.0
148,75,4,125.12705,125.0
148,76,0,130.51614,125.0
148,77,5,130.9115,125.0
148,78,0,122.68728,125.0
148,79,4,115.528694,125.0
148,80,5,121.72851,125.0
148,81,1,124.67208,125.0
148,82,3,124.04758,125.0
148,83,4,123.99271,125.0
148,84,2,123.65428,125.0
148,85,4,121.34251,125.0
148,86,1,121.383865,125.0
148,87,5,124.79626,125.0
148,88,3,126.84747,125.0
148,89,5,119.26893,125.0
148,90,3,125.79009,125.0
148,91,5,124.25219,125.0
148,92,2,123.84258,125.0
148,93,2,132.04752,125.0
148,94,5,131.57501,125.0
148,95,2,131.46005,125.0
148,96,0,129.79576,125.0
148,97,0,120.60151,125.0
148,98,5,119.942604,125.0
148,99,2,97.08631,125.0
148,100,0,86.39059,125.0
148,101,2,86.13412,125.0
148,102,0,92.557365,125.0
148,103,0,83.08423,125.0
148,104,3,88.1564,125.0
148,105,1,86.219246,125.0
148,106,1,99.66839,125.0
148,107,5,111.04057,125.0
148,108,1,108.33504,125.0
148,109,0,110.38153,125.0
148,110,5,101.46955,125.0
148,111,4,111.03401,125.0
148,112,4,118.411095,125.0
148,113,3,111.24384,125.0
148,114,5,116.54194,125.0
148,115,5,117.1887,125.0
148,116,0,112.64672,125.0
148,117,3,118.12259,125.0
148,118,3,111.9786,125.0
148,119,3,115.56361,125.0
148,120,4,105.70383,125.0
148,121,0,100.47724,125.0
148,122,2,107.18658,125.0
148,123,3,114.460884,125.0
148,124,2,119.36802,125.0
148,125,2,116.9112,125.0
148,126,3,113.85621,125.0
149,36,4,131.27853,125.0
149,37,4,130.93523,125.0
149,38,4,123.44209,125.0
149,39,3,134.08759,125.0
149,40,2,127.34844,125.0
149,41,5,132.27246,125.0
149,42,5,130.29698,125.0
149,43,1,124.40777,125.0
149,44,4,125.284035,125.0
149,45,5,125.11219,125.0
149,46,5,129.21068,125.0
149,47,1,129.07452,125.0
149,48,4,124.28128,125.0
149,49,5,126.5145,125.0
149,50,0,131.91217,125.0
149,51,2,128.37305,125.0
149,52,5,126.11773,125.0
149,53,0,131.34169,125.0
149,54,4,128.56412,125.0
149,55,1,124.40505,125.0
149,56,3,120.83901,125.0
149,57,1,116.413704,125.0
149,58,0,120.062996,125.0
149,59,0,121.18274,125.0
149,60,5,109.76009,125.0
149,61,5,114.92048,125.0
149,62,0,106.419914,125.0
149,63,1,109.290306,125.0
149,64,2,100.37458,125.0
149,65,5,106.73056,125.0
149,66,4,120.06701,125.0
149,67,5,113.33143,125.0
149,68,5,100.978294,125.0
149,69,3,101.2611,125.0
149,70,0,112.01481,125.0
149,71,5,109.447205,125.0
149,72,5,101.93376,125.0
149,73,1,116.2366,125.0
149,74,2,126.678276,125.0
149,75,5,126.73113,125.0
149,76,1,120.330956,125.0
149,77,2,124.441925,125.0
149,78,3,117.31559,125.0
149,79,5,106.510735,125.0
149,80,4,117.53721,125.0
149,81,2,121.4312,125.0
149,82,4,112.48533,125.0
149,83,3,121.708145,125.0
149,84,5,118.958725,125.0
149,85,0,118.07631,125.0
149,86,0,122.09249,125.0
149,87,5,123.95901,125.0
149,88,1,114.42521,125.0
149,89,5,121.67989,125.0
149,90,0,117.907005,125.0
149,91,2,119.94825,125.0
149,92,4,126.72712,125.0
149,93,4,126.56168,125.0
149,94,2,122.2728,125.0
149,95,1,121.47608,125.0
149,96,3,123.71267,125.0
149,97,5,129.97665,125.0
149,98,5,122.13351,125.0
149,99,0,123.62566,125.0
149,100,0,126.09234,125.0
149,101,0,126.065125,125.0
149,102,2,127.219444,125.0
149,103,4,126.49671,125.0
149,104,5,125.37108,125.0
149,105,5,127.575005,125.0
149,106,3,125.55158,125.0
149,107,5,118.895294,125.0
149,108,2,129.68242,125.0
149,109,0,126.753365,125.0
149,110,5,122.393394,125.0
149,111,3,122.022316,125.0
149,112,2,124.053635,125.0
149,113,1,125.62692,125.0
149,114,4,128.1076,125.0
149,115,4,120.85992,125.0
149,116,3,128.57698,125.0
149,117,0,123.05633,125.0
149,118,2,122.66743,125.0
149,119,1,127.32775,125.0
149,120,2,125.60696,125.0
149,121,5,121.68397,125.0
149,122,3,118.61088,125.0
149,123,1,121.37597,125.0
149,124,4,122.774666,125.0
149,125,4,111.48972,125.0
149,126,1,112.27444,125.0
149,127,5,124.14267,125.0
149,128,5,114.39756,125.0
149,129,4,113.53689,125.0
149,130,4,113.73605,125.0
149,131,3,102.494286,125.0
149,132,5,103.197845,125.0
149,133,3,117.03533,125.0
149,134,5,117.80741,125.0
149,135,0,110.73922,125.0
149,136,0,117.96401,125.0
149,137,5,119.118324,125.0
149,138,1,125.51337,125.0
149,139,5,127.364,125.0
149,140,5,117.491554,125.0
149,141,0,121.91006,125.0
149,142,0,119.790245,125.0
149,143,3,115.35738,125.0
149,144,3,118.05459,125.0
149,145,2,123.26638,125.0
149,146,3,112.23008,125.0
149,147,4,119.49961,125.0
149,148,1,128.3692,125.0
149,149,3,116.71975,125.0
149,150,1,115.776726,125.0
149,151,1,125.39735,125.0
149,152,0,123.471245,125.0
149,153,3,122.24062,125.0
149,154,3,106.000175,125.0
149,155,4,121.93695,125.0
149,156,3,126.101265,125.0
149,157,5,124.42852,125.0
149,158,4,122.67483,125.0
149,159,4,126.495995,125.0
149,160,2,110.36249,125.0
149,161,0,119.09076,125.0
149,162,5,112.8245,125.0
149,163,0,123.042175,125.0
149,164,3,123.40979,125.0
149,165,0,118.540726,125.0
149,166,3,113.21894,125.0
149,167,3,112.25767,125.0
149,168,4,117.994514,125.0
149,169,5,113.23685,125.0
149,170,5,111.41834,125.0
149,171,4,116.51658,125.0
149,172,0,106.523415,125.0
149,173,1,118.67625,125.0
149,174,4,123.57051,125.0
149,175,5,120.76916,125.0
149,176,5,118.956184,125.0
149,177,2,101.7291,125.0
149,178,5,106.005775,125.0
149,179,0,111.50093,125.0
149,180,1,109.88588,125.0
149,181,2,94.16054,125.0
149,182,1,98.24612,125.0
149,183,0,101.7131,125.0
149,184,2,101.269775,125.0
149,185,5,96.15417,125.0
149,186,1,91.84742,125.0
149,187,1,76.168686,125.0
149,188,3,88.4183,125.0
149,189,2,97.61228,125.0
149,190,1,87.25237,125.0
149,191,3,99.019264,125.0
149,192,4,97.69319,125.0
149,193,5,104.39472,125.0
149,194,3,100.81603,125.0
149,195,5,107.474075,125.0
149,196,2,98.65867,125.0
149,197,2,96.40839,125.0
149,198,2,101.68323,125.0
149,199,3,108.44664,125.0
149,200,5,110.89097,125.0
149,201,2,120.69839,125.0
149,202,5,122.77419,125.0
149,203,2,120.40934,125.0
149,204,3,128.03265,125.0
149,205,2,113.63332,125.0
149,206,2,109.07472,125.0
149,207,1,114.83127,125.0
149,208,5,123.84687,125.0
149,209,4,113.95739,125.0
149,210,5,124.22248,125.0
149,211,4,120.46587,125.0
149,212,0,127.615395,125.0
149,213,5,117.806175,125.0
149,214,5,113.44367,125.0
149,215,3,118.30568,125.0
149,216,2,116.50201,125.0
149,217,3,119.57618,125.0
149,218,5,103.55024,125.0
149,219,3,105.841835,125.0
149,220,1,116.310646,125.0
149,221,3,116.85209,125.0
149,222,2,107.464806,125.0
149,223,0,101.53282,125.0
149,224,5,104.44607,125.0
149,225,1,98.848366,125.0
149,226,1,91.793564,125.0
149,227,5,90.72215,125.0
149,228,1,82.294,125.0
149,229,5,92.5682,125.0
149,230,0,100.5669,125.0
149,231,5,95.98141,125.0
149,232,0,112.59413,125.0
149,233,3,106.93787,125.0
149,234,4,114.478775,125.0
149,235,5,102.95984,125.0
149,236,2,120.9325,125.0
149,237,5,115.8464,125.0
149,238,0,120.89254,125.0
149,239,3,121.1368,125.0
149,240,0,106.28913,125.0
149,241,2,115.9782,125.0
149,242,0,99.623695,125.0
149,243,5,104.69462,125.0
149,244,5,104.132256,125.0
149,245,2,105.99239,125.0
149,246,2,113.27123,125.0
149,247,4,108.87289,125.0
149,248,5,100.316536,125.0
149,249,1,94.72463,125.0
149,250,0,85.71194,125.0
149,251,0,98.03561,125.0
149,252,2,114.73161,125.0
149,253,1,116.830864,125.0
149,254,5,113.80308,125.0
149,255,3,106.70402,125.0
149,256,5,115.59251,125.0
149,257,1,116.66527,125.0
149,258,0,107.66948,125.0
149,259,5,103.78657,125.0
149,260,2,102.97594,125.0
149,261,5,99.75079,125.0
149,262,5,94.25347,125.0
149,263,2,85.435196,125.0
149,264,2,65.6131,125.0
149,265,1,65.886765,125.0
149,266,0,64.54402,125.0
149,267,2,69.58398,125.0
149,268,0,69.1486,125.0
149,269,3,98.83198,125.0
149,270,3,95.67794,125.0
149,271,2,89.54626,125.0
149,272,2,94.650925,124.0
149,273,5,99.83935,123.0
149,274,4,91.362564,122.0
149,275,4,94.84796,121.0
149,276,4,94.31208,120.0
149,277,1,105.400696,119.0
149,278,4,99.92504,118.0
149,279,1,101.764145,117.0
149,280,3,108.49273,116.0
149,281,3,110.40751,115.0
149,282,1,101.96235,114.0
149,283,2,100.25909,113.0
149,284,4,84.58697,112.0
149,285,5,91.73969,111.0
149,286,1,86.04781,110.0
149,287,0,90.222115,109.0
149,288,3,87.40913,108.0
149,289,5,90.04023,107.0
149,290,0,110.35718,106.0
149,291,0,91.88189,105.0
149,292,4,81.46408,104.0
149,293,4,60.427444,103.0
149,294,2,69.90035,102.0
149,295,1,66.089424,101.0
149,296,5,77.161385,100.0
149,297,5,75.69584,99.0
149,298,3,104.88828,98.0
149,299,0,98.33284,97.0
149,300,5,92.32378,96.0
149,301,4,79.31504,95.0
149,302,3,95.182335,94.0
149,303,3,103.133156,93.0
149,304,4,80.14152,92.0
149,305,5,94.447624,91.0
149,306,2,80.08761,90.0
149,307,5,79.65412,89.0
149,308,5,58.34801,88.0
149,309,2,38.14347,87.0
149,310,0,49.17032,86.0
149,311,5,55.323177,85.0
149,312,1,72.58111,84.0
149,313,5,66.83036,83.0
149,314,0,62.659397,82.0
149,315,3,62.31365,81.0
149,316,4,61.30922,80.0
149,317,5,56.93872,79.0
149,318,5,64.20879,78.0
149,319,5,59.898884,77.0
149,320,0,54.93899,76.0
150,36,1,110.75887,125.0
150,37,2,119.34456,125.0
150,38,4,122.27946,125.0
150,39,5,124.538216,125.0
150,40,5,119.37688,125.0
150,41,0,122.58136,125.0
150,42,5,116.98893,125.0
150,43,2,110.567474,125.0
150,44,1,115.63305,125.0
150,45,2,110.09849,125.0
150,46,0,120.035805,125.0
150,47,0,117.401,125.0
150,48,4,120.367546,125.0
150,49,5,120.19379,125.0
150,50,4,129.4869,125.0
150,51,3,129.21426,125.0
150,52,0,122.84884,125.0
150,53,3,125.62716,125.0
150,54,3,114.37676,125.0
150,55,3,113.21291,125.0
150,56,5,113.175415,125.0
150,57,5,98.744675,125.0
150,58,2,107.05038,125.0
150,59,5,109.040054,125.0
150,60,5,101.748375,125.0
150,61,0,111.957146,125.0
150,62,0,115.802444,125.0
150,63,3,119.34068,125.0
150,64,5,118.94277,125.0
150,65,5,95.8695,125.0
150,66,5,106.023994,125.0
150,67,3,118.30628,125.0
150,68,2,106.681915,125.0
150,69,0,111.97815,125.0
150,70,2,112.67423,125.0
150,71,0,113.365456,125.0
150,72,5,112.59643,125.0
150,73,0,108.4159,125.0
150,74,4,122.76314,125.0
150,75,2,110.12357,125.0
150,76,1,111.8852,125.0
150,77,1,115.87222,125.0
150,78,1,116.60694,125.0
150,79,3,111.10661,125.0
150,80,4,109.98157,125.0
150,81,5,106.76835,125.0
150,82,4,97.83421,125.0
150,83,5,84.754036,125.0
150,84,5,104.72457,125.0
150,85,5,114.12403,125.0
150,86,5,110.97411,125.0
150,87,5,106.872635,125.0
150,88,5,107.63763,125.0
150,89,2,102.13746,125.0
150,90,1,119.180626,125.0
150,91,3,117.04902,125.0
150,92,0,124.07557,125.0
150,93,5,114.304,125.0
150,94,5,118.18044,125.0
150,95,0,121.159874,125.0
150,96,1,123.29918,125.0
150,97,0,120.72216,125.0
150,98,5,121.87174,125.0
150,99,4,112.2718,125.0
150,100,5,108.66587,125.0
150,101,5,111.346596,125.0
150,102,1,111.5747,125.0
150,103,1,124.671,125.0
150,104,5,102.61416,125.0
150,105,4,108.465065,125.0
150,106,4,120.093605,125.0
150,107,4,112.589905,125.0
150,108,2,102.31924,125.0
150,109,4,96.87064,125.0
150,110,5,86.60169,125.0
150,111,5,102.58039,125.0
150,112,5,105.98975,125.0
150,113,2,106.72744,125.0
150,114,0,107.11458,125.0
150,115,1,119.95089,125.0
150,116,3,110.52082,125.0
150,117,0,113.05588,125.0
150,118,2,103.149574,125.0
150,119,4,115.60423,125.0
150,120,3,106.387794,125.0
150,121,3,96.543816,125.0
150,122,5,96.22823,125.0
150,123,2,92.58103,125.0
150,124,5,91.76749,125.0
150,125,0,85.72077,125.0
150,126,5,95.53901,125.0
150,127,4,98.0876,125.0
150,128,3,87.251854,125.0
150,129,3,93.47737,125.0
150,130,0,99.804115,125.0
150,131,4,112.38213,125.0
150,132,2,107.13113,125.0
150,133,1,106.33138,125.0
150,134,2,112.15214,125.0
150,135,3,106.45133,124.0
150,136,1,106.655174,123.0
150,137,2,119.2105,122.0
150,138,4,118.2073,121.0
150,139,0,108.06434,120.0
150,140,4,107.12586,119.0
150,141,5,110.4907,118.0
150,142,4,109.46212,117.0
150,143,1,92.56366,116.0
150,144,0,106.51229,115.0
150,145,4,102.76206,114.0
150,146,0,114.06385,113.0
150,147,5,116.70406,112.0
150,148,4,115.024086,111.0
150,149,1,108.20742,110.0
150,150,5,121.24294,109.0
150,151,2,118.20432,108.0
150,152,4,113.13844,107.0
150,153,2,113.129265,106.0
150,154,5,106.55606,105.0
150,155,2,103.285255,104.0
150,156,4,109.796486,103.0
150,157,5,111.396,102.0
150,158,0,110.304985,101.0
150,159,2,93.5779,100.0
150,160,2,90.0234,99.0
150,161,0,74.5944,98.0
150,162,0,80.29218,97.0
150,163,4,102.12611,96.0
150,164,0,97.84723,95.0
150,165,4,92.83047,94.0
150,166,2,100.62787,93.0
150,167,2,84.502045,92.0
150,168,2,87.67466,91.0
150,169,5,70.00348,90.0
150,170,2,91.9338,89.0
150,171,0,80.963844,88.0
150,172,2,85.35578,87.0
150,173,1,84.82463,86.0
150,174,5,79.357155,85.0
150,175,3,84.1721,84.0
150,176,5,81.2511,83.0
150,177,3,73.1616,82.0
150,178,5,89.31594,81.0
150,179,2,80.461464,80.0
150,180,1,86.71952,79.0
150,181,5,80.90627,78.0
150,182,2,77.13559,77.0
150,183,4,66.63573,76.0
150,184,1,61.5942,75.0
150,185,4,49.71193,74.0
150,186,5,56.097298,73.0
150,187,2,53.37461,72.0
150,188,5,51.829075,71.0
150,189,1,37.623287,70.0
150,190,0,40.60099,69.0
150,191,4,53.57406,68.0
150,192,4,59.58833,67.0
150,193,3,48.789032,66.0
150,194,5,50.319134,65.0
150,195,4,56.34176,64.0
150,196,3,53.638626,63.0
150,197,3,52.693424,62.0
150,198,5,62.943863,61.0
150,199,5,59.398705,60.0
150,200,0,45.27169,59.0
150,201,5,48.749672,58.0
150,202,4,45.93412,57.0
151,36,3,122.86596,125.0
151,37,0,118.830635,125.0
151,38,4,129.95538,125.0
151,39,5,110.320854,125.0
151,40,2,113.99232,125.0
151,41,1,120.72202,125.0
151,42,4,120.74578,125.0
151,43,3,120.94344,125.0
151,44,4,127.24144,125.0
151,45,5,125.7819,125.0
151,46,0,118.064705,125.0
151,47,5,127.454475,125.0
151,48,5,125.7723,125.0
151,49,5,114.264534,125.0
151,50,5,122.20003,125.0
151,51,2,121.56439,125.0
151,52,0,120.501625,125.0
151,53,5,106.54881,125.0
151,54,4,115.24526,125.0
151,55,2,118.27163,125.0
151,56,0,110.40718,125.0
151,57,1,114.74401,125.0
151,58,5,109.58876,125.0
151,59,1,112.37958,125.0
151,60,2,118.651955,125.0
151,61,0,120.8,125.0
151,62,4,125.93323,125.0
151,63,3,124.005714,125.0
151,64,2,130.42334,125.0
151,65,2,126.094894,125.0
151,66,0,120.97973,125.0
151,67,2,121.34661,125.0
151,68,2,116.30229,125.0
151,69,0,123.02713,125.0
151,70,1,119.1955,125.0
151,71,1,109.20748,125.0
151,72,4,114.36107,125.0
151,73,0,114.53216,125.0
151,74,3,116.05516,125.0
151,75,2,116.13378,125.0
151,76,2,100.843605,125.0
151,77,5,107.5398,125.0
151,78,3,116.91227,125.0
151,79,4,115.09544,125.0
151,80,0,117.357574,125.0
151,81,4,120.95525,125.0
151,82,1,114.89067,125.0
151,83,1,115.120735,125.0
151,84,3,123.993454,125.0
151,85,2,118.85186,125.0
151,86,1,114.72125,125.0
151,87,1,114.48353,125.0
151,88,0,113.71961,125.0
151,89,5,115.77765,125.0
151,90,0,115.702644,125.0
151,91,5,114.32374,125.0
151,92,2,125.80303,125.0
151,93,2,120.50408,125.0
151,94,2,120.18511,125.0
151,95,1,111.425804,125.0
151,96,5,100.52579,125.0
151,97,3,107.72577,125.0
151,98,3,118.30662,125.0
151,99,5,123.91566,125.0
151,100,5,114.61878,125.0
151,101,5,109.679695,125.0
151,102,0,106.72405,125.0
151,103,4,118.574715,125.0
151,104,5,115.63012,125.0
151,105,5,94.84614,125.0
151,106,5,93.47358,125.0
151,107,0,101.79685,125.0
151,108,1,126.572685,125.0
151,109,5,115.061874,125.0
151,110,0,124.692375,125.0
151,111,5,114.99824,125.0
151,112,2,124.20973,125.0
151,113,2,116.18282,125.0
151,114,3,103.62293,125.0
151,115,2,108.64456,125.0
151,116,3,107.746185,125.0
151,117,4,110.91694,125.0
151,118,5,118.63334,125.0
151,119,5,120.160034,125.0
151,120,5,113.61831,125.0
151,121,2,123.81516,125.0
151,122,2,123.62124,125.0
151,123,2,116.88344,125.0
151,124,4,118.63715,125.0
151,125,5,117.8556,125.0
151,126,5,105.64425,125.0
151,127,4,103.69546,125.0
151,128,3,116.76975,125.0
151,129,4,121.86393,125.0
151,130,2,123.2733,125.0
151,131,1,115.46885,125.0
151,132,0,117.51278,125.0
151,133,4,110.40522,125.0
151,134,2,104.75077,125.0
151,135,3,103.39275,125.0
151,136,3,101.61861,125.0
151,137,2,101.03525,125.0
151,138,3,89.20301,125.0
151,139,3,80.70303,125.0
151,140,1,73.35218,125.0
151,141,4,82.42611,125.0
151,142,3,84.958275,125.0
151,143,5,119.49366,125.0
151,144,5,110.0236,125.0
151,145,5,115.80015,125.0
151,146,5,112.645515,125.0
151,147,4,117.4979,125.0
151,148,0,116.050125,125.0
151,149,5,110.875275,125.0
151,150,2,111.786476,125.0
151,151,4,128.52599,125.0
151,152,5,116.261955,125.0
151,153,5,117.717384,125.0
151,154,2,115.3641,125.0
151,155,2,117.379906,125.0
151,156,0,113.754845,125.0
151,157,5,109.61018,125.0
151,158,5,99.215744,125.0
151,159,3,107.17398,125.0
151,160,1,113.98446,125.0
151,161,0,113.740654,125.0
151,162,4,112.47501,125.0
151,163,3,116.9072,125.0
151,164,3,125.0264,125.0
151,165,5,116.11514,125.0
151,166,2,113.56814,125.0
151,167,2,129.39554,125.0
151,168,5,128.56717,125.0
151,169,0,127.03925,125.0
151,170,5,120.25982,125.0
151,171,0,124.15043,125.0
151,172,5,115.36017,125.0
151,173,4,107.79682,125.0
151,174,5,112.05537,125.0
151,175,5,123.01449,125.0
151,176,5,117.464325,125.0
151,177,5,109.33828,125.0
151,178,3,114.23538,125.0
151,179,5,117.747765,125.0
151,180,2,114.29397,125.0
151,181,1,107.181465,125.0
151,182,5,99.83527,125.0
151,183,1,116.40023,125.0
151,184,3,118.09413,125.0
151,185,3,113.59821,125.0
151,186,5,115.99818,125.0
151,187,4,111.662834,125.0
151,188,1,117.944,125.0
151,189,3,97.56466,125.0
151,190,2,90.53393,125.0
151,191,3,75.89009,125.0
151,192,5,100.01382,124.0
151,193,3,84.41166,123.0
151,194,2,82.32114,122.0
151,195,3,58.308846,121.0
151,196,5,64.02,120.0
151,197,0,81.79098,119.0
151,198,0,79.061226,118.0
151,199,3,70.096634,117.0
151,200,2,54.8124,116.0
151,201,4,54.483047,115.0
151,202,3,54.741425,114.0
151,203,4,54.61996,113.0
151,204,1,82.10386,112.0
151,205,5,99.69695,111.0
151,206,4,90.0074,110.0
151,207,5,105.862335,109.0
151,208,5,95.464836,108.0
151,209,5,96.56567,107.0
151,210,3,101.70103,106.0
151,211,4,90.12941,105.0
151,212,3,74.60699,104.0
151,213,0,84.42928,103.0
151,214,4,80.98237,102.0
151,215,0,91.904,101.0
151,216,5,90.05564,100.0
151,217,0,84.371635,99.0
151,218,3,80.86303,98.0
151,219,5,84.20775,97.0
151,220,5,80.21722,96.0
151,221,4,81.33163,95.0
151,222,1,77.10765,94.0
151,223,5,73.27044,93.0
151,224,2,87.39285,92.0
151,225,3,84.0092,91.0
151,226,5,85.79336,90.0
151,227,2,103.57712,89.0
151,228,3,91.270004,88.0
151,229,1,85.78413,87.0
151,230,5,94.32281,86.0
151,231,4,91.276,85.0
151,232,3,80.58879,84.0
151,233,2,99.057236,83.0
151,234,1,98.61959,82.0
151,235,1,82.0952,81.0
151,236,1,68.23404,80.0
151,237,3,70.8588,79.0
151,238,1,55.052185,78.0
151,239,0,69.45383,77.0
151,240,3,53.20134,76.0
151,241,3,56.155403,75.0
151,242,0,61.22743,74.0
151,243,4,50.43227,73.0
151,244,2,57.862354,72.0
151,245,2,57.76424,71.0
151,246,5,38.448284,70.0
151,247,1,61.081043,69.0
151,248,2,64.850945,68.0
151,249,2,52.348442,67.0
151,250,3,69.77678,66.0
151,251,3,57.737045,65.0
151,252,3,51.187294,64.0
151,253,1,53.835876,63.0
151,254,1,52.242718,62.0
151,255,5,56.08693,61.0
151,256,5,65.86347,60.0
151,257,5,82.05357,59.0
151,258,0,67.40023,58.0
151,259,3,66.73434,57.0
151,260,1,54.242233,56.0
151,261,2,64.17207,55.0
151,262,5,51.80091,54.0
151,263,2,64.3753,53.0
151,264,1,61.7422,52.0
151,265,1,58.67021,51.0
151,266,1,58.077923,50.0
151,267,5,56.024513,49.0
151,268,5,46.300735,48.0
151,269,1,50.91159,47.0
151,270,5,55.99916,46.0
151,271,5,49.855843,45.0
151,272,5,47.969,44.0
151,273,3,57.708946,43.0
151,274,0,54.588448,42.0
151,275,5,54.248222,41.0
151,276,4,48.620625,40.0
151,277,0,53.51445,39.0
151,278,4,55.023308,38.0
151,279,1,48.500553,37.0
151,280,5,53.4496,36.0
151,281,0,54.217697,35.0
151,282,1,58.7529,34.0
151,283,5,49.591675,33.0
151,284,3,42.70095,32.0
151,285,3,45.477905,31.0
152,36,5,109.55888,125.0
152,37,5,107.944786,125.0
152,38,5,106.93644,125.0
152,39,5,102.37389,125.0
152,40,0,113.681465,125.0
152,41,1,108.70063,125.0
152,42,1,99.488815,125.0
152,43,0,114.98487,125.0
152,44,2,114.53359,125.0
152,45,5,117.25449,125.0
152,46,5,114.86103,125.0
152,47,1,90.29371,125.0
152,48,0,106.50686,125.0
152,49,5,117.345345,125.0
152,50,3,122.51194,125.0
152,51,2,115.85604,125.0
152,52,5,118.29151,125.0
152,53,4,116.00709,125.0
152,54,1,100.566444,125.0
152,55,5,116.74644,125.0
152,56,4,118.01009,125.0
152,57,3,123.84535,125.0
152,58,5,118.5826,125.0
152,59,5,116.985435,125.0
152,60,5,106.52988,125.0
152,61,3,97.033745,125.0
152,62,3,107.52701,125.0
152,63,4,104.38878,125.0
152,64,1,108.69776,125.0
152,65,3,100.102745,125.0
152,66,0,100.46777,125.0
152,67,5,120.33402,125.0
152,68,0,109.94705,125.0
152,69,4,119.68781,125.0
152,70,2,121.07627,125.0
152,71,0,118.96947,125.0
152,72,3,121.09558,125.0
152,73,4,131.08432,125.0
152,74,5,127.80493,125.0
152,75,0,121.23636,125.0
152,76,0,118.19666,125.0
152,77,0,114.84933,125.0
152,78,5,120.5983,125.0
152,79,2,126.124176,125.0
152,80,5,120.599205,125.0
152,81,0,125.25536,125.0
152,82,3,117.4772,125.0
152,83,3,123.225235,125.0
152,84,5,127.15297,125.0
152,85,5,122.556435,125.0
152,86,1,122.8549,125.0
152,87,5,127.8239,125.0
152,88,1,111.97521,125.0
152,89,0,123.272316,125.0
152,90,4,118.98347,125.0
152,91,0,124.88597,125.0
152,92,4,129.1539,125.0
152,93,5,128.89348,125.0
152,94,0,123.434395,125.0
152,95,4,126.68361,125.0
152,96,5,126.757256,125.0
152,97,1,116.727516,125.0
152,98,3,120.10587,125.0
152,99,0,112.14174,125.0
152,100,4,120.39204,125.0
152,101,5,126.46831,125.0
152,102,3,122.78034,125.0
152,103,0,124.48098,125.0
152,104,5,123.855415,125.0
152,105,3,112.66091,125.0
152,106,5,122.23184,125.0
152,107,5,120.42966,125.0
152,108,1,122.478905,125.0
152,109,3,128.70825,125.0
152,110,3,126.1462,125.0
152,111,4,121.35682,125.0
152,112,3,119.447334,125.0
152,113,1,122.266136,125.0
152,114,2,132.58397,125.0
152,115,0,123.245026,125.0
152,116,1,121.392235,125.0
152,117,2,124.57867,125.0
152,118,2,122.49442,125.0
152,119,1,122.52165,125.0
152,120,5,120.796036,125.0
152,121,2,106.68693,125.0
152,122,3,114.50738,125.0
152,123,4,121.03918,125.0
152,124,3,119.96754,125.0
152,125,0,125.27235,125.0
152,126,0,120.841805,125.0
152,127,5,123.93609,125.0
152,128,5,123.42812,125.0
152,129,3,127.213554,125.0
152,130,5,127.12646,125.0
152,131,0,121.58134,125.0
152,132,5,123.734406,125.0
152,133,4,128.4087,125.0
152,134,0,120.09678,125.0
152,135,3,116.33359,125.0
152,136,2,125.700165,125.0
152,137,4,127.018715,125.0
152,138,1,127.79429,125.0
152,139,1,118.5762,125.0
152,140,4,124.34992,125.0
152,141,4,121.63723,125.0
152,142,4,115.88802,125.0
152,143,0,116.326164,125.0
152,144,3,115.81797,125.0
152,145,0,117.35421,125.0
152,146,1,106.86577,125.0
152,147,4,113.078125,125.0
152,148,4,101.59336,125.0
152,149,0,96.94075,125.0
152,150,4,94.16454,125.0
152,151,4,97.781334,125.0
152,152,1,83.44528,125.0
152,153,0,99.88653,125.0
152,154,2,105.70727,125.0
152,155,5,93.92074,125.0
152,156,3,73.575554,125.0
152,157,5,66.30722,125.0
152,158,5,88.24045,125.0
152,159,3,82.63296,124.0
152,160,3,94.19974,123.0
152,161,0,88.57502,122.0
152,162,4,90.89912,121.0
152,163,0,94.08926,120.0
152,164,1,102.5563,119.0
152,165,3,106.71037,118.0
152,166,1,113.98443,117.0
152,167,1,109.0444,116.0
152,168,1,94.81756,115.0
152,169,2,116.22939,114.0
152,170,5,112.04894,113.0
152,171,5,115.2622,112.0
152,172,2,91.0342,111.0
152,173,0,82.243065,110.0
152,174,4,106.74694,109.0
152,175,5,104.22117,108.0
152,176,2,90.64708,107.0
152,177,2,72.43658,106.0
152,178,3,80.275246,105.0
152,179,1,78.14901,104.0
152,180,5,81.580574,103.0
152,181,0,90.6415,102.0
152,182,3,101.873924,101.0
152,183,5,102.82971,100.0
152,184,5,91.78374,99.0
152,185,2,83.41499,98.0
152,186,0,82.13256,97.0
152,187,4,78.8885,96.0
152,188,0,73.88453,95.0
152,189,2,78.401985,94.0
152,190,1,89.753746,93.0
152,191,5,84.39629,92.0
152,192,3,77.38111,91.0
152,193,4,58.662704,90.0
152,194,3,65.11872,89.0
152,195,1,64.51536,88.0
153,36,5,111.95605,125.0
153,37,2,103.0192,125.0
153,38,1,111.549446,125.0
153,39,3,106.79284,125.0
153,40,5,106.91659,125.0
153,41,3,100.20728,125.0
153,42,5,107.18144,125.0
153,43,4,104.19988,125.0
153,44,3,112.927025,125.0
153,45,5,107.79092,125.0
153,46,4,112.16275,125.0
153,47,2,113.6816,125.0
153,48,0,116.79084,125.0
153,49,5,114.00699,125.0
153,50,1,121.209656,125.0
153,51,5,122.54572,125.0
153,52,1,119.144646,125.0
153,53,5,105.38149,125.0
153,54,4,117.19012,125.0
153,55,2,120.56796,125.0
153,56,5,122.67843,125.0
153,57,5,113.21364,125.0
153,58,3,124.125015,125.0
153,59,5,120.199,125.0
153,60,0,102.93515,125.0
153,61,0,112.161095,125.0
153,62,0,107.472176,125.0
153,63,3,124.851234,125.0
153,64,1,133.95973,125.0
153,65,3,121.228676,125.0
153,66,4,129.48172,125.0
153,67,5,126.448845,125.0
153,68,3,113.18647,125.0
153,69,4,123.92286,125.0
153,70,2,124.67573,125.0
153,71,3,127.034874,125.0
153,72,4,127.50968,125.0
153,73,3,124.53861,125.0
153,74,5,125.88322,125.0
153,75,5,125.66467,125.0
153,76,4,124.354195,125.0
153,77,0,131.78198,125.0
153,78,0,121.90378,125.0
153,79,0,119.429115,125.0
153,80,4,126.30319,125.0
153,81,0,121.16323,125.0
153,82,3,123.14025,125.0
153,83,1,126.83512,125.0
153,84,4,127.10319,125.0
153,85,2,130.04219,125.0
153,86,0,122.92223,125.0
153,87,1,120.417534,125.0
153,88,3,115.2781,125.0
153,89,5,125.22283,125.0
153,90,4,124.39729,125.0
153,91,4,116.63636,125.0
153,92,3,114.0833,125.0
153,93,5,106.30176,125.0
153,94,4,102.250725,125.0
153,95,1,102.45652,125.0
153,96,0,118.06455,125.0
153,97,2,116.34081,125.0
153,98,3,117.6304,125.0
153,99,1,112.3505,125.0
153,100,3,113.47107,125.0
153,101,5,125.02274,125.0
153,102,1,119.09529,125.0
153,103,5,118.64881,125.0
153,104,3,126.21342,125.0
153,105,2,122.76482,125.0
153,106,5,118.36967,125.0
153,107,2,120.57113,125.0
153,108,4,124.75696,125.0
153,109,0,121.74699,125.0
153,110,1,112.59483,125.0
153,111,5,99.341576,125.0
153,112,0,100.867195,125.0
153,113,4,99.112015,125.0
153,114,1,108.84513,125.0
153,115,5,111.10965,125.0
153,116,0,122.321434,125.0
153,117,1,114.58662,125.0
153,118,3,124.17458,125.0
153,119,5,121.18906,125.0
153,120,1,124.59003,125.0
153,121,4,125.69695,125.0
153,122,3,124.829,125.0
153,123,3,126.0882,125.0
153,124,0,129.65878,125.0
153,125,1,118.81261,125.0
153,126,5,123.99272,125.0
153,127,4,123.76241,125.0
153,128,4,124.81449,125.0
153,129,5,118.98538,125.0
153,130,0,121.575554,125.0
154,36,2,63.29197,120.0
154,37,3,87.85871,119.0
154,38,2,94.76841,118.0
154,39,3,111.68965,117.0
154,40,4,116.10653,116.0
154,41,3,112.82313,115.0
154,42,3,121.137856,114.0
154,43,2,118.5971,113.0
154,44,2,95.284485,112.0
154,45,0,115.74552,111.0
154,46,3,110.225716,110.0
154,47,2,124.107765,109.0
154,48,2,112.182106,108.0
154,49,4,114.0566,107.0
154,50,1,107.835434,106.0
154,51,0,102.619896,105.0
154,52,4,118.3368,104.0
154,53,3,109.69687,103.0
154,54,0,111.82626,102.0
154,55,5,110.9409,101.0
154,56,2,107.09054,100.0
154,57,3,105.742134,99.0
154,58,4,107.31498,98.0
154,59,4,115.003716,97.0
154,60,4,115.18073,96.0
154,61,2,111.17426,95.0
154,62,4,120.98875,94.0
154,63,5,121.77471,93.0
154,64,3,123.2078,92.0
154,65,3,120.20871,91.0
154,66,3,118.4925,90.0
154,67,3,118.82722,89.0
154,68,2,112.15644,88.0
154,69,0,118.584816,87.0
154,70,3,125.97473,86.0
154,71,4,121.56368,85.0
154,72,4,119.17432,84.0
154,73,5,121.62354,83.0
154,74,0,125.847,82.0
154,75,5,121.48182,81.0
154,76,1,118.63792,80.0
154,77,5,117.5617,79.0
154,78,2,117.91688,78.0
154,79,4,113.02256,77.0
154,80,2,121.2922,76.0
154,81,4,102.49376,75.0
154,82,3,111.368,74.0
154,83,1,126.29034,73.0
154,84,2,114.163826,72.0
154,85,0,121.22096,71.0
154,86,0,120.02192,70.0
154,87,2,123.08523,69.0
154,88,2,118.76534,68.0
154,89,5,125.03321,67.0
154,90,1,119.654686,66.0
154,91,2,105.5028,65.0
154,92,2,114.10737,64.0
154,93,1,109.906105,63.0
154,94,3,115.50843,62.0
154,95,4,116.00226,61.0
154,96,3,115.560844,60.0
154,97,1,110.73921,59.0
154,98,2,113.01212,58.0
154,99,0,116.80517,57.0
154,100,3,119.99276,56.0
154,101,2,122.225006,55.0
154,102,0,124.0051,54.0
154,103,1,119.34669,53.0
154,104,4,113.93052,52.0
154,105,2,95.998184,51.0
154,106,1,97.667206,50.0
154,107,5,108.281334,49.0
154,108,3,107.52559,48.0
154,109,0,115.98727,47.0
154,110,4,116.67829,46.0
154,111,5,108.68247,45.0
154,112,5,109.80407,44.0
154,113,0,103.32313,43.0
154,114,2,89.41392,42.0
154,115,4,94.939995,41.0
154,116,5,108.13119,40.0
154,117,0,101.59995,39.0
154,118,2,118.2019,38.0
154,119,0,107.78312,37.0
154,120,1,114.314255,36.0
154,121,1,116.49708,35.0
154,122,5,110.72869,34.0
155,36,3,122.70284,125.0
155,37,0,122.329216,125.0
155,38,2,119.1472,125.0
155,39,5,116.88314,125.0
155,40,5,122.18166,125.0
155,41,1,124.226906,125.0
155,42,1,125.58868,125.0
155,43,3,125.19602,125.0
155,44,0,119.75406,124.0
155,45,3,119.25747,123.0
155,46,2,122.90502,122.0
155,47,2,119.73979,121.0
155,48,5,123.0476,120.0
155,49,4,120.22547,119.0
155,50,4,93.90838,118.0
155,51,2,90.62014,117.0
155,52,3,96.35464,116.0
155,53,1,88.53878,115.0
155,54,2,86.57807,114.0
155,55,4,93.460976,113.0
155,56,4,81.61271,112.0
155,57,4,78.76028,111.0
155,58,5,102.22555,110.0
155,59,5,107.93266,109.0
155,60,5,120.594215,108.0
155,61,4,98.091835,107.0
155,62,0,110.948204,106.0
155,63,0,118.37934,105.0
155,64,5,121.82525,104.0
155,65,5,118.00538,103.0
155,66,1,122.21226,102.0
155,67,4,115.850296,101.0
155,68,5,112.26289,100.0
155,69,5,112.65779,99.0
155,70,3,119.533394,98.0
155,71,2,105.48564,97.0
155,72,4,106.27908,96.0
155,73,5,95.39791,95.0
155,74,2,116.80631,94.0
155,75,2,115.94339,93.0
155,76,4,122.62704,92.0
155,77,1,116.81257,91.0
155,78,4,122.75168,90.0
155,79,2,125.41285,89.0
155,80,5,115.259796,88.0
155,81,4,116.590904,87.0
155,82,4,107.94035,86.0
155,83,5,109.139244,85.0
155,84,1,102.98432,84.0
155,85,2,113.77622,83.0
155,86,5,114.98504,82.0
155,87,2,89.91224,81.0
155,88,5,98.1231,80.0
155,89,1,94.47911,79.0
155,90,1,81.17196,78.0
155,91,3,74.40954,77.0
155,92,5,67.10691,76.0
155,93,4,72.11936,75.0
155,94,3,86.37809,74.0
155,95,5,76.41089,73.0
155,96,4,80.0693,72.0
155,97,5,75.18477,71.0
155,98,1,92.53785,70.0
155,99,4,89.0004,69.0
155,100,3,84.01398,68.0
155,101,3,87.51043,67.0
155,102,1,96.289406,66.0
155,103,1,86.15376,65.0
155,104,2,84.50688,64.0
155,105,3,91.20788,63.0
155,106,1,95.90273,62.0
155,107,1,74.1835,61.0
155,108,2,75.920364,60.0
155,109,4,73.30204,59.0
155,110,5,79.453804,58.0
155,111,5,90.83683,57.0
155,112,5,105.68359,56.0
155,113,2,117.2589,55.0
155,114,5,125.47637,54.0
155,115,2,111.00686,53.0
155,116,5,108.574585,52.0
155,117,3,105.14763,51.0
155,118,2,116.958336,50.0
155,119,2,118.94605,49.0
155,120,2,109.51415,48.0
155,121,2,93.0453,47.0
155,122,3,94.33996,46.0
155,123,3,81.21363,45.0
155,124,0,84.57763,44.0
155,125,3,66.496635,43.0
155,126,4,76.8514,42.0
155,127,5,106.34356,41.0
155,128,4,74.91103,40.0
155,129,5,89.648705,39.0
155,130,4,70.78675,38.0
155,131,5,69.49058,37.0
155,132,4,57.64432,36.0
155,133,5,60.629772,35.0
155,134,5,62.126457,34.0
155,135,2,69.5652,33.0
155,136,5,77.217094,32.0
155,137,3,52.963966,31.0
155,138,1,56.562004,30.0
155,139,1,45.73255,29.0
155,140,2,53.885468,28.0
155,141,4,40.678,27.0
155,142,3,20.483751,26.0
155,143,4,23.468206,25.0
155,144,2,26.837122,24.0
155,145,3,25.9708,23.0
155,146,0,28.053757,22.0
155,147,2,25.31002,21.0
155,148,4,16.939064,20.0
155,149,0,26.790705,19.0
155,150,5,29.981686,18.0
155,151,5,41.000885,17.0
155,152,5,32.727234,16.0
155,153,0,40.518845,15.0
155,154,0,42.864986,14.0
155,155,0,31.466154,13.0
155,156,1,28.81571,12.0
155,157,0,24.787188,11.0
155,158,0,22.970507,10.0
155,159,1,16.108957,9.0
155,160,0,13.355083,8.0
155,161,4,17.403112,7.0
157,36,3,132.56955,125.0
157,37,3,128.59006,125.0
157,38,1,125.98263,125.0
157,39,1,130.22566,125.0
157,40,4,123.77943,125.0
157,41,0,121.404785,125.0
157,42,3,126.04154,125.0
157,43,4,124.76005,125.0
157,44,5,123.185646,125.0
157,45,5,127.59838,125.0
157,46,2,123.184135,125.0
157,47,0,128.11765,125.0
157,48,0,119.095634,125.0
157,49,5,119.706795,125.0
157,50,5,124.73296,125.0
157,51,5,106.301254,125.0
157,52,0,112.211525,125.0
157,53,2,109.20094,125.0
157,54,2,115.53863,125.0
157,55,5,106.96949,125.0
157,56,3,107.444695,125.0
157,57,2,113.96981,125.0
157,58,5,100.361984,125.0
157,59,5,89.464714,125.0
157,60,5,94.64364,125.0
157,61,0,101.61673,125.0
157,62,2,93.34362,125.0
157,63,0,100.359795,125.0
157,64,4,118.50333,125.0
157,65,0,125.662994,125.0
157,66,2,118.07631,125.0
157,67,0,111.669365,125.0
157,68,1,114.28868,125.0
157,69,0,105.22542,125.0
157,70,5,114.984825,125.0
157,71,1,128.8533,125.0
157,72,2,122.19285,125.0
157,73,5,125.77697,125.0
157,74,5,124.46874,125.0
157,75,0,121.4232,125.0
157,76,2,124.61722,125.0
157,77,2,126.933174,125.0
157,78,2,123.89947,125.0
157,79,4,117.906105,125.0
157,80,4,118.141815,125.0
157,81,1,122.38523,125.0
157,82,1,115.90208,125.0
157,83,2,117.92407,125.0
157,84,2,128.76117,125.0
157,85,4,130.66502,125.0
157,86,1,119.14886,125.0
157,87,1,113.655975,125.0
157,88,5,125.47539,125.0
157,89,5,125.15337,125.0
157,90,5,132.14352,125.0
157,91,4,127.247856,125.0
157,92,4,128.35672,125.0
157,93,2,132.21477,125.0
157,94,0,136.14905,125.0
157,95,3,134.49792,125.0
157,96,5,131.67354,125.0
157,97,5,134.62112,125.0
157,98,5,125.9072,125.0
157,99,5,131.64932,125.0
157,100,0,129.79834,125.0
157,101,2,120.62684,125.0
157,102,3,121.390495,125.0
157,103,2,118.09332,125.0
157,104,1,125.60617,125.0
157,105,5,124.017525,125.0
157,106,1,128.36206,125.0
157,107,1,116.7748,125.0
157,108,4,118.645424,125.0
157,109,0,117.878914,125.0
157,110,3,116.47523,125.0
157,111,5,112.97906,125.0
157,112,5,120.78696,125.0
157,113,5,115.376625,125.0
157,114,0,118.11712,125.0
157,115,0,115.15832,125.0
157,116,2,104.06945,125.0
157,117,0,112.56869,125.0
157,118,2,128.35678,125.0
157,119,4,120.52157,125.0
157,120,5,122.65147,125.0
157,121,0,119.83727,125.0
157,122,3,128.11626,125.0
157,123,0,120.283005,125.0
157,124,3,121.96368,125.0
157,125,0,126.276344,125.0
157,126,4,132.93924,125.0
157,127,3,125.24813,125.0
157,128,4,118.997826,125.0
157,129,4,116.306046,125.0
157,130,5,129.61127,125.0
157,131,5,120.26008,125.0
157,132,0,122.06216,125.0
157,133,5,120.11401,125.0
157,134,0,115.947075,125.0
157,135,5,113.55757,125.0
157,136,5,123.25556,125.0
157,137,1,122.0584,125.0
157,138,4,119.059654,125.0
158,36,0,113.21334,125.0
158,37,1,116.0024,125.0
158,38,2,126.15069,125.0
158,39,3,122.455345,125.0
158,40,5,123.89849,125.0
158,41,1,114.90479,125.0
158,42,5,121.32906,125.0
158,43,4,129.30722,125.0
158,44,1,127.66405,125.0
158,45,2,124.26348,125.0
158,46,1,120.36348,125.0
158,47,1,121.55804,125.0
158,48,3,117.10277,125.0
158,49,2,123.27508,125.0
158,50,4,126.75515,125.0
158,51,5,128.28195,125.0
158,52,1,128.49715,125.0
158,53,3,122.363945,124.0
158,54,4,119.5298,123.0
158,55,4,117.20696,122.0
158,56,4,121.79086,121.0
158,57,0,120.03448,120.0
158,58,2,128.3902,119.0
158,59,5,126.62972,118.0
158,60,4,119.611275,117.0
158,61,5,123.300255,116.0
158,62,1,113.631714,115.0
158,63,5,120.37293,114.0
158,64,1,120.085686,113.0
158,65,2,124.281525,112.0
158,66,1,124.25899,111.0
158,67,1,116.88662,110.0
158,68,0,126.506386,109.0
158,69,5,123.772484,108.0
158,70,1,125.927765,107.0
158,71,2,122.300835,106.0
158,72,1,117.81921,105.0
158,73,5,121.638115,104.0
158,74,5,123.69758,103.0
158,75,0,112.02923,102.0
158,76,5,99.704994,101.0
158,77,3,102.80164,100.0
158,78,5,94.39463,99.0
158,79,0,105.12693,98.0
158,80,4,111.098656,97.0
158,81,5,97.51243,96.0
158,82,3,107.352646,95.0
158,83,1,111.40576,94.0
158,84,5,99.72562,93.0
158,85,5,102.20312,92.0
158,86,3,96.881096,91.0
158,87,5,105.12022,90.0
158,88,5,107.62885,89.0
158,89,4,107.84577,88.0
158,90,5,96.46316,87.0
158,91,4,115.62363,86.0
158,92,2,116.01122,85.0
158,93,4,108.39995,84.0
158,94,2,90.10056,83.0
158,95,4,104.044136,82.0
158,96,5,96.54728,81.0
158,97,5,90.29188,80.0
158,98,2,81.1064,79.0
158,99,1,101.96234,78.0
158,100,1,116.44756,77.0
158,101,5,108.88145,76.0
158,102,0,104.59186,75.0
158,103,2,100.67625,74.0
158,104,1,101.03956,73.0
158,105,3,98.8455,72.0
158,106,5,116.74969,71.0
158,107,4,103.58233,70.0
158,108,2,97.67986,69.0
158,109,2,95.782776,68.0
158,110,4,104.10511,67.0
158,111,1,72.2178,66.0
158,112,5,89.35485,65.0
158,113,2,100.43241,64.0
158,114,3,100.97692,63.0
158,115,1,105.01688,62.0
158,116,2,114.23609,61.0
158,117,1,116.65922,60.0
158,118,4,116.78028,59.0
158,119,4,101.42104,58.0
158,120,4,87.06469,57.0
158,121,0,100.17414,56.0
158,122,2,90.58236,55.0
158,123,3,113.20304,54.0
158,124,5,100.867836,53.0
158,125,2,94.50824,52.0
158,126,3,95.9696,51.0
158,127,0,88.4941,50.0
158,128,5,107.746925,49.0
158,129,3,103.129616,48.0
158,130,4,99.22324,47.0
158,131,4,88.44201,46.0
158,132,0,76.90838,45.0
158,133,3,83.393394,44.0
158,134,5,71.75163,43.0
158,135,1,84.683586,42.0
158,136,5,95.08102,41.0
158,137,5,97.426506,40.0
158,138,5,99.97072,39.0
158,139,5,103.97471,38.0
158,140,5,95.31741,37.0
158,141,5,70.18773,36.0
158,142,4,72.986855,35.0
158,143,3,78.04964,34.0
158,144,2,68.56861,33.0
158,145,0,69.68502,32.0
158,146,1,68.12576,31.0
158,147,5,71.92364,30.0
158,148,4,53.08944,29.0
158,149,4,59.621685,28.0
158,150,2,69.76238,27.0
158,151,4,68.26772,26.0
158,152,0,65.98916,25.0
158,153,1,60.5887,24.0
158,154,5,69.94163,23.0
158,155,1,57.28459,22.0
158,156,1,40.75234,21.0
158,157,4,38.850693,20.0
158,158,4,24.813183,19.0
158,159,3,38.402245,18.0
158,160,3,40.00245,17.0
158,161,1,19.521402,16.0
158,162,0,24.992142,15.0
158,163,0,33.910164,14.0
158,164,4,36.76635,13.0
158,165,4,28.637972,12.0
158,166,3,14.768151,11.0
158,167,3,12.013724,10.0
158,168,3,13.584381,9.0
158,169,5,17.129423,8.0
158,170,5,31.612265,7.0
158,171,0,21.681223,6.0
159,36,5,110.62498,125.0
159,37,3,112.31749,125.0
159,38,1,95.24998,125.0
159,39,0,97.11554,125.0
159,40,1,102.47198,125.0
159,41,5,96.846634,125.0
159,42,3,116.09623,125.0
159,43,5,113.84202,125.0
159,44,4,119.89778,125.0
159,45,0,110.601555,125.0
159,46,3,118.140335,125.0
159,47,0,120.92306,125.0
159,48,0,110.38082,125.0
159,49,2,117.842354,125.0
159,50,1,119.95144,125.0
159,51,2,120.977974,125.0
159,52,3,128.80319,125.0
159,53,5,126.75845,125.0
159,54,4,133.4376,125.0
159,55,1,126.8713,125.0
159,56,5,130.1332,125.0
159,57,3,125.8186,125.0
159,58,5,123.732445,124.0
159,59,2,115.090416,123.0
159,60,5,108.673256,122.0
159,61,2,101.51797,121.0
159,62,0,113.04456,120.0
159,63,1,127.16463,119.0
159,64,5,114.37163,118.0
159,65,3,117.55636,117.0
159,66,2,117.81077,116.0
159,67,4,108.90789,115.0
159,68,3,117.47274,114.0
159,69,3,120.58309,113.0
159,70,4,114.435745,112.0
159,71,3,126.796394,111.0
159,72,4,122.02598,110.0
159,73,5,127.36318,109.0
159,74,1,121.72461,108.0
159,75,2,117.38771,107.0
159,76,1,114.592,106.0
159,77,2,100.07067,105.0
159,78,0,118.45371,104.0
159,79,2,121.65969,103.0
159,80,3,118.30352,102.0
159,81,1,120.82371,101.0
159,82,4,120.269394,100.0
159,83,5,118.47186,99.0
159,84,1,117.50478,98.0
159,85,4,119.24966,97.0
159,86,2,94.49518,96.0
159,87,2,94.666176,95.0
159,88,1,77.6162,94.0
159,89,5,84.76391,93.0
159,90,4,82.75559,92.0
159,91,2,87.139275,91.0
159,92,1,94.48794,90.0
159,93,0,104.18893,89.0
159,94,5,111.209724,88.0
159,95,4,111.47239,87.0
159,96,2,96.674614,86.0
159,97,0,85.45911,85.0
159,98,1,84.257835,84.0
159,99,4,78.54588,83.0
159,100,5,103.490364,82.0
159,101,3,112.556175,81.0
159,102,2,96.63467,80.0
159,103,4,110.25017,79.0
159,104,5,113.7689,78.0
159,105,1,99.69677,77.0
159,106,0,101.35614,76.0
159,107,3,106.52454,75.0
159,108,4,121.24258,74.0
159,109,0,119.7528,73.0
159,110,5,108.132805,72.0
159,111,0,117.007866,71.0
159,112,3,114.36791,70.0
159,113,4,118.31756,69.0
159,114,0,107.7821,68.0
159,115,0,118.061134,67.0
159,116,2,116.095894,66.0
159,117,2,117.098236,65.0
159,118,3,112.49207,64.0
159,119,2,110.51416,63.0
159,120,0,102.634125,62.0
159,121,5,106.88584,61.0
159,122,1,113.07476,60.0
159,123,2,99.48539,59.0
159,124,0,85.481346,58.0
159,125,4,82.17861,57.0
159,126,4,100.34228,56.0
159,127,3,77.33184,55.0
159,128,0,84.93575,54.0
159,129,2,97.45046,53.0
159,130,4,94.3397,52.0
159,131,5,83.47355,51.0
159,132,5,97.94873,50.0
159,133,4,76.72968,49.0
159,134,2,112.7013,48.0
159,135,5,110.38429,47.0
159,136,5,108.08992,46.0
159,137,5,113.06571,45.0
159,138,5,118.88681,44.0
159,139,5,109.108696,43.0
159,140,2,103.54204,42.0
159,141,5,97.99227,41.0
159,142,2,72.757965,40.0
159,143,0,79.75808,39.0
159,144,5,87.23134,38.0
159,145,3,71.025505,37.0
159,146,4,104.270836,36.0
159,147,5,100.20168,35.0
159,148,1,90.87981,34.0
159,149,5,87.38768,33.0
159,150,2,104.98507,32.0
159,151,2,97.07311,31.0
159,152,3,93.76558,30.0
159,153,3,108.003746,29.0
159,154,3,101.72098,28.0
159,155,5,82.4498,27.0
159,156,4,94.146736,26.0
159,157,0,82.674164,25.0
159,158,3,74.592995,24.0
159,159,4,60.73704,23.0
159,160,5,57.652084,22.0
160,36,0,124.429985,125.0
160,37,4,125.88061,125.0
160,38,2,138.0018,125.0
160,39,4,127.30663,125.0
160,40,0,126.05263,125.0
160,41,4,124.70641,125.0
160,42,0,132.86905,125.0
160,43,5,128.84526,125.0
160,44,5,114.31046,125.0
160,45,1,127.10311,125.0
160,46,5,131.22543,125.0
160,47,3,123.45423,125.0
160,48,4,126.08569,125.0
160,49,5,127.07511,125.0
160,50,3,126.06187,125.0
160,51,0,120.577934,125.0
160,52,0,132.23569,125.0
160,53,0,122.549416,125.0
160,54,3,117.73153,125.0
160,55,2,125.48637,125.0
160,56,2,121.469864,125.0
160,57,2,115.794395,125.0
160,58,5,114.71637,125.0
160,59,0,115.55941,125.0
160,60,4,119.75582,125.0
160,61,5,114.742455,125.0
160,62,4,124.32981,125.0
160,63,2,127.15897,125.0
160,64,0,118.81176,125.0
160,65,1,123.814705,125.0
160,66,2,123.41251,125.0
160,67,3,116.96282,125.0
160,68,2,113.59525,125.0
160,69,3,123.35627,125.0
160,70,1,115.205666,125.0
160,71,1,115.62194,125.0
160,72,5,113.71999,125.0
160,73,1,114.55207,125.0
160,74,0,113.64024,125.0
160,75,0,112.16846,125.0
160,76,1,100.01063,125.0
160,77,4,98.47051,125.0
160,78,2,101.06368,125.0
160,79,1,105.23379,125.0
160,80,1,106.75378,125.0
160,81,0,90.5129,124.0
160,82,1,68.94616,123.0
160,83,2,84.436104,122.0
160,84,5,99.24047,121.0
160,85,0,110.9828,120.0
160,86,5,109.42071,119.0
160,87,0,123.04695,118.0
160,88,5,118.79789,117.0
160,89,2,126.51055,116.0
160,90,0,120.8668,115.0
160,91,5,122.48328,114.0
160,92,2,125.5852,113.0
160,93,2,113.47013,112.0
160,94,1,109.308235,111.0
160,95,3,108.42487,110.0
160,96,4,99.48045,109.0
160,97,2,98.63203,108.0
160,98,1,94.13896,107.0
160,99,5,87.94359,106.0
160,100,1,103.04369,105.0
160,101,2,103.27575,104.0
160,102,2,101.02517,103.0
160,103,5,89.902054,102.0
160,104,4,98.34817,101.0
160,105,5,98.36941,100.0
160,106,5,102.89264,99.0
160,107,3,105.971275,98.0
160,108,1,104.0716,97.0
160,109,3,92.582466,96.0
160,110,5,99.76101,95.0
160,111,5,104.00318,94.0
160,112,5,109.59015,93.0
160,113,3,101.526215,92.0
160,114,5,110.02816,91.0
160,115,4,112.674095,90.0
160,116,2,89.65375,89.0
160,117,3,98.02905,88.0
160,118,4,99.4929,87.0
160,119,5,104.90874,86.0
160,120,4,120.70572,85.0
160,121,2,96.985275,84.0
160,122,5,99.247314,83.0
161,36,3,119.01259,125.0
161,37,0,126.273,125.0
161,38,4,120.426704,125.0
161,39,0,127.7154,125.0
161,40,4,130.52357,125.0
161,41,5,131.7678,125.0
161,42,1,122.58804,125.0
161,43,3,122.38517,125.0
161,44,1,103.39239,125.0
161,45,4,117.93461,125.0
161,46,0,115.163765,125.0
161,47,3,122.95678,125.0
161,48,5,128.75453,125.0
161,49,2,128.4612,125.0
161,50,4,127.2656,125.0
161,51,2,124.56376,125.0
161,52,5,124.73693,125.0
161,53,5,126.26693,125.0
161,54,5,125.75547,125.0
161,55,1,129.85794,125.0
161,56,1,117.46388,125.0
161,57,5,112.76149,125.0
161,58,4,126.289,125.0
161,59,5,122.95699,125.0
161,60,3,122.4446,125.0
161,61,0,129.15329,125.0
161,62,2,122.90664,125.0
161,63,3,125.41714,125.0
161,64,1,120.08958,125.0
161,65,3,124.80895,125.0
161,66,5,123.9799,125.0
161,67,0,122.056435,125.0
161,68,4,116.849396,125.0
161,69,0,123.6262,125.0
161,70,5,123.5905,125.0
161,71,4,123.90099,125.0
161,72,1,125.19321,125.0
161,73,5,127.74172,125.0
161,74,5,130.4527,125.0
161,75,5,128.36562,125.0
161,76,1,126.82404,125.0
161,77,2,130.01657,125.0
161,78,1,128.04478,125.0
161,79,4,130.36682,125.0
161,80,0,122.76917,125.0
161,81,3,124.101616,125.0
161,82,0,123.59027,125.0
161,83,5,125.90392,125.0
161,84,4,125.03301,125.0
161,85,1,127.01253,125.0
161,86,5,132.23224,125.0
161,87,2,133.15323,125.0
161,88,5,125.86325,125.0
161,89,5,131.79346,125.0
161,90,3,124.86984,125.0
161,91,1,127.09925,125.0
161,92,5,128.55121,125.0
161,93,0,123.818214,125.0
161,94,1,130.79509,125.0
161,95,3,128.23022,125.0
161,96,4,128.87881,125.0
161,97,3,134.95837,125.0
161,98,1,131.96837,125.0
161,99,2,130.98175,125.0
161,100,1,127.664566,125.0
161,101,3,123.31652,125.0
161,102,5,121.45371,125.0
161,103,5,128.42528,125.0
161,104,0,129.23552,125.0
161,105,5,128.39236,125.0
161,106,2,127.05615,125.0
161,107,4,125.32664,125.0
161,108,4,123.41573,125.0
161,109,5,125.86805,125.0
161,110,3,125.34684,125.0
161,111,5,122.74346,125.0
161,112,3,123.96729,125.0
161,113,4,121.09717,125.0
161,114,2,125.29005,125.0
161,115,0,120.99742,125.0
161,116,2,116.26899,125.0
161,117,2,115.711655,125.0
161,118,1,110.223434,125.0
161,119,5,117.7721,125.0
161,120,2,117.403496,125.0
161,121,4,113.31013,125.0
161,122,5,119.64385,125.0
161,123,3,120.17637,125.0
161,124,5,114.32655,125.0
161,125,1,125.26544,125.0
161,126,3,123.151,125.0
161,127,5,127.91414,125.0
161,128,3,124.000916,125.0
161,129,1,125.80691,125.0
161,130,0,127.15246,125.0
161,131,2,125.857544,125.0
161,132,0,125.77694,125.0
161,133,4,124.34284,125.0
161,134,4,112.95748,125.0
161,135,0,109.082985,125.0
161,136,5,107.581406,125.0
161,137,4,101.76656,125.0
161,138,3,122.009514,125.0
161,139,5,123.09937,125.0
161,140,2,121.34196,125.0
161,141,4,125.500824,125.0
161,142,4,115.979454,125.0
161,143,1,119.3538,125.0
161,144,4,121.21055,125.0
161,145,4,107.47071,125.0
161,146,4,106.73193,125.0
161,147,0,104.19235,125.0
161,148,4,100.023125,125.0
161,149,3,108.349556,125.0
161,150,0,95.674706,125.0
161,151,3,108.76762,125.0
161,152,3,108.189674,125.0
161,153,1,109.33168,125.0
161,154,0,108.39127,125.0
161,155,2,113.41195,125.0
161,156,3,117.373314,125.0
161,157,3,115.65598,125.0
161,158,1,111.39431,125.0
161,159,3,111.44538,125.0
161,160,0,114.66918,125.0
161,161,5,113.43677,125.0
161,162,1,112.93675,125.0
161,163,0,114.92971,125.0
161,164,1,105.85717,125.0
161,165,4,103.81046,125.0
161,166,5,115.935234,125.0
161,167,0,120.099144,125.0
161,168,5,111.277336,125.0
161,169,3,108.80198,125.0
161,170,5,111.13416,125.0
161,171,3,114.668785,125.0
161,172,1,114.665825,125.0
161,173,2,107.16016,125.0
161,174,2,110.65841,125.0
161,175,1,102.989494,125.0
161,176,0,103.47489,125.0
161,177,0,111.04887,125.0
161,178,4,116.81332,125.0
161,179,1,118.14309,125.0
161,180,3,122.10116,125.0
161,181,2,125.50359,125.0
161,182,0,119.18889,125.0
161,183,5,122.65377,125.0
161,184,0,127.98777,125.0
161,185,0,121.74612,125.0
161,186,4,121.7589,125.0
161,187,2,120.57706,125.0
161,188,0,123.72703,125.0
161,189,5,119.75499,125.0
161,190,5,116.3398,125.0
161,191,3,120.31521,125.0
161,192,3,117.358955,125.0
161,193,3,118.38729,125.0
161,194,5,112.401436,125.0
161,195,3,116.0394,125.0
161,196,0,124.57546,125.0
161,197,0,115.89983,125.0
161,198,0,125.89518,125.0
161,199,5,113.41575,125.0
161,200,5,121.63122,125.0
161,201,3,126.591835,125.0
161,202,1,124.45583,125.0
161,203,3,124.08123,125.0
161,204,0,126.42304,125.0
161,205,2,123.4325,125.0
161,206,4,124.60134,125.0
161,207,0,110.06691,125.0
161,208,5,94.30781,125.0
161,209,0,94.22454,125.0
161,210,0,76.49755,125.0
161,211,4,68.83684,125.0
161,212,0,83.42219,125.0
161,213,0,91.4322,125.0
161,214,2,94.774254,125.0
161,215,5,107.75858,124.0
161,216,2,104.95396,123.0
161,217,5,106.511604,122.0
161,218,5,103.01852,121.0
161,219,3,106.56922,120.0
161,220,3,111.662346,119.0
161,221,3,103.97115,118.0
161,222,0,92.99305,117.0
161,223,3,72.2826,116.0
161,224,5,69.69935,115.0
161,225,4,67.96469,114.0
161,226,5,79.1135,113.0
161,227,3,83.89562,112.0
161,228,1,84.00146,111.0
161,229,2,71.55382,110.0
161,230,2,72.40215,109.0
161,231,5,96.19926,108.0
161,232,0,97.56962,107.0
161,233,1,73.34478,106.0
161,234,5,81.63686,105.0
161,235,5,79.34992,104.0
161,236,0,76.12549,103.0
161,237,5,71.55611,102.0
161,238,4,71.359634,101.0
161,239,2,49.74872,100.0
161,240,4,56.32228,99.0
161,241,0,53.512627,98.0
161,242,1,48.222595,97.0
161,243,1,42.081944,96.0
161,244,2,38.851715,95.0
161,245,0,59.81233,94.0
161,246,3,61.601578,93.0
161,247,5,69.756065,92.0
161,248,5,66.21049,91.0
161,249,3,61.82863,90.0
161,250,3,56.168648,89.0
161,251,2,55.02262,88.0
161,252,5,47.089386,87.0
161,253,3,50.817886,86.0
161,254,4,42.56044,85.0
161,255,2,46.7229,84.0
161,256,2,42.610466,83.0
161,257,0,52.875317,82.0
162,36,1,125.209305,125.0
162,37,1,114.3297,125.0
162,38,5,123.16718,125.0
162,39,4,123.0763,125.0
162,40,4,124.30062,125.0
162,41,3,117.579704,125.0
162,42,2,125.364975,125.0
162,43,0,126.18447,125.0
162,44,0,120.765976,125.0
162,45,5,120.33434,125.0
162,46,5,122.88477,125.0
162,47,3,124.774185,125.0
162,48,3,123.49763,125.0
162,49,5,118.95025,125.0
162,50,2,118.535576,125.0
162,51,5,112.6662,125.0
162,52,4,119.75045,125.0
162,53,2,119.29906,125.0
162,54,4,118.86257,125.0
162,55,4,120.67832,125.0
162,56,5,112.97082,125.0
162,57,2,115.58154,125.0
162,58,4,106.8706,125.0
162,59,2,84.87316,124.0
162,60,4,73.985985,123.0
162,61,2,62.924828,122.0
162,62,4,60.112617,121.0
162,63,1,64.782326,120.0
162,64,4,44.2098,119.0
162,65,0,71.867,118.0
162,66,1,85.06513,117.0
162,67,0,80.266594,116.0
162,68,5,88.102936,115.0
162,69,3,88.25196,114.0
162,70,4,112.73214,113.0
162,71,5,101.16636,112.0
162,72,0,101.10679,111.0
162,73,5,92.55277,110.0
162,74,4,93.91358,109.0
162,75,1,88.62206,108.0
162,76,5,86.37446,107.0
162,77,5,97.98067,106.0
162,78,1,104.24456,105.0
162,79,5,94.01032,104.0
162,80,5,104.02878,103.0
162,81,3,115.22115,102.0
162,82,5,97.757065,101.0
162,83,0,103.64413,100.0
162,84,3,98.571075,99.0
162,85,4,99.140205,98.0
162,86,0,106.9305,97.0
162,87,5,84.66413,96.0
162,88,4,85.743744,95.0
162,89,2,104.533455,94.0
162,90,5,114.16211,93.0
162,91,3,115.954475,92.0
162,92,4,113.802986,91.0
162,93,5,106.96159,90.0
162,94,4,112.481636,89.0
162,95,3,114.07856,88.0
162,96,1,120.4905,87.0
162,97,2,118.68551,86.0
162,98,5,115.99682,85.0
162,99,3,120.049706,84.0
163,36,1,93.40557,125.0
163,37,4,108.815605,125.0
163,38,5,112.82006,125.0
163,39,5,108.58431,125.0
163,40,3,113.54808,125.0
163,41,4,116.654976,125.0
163,42,3,114.37594,125.0
163,43,4,115.384315,125.0
163,44,0,112.27264,125.0
163,45,4,120.16599,125.0
163,46,0,124.3094,125.0
163,47,4,123.35711,125.0
163,48,5,118.31783,125.0
163,49,3,113.128204,125.0
163,50,5,116.65069,125.0
163,51,4,118.84197,125.0
163,52,1,126.33881,125.0
163,53,5,117.07412,125.0
163,54,5,115.72006,125.0
163,55,4,118.520195,125.0
163,56,3,116.67049,125.0
163,57,5,117.29483,125.0
163,58,4,125.12649,125.0
163,59,2,125.20823,125.0
163,60,0,126.98116,125.0
163,61,5,120.30538,125.0
163,62,5,121.384056,125.0
163,63,5,119.64457,125.0
163,64,0,128.50418,125.0
163,65,1,122.873955,125.0
163,66,1,125.75375,125.0
163,67,3,129.7236,125.0
163,68,1,121.02548,125.0
163,69,4,125.8886,125.0
163,70,5,126.232666,125.0
163,71,5,128.6513,125.0
163,72,1,110.208694,125.0
163,73,5,109.74157,125.0
163,74,2,118.4952,125.0
163,75,5,104.57304,125.0
163,76,4,120.6769,125.0
163,77,5,116.32336,125.0
163,78,1,120.83259,125.0
163,79,0,119.336525,125.0
163,80,2,114.556404,125.0
163,81,0,113.07061,125.0
163,82,5,106.58811,125.0
163,83,3,110.426926,125.0
163,84,4,123.53256,125.0
163,85,0,116.573524,125.0
163,86,3,112.60419,125.0
163,87,5,106.77575,125.0
163,88,2,102.753944,125.0
163,89,4,93.73382,125.0
163,90,2,102.61875,125.0
163,91,1,102.545876,125.0
163,92,1,114.48128,125.0
163,93,0,102.53289,124.0
163,94,1,91.86491,123.0
163,95,3,104.45312,122.0
163,96,2,101.6986,121.0
163,97,1,115.65737,120.0
163,98,5,117.139336,119.0
163,99,1,114.65889,118.0
163,100,0,122.49994,117.0
163,101,3,122.142006,116.0
163,102,5,120.40479,115.0
163,103,1,121.506065,114.0
163,104,4,110.13648,113.0
163,105,3,115.384384,112.0
163,106,2,115.82823,111.0
163,107,1,99.1813,110.0
163,108,1,95.751945,109.0
163,109,5,108.01368,108.0
163,110,0,105.07679,107.0
163,111,4,103.718315,106.0
163,112,5,109.59696,105.0
163,113,2,108.98411,104.0
163,114,5,97.443794,103.0
163,115,0,94.891075,102.0
163,116,0,95.853874,101.0
163,117,1,87.674164,100.0
163,118,1,94.39941,99.0
163,119,2,78.99264,98.0
163,120,3,80.6533,97.0
163,121,0,88.3975,96.0
163,122,3,88.9262,95.0
165,36,4,127.99256,125.0
165,37,1,128.95589,125.0
165,38,0,128.96733,125.0
165,39,1,129.80615,125.0
165,40,1,133.91321,125.0
165,41,2,139.67455,125.0
165,42,5,123.62965,125.0
165,43,3,134.0228,125.0
165,44,4,124.59095,125.0
165,45,5,124.54781,125.0
165,46,2,119.32197,125.0
165,47,0,107.269966,125.0
165,48,2,119.85279,125.0
165,49,5,123.68983,125.0
165,50,5,124.75804,125.0
165,51,5,124.975075,125.0
165,52,0,123.70237,125.0
165,53,3,127.59708,125.0
165,54,5,123.56371,125.0
165,55,5,106.50019,125.0
165,56,1,112.37115,125.0
165,57,1,115.43656,125.0
165,58,4,113.18171,125.0
165,59,5,119.310196,125.0
165,60,0,126.161545,125.0
165,61,3,125.11067,125.0
165,62,4,121.31582,125.0
165,63,2,122.37038,125.0
165,64,0,124.07865,125.0
165,65,3,124.649345,125.0
165,66,3,120.98766,125.0
165,67,1,123.51623,125.0
165,68,1,127.28774,125.0
165,69,0,121.85462,125.0
165,70,2,128.30771,125.0
165,71,1,118.615776,125.0
165,72,5,127.77592,125.0
165,73,4,127.24166,125.0
165,74,4,129.86908,125.0
165,75,2,128.11104,125.0
165,76,5,117.14402,125.0
165,77,2,123.25999,125.0
165,78,2,118.099144,125.0
165,79,1,109.26952,125.0
165,80,0,99.896034,125.0
165,81,3,118.977516,125.0
165,82,5,122.17367,125.0
165,83,3,126.00758,125.0
165,84,2,122.83652,125.0
165,85,5,122.90504,125.0
165,86,3,119.575775,125.0
165,87,3,122.45783,125.0
165,88,5,122.28121,125.0
165,89,0,117.87358,125.0
165,90,1,129.10762,125.0
165,91,3,124.45344,125.0
165,92,5,115.08724,125.0
165,93,2,115.79217,125.0
165,94,5,111.75061,125.0
165,95,2,109.20142,125.0
165,96,3,112.94045,125.0
165,97,4,125.71764,125.0
165,98,4,117.905594,125.0
165,99,4,116.436195,125.0
165,100,5,118.16668,125.0
165,101,5,124.893715,125.0
165,102,3,114.051636,125.0
165,103,4,119.6396,125.0
165,104,0,123.809715,125.0
165,105,4,122.713066,125.0
165,106,0,121.88006,125.0
165,107,0,118.46308,125.0
165,108,3,111.14834,125.0
165,109,1,116.20559,125.0
165,110,3,104.90606,125.0
165,111,2,125.95147,125.0
165,112,1,130.91263,125.0
165,113,2,128.32135,125.0
165,114,5,124.89074,125.0
165,115,5,128.90897,125.0
165,116,3,123.00237,125.0
165,117,0,123.49782,125.0
165,118,5,119.66313,125.0
165,119,4,116.7264,125.0
165,120,3,117.90946,125.0
165,121,2,122.82578,125.0
165,122,5,130.91702,125.0
165,123,2,129.8675,125.0
165,124,4,122.8682,125.0
165,125,5,118.76624,125.0
165,126,5,121.93473,125.0
165,127,2,120.294426,125.0
165,128,3,121.83184,125.0
165,129,3,118.1739,125.0
165,130,2,116.65725,125.0
165,131,3,115.115654,125.0
165,132,3,114.610466,125.0
165,133,0,120.98948,125.0
165,134,3,112.40046,125.0
165,135,5,119.20951,125.0
165,136,5,115.57476,125.0
165,137,4,114.53819,125.0
165,138,2,121.707085,125.0
165,139,4,117.01353,125.0
165,140,3,115.03076,125.0
165,141,2,123.00938,125.0
165,142,4,121.80538,125.0
165,143,4,118.07819,125.0
165,144,5,119.39528,125.0
165,145,4,123.422806,125.0
165,146,3,127.037865,125.0
165,147,2,126.732376,125.0
165,148,3,126.18989,125.0
165,149,2,114.9133,125.0
165,150,1,104.42411,125.0
165,151,2,108.202385,125.0
165,152,1,105.42696,125.0
165,153,4,86.58902,125.0
165,154,5,114.20356,125.0
165,155,0,106.62788,125.0
165,156,1,99.1222,125.0
165,157,1,89.695595,125.0
165,158,2,89.00062,125.0
165,159,0,84.09341,125.0
165,160,5,86.402306,125.0
165,161,4,103.238,125.0
165,162,5,108.77373,125.0
165,163,3,110.61501,125.0
165,164,3,123.18987,125.0
165,165,3,118.46104,124.0
165,166,3,119.78605,123.0
165,167,4,117.13202,122.0
165,168,5,122.35702,121.0
165,169,5,112.15372,120.0
165,170,4,107.09591,119.0
165,171,5,95.68303,118.0
165,172,4,93.65897,117.0
165,173,0,97.3485,116.0
165,174,3,97.746025,115.0
165,175,0,94.85819,114.0
165,176,2,94.24795,113.0
165,177,4,94.53445,112.0
165,178,2,93.08338,111.0
166,36,1,112.51719,99.0
166,37,0,114.20254,98.0
166,38,5,112.968864,97.0
166,39,0,121.63717,96.0
166,40,5,122.10915,95.0
166,41,4,117.774574,94.0
166,42,5,124.20366,93.0
166,43,0,115.59374,92.0
166,44,3,112.80471,91.0
166,45,2,111.80587,90.0
166,46,0,119.765434,89.0
166,47,5,97.534874,88.0
166,48,1,114.26774,87.0
166,49,3,107.96632,86.0
166,50,4,126.08083,85.0
166,51,3,120.59698,84.0
166,52,5,120.11559,83.0
166,53,0,117.02566,82.0
166,54,0,112.43196,81.0
166,55,3,111.88894,80.0
166,56,1,110.86555,79.0
166,57,4,100.21088,78.0
166,58,0,103.62658,77.0
166,59,0,102.27143,76.0
166,60,1,104.77798,75.0
166,61,3,117.1912,74.0
166,62,0,114.95382,73.0
166,63,0,111.24468,72.0
167,36,5,105.93174,125.0
167,37,3,103.30869,125.0
167,38,3,111.085144,125.0
167,39,4,115.77894,125.0
167,40,0,114.269424,125.0
167,41,5,120.93017,125.0
167,42,5,120.89925,125.0
167,43,0,113.883766,125.0
167,44,3,118.70372,125.0
167,45,3,121.84458,125.0
167,46,1,120.03861,125.0
167,47,0,123.08331,125.0
167,48,2,128.3122,125.0
167,49,1,117.45643,125.0
167,50,1,108.269455,125.0
167,51,1,111.17083,125.0
167,52,2,103.97155,125.0
167,53,4,114.185135,125.0
167,54,2,102.718895,125.0
167,55,3,108.35584,125.0
167,56,4,118.387,125.0
167,57,3,117.887985,125.0
167,58,5,112.84644,125.0
167,59,1,117.58831,125.0
167,60,3,124.036865,125.0
167,61,5,116.30061,125.0
167,62,5,121.632385,125.0
167,63,0,128.12537,125.0
167,64,2,123.40649,125.0
167,65,2,126.12817,125.0
167,66,5,117.596,125.0
167,67,2,117.870865,125.0
167,68,3,110.67219,125.0
167,69,2,105.19,125.0
167,70,2,105.67654,125.0
167,71,5,91.83457,125.0
167,72,3,121.669304,125.0
167,73,1,119.52067,125.0
167,74,3,115.52683,125.0
167,75,0,116.60609,125.0
167,76,3,114.448616,125.0
167,77,4,118.46722,125.0
167,78,3,107.40658,125.0
167,79,1,103.64025,125.0
167,80,1,115.75299,125.0
167,81,5,125.489235,125.0
167,82,4,118.8265,125.0
167,83,0,113.681816,125.0
167,84,2,122.50761,124.0
167,85,3,123.00431,123.0
167,86,1,119.90313,122.0
167,87,5,119.79243,121.0
167,88,2,116.65023,120.0
167,89,2,117.7902,119.0
167,90,5,116.17548,118.0
167,91,2,120.57641,117.0
167,92,5,118.941826,116.0
167,93,4,121.41982,115.0
167,94,5,110.7549,114.0
167,95,4,118.07136,113.0
167,96,2,118.05887,112.0
167,97,2,119.39066,111.0
167,98,1,130.88248,110.0
167,99,3,127.150154,109.0
168,36,5,124.525276,125.0
168,37,4,124.15967,124.0
168,38,4,124.519966,123.0
168,39,4,114.502785,122.0
168,40,2,112.96137,121.0
168,41,0,127.74323,120.0
168,42,0,119.1689,119.0
168,43,0,127.57011,118.0
168,44,5,111.18395,117.0
168,45,3,120.662895,116.0
168,46,2,113.09443,115.0
168,47,5,104.81788,114.0
168,48,2,109.58452,113.0
168,49,5,103.8745,112.0
168,50,1,118.45871,111.0
168,51,2,118.70843,110.0
168,52,0,114.868515,109.0
168,53,1,120.24401,108.0
168,54,2,125.99906,107.0
168,55,5,117.552155,106.0
168,56,5,112.36271,105.0
168,57,3,106.34069,104.0
168,58,1,95.41114,103.0
168,59,5,102.58576,102.0
168,60,5,89.50625,101.0
168,61,4,100.7983,100.0
168,62,2,112.34849,99.0
168,63,4,109.98406,98.0
168,64,3,110.57091,97.0
168,65,2,108.87147,96.0
168,66,1,114.2548,95.0
168,67,4,106.72054,94.0
168,68,0,112.39655,93.0
168,69,1,116.28226,92.0
168,70,5,110.178894,91.0
168,71,3,123.87158,90.0
168,72,3,115.79284,89.0
168,73,2,120.812126,88.0
168,74,3,116.37794,87.0
170,36,4,115.66109,125.0
170,37,5,106.5353,125.0
170,38,2,112.935295,125.0
170,39,4,104.55648,125.0
170,40,5,115.63429,125.0
170,41,2,121.858826,125.0
170,42,0,120.97105,125.0
170,43,0,124.6265,125.0
170,44,4,118.851105,125.0
170,45,4,124.185905,125.0
170,46,5,124.47437,125.0
170,47,0,121.02515,125.0
170,48,1,126.00383,125.0
171,36,5,120.34057,125.0
171,37,4,128.82013,125.0
171,38,5,124.568985,125.0
171,39,2,122.670456,125.0
171,40,0,115.998436,125.0
171,41,1,121.115486,125.0
171,42,5,126.25642,125.0
171,43,5,123.42931,125.0
171,44,5,119.84122,125.0
171,45,5,127.75298,125.0
171,46,3,123.86715,125.0
171,47,2,120.18892,125.0
171,48,5,120.60217,125.0
171,49,0,119.106895,125.0
171,50,5,128.9367,125.0
171,51,0,122.62954,125.0
171,52,0,121.35832,125.0
171,53,0,127.7887,125.0
171,54,5,122.79589,125.0
171,55,3,127.96836,125.0
171,56,4,118.536125,125.0
171,57,1,121.17556,125.0
171,58,4,125.597496,125.0
171,59,5,120.71845,125.0
171,60,1,120.99628,125.0
171,61,4,121.13744,125.0
171,62,4,123.4513,125.0
171,63,5,131.57619,125.0
171,64,1,131.18866,125.0
171,65,5,131.55658,125.0
171,66,1,120.38145,125.0
171,67,5,125.53208,125.0
171,68,2,116.55892,125.0
171,69,3,122.807274,125.0
171,70,1,111.72114,125.0
171,71,0,109.304565,125.0
171,72,5,120.39707,125.0
171,73,3,121.86178,125.0
171,74,0,121.48421,125.0
171,75,0,122.20478,125.0
171,76,4,127.28381,125.0
171,77,5,114.633705,125.0
171,78,2,117.01425,125.0
171,79,2,110.51819,125.0
171,80,5,118.56173,125.0
171,81,0,123.28748,125.0
171,82,0,118.04546,125.0
171,83,0,115.417366,125.0
171,84,5,122.35142,125.0
171,85,0,119.82066,125.0
171,86,0,114.30325,125.0
171,87,5,111.73531,125.0
171,88,3,92.75509,125.0
171,89,4,102.780495,125.0
171,90,2,100.084564,125.0
171,91,1,109.38316,125.0
171,92,4,115.202705,125.0
171,93,5,124.57531,125.0
171,94,3,121.15896,125.0
171,95,1,117.33597,125.0
171,96,2,115.70359,125.0
171,97,5,118.12409,125.0
171,98,3,116.29322,125.0
171,99,2,114.82287,125.0
171,100,5,123.659256,125.0
171,101,1,120.72364,125.0
171,102,5,118.968315,125.0
171,103,5,124.8786,125.0
171,104,3,122.53541,125.0
171,105,4,120.57786,125.0
171,106,4,121.16161,125.0
171,107,4,114.58655,125.0
171,108,2,108.14929,125.0
171,109,5,89.11898,125.0
171,110,2,110.450676,125.0
171,111,2,118.66504,125.0
171,112,2,110.31229,125.0
171,113,1,110.41042,125.0
171,114,5,113.16367,125.0
171,115,4,110.338646,125.0
171,116,1,119.6611,125.0
171,117,5,114.27373,125.0
171,118,5,115.94474,125.0
171,119,4,115.32359,125.0
171,120,4,121.7034,125.0
171,121,5,123.95151,125.0
171,122,4,124.77975,125.0
171,123,5,119.340904,125.0
171,124,1,122.50564,125.0
171,125,2,122.68371,125.0
171,126,0,124.76603,125.0
171,127,4,121.60002,125.0
171,128,5,123.57186,125.0
171,129,2,126.4503,125.0
171,130,1,131.08588,125.0
171,131,5,126.43546,125.0
171,132,2,118.64403,125.0
171,133,5,123.21618,125.0
171,134,2,127.00678,125.0
171,135,0,121.78639,125.0
171,136,5,121.65501,125.0
171,137,0,121.84023,125.0
171,138,5,115.51825,125.0
171,139,2,111.23826,125.0
171,140,5,115.87661,125.0
171,141,1,115.39847,125.0
171,142,3,121.0132,125.0
171,143,5,119.24008,125.0
171,144,2,126.62276,125.0
171,145,1,125.78064,125.0
171,146,5,122.86086,125.0
171,147,1,122.40928,125.0
171,148,5,127.599815,125.0
171,149,5,120.398865,125.0
171,150,2,116.43241,125.0
171,151,3,122.30799,125.0
171,152,4,122.51982,125.0
171,153,5,124.21516,125.0
171,154,5,121.8599,125.0
171,155,5,117.67202,125.0
171,156,0,129.36063,125.0
171,157,1,127.3848,125.0
171,158,3,124.85167,125.0
171,159,0,121.57306,125.0
171,160,2,123.94257,125.0
171,161,5,119.72632,125.0
171,162,4,127.105125,125.0
171,163,5,127.418434,125.0
171,164,2,120.44132,125.0
171,165,0,116.27314,125.0
171,166,5,124.0697,125.0
171,167,5,130.38597,125.0
171,168,1,122.97594,125.0
171,169,2,123.68224,125.0
171,170,1,119.18743,125.0
171,171,0,117.0593,125.0
171,172,5,115.576485,125.0
171,173,5,108.55162,125.0
171,174,4,110.19355,125.0
171,175,4,127.997536,125.0
171,176,5,127.753006,125.0
171,177,3,135.03896,125.0
171,178,0,130.01413,125.0
171,179,0,126.46163,125.0
171,180,3,127.92049,125.0
171,181,5,124.058876,125.0
171,182,0,123.19061,125.0
171,183,3,122.82602,125.0
171,184,0,123.30929,125.0
171,185,4,125.83939,125.0
171,186,4,123.302315,125.0
171,187,3,112.28095,125.0
171,188,1,107.83419,125.0
171,189,5,128.22873,125.0
171,190,0,114.05003,125.0
171,191,3,115.75237,125.0
171,192,4,109.225395,125.0
171,193,5,107.87583,125.0
171,194,1,100.71729,125.0
171,195,3,105.54623,125.0
171,196,5,100.20425,125.0
171,197,2,106.98773,125.0
171,198,3,117.40148,125.0
171,199,1,118.61974,125.0
171,200,4,111.20045,125.0
171,201,3,118.31728,125.0
171,202,5,121.03893,125.0
171,203,2,121.60562,125.0
171,204,3,123.50976,125.0
171,205,5,123.937706,125.0
171,206,0,121.03318,125.0
171,207,1,120.768486,125.0
171,208,1,110.39849,125.0
171,209,0,104.99674,125.0
171,210,4,120.068275,125.0
171,211,2,116.14466,125.0
171,212,1,111.77371,125.0
171,213,2,106.98286,125.0
171,214,4,101.91724,125.0
171,215,2,98.23511,125.0
171,216,5,109.31484,125.0
171,217,4,111.4069,125.0
171,218,5,99.96774,125.0
171,219,5,94.61555,125.0
171,220,2,97.52656,125.0
171,221,3,103.245964,125.0
171,222,1,106.91485,125.0
171,223,1,105.032906,125.0
171,224,3,106.16834,125.0
171,225,2,111.66807,125.0
171,226,0,125.10329,125.0
171,227,3,123.63331,125.0
171,228,4,121.501076,125.0
171,229,2,112.21792,125.0
171,230,4,108.639915,125.0
171,231,5,114.50208,125.0
171,232,3,109.430214,125.0
171,233,3,104.15513,125.0
171,234,2,114.273094,125.0
171,235,2,121.01679,125.0
171,236,3,110.145195,125.0
171,237,5,106.37638,125.0
171,238,1,109.41665,125.0
171,239,1,116.7149,125.0
171,240,5,125.33148,125.0
171,241,0,111.76659,125.0
171,242,5,99.10228,125.0
171,243,2,122.51989,125.0
171,244,1,119.24699,125.0
171,245,3,116.50655,125.0
171,246,4,121.75811,125.0
171,247,3,114.36901,125.0
171,248,5,114.992424,125.0
171,249,5,116.02186,125.0
171,250,4,112.1338,125.0
171,251,4,118.2485,125.0
171,252,3,115.82418,125.0
171,253,1,122.23214,125.0
171,254,5,124.5991,125.0
171,255,4,121.511314,125.0
171,256,3,116.80424,125.0
171,257,2,116.61093,125.0
171,258,5,118.58926,125.0
171,259,5,123.60408,125.0
171,260,2,124.01342,125.0
171,261,5,118.40982,125.0
171,262,4,122.913704,125.0
171,263,0,120.23635,125.0
171,264,5,117.554115,125.0
171,265,0,119.653206,125.0
171,266,1,112.37949,125.0
171,267,3,119.90942,125.0
171,268,0,110.05291,125.0
171,269,3,91.38221,125.0
171,270,4,101.160645,125.0
171,271,0,102.79483,125.0
171,272,3,109.35457,125.0
171,273,5,109.24328,125.0
171,274,3,114.31276,125.0
171,275,5,114.28127,125.0
171,276,4,114.63555,125.0
171,277,5,110.25512,125.0
171,278,3,122.73785,125.0
171,279,2,120.09066,125.0
171,280,4,123.070595,125.0
171,281,0,113.69416,125.0
171,282,2,122.56629,125.0
171,283,1,120.09478,125.0
171,284,4,118.6831,125.0
171,285,5,127.756966,125.0
171,286,1,120.70182,125.0
171,287,0,119.18235,125.0
171,288,3,120.03109,125.0
171,289,4,117.06255,125.0
171,290,0,121.60461,125.0
171,291,0,118.02175,125.0
171,292,0,110.93728,125.0
171,293,4,119.105286,125.0
171,294,5,122.11141,125.0
171,295,2,121.819664,125.0
171,296,3,124.82637,125.0
171,297,0,123.98289,125.0
171,298,3,118.45571,125.0
171,299,3,119.640236,125.0
171,300,1,121.43488,125.0
171,301,4,125.36132,125.0
171,302,3,120.64697,125.0
171,303,0,123.77114,125.0
171,304,5,121.64811,125.0
171,305,2,121.38556,125.0
171,306,3,116.95937,125.0
171,307,5,121.668076,125.0
171,308,5,119.216484,125.0
171,309,5,128.02028,125.0
171,310,1,119.27543,125.0
171,311,0,107.14858,125.0
171,312,3,118.79624,125.0
171,313,4,112.68115,125.0
171,314,5,112.079796,125.0
171,315,5,99.064705,125.0
171,316,3,110.698326,125.0
171,317,5,98.5395,125.0
171,318,3,107.83041,125.0
171,319,3,104.337006,125.0
171,320,2,94.03349,125.0
171,321,0,108.18234,125.0
171,322,5,84.522804,125.0
171,323,4,96.75761,125.0
171,324,2,101.9179,125.0
171,325,0,94.31195,125.0
171,326,5,105.487724,125.0
171,327,5,87.514565,125.0
171,328,1,71.231606,125.0
171,329,2,84.14493,125.0
171,330,4,65.43727,125.0
171,331,0,72.34275,125.0
171,332,4,88.39267,125.0
171,333,4,60.803787,125.0
171,334,0,72.89463,125.0
171,335,5,86.70171,125.0
171,336,0,85.56887,125.0
171,337,1,81.49055,125.0
171,338,2,90.621376,125.0
171,339,0,89.234,125.0
171,340,3,102.68905,125.0
171,341,2,79.62728,125.0
171,342,5,97.5128,125.0
171,343,5,99.57983,125.0
171,344,0,100.02238,125.0
171,345,1,91.07749,125.0
171,346,1,75.831,125.0
171,347,5,79.3039,125.0
171,348,1,85.17356,125.0
171,349,5,76.47051,125.0
171,350,1,71.606804,125.0
171,351,5,72.70675,125.0
171,352,2,84.647736,125.0
171,353,3,87.29461,125.0
171,354,2,109.44567,125.0
171,355,4,106.85694,125.0
172,36,5,113.68287,108.0
172,37,4,114.08376,107.0
172,38,5,107.30804,106.0
172,39,5,99.30612,105.0
172,40,3,104.21442,104.0
172,41,0,106.58298,103.0
172,42,1,111.69941,102.0
172,43,5,100.2261,101.0
172,44,5,110.8912,100.0
172,45,5,114.45399,99.0
172,46,5,120.379074,98.0
172,47,3,114.54417,97.0
172,48,3,118.80718,96.0
172,49,3,115.46546,95.0
172,50,2,108.97295,94.0
172,51,4,124.730675,93.0
172,52,0,120.84701,92.0
172,53,0,118.62176,91.0
172,54,1,117.558,90.0
172,55,2,123.872086,89.0
172,56,3,127.30409,88.0
172,57,2,117.42147,87.0
172,58,0,116.83593,86.0
172,59,2,114.4181,85.0
172,60,1,125.09033,84.0
172,61,4,117.4625,83.0
172,62,5,118.456215,82.0
172,63,3,115.33692,81.0
172,64,5,115.98655,80.0
172,65,1,120.923134,79.0
172,66,4,109.32334,78.0
172,67,3,109.150055,77.0
172,68,0,113.33282,76.0
172,69,5,122.29643,75.0
172,70,1,113.5142,74.0
172,71,4,105.066216,73.0
172,72,3,118.68006,72.0
172,73,2,108.863945,71.0
172,74,1,103.583305,70.0
172,75,5,107.21143,69.0
172,76,5,119.9546,68.0
172,77,3,117.71646,67.0
172,78,4,101.650406,66.0
172,79,0,109.782684,65.0
172,80,5,113.21206,64.0
172,81,3,104.955284,63.0
172,82,4,97.96957,62.0
172,83,5,106.94221,61.0
172,84,2,111.084526,60.0
172,85,1,99.40403,59.0
172,86,3,102.1655,58.0
172,87,5,94.21302,57.0
172,88,5,101.669754,56.0
172,89,0,81.92022,55.0
172,90,2,82.89218,54.0
172,91,2,91.15385,53.0
172,92,4,80.06713,52.0
172,93,5,65.068344,51.0
172,94,2,52.94616,50.0
172,95,2,55.75712,49.0
172,96,0,55.289673,48.0
172,97,3,61.160347,47.0
172,98,5,61.718433,46.0
172,99,1,59.9673,45.0
172,100,4,44.307648,44.0
172,101,4,44.667175,43.0
172,102,5,43.043556,42.0
172,103,5,49.573547,41.0
172,104,0,56.68638,40.0
172,105,5,76.131065,39.0
172,106,1,73.92262,38.0
172,107,1,77.54655,37.0
172,108,5,85.91941,36.0
172,109,0,73.61448,35.0
172,110,2,70.046135,34.0
172,111,3,87.02283,33.0
172,112,5,76.693825,32.0
172,113,2,79.47255,31.0
172,114,2,65.07493,30.0
172,115,0,91.955635,29.0
172,116,0,73.59869,28.0
172,117,3,63.640175,27.0
172,118,2,60.22281,26.0
172,119,3,66.62525,25.0
172,120,5,54.36367,24.0
172,121,2,61.90133,23.0
172,122,1,64.41825,22.0
172,123,0,61.24125,21.0
172,124,5,40.749664,20.0
172,125,5,44.975044,19.0
172,126,5,32.775585,18.0
172,127,0,61.286106,17.0
172,128,4,56.57765,16.0
172,129,2,51.517036,15.0
172,130,1,41.209824,14.0
172,131,2,51.37149,13.0
172,132,2,38.777645,12.0
173,36,4,124.400154,123.0
173,37,3,125.79191,122.0
173,38,2,114.874504,121.0
173,39,2,123.61675,120.0
173,40,1,119.23696,119.0
173,41,3,124.72672,118.0
173,42,2,123.52741,117.0
173,43,1,126.14997,116.0
173,44,4,118.299385,115.0
173,45,1,113.56219,114.0
173,46,3,115.633194,113.0
173,47,5,117.868065,112.0
173,48,2,121.81315,111.0
173,49,1,115.58613,110.0
173,50,5,130.03513,109.0
173,51,2,122.61801,108.0
173,52,0,115.208046,107.0
173,53,1,122.705795,106.0
173,54,0,120.18396,105.0
173,55,1,112.40844,104.0
173,56,4,117.62318,103.0
173,57,3,119.23399,102.0
173,58,3,123.95249,101.0
173,59,5,123.619804,100.0
173,60,1,123.8395,99.0
173,61,4,128.2811,98.0
173,62,4,121.58503,97.0
173,63,3,112.15995,96.0
173,64,4,115.11719,95.0
173,65,5,116.3966,94.0
173,66,0,112.5059,93.0
173,67,3,116.00262,92.0
173,68,1,118.52637,91.0
173,69,1,120.40746,90.0
173,70,5,107.13404,89.0
173,71,2,115.85589,88.0
173,72,5,110.13636,87.0
173,73,2,103.606255,86.0
173,74,3,97.37717,85.0
173,75,5,100.4821,84.0
173,76,3,108.20646,83.0
173,77,2,120.45541,82.0
173,78,0,88.77897,81.0
173,79,5,87.36901,80.0
173,80,2,82.29871,79.0
173,81,5,83.43636,78.0
173,82,5,95.12759,77.0
173,83,2,80.797935,76.0
173,84,4,99.29189,75.0
173,85,0,124.53367,74.0
173,86,5,96.12736,73.0
173,87,4,105.27424,72.0
173,88,5,89.50803,71.0
173,89,5,95.856926,70.0
173,90,2,89.928215,69.0
173,91,1,109.11071,68.0
173,92,2,108.71093,67.0
173,93,1,115.86063,66.0
173,94,5,116.551956,65.0
173,95,5,104.76479,64.0
173,96,5,114.037674,63.0
173,97,5,113.32556,62.0
173,98,4,110.23766,61.0
173,99,4,108.51139,60.0
173,100,3,103.60746,59.0
173,101,5,110.55797,58.0
173,102,3,115.95528,57.0
173,103,3,115.110664,56.0
173,104,2,113.89395,55.0
173,105,5,120.11022,54.0
173,106,2,117.69498,53.0
173,107,2,129.67761,52.0
173,108,5,123.37896,51.0
173,109,1,113.56516,50.0
173,110,2,122.470856,49.0
173,111,3,117.847496,48.0
173,112,1,115.66507,47.0
173,113,3,114.44752,46.0
173,114,4,114.27836,45.0
173,115,5,118.0926,44.0
173,116,1,94.76708,43.0
173,117,5,113.35176,42.0
173,118,3,115.10085,41.0
173,119,5,120.96217,40.0
173,120,5,114.40302,39.0
173,121,5,104.321144,38.0
173,122,2,83.08666,37.0
173,123,1,78.28452,36.0
173,124,3,74.93818,35.0
173,125,2,72.37795,34.0
173,126,5,72.47585,33.0
173,127,5,69.82154,32.0
173,128,3,87.04821,31.0
173,129,5,69.04627,30.0
173,130,2,54.677574,29.0
173,131,2,44.401543,28.0
173,132,3,42.472733,27.0
173,133,2,77.69399,26.0
173,134,3,56.567245,25.0
173,135,3,46.011063,24.0
173,136,4,34.58721,23.0
173,137,1,26.224062,22.0
173,138,1,33.362324,21.0
173,139,3,46.851307,20.0
173,140,0,43.57111,19.0
173,141,0,58.175713,18.0
173,142,2,44.158108,17.0
173,143,4,38.736877,16.0
173,144,5,55.187016,15.0
173,145,4,17.22656,14.0
173,146,4,14.804144,13.0
173,147,1,13.375039,12.0
173,148,5,8.805081,11.0
173,149,5,17.0208,10.0
173,150,1,8.858206,9.0
173,151,3,9.713998,8.0
174,36,2,125.05483,109.0
174,37,3,121.4047,108.0
174,38,1,125.74992,107.0
174,39,3,122.31953,106.0
174,40,2,129.6444,105.0
174,41,1,120.53385,104.0
174,42,3,124.47592,103.0
174,43,2,124.79388,102.0
174,44,0,122.38647,101.0
174,45,5,124.7626,100.0
174,46,3,117.70144,99.0
174,47,3,111.51362,98.0
174,48,0,116.49673,97.0
174,49,2,111.279686,96.0
174,50,3,111.93533,95.0
174,51,5,127.53496,94.0
174,52,3,118.47367,93.0
174,53,1,121.32452,92.0
174,54,5,92.43583,91.0
174,55,4,108.198654,90.0
174,56,2,108.569016,89.0
174,57,1,115.27908,88.0
174,58,0,120.82645,87.0
174,59,1,117.88328,86.0
174,60,5,125.27593,85.0
174,61,0,123.340454,84.0
174,62,5,121.981636,83.0
174,63,1,124.28661,82.0
174,64,4,121.52579,81.0
174,65,3,112.74854,80.0
174,66,0,98.62101,79.0
174,67,2,109.92094,78.0
174,68,4,113.83239,77.0
174,69,1,109.776405,76.0
174,70,1,98.41488,75.0
174,71,5,98.42942,74.0
174,72,4,98.64515,73.0
174,73,3,112.77555,72.0
174,74,5,104.53833,71.0
174,75,1,100.514366,70.0
174,76,0,97.42411,69.0
174,77,4,91.1605,68.0
174,78,2,96.853294,67.0
174,79,5,101.03452,66.0
174,80,0,88.66075,65.0
174,81,4,82.6491,64.0
174,82,3,87.43708,63.0
174,83,2,74.290375,62.0
174,84,5,86.11943,61.0
174,85,3,90.64672,60.0
174,86,3,84.206535,59.0
174,87,1,79.01038,58.0
174,88,3,83.24378,57.0
174,89,0,66.664314,56.0
174,90,3,66.1393,55.0
174,91,1,78.50553,54.0
174,92,5,101.6609,53.0
174,93,5,97.00634,52.0
174,94,0,98.95644,51.0
174,95,1,97.232506,50.0
174,96,5,104.752106,49.0
174,97,5,106.77238,48.0
174,98,4,112.14658,47.0
174,99,0,113.85102,46.0
174,100,3,116.71063,45.0
174,101,3,112.142525,44.0
174,102,2,102.90414,43.0
174,103,5,104.56667,42.0
174,104,4,109.8786,41.0
174,105,2,104.25973,40.0
174,106,0,98.451035,39.0
174,107,4,96.27154,38.0
174,108,5,98.25535,37.0
174,109,3,88.80566,36.0
174,110,4,90.82544,35.0
174,111,2,90.50215,34.0
174,112,5,100.874435,33.0
174,113,2,92.96807,32.0
174,114,0,80.71656,31.0
174,115,0,76.62665,30.0
174,116,0,64.71245,29.0
174,117,5,39.97512,28.0
174,118,0,22.775255,27.0
174,119,0,28.51102,26.0
174,120,1,30.66841,25.0
174,121,3,16.42366,24.0
174,122,1,17.813814,23.0
174,123,5,10.663887,22.0
174,124,4,7.465035,21.0
174,125,5,6.9148345,20.0
174,126,0,7.7518477,19.0
174,127,4,7.7986827,18.0
174,128,0,6.1337285,17.0
174,129,4,5.1392255,16.0
174,130,1,5.9922214,15.0
174,131,1,6.1653686,14.0
174,132,4,6.6224017,13.0
174,133,5,6.0954537,12.0
174,134,3,8.811206,11.0
174,135,0,9.170502,10.0
175,36,5,120.14889,125.0
175,37,3,126.02099,125.0
175,38,2,125.575645,125.0
175,39,1,123.98701,125.0
175,40,4,127.58853,125.0
175,41,3,121.06219,125.0
175,42,0,125.69793,125.0
175,43,5,122.739006,125.0
175,44,0,121.241005,125.0
175,45,4,122.86843,125.0
175,46,5,126.0293,125.0
175,47,5,123.72794,125.0
175,48,5,117.51525,125.0
175,49,4,110.20371,125.0
175,50,1,118.41755,125.0
175,51,5,121.00526,125.0
175,52,5,121.582436,125.0
175,53,4,119.62182,125.0
175,54,0,121.04392,125.0
175,55,1,121.192474,125.0
175,56,0,122.31645,125.0
175,57,2,117.11121,125.0
175,58,2,116.644066,125.0
175,59,4,109.831276,125.0
175,60,5,110.010445,125.0
175,61,3,118.68955,125.0
175,62,1,116.919525,125.0
175,63,3,122.75001,125.0
175,64,0,121.797,125.0
175,65,3,125.72405,125.0
175,66,5,127.09673,125.0
175,67,5,125.30718,125.0
175,68,2,127.47123,125.0
175,69,0,127.82934,125.0
175,70,0,122.26734,125.0
175,71,5,127.56948,125.0
175,72,0,121.45171,125.0
175,73,0,119.84366,125.0
175,74,3,119.63063,125.0
175,75,5,120.674576,125.0
175,76,2,118.39548,125.0
175,77,5,110.90063,125.0
175,78,0,108.55886,125.0
175,79,2,104.76011,125.0
175,80,3,118.07314,125.0
175,81,1,112.20835,125.0
175,82,4,119.37627,125.0
175,83,5,114.42434,125.0
175,84,5,121.079994,125.0
175,85,5,112.248856,125.0
175,86,0,104.65014,125.0
175,87,1,104.12119,125.0
175,88,5,117.68123,125.0
175,89,0,119.197685,125.0
175,90,5,121.77903,125.0
175,91,1,116.754005,125.0
175,92,2,120.57672,125.0
175,93,2,123.04052,125.0
175,94,5,121.594246,125.0
175,95,5,104.741615,125.0
175,96,2,112.47343,125.0
175,97,5,114.33953,125.0
175,98,0,111.20769,125.0
175,99,3,113.415955,125.0
175,100,3,99.59151,125.0
175,101,4,103.51313,125.0
175,102,2,106.17623,125.0
175,103,3,105.40716,125.0
175,104,3,112.83498,125.0
175,105,0,118.00215,125.0
175,106,0,121.77769,125.0
175,107,3,119.04443,125.0
175,108,4,118.865074,125.0
175,109,0,116.062645,125.0
175,110,0,117.66897,125.0
175,111,1,116.14603,125.0
175,112,5,120.80001,125.0
175,113,3,103.33593,125.0
175,114,0,112.17844,125.0
175,115,5,119.24543,124.0
175,116,2,115.30503,123.0
176,36,0,123.182846,125.0
176,37,4,119.474556,125.0
176,38,3,117.473915,125.0
176,39,4,120.87349,125.0
176,40,1,124.61738,125.0
176,41,4,126.200386,125.0
176,42,4,125.95492,125.0
176,43,5,116.92748,125.0
176,44,3,123.936134,125.0
176,45,1,124.6619,125.0
176,46,3,123.158226,125.0
176,47,4,119.72929,125.0
176,48,2,127.94561,125.0
176,49,1,121.22824,125.0
176,50,1,122.126976,125.0
176,51,5,123.845314,125.0
176,52,5,131.87077,125.0
176,53,2,128.08783,125.0
176,54,2,121.69416,125.0
176,55,1,119.973656,125.0
176,56,2,121.11852,125.0
176,57,2,119.69271,125.0
176,58,5,114.38255,125.0
176,59,0,127.8124,125.0
176,60,4,118.84905,125.0
176,61,1,118.32705,125.0
176,62,4,122.32432,125.0
176,63,2,119.43523,125.0
176,64,3,106.4398,125.0
176,65,1,117.715065,125.0
176,66,0,106.45115,125.0
176,67,5,114.3823,125.0
176,68,0,116.01139,125.0
176,69,0,115.47886,125.0
176,70,5,113.628365,125.0
176,71,2,103.15894,125.0
176,72,5,83.62873,125.0
176,73,4,105.52475,125.0
176,74,1,111.217125,125.0
176,75,5,112.67079,125.0
176,76,1,124.04509,125.0
176,77,5,121.570816,125.0
176,78,4,123.110275,125.0
176,79,5,120.456856,125.0
176,80,4,125.97161,125.0
176,81,5,118.16997,125.0
176,82,2,115.187,125.0
176,83,5,117.37936,125.0
176,84,1,123.533615,125.0
176,85,1,120.35298,125.0
176,86,1,119.89954,125.0
176,87,2,118.69695,125.0
176,88,0,117.57047,125.0
176,89,0,123.48746,125.0
176,90,1,127.18001,125.0
176,91,3,125.99839,125.0
176,92,3,119.518364,125.0
176,93,3,116.488396,125.0
176,94,0,115.643196,125.0
176,95,2,112.77561,125.0
176,96,0,124.114456,125.0
176,97,2,122.203804,125.0
176,98,0,118.68371,125.0
176,99,3,116.8527,125.0
176,100,5,115.87008,125.0
176,101,5,117.30206,125.0
176,102,0,108.153175,125.0
176,103,4,106.7303,125.0
176,104,5,110.20608,125.0
176,105,3,112.213326,125.0
176,106,5,97.45937,125.0
176,107,0,111.42826,125.0
176,108,5,98.339516,125.0
176,109,0,104.66685,125.0
176,110,5,102.827576,125.0
176,111,4,111.45318,125.0
176,112,3,112.40556,125.0
176,113,5,113.46613,125.0
176,114,5,111.5554,125.0
176,115,1,112.13216,125.0
176,116,0,111.64072,125.0
176,117,5,116.410675,125.0
176,118,5,118.795425,125.0
176,119,2,102.98323,125.0
176,120,3,117.42979,125.0
176,121,5,122.06379,125.0
176,122,4,117.37067,125.0
176,123,5,117.24944,125.0
176,124,4,116.5994,125.0
176,125,5,124.07186,125.0
176,126,5,122.89863,125.0
176,127,5,116.146675,125.0
176,128,5,106.81231,125.0
176,129,4,108.04969,125.0
176,130,1,98.7064,125.0
176,131,4,112.65972,125.0
176,132,3,108.80993,125.0
176,133,3,101.598,125.0
176,134,4,113.36312,125.0
176,135,4,119.538185,125.0
176,136,5,117.398865,125.0
176,137,0,110.55781,125.0
176,138,5,118.20205,125.0
176,139,5,115.10735,125.0
176,140,5,119.8562,125.0
176,141,4,116.58427,125.0
176,142,0,116.54896,125.0
176,143,0,123.64846,125.0
176,144,3,118.45044,125.0
176,145,3,115.69081,125.0
176,146,5,119.45986,125.0
176,147,5,112.78768,125.0
176,148,4,109.81631,125.0
176,149,4,115.57628,125.0
176,150,5,115.59446,125.0
176,151,0,119.13888,125.0
176,152,4,111.96952,125.0
176,153,0,96.45027,125.0
176,154,3,91.95193,125.0
176,155,1,92.133354,125.0
176,156,3,85.88282,125.0
176,157,3,91.76519,125.0
176,158,3,96.44602,125.0
176,159,4,96.611916,125.0
176,160,4,84.33669,125.0
176,161,5,92.27024,125.0
176,162,2,103.32903,125.0
176,163,4,97.05117,125.0
176,164,0,96.50657,124.0
176,165,4,111.86304,123.0
176,166,0,92.3236,122.0
176,167,5,109.15967,121.0
176,168,0,115.339455,120.0
176,169,4,111.54917,119.0
176,170,0,108.110176,118.0
176,171,5,100.1431,117.0
176,172,2,106.77945,116.0
176,173,1,119.79802,115.0
176,174,1,105.63984,114.0
176,175,1,99.85418,113.0
176,176,5,91.369736,112.0
176,177,0,112.34599,111.0
176,178,5,112.15092,110.0
176,179,4,105.77378,109.0
176,180,1,107.79694,108.0
176,181,1,96.24473,107.0
176,182,3,107.975655,106.0
176,183,1,108.26128,105.0
176,184,2,101.50168,104.0
176,185,5,94.01949,103.0
177,36,0,116.67753,122.0
177,37,4,121.967636,121.0
177,38,5,113.11524,120.0
177,39,1,118.397255,119.0
177,40,4,115.923416,118.0
177,41,0,123.61164,117.0
177,42,5,122.34162,116.0
177,43,0,123.39526,115.0
177,44,1,111.235016,114.0
177,45,3,120.12487,113.0
177,46,2,124.462364,112.0
177,47,0,123.34598,111.0
177,48,0,127.54901,110.0
177,49,3,125.333015,109.0
177,50,0,122.37136,108.0
177,51,0,126.51241,107.0
177,52,4,117.806465,106.0
177,53,3,120.38509,105.0
177,54,2,123.42821,104.0
177,55,4,121.08164,103.0
177,56,4,127.78387,102.0
177,57,0,119.41068,101.0
177,58,2,121.380745,100.0
177,59,4,120.6343,99.0
177,60,2,108.79081,98.0
177,61,5,112.86715,97.0
177,62,3,107.4833,96.0
177,63,2,115.56407,95.0
177,64,4,119.52882,94.0
177,65,1,118.0833,93.0
177,66,1,120.04363,92.0
177,67,0,116.44088,91.0
177,68,1,113.406815,90.0
177,69,5,119.370674,89.0
177,70,5,112.37917,88.0
177,71,5,120.51679,87.0
177,72,5,119.996765,86.0
177,73,3,123.559044,85.0
177,74,1,119.17806,84.0
177,75,4,125.140144,83.0
177,76,3,121.74462,82.0
177,77,4,109.48342,81.0
177,78,4,109.07335,80.0
177,79,2,120.21016,79.0
177,80,5,118.681725,78.0
177,81,3,110.12462,77.0
177,82,0,98.95932,76.0
177,83,2,111.13269,75.0
177,84,4,104.25691,74.0
177,85,2,98.94388,73.0
177,86,5,104.321175,72.0
177,87,3,102.90216,71.0
177,88,0,102.616394,70.0
177,89,4,118.19099,69.0
177,90,4,117.23172,68.0
177,91,2,120.262085,67.0
177,92,0,114.32183,66.0
177,93,2,111.19724,65.0
177,94,3,99.123146,64.0
177,95,3,92.976906,63.0
177,96,0,92.49898,62.0
177,97,1,84.92101,61.0
177,98,3,83.08816,60.0
177,99,5,66.79586,59.0
177,100,0,58.126324,58.0
177,101,5,68.32896,57.0
177,102,3,61.742226,56.0
177,103,4,79.674065,55.0
177,104,2,77.08408,54.0
177,105,5,74.06507,53.0
177,106,3,73.355286,52.0
177,107,3,76.79368,51.0
177,108,5,80.59756,50.0
177,109,0,71.15424,49.0
177,110,0,78.841965,48.0
177,111,4,69.95837,47.0
177,112,0,73.068275,46.0
177,113,3,83.666985,45.0
177,114,0,96.98,44.0
177,115,1,94.89542,43.0
177,116,5,89.21781,42.0
177,117,0,74.64707,41.0
177,118,3,88.807205,40.0
177,119,0,90.30142,39.0
177,120,3,83.21176,38.0
177,121,1,82.20565,37.0
177,122,2,94.12257,36.0
177,123,5,79.65197,35.0
177,124,5,70.58915,34.0
177,125,1,84.75063,33.0
177,126,2,96.13486,32.0
177,127,1,102.917046,31.0
177,128,3,87.21995,30.0
177,129,2,83.10123,29.0
177,130,1,71.4297,28.0
177,131,1,45.037228,27.0
177,132,2,28.61843,26.0
177,133,3,13.658155,25.0
177,134,2,40.526558,24.0
177,135,0,30.695127,23.0
177,136,5,41.7489,22.0
177,137,3,19.635063,21.0
177,138,3,10.758799,20.0
177,139,1,16.377567,19.0
177,140,0,13.866167,18.0
177,141,5,16.42476,17.0
177,142,1,21.095179,16.0
177,143,0,9.951002,15.0
177,144,1,7.167935,14.0
177,145,4,6.7447467,13.0
177,146,0,5.7569327,12.0
178,36,2,125.558235,125.0
178,37,5,126.22579,125.0
178,38,4,117.29663,125.0
178,39,4,123.906265,125.0
178,40,5,107.58584,125.0
178,41,5,118.274635,125.0
178,42,0,119.87887,125.0
178,43,3,116.876945,125.0
178,44,5,115.155235,125.0
178,45,5,128.39589,125.0
178,46,5,111.36555,125.0
178,47,3,115.58695,125.0
178,48,0,109.79688,125.0
178,49,4,110.19746,125.0
178,50,5,126.00739,125.0
178,51,0,107.19427,125.0
178,52,0,108.1571,125.0
178,53,0,101.241646,125.0
178,54,4,98.85592,125.0
178,55,0,99.477615,125.0
178,56,4,109.44363,125.0
178,57,2,117.8204,125.0
178,58,2,117.85499,125.0
178,59,1,116.94199,125.0
178,60,5,111.63383,125.0
178,61,3,111.17806,125.0
178,62,0,107.66415,125.0
178,63,4,105.91491,125.0
178,64,1,106.55224,125.0
178,65,4,103.265144,125.0
178,66,5,119.47353,125.0
178,67,2,104.2465,125.0
178,68,5,120.016304,125.0
178,69,1,103.22761,125.0
178,70,1,97.30969,125.0
178,71,5,96.00205,125.0
178,72,2,113.3637,125.0
178,73,4,121.83101,125.0
178,74,1,108.57024,125.0
178,75,2,109.42244,125.0
178,76,4,117.91846,125.0
178,77,5,126.87886,125.0
178,78,2,126.90122,125.0
178,79,1,119.96533,125.0
178,80,1,115.426445,125.0
178,81,4,122.35754,125.0
178,82,5,123.50962,125.0
178,83,3,127.07001,125.0
178,84,4,120.92607,125.0
178,85,3,124.52333,125.0
178,86,0,125.73301,125.0
178,87,3,121.63322,125.0
178,88,4,126.477,125.0
178,89,5,127.50187,125.0
178,90,1,116.167915,125.0
178,91,0,111.32346,125.0
178,92,1,113.84536,125.0
178,93,5,127.90568,125.0
178,94,1,123.404564,125.0
178,95,0,119.325005,125.0
178,96,1,114.248184,125.0
178,97,4,120.10267,125.0
178,98,2,125.4221,125.0
178,99,4,123.43464,125.0
178,100,2,126.15052,125.0
178,101,5,121.934166,125.0
178,102,1,120.59919,125.0
178,103,2,124.474266,125.0
178,104,3,121.92364,125.0
178,105,2,125.7327,125.0
178,106,4,131.5524,125.0
178,107,2,125.24003,125.0
178,108,2,111.150024,125.0
178,109,5,118.46833,125.0
178,110,3,119.236496,125.0
178,111,2,120.57,125.0
178,112,5,104.708565,125.0
178,113,4,116.22762,125.0
178,114,3,116.26468,125.0
178,115,0,111.7078,125.0
178,116,3,111.657814,125.0
178,117,2,117.72464,125.0
178,118,0,115.554474,125.0
178,119,1,111.905525,125.0
178,120,5,117.78281,125.0
178,121,5,121.697945,125.0
178,122,1,114.19512,125.0
178,123,5,111.71119,125.0
178,124,3,118.50378,125.0
178,125,1,120.787094,125.0
178,126,2,113.42812,125.0
178,127,3,118.95265,125.0
178,128,1,128.30005,125.0
178,129,3,125.357,125.0
178,130,3,113.60142,125.0
178,131,2,116.69079,125.0
178,132,5,116.161575,125.0
178,133,0,127.20745,125.0
178,134,3,121.57169,125.0
178,135,3,124.974724,125.0
178,136,4,124.8817,125.0
178,137,3,120.52897,125.0
178,138,5,109.294106,125.0
178,139,2,117.72034,125.0
178,140,5,118.286064,125.0
178,141,5,121.96636,125.0
178,142,0,117.94996,125.0
178,143,1,120.67411,125.0
178,144,3,124.90005,125.0
178,145,2,123.72902,125.0
178,146,4,114.845055,125.0
178,147,2,124.758415,125.0
178,148,5,121.41807,125.0
178,149,4,112.81725,125.0
178,150,5,117.78532,125.0
178,151,5,108.202095,125.0
178,152,2,103.00661,125.0
178,153,0,106.64568,125.0
178,154,5,108.26186,125.0
178,155,4,125.47227,125.0
178,156,5,116.154106,125.0
178,157,1,122.23703,125.0
178,158,2,120.86941,125.0
178,159,2,111.33183,125.0
178,160,1,121.60203,125.0
178,161,1,108.739006,125.0
178,162,1,92.89983,125.0
178,163,1,105.24474,125.0
178,164,4,99.94169,125.0
178,165,0,102.40602,125.0
178,166,1,87.16299,125.0
178,167,5,113.99387,125.0
178,168,5,118.98319,125.0
178,169,1,105.175285,125.0
178,170,0,111.036934,125.0
178,171,2,118.983574,125.0
178,172,0,117.058815,125.0
178,173,3,109.43532,125.0
178,174,4,121.13616,125.0
178,175,4,117.49846,125.0
178,176,4,118.74131,125.0
178,177,0,118.969696,125.0
178,178,2,105.95229,125.0
178,179,2,102.58735,125.0
178,180,2,109.50031,125.0
178,181,3,116.360085,125.0
178,182,4,114.4616,125.0
178,183,2,113.94335,125.0
178,184,5,115.61521,125.0
178,185,2,117.18255,125.0
178,186,5,115.59075,125.0
178,187,1,115.86198,125.0
178,188,1,127.23455,125.0
178,189,5,122.817566,125.0
178,190,2,117.876305,125.0
178,191,5,118.18142,125.0
178,192,5,110.52777,125.0
178,193,0,104.030136,125.0
178,194,2,110.09471,125.0
178,195,5,94.954994,125.0
178,196,2,106.00393,125.0
178,197,2,110.681755,125.0
178,198,2,116.14482,125.0
178,199,2,117.118744,125.0
178,200,4,120.93656,125.0
178,201,5,120.00199,125.0
178,202,3,120.56065,125.0
178,203,2,118.543625,125.0
178,204,4,117.347115,125.0
178,205,5,112.964424,125.0
178,206,1,120.78507,125.0
178,207,1,119.58025,125.0
178,208,4,123.71308,125.0
178,209,1,129.03954,125.0
178,210,5,123.63138,125.0
178,211,2,129.2897,125.0
178,212,5,123.58011,125.0
178,213,5,125.703514,125.0
178,214,3,126.25454,125.0
178,215,2,124.15587,125.0
178,216,5,124.19749,125.0
178,217,1,135.11932,125.0
178,218,4,120.38445,125.0
178,219,3,125.39566,125.0
178,220,2,116.813614,125.0
178,221,0,119.40536,125.0
178,222,4,105.96363,125.0
178,223,4,107.4105,125.0
178,224,4,107.60069,125.0
178,225,1,106.041626,125.0
178,226,4,119.52108,125.0
178,227,2,121.32845,125.0
178,228,3,119.04884,125.0
178,229,5,116.96822,125.0
178,230,2,122.0702,125.0
178,231,4,119.51031,125.0
178,232,2,126.58487,125.0
178,233,4,117.127785,125.0
178,234,3,114.63875,125.0
178,235,0,124.03838,125.0
178,236,0,118.40187,125.0
178,237,1,114.21386,125.0
178,238,2,116.13624,125.0
178,239,3,120.635284,125.0
178,240,0,121.071106,125.0
178,241,5,113.70268,125.0
178,242,2,125.800026,125.0
178,243,0,125.582405,125.0
178,244,1,118.21267,125.0
178,245,5,119.172935,125.0
178,246,0,114.0687,125.0
178,247,1,120.51788,125.0
178,248,5,120.605896,125.0
178,249,1,109.32441,125.0
178,250,5,113.228165,125.0
178,251,5,98.54752,125.0
178,252,0,94.35477,125.0
178,253,3,95.03919,125.0
178,254,2,97.20359,125.0
178,255,2,93.11227,125.0
178,256,1,86.55329,125.0
178,257,4,88.84346,125.0
178,258,1,95.92075,125.0
178,259,1,104.47097,125.0
178,260,4,107.292595,125.0
178,261,3,98.805626,124.0
178,262,2,87.169014,123.0
178,263,4,93.171005,122.0
178,264,3,89.04618,121.0
178,265,0,97.35314,120.0
178,266,0,88.84553,119.0
178,267,0,89.146286,118.0
178,268,1,65.504814,117.0
178,269,3,73.206535,116.0
178,270,5,85.64092,115.0
178,271,4,93.8519,114.0
178,272,1,80.07903,113.0
178,273,1,83.699104,112.0
178,274,5,92.77201,111.0
178,275,0,105.85334,110.0
178,276,3,83.74799,109.0
178,277,3,108.33726,108.0
178,278,2,116.87474,107.0
178,279,4,106.99356,106.0
179,36,3,106.21784,125.0
179,37,0,99.12378,125.0
179,38,5,116.5636,125.0
179,39,4,116.57966,125.0
179,40,2,112.58517,125.0
179,41,2,112.016975,125.0
179,42,0,107.29914,125.0
179,43,5,121.12906,125.0
179,44,5,118.26011,125.0
179,45,5,120.65144,125.0
179,46,1,119.01278,125.0
179,47,1,121.26324,125.0
179,48,0,119.53713,125.0
179,49,1,118.52316,125.0
179,50,1,121.06984,125.0
179,51,4,117.26121,125.0
179,52,5,126.42864,125.0
179,53,1,125.55707,125.0
179,54,3,114.21851,125.0
179,55,3,122.10488,125.0
179,56,4,125.469795,125.0
179,57,3,124.785,125.0
179,58,5,126.43789,125.0
179,59,0,118.16047,125.0
179,60,1,128.42377,125.0
179,61,1,125.93034,125.0
179,62,0,120.91113,125.0
179,63,5,125.74316,125.0
179,64,0,125.505,125.0
179,65,2,124.994194,125.0
179,66,5,131.07382,125.0
179,67,5,128.616,125.0
179,68,5,128.3789,125.0
179,69,5,123.30747,125.0
179,70,4,128.25647,125.0
179,71,2,122.58323,125.0
179,72,2,116.03045,125.0
179,73,4,123.09449,125.0
179,74,2,123.20247,125.0
179,75,2,115.141335,125.0
179,76,5,96.65598,125.0
179,77,5,90.97671,125.0
179,78,0,109.92426,125.0
179,79,4,105.85932,125.0
179,80,2,96.6498,125.0
179,81,2,74.140526,125.0
179,82,1,95.26313,125.0
179,83,1,100.818245,125.0
179,84,1,115.071724,125.0
179,85,5,118.22146,125.0
179,86,5,115.44268,125.0
179,87,1,120.26181,125.0
179,88,0,115.76942,125.0
179,89,3,118.6027,125.0
179,90,1,108.04766,125.0
179,91,5,111.840775,125.0
179,92,5,124.19398,125.0
179,93,3,123.943405,125.0
179,94,3,118.14619,125.0
179,95,3,115.22601,125.0
179,96,5,113.22039,125.0
179,97,2,120.584625,125.0
179,98,5,115.7891,125.0
179,99,5,104.644066,125.0
179,100,3,98.468605,125.0
179,101,0,109.19012,125.0
179,102,4,101.70139,125.0
179,103,5,95.488815,125.0
179,104,0,92.718155,125.0
179,105,2,105.0328,125.0
179,106,4,98.27188,125.0
179,107,1,115.413605,125.0
179,108,5,118.469185,125.0
179,109,1,115.270615,125.0
179,110,5,111.65345,125.0
179,111,5,111.886375,125.0
179,112,0,109.718895,125.0
179,113,0,125.80477,125.0
179,114,3,112.86915,125.0
179,115,5,117.274734,125.0
179,116,1,122.42269,125.0
179,117,3,119.009865,125.0
179,118,4,122.10843,125.0
179,119,5,120.56584,125.0
179,120,4,122.46381,125.0
179,121,4,118.13532,125.0
179,122,3,124.26479,125.0
179,123,4,133.4178,125.0
179,124,5,120.963905,125.0
179,125,1,115.78492,125.0
179,126,5,116.40295,125.0
179,127,1,115.2979,125.0
179,128,2,110.97519,125.0
179,129,3,116.96146,125.0
179,130,2,120.84134,125.0
179,131,5,119.14036,125.0
179,132,1,105.48091,125.0
179,133,0,107.418526,125.0
179,134,5,112.6495,125.0
179,135,4,115.04725,125.0
179,136,2,113.54545,125.0
179,137,2,125.00841,125.0
179,138,0,114.58532,125.0
179,139,3,107.953384,125.0
179,140,5,102.0223,125.0
179,141,1,114.13152,125.0
179,142,5,115.68813,125.0
179,143,3,116.443054,125.0
179,144,3,129.06947,125.0
179,145,1,133.65416,125.0
179,146,5,120.02948,125.0
179,147,3,120.07769,125.0
179,148,5,112.63456,125.0
179,149,5,115.27331,125.0
179,150,5,105.50506,124.0
179,151,0,103.02626,123.0
179,152,0,90.58108,122.0
179,153,3,88.65722,121.0
179,154,5,93.38198,120.0
179,155,5,84.19254,119.0
179,156,5,78.79555,118.0
179,157,5,84.04157,117.0
179,158,1,91.64365,116.0
179,159,5,87.93568,115.0
179,160,5,81.80117,114.0
179,161,5,102.29865,113.0
179,162,1,107.53186,112.0
179,163,0,92.529625,111.0
179,164,5,96.99451,110.0
179,165,2,109.29017,109.0
179,166,0,99.51882,108.0
179,167,2,95.51417,107.0
179,168,3,86.36739,106.0
179,169,4,96.57733,105.0
179,170,0,95.96667,104.0
179,171,1,86.01539,103.0
179,172,2,85.2611,102.0
179,173,5,100.31214,101.0
179,174,0,90.182396,100.0
179,175,2,99.1735,99.0
179,176,5,99.6673,98.0
179,177,1,100.699974,97.0
179,178,0,97.26833,96.0
179,179,1,93.52247,95.0
179,180,1,93.30994,94.0
179,181,0,77.41038,93.0
179,182,4,84.62961,92.0
179,183,5,84.45235,91.0
179,184,4,88.99931,90.0
179,185,0,90.866585,89.0
179,186,3,102.80929,88.0
179,187,4,97.896286,87.0
179,188,4,97.6959,86.0
179,189,5,77.559685,85.0
179,190,3,81.49312,84.0
179,191,0,85.58115,83.0
179,192,0,93.90203,82.0
179,193,3,76.42132,81.0
179,194,3,71.992516,80.0
179,195,4,95.09922,79.0
179,196,2,65.44351,78.0
179,197,1,75.62953,77.0
179,198,2,85.97979,76.0
179,199,4,84.23777,75.0
179,200,5,74.21356,74.0
179,201,5,52.2668,73.0
179,202,4,52.48216,72.0
179,203,3,55.849617,71.0
179,204,4,36.202164,70.0
179,205,1,47.427116,69.0
179,206,3,44.39944,68.0
179,207,3,49.102303,67.0
179,208,3,50.89201,66.0
179,209,2,56.78205,65.0
179,210,3,56.033043,64.0
179,211,3,37.60609,63.0
179,212,5,52.82989,62.0
179,213,3,47.89148,61.0
179,214,4,42.61687,60.0
179,215,4,41.941944,59.0
179,216,0,50.972523,58.0
179,217,1,42.066994,57.0
179,218,5,44.061554,56.0
179,219,1,45.44518,55.0
179,220,0,42.492462,54.0
179,221,3,38.19257,53.0
179,222,5,35.645927,52.0
179,223,3,39.689766,51.0
179,224,2,36.110497,50.0
179,225,1,33.46247,49.0
179,226,2,35.801003,48.0
179,227,0,36.254955,47.0
179,228,5,37.844894,46.0
179,229,0,34.502937,45.0
179,230,3,37.501465,44.0
179,231,2,34.7625,43.0
179,232,2,37.61554,42.0
179,233,4,32.32421,41.0
179,234,3,30.150469,40.0
179,235,4,27.144657,39.0
179,236,0,24.432005,38.0
179,237,5,37.93309,37.0
179,238,4,29.127111,36.0
179,239,1,32.755516,35.0
179,240,1,28.131174,34.0
179,241,4,19.175117,33.0
179,242,0,17.311756,32.0
179,243,3,17.06066,31.0
179,244,5,21.681498,30.0
179,245,3,23.849922,29.0
179,246,1,22.74957,28.0
179,247,4,18.832232,27.0
179,248,0,20.838406,26.0
179,249,5,19.322565,25.0
179,250,0,15.95615,24.0
179,251,5,18.61057,23.0
179,252,5,15.835348,22.0
179,253,0,17.336977,21.0
179,254,5,18.977003,20.0
179,255,0,12.649414,19.0
179,256,3,14.145735,18.0
179,257,4,12.842869,17.0
179,258,4,15.414009,16.0
179,259,2,13.133293,15.0
179,260,2,15.02861,14.0
179,261,1,14.991911,13.0
179,262,1,12.766925,12.0
180,36,0,110.67431,125.0
180,37,5,134.27377,125.0
180,38,1,121.40926,125.0
180,39,2,119.07292,125.0
180,40,0,111.478386,125.0
180,41,0,106.16211,125.0
180,42,5,107.72732,125.0
180,43,5,119.46366,125.0
180,44,3,116.68889,125.0
180,45,5,124.38229,125.0
180,46,4,132.11789,125.0
180,47,5,119.632706,125.0
180,48,4,125.0715,125.0
180,49,3,124.60459,125.0
180,50,2,123.16398,125.0
180,51,3,118.2689,125.0
180,52,2,117.10482,125.0
180,53,5,119.68482,125.0
180,54,4,114.8496,125.0
180,55,0,111.302315,125.0
180,56,3,113.85869,125.0
180,57,5,121.47559,125.0
180,58,1,121.82233,125.0
180,59,5,116.86696,125.0
180,60,5,118.781456,125.0
180,61,5,113.74465,125.0
180,62,2,116.13812,125.0
180,63,4,111.648094,125.0
180,64,4,104.470726,125.0
180,65,4,103.9278,125.0
180,66,5,105.036415,125.0
180,67,3,109.88282,125.0
180,68,0,111.14765,125.0
180,69,5,114.18157,125.0
180,70,3,113.657104,125.0
180,71,5,120.70927,125.0
180,72,4,121.79809,125.0
180,73,0,118.79618,125.0
180,74,5,120.42945,125.0
180,75,0,121.63516,125.0
180,76,1,119.898094,125.0
180,77,1,107.06335,125.0
180,78,3,121.66506,125.0
180,79,4,121.64152,125.0
180,80,5,119.33404,125.0
180,81,2,119.74412,125.0
180,82,5,112.23008,125.0
180,83,5,107.86108,125.0
180,84,0,99.60618,125.0
180,85,4,120.18661,125.0
180,86,1,104.02729,125.0
180,87,2,93.72184,125.0
180,88,5,80.63766,125.0
180,89,0,71.076485,125.0
180,90,0,95.13261,125.0
180,91,5,86.08384,125.0
180,92,5,87.32501,125.0
180,93,5,76.86504,125.0
180,94,0,65.558304,125.0
180,95,5,70.87821,125.0
180,96,3,83.10206,125.0
180,97,5,67.356804,125.0
180,98,3,72.43659,125.0
180,99,5,78.86767,125.0
180,100,2,74.17159,125.0
180,101,5,78.13983,125.0
180,102,0,77.31612,125.0
180,103,5,85.39975,125.0
180,104,0,67.76392,125.0
180,105,0,72.5344,125.0
180,106,2,75.65687,125.0
180,107,1,78.044106,125.0
180,108,1,95.151596,125.0
180,109,3,78.21199,125.0
180,110,4,82.69713,125.0
180,111,0,94.92504,125.0
180,112,2,96.91222,125.0
180,113,1,85.532166,125.0
180,114,4,75.61172,125.0
180,115,5,81.573685,125.0
180,116,2,74.70633,125.0
180,117,1,45.44477,125.0
180,118,1,55.883537,125.0
180,119,5,61.394157,125.0
180,120,5,60.66569,125.0
180,121,4,42.063908,125.0
180,122,4,49.722816,125.0
180,123,2,18.296064,125.0
180,124,5,30.174515,125.0
180,125,1,28.54912,125.0
180,126,3,20.694876,125.0
180,127,3,33.230343,125.0
180,128,5,42.085743,125.0
180,129,2,25.630587,125.0
180,130,2,16.784252,125.0
180,131,5,31.190693,125.0
180,132,2,30.692518,125.0
180,133,3,30.036045,125.0
180,134,3,30.617765,125.0
180,135,5,38.436943,125.0
180,136,0,43.144173,125.0
180,137,5,47.80413,125.0
180,138,2,47.719727,125.0
180,139,4,40.098934,125.0
180,140,0,45.94136,125.0
180,141,2,46.30725,125.0
180,142,5,38.927494,125.0
180,143,0,52.033314,125.0
180,144,4,43.750282,125.0
180,145,0,40.644478,125.0
180,146,5,41.8584,125.0
180,147,1,43.44397,125.0
180,148,4,45.197975,125.0
180,149,5,41.989662,125.0
180,150,5,46.751205,125.0
180,151,5,47.210327,125.0
180,152,3,44.669533,125.0
180,153,2,41.473957,125.0
180,154,2,31.599493,125.0
180,155,1,36.149857,125.0
180,156,2,40.710716,125.0
180,157,2,23.5781,125.0
180,158,5,34.08435,125.0
180,159,0,23.557886,125.0
180,160,4,24.894054,125.0
180,161,5,24.174149,125.0
180,162,5,17.793003,125.0
180,163,1,21.88708,125.0
180,164,4,22.433174,125.0
180,165,3,17.225554,125.0
180,166,2,16.025417,125.0
180,167,4,14.655657,125.0
180,168,4,14.657896,125.0
180,169,0,13.502053,125.0
180,170,5,13.830509,125.0
180,171,5,14.017042,125.0
180,172,2,13.553532,125.0
180,173,0,14.936237,125.0
180,174,4,13.641315,125.0
180,175,4,13.270344,125.0
180,176,1,14.372503,125.0
180,177,3,13.21397,125.0
180,178,0,12.8003235,125.0
180,179,5,12.710661,125.0
180,180,5,13.033922,125.0
180,181,1,13.413654,125.0
180,182,1,14.638188,125.0
180,183,5,15.83828,125.0
180,184,1,16.189463,125.0
180,185,2,14.63708,125.0
180,186,5,14.3414,125.0
180,187,2,13.721439,125.0
180,188,0,13.868372,125.0
180,189,1,45.55053,125.0
180,190,4,71.67772,125.0
180,191,2,105.864265,125.0
180,192,5,112.93354,125.0
180,193,3,119.80313,125.0
180,194,5,131.15845,125.0
180,195,4,121.31582,125.0
180,196,0,98.55733,125.0
180,197,1,104.6396,125.0
180,198,3,100.54296,125.0
180,199,4,120.36343,125.0
180,200,5,81.681755,125.0
180,201,5,82.583824,125.0
180,202,4,70.827965,125.0
180,203,3,91.729485,125.0
180,204,3,90.7141,125.0
180,205,3,80.94403,125.0
180,206,1,83.72184,125.0
180,207,5,73.74394,125.0
180,208,3,87.43006,125.0
180,209,2,85.005806,125.0
180,210,4,79.68822,125.0
180,211,0,76.55892,125.0
180,212,0,71.541756,125.0
180,213,0,67.06102,125.0
180,214,5,57.367855,125.0
180,215,4,61.88218,125.0
180,216,0,68.367744,125.0
180,217,0,70.11143,125.0
180,218,5,74.213844,125.0
180,219,2,75.12214,125.0
180,220,0,88.99395,125.0
180,221,0,102.22358,125.0
180,222,3,112.04056,125.0
180,223,2,120.817276,125.0
180,224,0,107.658226,125.0
180,225,3,110.626114,125.0
180,226,2,119.11924,125.0
180,227,4,114.290886,125.0
180,228,3,130.14276,125.0
180,229,0,120.83721,125.0
180,230,4,122.03026,125.0
180,231,1,117.297005,125.0
180,232,1,112.024254,125.0
180,233,0,94.376595,125.0
180,234,3,111.51022,125.0
180,235,5,114.3375,125.0
180,236,5,127.45815,125.0
180,237,1,116.87693,125.0
180,238,1,103.02285,125.0
180,239,5,98.57514,125.0
180,240,5,97.98824,125.0
180,241,4,113.37568,125.0
180,242,0,109.29701,125.0
180,243,5,111.982735,125.0
180,244,0,105.75702,125.0
180,245,2,100.1518,125.0
180,246,2,107.9038,125.0
180,247,2,106.05771,125.0
180,248,2,101.70144,125.0
180,249,5,101.9067,125.0
180,250,4,96.20803,125.0
180,251,3,99.46977,125.0
180,252,2,103.07806,125.0
180,253,1,93.74053,125.0
180,254,3,100.73989,125.0
180,255,1,96.49456,125.0
180,256,0,96.392136,125.0
180,257,5,100.57145,125.0
180,258,3,106.271416,125.0
180,259,5,92.94868,125.0
180,260,3,80.361046,125.0
180,261,3,82.923836,125.0
180,262,0,83.34503,125.0
180,263,0,87.488686,125.0
180,264,5,78.28612,125.0
180,265,0,77.50182,125.0
180,266,5,77.4618,125.0
180,267,5,80.73553,125.0
180,268,4,87.21976,125.0
180,269,3,80.822685,125.0
180,270,4,74.90694,125.0
180,271,5,71.13536,125.0
180,272,3,77.41132,125.0
180,273,1,80.18363,125.0
180,274,1,79.044655,125.0
180,275,3,75.349754,124.0
180,276,5,82.004906,123.0
180,277,5,72.92744,122.0
180,278,1,74.923904,121.0
180,279,5,82.84025,120.0
180,280,4,75.61187,119.0
180,281,5,92.824104,118.0
180,282,5,106.421364,117.0
180,283,3,110.42156,116.0
180,284,5,114.9602,115.0
180,285,5,110.249306,114.0
180,286,5,106.77475,113.0
180,287,2,107.88854,112.0
180,288,4,95.54988,111.0
180,289,0,114.93311,110.0
180,290,4,106.69904,109.0
180,291,1,104.03351,108.0
180,292,0,108.891075,107.0
180,293,4,88.19196,106.0
180,294,5,96.45812,105.0
180,295,2,96.625145,104.0
180,296,1,93.679214,103.0
180,297,5,96.5333,102.0
180,298,3,106.25763,101.0
180,299,0,92.04875,100.0
180,300,5,104.540665,99.0
180,301,1,106.78386,98.0
180,302,5,107.523224,97.0
180,303,3,97.86968,96.0
180,304,0,84.47338,95.0
180,305,2,75.673515,94.0
180,306,3,59.460526,93.0
180,307,4,77.681496,92.0
180,308,1,59.34156,91.0
180,309,1,39.334732,90.0
180,310,1,35.98556,89.0
180,311,4,35.46396,88.0
180,312,3,28.158241,87.0
180,313,4,39.08513,86.0
180,314,1,36.534107,85.0
180,315,4,34.23149,84.0
180,316,5,48.092487,83.0
180,317,1,52.704636,82.0
180,318,1,57.28148,81.0
180,319,0,61.706238,80.0
180,320,4,57.14679,79.0
180,321,1,63.401165,78.0
180,322,1,57.898212,77.0
180,323,0,51.530045,76.0
180,324,4,57.035904,75.0
180,325,3,56.98208,74.0
180,326,2,43.6186,73.0
180,327,3,51.263733,72.0
180,328,3,53.3796,71.0
180,329,3,56.858498,70.0
180,330,3,50.395744,69.0
180,331,5,60.990654,68.0
180,332,4,72.92011,67.0
180,333,2,67.310165,66.0
180,334,4,59.763035,65.0
180,335,5,69.068115,64.0
180,336,0,59.869797,63.0
180,337,5,65.63241,62.0
180,338,5,59.383286,61.0
180,339,5,42.263477,60.0
180,340,5,40.405617,59.0
180,341,2,22.280807,58.0
180,342,5,12.277381,57.0
180,343,1,20.992397,56.0
180,344,4,24.069067,55.0
180,345,1,31.762243,54.0
180,346,1,44.01004,53.0
180,347,5,35.107933,52.0
180,348,5,36.947502,51.0
180,349,1,40.8786,50.0
180,350,1,55.133614,49.0
180,351,3,53.87881,48.0
180,352,1,49.16964,47.0
180,353,0,61.37456,46.0
180,354,3,63.944046,45.0
180,355,3,61.228516,44.0
180,356,2,58.09102,43.0
180,357,2,69.14414,42.0
180,358,4,64.37684,41.0
180,359,5,58.46354,40.0
180,360,4,56.48027,39.0
180,361,1,64.57911,38.0
180,362,2,61.251167,37.0
180,363,1,59.358925,36.0
180,364,4,49.59502,35.0
180,365,5,51.27024,34.0
180,366,5,51.79416,33.0
180,367,3,44.593266,32.0
181,36,2,113.16993,125.0
181,37,4,109.82151,125.0
181,38,0,121.90932,125.0
181,39,5,119.632706,125.0
181,40,4,118.51194,125.0
181,41,5,115.99046,125.0
181,42,4,111.155495,125.0
181,43,0,99.172775,125.0
181,44,2,100.55775,125.0
181,45,1,121.22891,125.0
181,46,0,111.452,125.0
181,47,0,107.25028,125.0
181,48,5,115.66759,125.0
181,49,4,113.89536,125.0
181,50,1,122.0095,125.0
181,51,5,123.87022,125.0
181,52,4,124.556625,125.0
181,53,2,126.68145,125.0
181,54,2,119.22758,125.0
181,55,5,128.09036,125.0
181,56,0,122.06039,125.0
181,57,0,115.87505,125.0
181,58,5,113.754425,125.0
181,59,1,121.28704,125.0
181,60,1,121.491936,125.0
181,61,1,122.64246,125.0
181,62,4,119.054054,125.0
181,63,4,117.30832,125.0
181,64,0,117.6986,125.0
181,65,2,113.27532,125.0
181,66,4,129.88905,125.0
181,67,0,115.09867,125.0
181,68,0,118.91038,125.0
181,69,0,116.368965,125.0
181,70,1,120.53924,125.0
181,71,3,119.51949,125.0
181,72,3,120.40655,125.0
181,73,2,109.82946,125.0
181,74,4,111.113014,125.0
181,75,4,112.84401,125.0
181,76,0,118.76551,125.0
181,77,5,121.04259,125.0
181,78,1,122.3874,125.0
181,79,3,122.38355,125.0
181,80,0,113.74904,125.0
181,81,1,114.82555,125.0
181,82,2,116.30468,125.0
181,83,5,113.751976,125.0
181,84,2,117.363716,125.0
181,85,5,116.373184,125.0
181,86,3,117.83976,125.0
181,87,1,112.52006,125.0
181,88,1,112.31866,125.0
181,89,5,107.670815,125.0
181,90,1,100.60297,125.0
181,91,3,106.49204,125.0
181,92,4,108.666695,125.0
181,93,4,114.412025,125.0
181,94,5,100.500114,125.0
181,95,3,101.83967,125.0
181,96,0,94.553444,125.0
181,97,5,110.217606,125.0
181,98,5,108.61457,125.0
181,99,3,114.41987,125.0
181,100,5,110.96566,125.0
181,101,3,112.218475,125.0
181,102,4,111.3133,125.0
181,103,0,115.5839,125.0
181,104,1,124.6759,125.0
181,105,2,118.030174,125.0
181,106,1,117.476295,125.0
181,107,1,121.50898,125.0
181,108,5,119.71271,125.0
181,109,5,105.84702,125.0
181,110,4,107.162315,125.0
181,111,3,112.6006,125.0
181,112,5,108.93355,124.0
181,113,5,111.12455,123.0
181,114,4,88.72618,122.0
181,115,5,95.987114,121.0
181,116,4,106.52335,120.0
181,117,1,100.93539,119.0
181,118,1,113.89864,118.0
181,119,1,110.48023,117.0
181,120,0,115.688255,116.0
181,121,5,112.07202,115.0
181,122,2,87.78079,114.0
181,123,4,76.22558,113.0
181,124,1,62.899193,112.0
181,125,5,71.76371,111.0
181,126,5,65.15388,110.0
181,127,1,65.201164,109.0
181,128,2,49.636375,108.0
181,129,1,40.548424,107.0
181,130,5,77.4577,106.0
181,131,4,86.887054,105.0
181,132,0,93.46295,104.0
181,133,4,110.02212,103.0
181,134,5,111.45575,102.0
181,135,0,106.56112,101.0
181,136,4,103.9152,100.0
181,137,2,94.69555,99.0
181,138,1,85.07695,98.0
181,139,2,75.15786,97.0
181,140,2,62.64669,96.0
181,141,5,47.52021,95.0
181,142,2,45.231358,94.0
181,143,5,48.62804,93.0
181,144,4,62.054543,92.0
181,145,0,67.88073,91.0
181,146,5,71.36146,90.0
181,147,2,68.42806,89.0
181,148,3,72.47727,88.0
181,149,0,72.75263,87.0
181,150,5,74.72034,86.0
181,151,5,67.817276,85.0
181,152,1,69.84908,84.0
181,153,0,69.7847,83.0
181,154,5,71.54167,82.0
181,155,2,69.15185,81.0
181,156,0,62.488766,80.0
181,157,3,60.490974,79.0
181,158,0,55.210613,78.0
181,159,3,60.9596,77.0
181,160,1,59.55358,76.0
181,161,5,58.98911,75.0
181,162,5,64.62844,74.0
181,163,2,65.11934,73.0
181,164,5,58.949783,72.0
181,165,3,45.998955,71.0
181,166,1,59.63565,70.0
181,167,1,64.03049,69.0
181,168,1,55.436623,68.0
181,169,5,50.28048,67.0
181,170,0,58.606857,66.0
181,171,5,45.01573,65.0
181,172,2,42.614517,64.0
181,173,5,37.64077,63.0
181,174,2,34.742912,62.0
181,175,3,36.860573,61.0
181,176,4,31.245625,60.0
181,177,1,27.147093,59.0
181,178,3,41.97026,58.0
181,179,5,46.52237,57.0
181,180,1,47.07619,56.0
181,181,5,34.726894,55.0
181,182,5,40.593697,54.0
181,183,4,50.32582,53.0
181,184,3,51.08999,52.0
181,185,1,45.487602,51.0
181,186,5,55.28539,50.0
181,187,5,43.58806,49.0
181,188,0,41.43197,48.0
181,189,0,57.152924,47.0
181,190,5,45.904907,46.0
181,191,2,36.997643,45.0
181,192,5,38.473225,44.0
181,193,3,46.227615,43.0
181,194,1,47.18153,42.0
181,195,3,38.499607,41.0
181,196,3,29.647818,40.0
181,197,5,39.893295,39.0
181,198,0,26.179436,38.0
181,199,4,36.023773,37.0
182,36,0,109.29229,125.0
182,37,1,123.859764,125.0
182,38,4,119.3554,125.0
182,39,1,118.1307,125.0
182,40,1,104.70812,125.0
182,41,5,123.97277,125.0
182,42,5,113.56385,125.0
182,43,3,117.94878,125.0
182,44,1,106.24682,125.0
182,45,3,109.98661,125.0
182,46,0,114.0368,125.0
182,47,5,118.953766,125.0
182,48,0,112.928246,125.0
182,49,0,109.79163,125.0
182,50,0,105.24505,125.0
182,51,1,113.08628,125.0
182,52,3,101.70789,125.0
182,53,2,117.290405,125.0
182,54,5,118.34199,125.0
182,55,4,119.314705,125.0
182,56,3,118.14003,125.0
182,57,4,115.40223,125.0
182,58,5,121.52122,125.0
182,59,2,122.78904,125.0
182,60,2,125.99938,125.0
182,61,2,117.90463,125.0
182,62,0,119.36078,125.0
182,63,5,103.11155,125.0
182,64,1,106.75823,125.0
182,65,3,108.30364,125.0
182,66,5,100.76269,125.0
182,67,1,96.88929,125.0
182,68,5,107.90715,125.0
182,69,5,110.457184,125.0
182,70,5,105.58032,125.0
182,71,5,94.181786,125.0
182,72,3,100.0955,125.0
182,73,1,94.01468,125.0
182,74,4,103.3945,125.0
182,75,2,114.16906,125.0
182,76,2,117.57373,125.0
182,77,3,121.00837,125.0
182,78,2,118.236824,125.0
182,79,5,115.81345,125.0
182,80,5,122.921486,125.0
182,81,4,110.60339,125.0
182,82,1,116.15473,125.0
182,83,0,120.644745,125.0
182,84,0,117.69285,125.0
182,85,3,109.99036,125.0
182,86,5,106.6408,125.0
182,87,1,110.88238,125.0
182,88,2,119.552315,125.0
182,89,1,106.75669,125.0
182,90,2,115.04719,124.0
182,91,4,116.28959,123.0
182,92,1,100.25051,122.0
182,93,3,96.726974,121.0
182,94,0,107.78413,120.0
182,95,3,116.82542,119.0
182,96,3,121.839424,118.0
182,97,1,110.42086,117.0
182,98,5,119.26511,116.0
183,36,5,120.32569,104.0
183,37,2,103.32462,103.0
183,38,3,119.94054,102.0
183,39,3,113.16616,101.0
183,40,3,117.85775,100.0
183,41,4,121.2438,99.0
183,42,5,116.53093,98.0
183,43,5,118.38148,97.0
183,44,4,126.015396,96.0
183,45,2,117.15424,95.0
183,46,5,123.54754,94.0
183,47,2,125.28776,93.0
183,48,1,126.22121,92.0
183,49,0,122.16514,91.0
183,50,0,122.216835,90.0
183,51,2,124.320786,89.0
183,52,3,128.77338,88.0
183,53,3,121.17643,87.0
183,54,3,124.46728,86.0
183,55,5,127.662865,85.0
183,56,2,127.24608,84.0
183,57,1,121.47689,83.0
183,58,0,122.76184,82.0
183,59,3,114.891914,81.0
183,60,5,115.85032,80.0
183,61,2,120.20228,79.0
183,62,3,121.29507,78.0
183,63,2,115.83619,77.0
183,64,5,118.12912,76.0
183,65,4,120.53575,75.0
183,66,3,124.350334,74.0
183,67,3,126.1853,73.0
183,68,1,120.982124,72.0
183,69,5,121.71392,71.0
183,70,4,127.026024,70.0
183,71,5,127.433815,69.0
183,72,3,127.63838,68.0
183,73,3,124.50341,67.0
183,74,3,125.01437,66.0
183,75,0,127.05155,65.0
183,76,0,123.24454,64.0
183,77,5,109.189,63.0
183,78,1,102.29456,62.0
183,79,1,103.33894,61.0
183,80,5,107.31591,60.0
183,81,4,109.85955,59.0
183,82,4,107.710236,58.0
183,83,4,112.93838,57.0
183,84,4,98.58801,56.0
183,85,1,101.69342,55.0
183,86,0,105.97175,54.0
183,87,4,114.70068,53.0
183,88,4,104.575745,52.0
183,89,0,103.15821,51.0
183,90,1,96.289375,50.0
183,91,2,104.03667,49.0
183,92,2,104.48452,48.0
183,93,5,91.764626,47.0
183,94,3,72.939384,46.0
183,95,1,80.630135,45.0
183,96,4,84.00146,44.0
183,97,2,61.753315,43.0
183,98,3,72.47162,42.0
183,99,2,61.64877,41.0
183,100,0,85.83704,40.0
183,101,1,68.39908,39.0
183,102,0,55.967564,38.0
183,103,3,86.744865,37.0
183,104,1,68.5113,36.0
183,105,0,95.56553,35.0
183,106,1,92.378006,34.0
183,107,5,84.480835,33.0
183,108,5,93.54783,32.0
183,109,4,93.54896,31.0
183,110,3,89.70239,30.0
183,111,2,82.40615,29.0
183,112,5,64.7175,28.0
183,113,2,64.236664,27.0
183,114,5,65.58135,26.0
183,115,2,56.686264,25.0
183,116,0,48.22062,24.0
183,117,2,54.704876,23.0
183,118,4,45.183388,22.0
183,119,1,73.63085,21.0
183,120,5,61.73925,20.0
183,121,5,54.344536,19.0
183,122,5,65.41854,18.0
183,123,5,60.07355,17.0
183,124,2,74.415306,16.0
183,125,5,43.217506,15.0
184,36,4,106.33944,125.0
184,37,4,115.36172,125.0
184,38,4,116.79302,125.0
184,39,3,115.92582,125.0
184,40,2,115.99006,124.0
184,41,5,118.469345,123.0
184,42,5,124.28324,122.0
184,43,1,124.35599,121.0
184,44,4,120.26017,120.0
184,45,5,128.2172,119.0
184,46,5,129.659,118.0
184,47,1,122.40533,117.0
184,48,4,119.63592,116.0
184,49,5,124.50852,115.0
184,50,0,127.369225,114.0
184,51,2,123.56662,113.0
184,52,5,120.62773,112.0
184,53,0,125.69763,111.0
184,54,4,124.26479,110.0
184,55,1,120.398384,109.0
184,56,3,123.3506,108.0
184,57,1,117.744064,107.0
184,58,0,111.87444,106.0
184,59,0,119.33987,105.0
184,60,5,115.26251,104.0
184,61,5,121.29121,103.0
184,62,0,117.33872,102.0
184,63,1,111.33147,101.0
184,64,2,121.25007,100.0
184,65,5,120.31681,99.0
184,66,4,123.966484,98.0
184,67,5,128.24234,97.0
184,68,5,126.726326,96.0
184,69,3,118.01646,95.0
184,70,0,121.99239,94.0
184,71,5,121.47107,93.0
184,72,5,115.27163,92.0
184,73,1,118.89861,91.0
184,74,2,128.71687,90.0
184,75,5,126.80854,89.0
184,76,1,123.546265,88.0
184,77,2,133.75719,87.0
184,78,3,126.909584,86.0
184,79,5,126.759995,85.0
184,80,4,129.34766,84.0
184,81,2,123.40844,83.0
184,82,4,125.32276,82.0
184,83,3,125.9291,81.0
184,84,5,113.804054,80.0
184,85,0,128.88063,79.0
184,86,0,132.11377,78.0
184,87,5,120.870674,77.0
184,88,1,111.21792,76.0
184,89,5,122.66985,75.0
184,90,0,125.17736,74.0
184,91,2,122.44132,73.0
184,92,4,120.012825,72.0
184,93,4,120.188286,71.0
184,94,2,124.1433,70.0
184,95,1,110.481575,69.0
184,96,3,114.82653,68.0
184,97,5,114.18685,67.0
184,98,5,90.45048,66.0
184,99,0,85.33794,65.0
184,100,0,99.2541,64.0
184,101,0,85.96554,63.0
184,102,2,96.137146,62.0
184,103,4,87.373375,61.0
184,104,5,91.546364,60.0
184,105,5,87.8064,59.0
184,106,3,100.71153,58.0
184,107,5,93.844795,57.0
184,108,2,100.10331,56.0
184,109,0,100.183266,55.0
184,110,5,93.2239,54.0
184,111,3,98.286575,53.0
184,112,2,107.137886,52.0
184,113,1,113.37072,51.0
184,114,4,111.527504,50.0
184,115,4,116.1267,49.0
184,116,3,119.77323,48.0
184,117,0,122.45492,47.0
184,118,2,121.528725,46.0
184,119,1,108.59362,45.0
184,120,2,106.19848,44.0
184,121,5,110.24806,43.0
184,122,3,110.461525,42.0
184,123,1,109.39127,41.0
184,124,4,90.82641,40.0
184,125,4,88.48106,39.0
184,126,1,73.470985,38.0
184,127,5,65.76712,37.0
184,128,5,92.12673,36.0
184,129,4,75.89425,35.0
184,130,4,59.90737,34.0
184,131,3,53.276253,33.0
184,132,5,22.594366,32.0
184,133,3,29.997568,31.0
184,134,5,27.02458,30.0
184,135,0,15.717683,29.0
184,136,0,22.788431,28.0
184,137,5,37.4614,27.0
184,138,1,33.55278,26.0
184,139,5,40.134686,25.0
184,140,5,41.08876,24.0
184,141,0,41.403557,23.0
184,142,0,27.136423,22.0
184,143,3,35.02932,21.0
184,144,3,32.954823,20.0
184,145,2,29.718645,19.0
184,146,3,32.03423,18.0
184,147,4,35.77283,17.0
184,148,1,39.790794,16.0
184,149,3,33.75989,15.0
184,150,1,32.032303,14.0
184,151,1,19.999104,13.0
184,152,0,16.793707,12.0
184,153,3,21.054403,11.0
184,154,3,15.05855,10.0
185,36,5,114.787445,125.0
185,37,2,112.56067,125.0
185,38,4,119.7156,125.0
185,39,2,125.252655,125.0
185,40,0,123.5181,125.0
185,41,4,121.88681,125.0
185,42,5,115.93778,125.0
185,43,5,118.30492,125.0
185,44,1,118.30526,125.0
185,45,4,114.63601,125.0
185,46,5,111.554146,125.0
185,47,5,115.70097,125.0
185,48,5,125.598854,125.0
185,49,1,116.32631,125.0
185,50,4,126.59112,125.0
185,51,3,121.76292,125.0
185,52,1,114.95334,125.0
185,53,4,119.18425,125.0
185,54,5,115.48469,125.0
185,55,0,126.045616,125.0
185,56,5,126.03217,125.0
185,57,1,125.34936,125.0
185,58,2,126.567085,125.0
185,59,2,128.26642,125.0
185,60,1,128.37903,125.0
185,61,2,125.26636,125.0
185,62,2,126.7165,125.0
185,63,1,127.897804,125.0
185,64,3,122.77976,125.0
185,65,3,123.79455,125.0
185,66,0,125.29337,125.0
185,67,1,117.35224,125.0
185,68,0,121.85839,125.0
185,69,0,122.34545,125.0
185,70,5,117.79249,125.0
185,71,0,119.84701,125.0
185,72,2,117.82954,125.0
185,73,4,119.72456,125.0
185,74,4,115.81852,125.0
185,75,2,112.56176,125.0
185,76,4,120.98671,125.0
185,77,5,123.653114,125.0
185,78,4,118.802895,125.0
185,79,2,112.49961,125.0
185,80,5,120.24365,125.0
185,81,3,112.32866,125.0
185,82,5,119.58501,125.0
185,83,0,117.45843,125.0
185,84,1,120.77424,125.0
185,85,0,126.118744,125.0
185,86,4,126.16006,125.0
185,87,0,120.79917,125.0
185,88,0,118.7005,125.0
185,89,0,118.89736,125.0
185,90,0,115.15905,125.0
185,91,3,102.91317,125.0
185,92,0,107.239525,125.0
185,93,3,106.97299,125.0
185,94,5,107.53122,125.0
185,95,4,122.92748,125.0
185,96,2,123.58378,125.0
185,97,3,119.06539,125.0
185,98,0,108.17977,125.0
185,99,0,114.358376,125.0
185,100,5,114.18865,125.0
185,101,3,120.20646,125.0
185,102,1,120.56551,125.0
185,103,4,115.02508,125.0
185,104,3,120.06109,125.0
185,105,5,116.86402,125.0
185,106,1,116.19826,125.0
185,107,4,113.46906,125.0
185,108,0,117.64832,125.0
185,109,1,123.59319,125.0
185,110,4,115.62441,125.0
185,111,5,116.968796,125.0
185,112,1,116.99818,125.0
185,113,5,116.047035,125.0
185,114,5,121.97497,125.0
185,115,1,113.56968,125.0
185,116,0,116.96645,125.0
185,117,1,108.804756,125.0
185,118,1,104.95489,125.0
185,119,2,96.77947,125.0
185,120,1,63.032265,125.0
185,121,0,78.36498,125.0
185,122,1,59.206436,125.0
185,123,0,93.14651,125.0
185,124,5,104.87089,125.0
185,125,1,93.45582,124.0
185,126,0,117.34664,123.0
185,127,5,119.1325,122.0
185,128,2,124.42101,121.0
185,129,3,121.00373,120.0
185,130,4,116.430504,119.0
185,131,2,124.8864,118.0
185,132,1,118.69965,117.0
185,133,3,120.65245,116.0
185,134,1,115.047295,115.0
185,135,2,115.66169,114.0
185,136,1,110.983025,113.0
185,137,2,106.514114,112.0
185,138,2,105.905785,111.0
185,139,3,99.43136,110.0
185,140,0,99.47289,109.0
185,141,2,107.13657,108.0
185,142,5,103.78437,107.0
185,143,4,117.550186,106.0
185,144,2,102.53531,105.0
185,145,0,108.82108,104.0
185,146,5,102.4913,103.0
185,147,0,100.12401,102.0
185,148,2,100.11057,101.0
185,149,3,91.100075,100.0
185,150,1,104.35596,99.0
185,151,4,111.62954,98.0
185,152,4,115.30563,97.0
185,153,0,103.81277,96.0
185,154,1,102.9024,95.0
185,155,5,101.91882,94.0
185,156,3,116.341034,93.0
185,157,0,120.52819,92.0
185,158,5,112.411934,91.0
185,159,2,118.697975,90.0
185,160,4,122.11974,89.0
185,161,5,116.60084,88.0
185,162,1,115.657135,87.0
185,163,5,112.05732,86.0
185,164,3,118.39171,85.0
185,165,4,117.51925,84.0
185,166,2,116.13644,83.0
185,167,5,112.318,82.0
185,168,5,117.79422,81.0
185,169,1,124.233734,80.0
185,170,5,118.69366,79.0
185,171,2,119.12772,78.0
185,172,4,121.13195,77.0
185,173,4,112.06069,76.0
185,174,5,115.49108,75.0
185,175,5,98.68289,74.0
185,176,4,103.7788,73.0
185,177,4,116.92431,72.0
185,178,1,103.815544,71.0
185,179,3,99.4969,70.0
185,180,5,107.91547,69.0
185,181,5,104.58279,68.0
185,182,5,101.991066,67.0
185,183,1,103.06205,66.0
185,184,2,98.76842,65.0
185,185,4,96.10114,64.0
185,186,5,96.7228,63.0
185,187,3,99.561844,62.0
185,188,0,84.84524,61.0
185,189,2,83.39938,60.0
185,190,3,72.655235,59.0
185,191,2,94.819435,58.0
185,192,3,90.56173,57.0
185,193,2,105.81501,56.0
185,194,2,105.169365,55.0
185,195,0,81.56974,54.0
185,196,0,95.21562,53.0
185,197,5,87.90006,52.0
185,198,5,95.60993,51.0
185,199,5,93.47972,50.0
185,200,3,84.14826,49.0
185,201,3,92.05631,48.0
185,202,5,88.40359,47.0
185,203,1,87.6229,46.0
186,36,4,118.417274,125.0
186,37,4,117.16624,125.0
186,38,1,117.29075,125.0
186,39,0,117.51292,125.0
186,40,2,121.47823,125.0
186,41,3,108.11226,125.0
186,42,4,118.78246,125.0
186,43,2,117.51426,125.0
186,44,5,98.58429,125.0
186,45,0,115.52288,125.0
186,46,2,111.305374,125.0
186,47,5,103.48579,125.0
187,36,0,117.0696,109.0
187,37,0,105.6212,108.0
187,38,5,114.72216,107.0
187,39,5,112.95362,106.0
187,40,5,111.87317,105.0
187,41,1,118.694626,104.0
187,42,5,120.799706,103.0
187,43,4,120.04423,102.0
187,44,4,123.254845,101.0
187,45,0,117.52403,100.0
187,46,4,128.25897,99.0
187,47,4,118.532005,98.0
187,48,3,123.651146,97.0
187,49,4,122.74975,96.0
187,50,3,114.40235,95.0
187,51,2,113.6851,94.0
187,52,3,115.22363,93.0
187,53,2,113.22523,92.0
187,54,5,111.49118,91.0
187,55,4,115.60221,90.0
187,56,1,122.088264,89.0
187,57,1,119.941536,88.0
187,58,4,120.35005,87.0
187,59,1,117.42085,86.0
187,60,5,110.23478,85.0
187,61,5,124.29208,84.0
187,62,2,120.983635,83.0
187,63,5,116.59339,82.0
187,64,5,114.822044,81.0
187,65,3,110.02179,80.0
187,66,0,113.20409,79.0
187,67,0,115.53281,78.0
187,68,3,114.91479,77.0
187,69,2,120.27241,76.0
187,70,1,117.46266,75.0
187,71,1,115.20083,74.0
187,72,0,114.98648,73.0
187,73,5,116.96815,72.0
187,74,5,118.014694,71.0
187,75,3,99.080956,70.0
187,76,1,98.26749,69.0
187,77,0,85.90578,68.0
187,78,1,86.70496,67.0
187,79,0,81.81623,66.0
187,80,4,103.82069,65.0
187,81,4,101.92957,64.0
187,82,4,98.98407,63.0
187,83,1,71.451546,62.0
187,84,5,93.94577,61.0
187,85,4,80.00127,60.0
187,86,5,96.04319,59.0
187,87,2,103.34513,58.0
187,88,1,109.99386,57.0
187,89,4,114.49728,56.0
187,90,2,113.58878,55.0
187,91,2,108.05521,54.0
187,92,2,110.32052,53.0
187,93,2,102.25001,52.0
187,94,5,103.205475,51.0
187,95,2,104.56585,50.0
187,96,5,105.478905,49.0
187,97,3,112.023346,48.0
187,98,5,110.92819,47.0
187,99,5,87.597374,46.0
187,100,0,103.89912,45.0
187,101,3,106.26822,44.0
187,102,4,77.301125,43.0
187,103,4,79.87133,42.0
187,104,5,59.52633,41.0
187,105,5,42.093475,40.0
187,106,5,30.918062,39.0
187,107,0,53.038826,38.0
187,108,2,58.209633,37.0
187,109,5,28.270512,36.0
187,110,4,24.168116,35.0
187,111,2,32.937866,34.0
187,112,4,58.544243,33.0
187,113,1,56.301067,32.0
187,114,3,36.70729,31.0
187,115,4,31.341816,30.0
187,116,2,30.96324,29.0
187,117,3,32.711056,28.0
187,118,5,23.955393,27.0
187,119,1,26.97311,26.0
187,120,1,23.818823,25.0
187,121,5,13.691199,24.0
188,36,2,116.4955,125.0
188,37,1,111.71014,125.0
188,38,0,118.004524,125.0
188,39,2,126.944664,125.0
188,40,1,134.98451,125.0
188,41,0,129.85226,125.0
188,42,0,127.77812,125.0
188,43,4,125.472374,125.0
188,44,2,128.00496,125.0
188,45,5,129.80573,125.0
188,46,4,123.97476,125.0
188,47,5,124.16238,125.0
188,48,5,123.60853,125.0
188,49,1,113.42942,125.0
188,50,4,116.61747,125.0
188,51,0,112.375786,125.0
188,52,5,113.45019,125.0
188,53,0,121.18574,125.0
188,54,4,116.54981,125.0
188,55,1,119.26903,125.0
188,56,3,120.96037,125.0
188,57,0,123.16878,125.0
188,58,3,127.47584,125.0
188,59,4,117.5261,125.0
188,60,3,110.8652,125.0
188,61,5,116.665405,125.0
188,62,2,120.868706,125.0
188,63,1,121.007706,125.0
188,64,0,121.735374,125.0
188,65,5,110.410225,125.0
188,66,1,115.46251,125.0
188,67,5,115.85389,125.0
188,68,0,123.004616,125.0
188,69,2,123.46988,125.0
188,70,0,106.27347,125.0
188,71,5,119.8643,125.0
188,72,0,118.563126,125.0
188,73,4,119.93482,125.0
188,74,4,121.48041,125.0
188,75,5,129.55283,125.0
188,76,4,123.75709,125.0
188,77,2,128.57938,125.0
188,78,4,128.02393,125.0
188,79,1,119.669,125.0
188,80,3,124.78896,125.0
188,81,0,125.46456,125.0
188,82,0,121.30567,125.0
188,83,3,121.56121,125.0
188,84,3,122.64153,125.0
188,85,5,108.64468,125.0
188,86,2,100.25585,125.0
188,87,2,117.64965,125.0
188,88,5,118.3085,125.0
188,89,0,114.967064,125.0
188,90,5,117.15295,125.0
188,91,1,119.4481,125.0
188,92,4,120.2875,125.0
188,93,4,113.473114,125.0
188,94,5,113.31075,125.0
188,95,2,117.1608,125.0
188,96,4,108.17595,125.0
188,97,0,119.08179,125.0
188,98,1,116.72542,125.0
188,99,0,108.84753,125.0
188,100,3,111.61506,125.0
188,101,5,119.493454,125.0
188,102,4,118.39024,125.0
188,103,1,117.65826,125.0
188,104,5,123.46878,125.0
188,105,1,123.51146,125.0
188,106,1,111.311584,125.0
188,107,3,113.15451,125.0
188,108,3,119.67611,125.0
188,109,0,118.95013,125.0
188,110,5,119.618195,125.0
188,111,2,126.26693,125.0
188,112,0,127.5201,125.0
188,113,4,127.78038,125.0
188,114,0,129.82513,125.0
188,115,3,121.48704,125.0
188,116,4,125.462204,125.0
188,117,5,124.39018,125.0
188,118,1,121.632866,125.0
188,119,3,122.751274,125.0
188,120,2,127.99529,125.0
188,121,5,121.14614,125.0
188,122,4,128.9758,125.0
188,123,5,122.20986,125.0
188,124,5,118.50768,125.0
188,125,3,121.40946,125.0
188,126,3,103.11509,125.0
188,127,3,99.60479,125.0
188,128,3,95.8815,125.0
188,129,1,90.30694,125.0
188,130,5,88.36144,125.0
188,131,0,87.71804,125.0
188,132,4,93.39981,125.0
188,133,5,99.817924,125.0
188,134,3,110.17978,125.0
188,135,2,107.851845,125.0
188,136,5,116.43204,125.0
188,137,4,114.46621,125.0
188,138,0,114.915726,125.0
188,139,5,107.97329,125.0
188,140,3,112.88358,125.0
188,141,2,123.85063,125.0
188,142,1,119.82896,125.0
188,143,0,121.49088,125.0
188,144,5,124.390335,125.0
188,145,5,124.38018,125.0
188,146,1,125.79176,125.0
188,147,0,126.80015,125.0
188,148,5,126.40772,125.0
188,149,3,121.91194,125.0
188,150,2,117.656876,125.0
188,151,3,120.15941,125.0
188,152,1,124.180954,125.0
188,153,0,115.44341,125.0
188,154,4,113.35552,125.0
188,155,2,108.6678,125.0
188,156,5,112.89665,125.0
188,157,5,122.32964,125.0
189,36,4,114.062645,125.0
189,37,5,121.14611,125.0
189,38,0,125.6385,125.0
189,39,0,125.43602,124.0
189,40,2,123.20703,123.0
189,41,5,120.187386,122.0
189,42,4,127.985664,121.0
189,43,3,120.46317,120.0
189,44,0,120.85798,119.0
189,45,4,116.964195,118.0
189,46,0,111.043236,117.0
189,47,5,125.124504,116.0
189,48,4,123.392784,115.0
189,49,3,121.43978,114.0
189,50,3,132.12035,113.0
189,51,1,122.84431,112.0
189,52,1,119.00705,111.0
189,53,4,111.36486,110.0
189,54,2,117.94689,109.0
189,55,5,118.97903,108.0
189,56,1,114.431404,107.0
189,57,1,110.90725,106.0
189,58,3,117.34945,105.0
189,59,5,115.68303,104.0
189,60,0,122.11999,103.0
189,61,3,118.75408,102.0
189,62,5,110.35347,101.0
189,63,3,121.98971,100.0
189,64,5,121.54338,99.0
189,65,1,119.06418,98.0
189,66,5,112.1762,97.0
189,67,4,117.799095,96.0
189,68,3,112.07647,95.0
189,69,3,105.026535,94.0
189,70,3,106.16296,93.0
189,71,5,99.31497,92.0
189,72,4,102.81129,91.0
189,73,5,111.677315,90.0
189,74,1,108.07412,89.0
189,75,0,119.70579,88.0
189,76,4,116.07541,87.0
189,77,5,120.905556,86.0
189,78,2,125.02016,85.0
189,79,5,114.18804,84.0
189,80,2,113.55775,83.0
189,81,4,122.66859,82.0
189,82,2,115.51655,81.0
189,83,0,117.834206,80.0
189,84,0,121.391655,79.0
189,85,1,121.67689,78.0
189,86,5,117.53847,77.0
189,87,0,120.43102,76.0
189,88,2,121.09116,75.0
189,89,5,119.85543,74.0
189,90,5,116.541725,73.0
189,91,2,110.1965,72.0
189,92,3,108.96339,71.0
189,93,1,78.38267,70.0
189,94,5,89.47117,69.0
189,95,4,87.48963,68.0
189,96,4,104.24546,67.0
189,97,0,107.55625,66.0
189,98,5,106.175255,65.0
189,99,5,97.76244,64.0
189,100,3,97.10474,63.0
189,101,2,95.97747,62.0
189,102,5,85.095955,61.0
189,103,0,82.78954,60.0
189,104,0,86.645874,59.0
189,105,0,87.37564,58.0
189,106,1,90.39083,57.0
189,107,5,90.08545,56.0
190,36,0,122.10961,125.0
190,37,4,124.57407,125.0
190,38,3,121.948364,125.0
190,39,2,119.49532,125.0
190,40,0,122.11858,125.0
190,41,1,124.518,125.0
190,42,4,124.29124,125.0
190,43,3,118.61848,125.0
190,44,4,128.66542,125.0
190,45,5,121.017265,125.0
190,46,4,122.13866,125.0
190,47,4,123.63755,125.0
190,48,1,116.3686,125.0
190,49,5,124.64749,125.0
190,50,5,129.65372,125.0
190,51,5,120.41617,125.0
190,52,1,120.65638,125.0
190,53,0,119.27809,125.0
190,54,0,114.549774,125.0
190,55,2,117.464226,125.0
190,56,1,122.92874,125.0
190,57,1,116.169044,125.0
190,58,4,130.89719,125.0
190,59,4,120.94538,125.0
190,60,5,122.61134,125.0
190,61,5,120.41267,125.0
190,62,5,126.3209,125.0
190,63,4,118.79836,125.0
190,64,3,126.83869,125.0
190,65,4,127.851494,125.0
190,66,2,125.53826,125.0
190,67,0,124.31864,125.0
190,68,1,122.59997,125.0
190,69,0,116.030464,125.0
190,70,0,126.62239,125.0
190,71,4,123.912575,125.0
190,72,3,127.06498,125.0
190,73,3,114.94223,125.0
190,74,4,126.01109,125.0
190,75,5,125.425804,125.0
190,76,1,122.51324,125.0
190,77,5,125.81567,125.0
190,78,1,129.03448,125.0
190,79,4,119.18172,125.0
190,80,4,106.89329,125.0
190,81,5,114.47155,125.0
190,82,2,111.29301,125.0
190,83,1,99.33367,125.0
190,84,0,100.80515,125.0
190,85,0,115.51653,125.0
190,86,1,122.0584,125.0
190,87,3,113.04655,125.0
190,88,2,118.205925,125.0
190,89,0,120.82038,125.0
190,90,3,121.19836,125.0
190,91,2,110.308266,125.0
190,92,2,128.27237,125.0
190,93,4,122.413345,125.0
190,94,3,115.43121,125.0
190,95,5,121.263245,125.0
190,96,0,124.84609,125.0
190,97,0,119.34649,125.0
190,98,5,108.66889,125.0
190,99,3,120.42856,125.0
190,100,1,126.078575,125.0
190,101,2,121.956764,125.0
190,102,4,124.81008,125.0
190,103,0,127.594795,125.0
190,104,0,116.5053,125.0
190,105,1,115.81318,125.0
190,106,4,115.61509,125.0
190,107,2,112.603134,125.0
190,108,5,121.95471,125.0
190,109,0,128.46274,125.0
190,110,2,129.61981,125.0
190,111,3,125.21809,125.0
190,112,5,122.36532,125.0
190,113,3,114.06316,125.0
190,114,3,115.604805,125.0
190,115,4,111.60839,125.0
190,116,0,112.363655,125.0
190,117,5,123.38367,125.0
190,118,4,122.20893,125.0
190,119,2,111.74433,124.0
190,120,4,99.79355,123.0
190,121,5,104.1153,122.0
190,122,5,111.16586,121.0
190,123,0,115.24767,120.0
190,124,3,120.01237,119.0
190,125,2,121.44282,118.0
190,126,0,121.57331,117.0
190,127,3,111.20739,116.0
190,128,0,117.05039,115.0
190,129,5,117.00171,114.0
190,130,5,96.77738,113.0
190,131,5,108.57904,112.0
190,132,3,114.40976,111.0
190,133,3,114.582596,110.0
190,134,0,104.649025,109.0
190,135,1,106.02374,108.0
190,136,4,109.404366,107.0
190,137,5,128.98575,106.0
190,138,0,122.93777,105.0
190,139,5,121.497314,104.0
190,140,4,110.02231,103.0
190,141,0,116.87572,102.0
190,142,4,106.92298,101.0
190,143,1,101.8659,100.0
190,144,3,107.674644,99.0
190,145,1,91.33647,98.0
190,146,5,93.97181,97.0
190,147,3,87.01027,96.0
190,148,0,94.93757,95.0
190,149,4,91.558655,94.0
190,150,0,101.12101,93.0
190,151,1,80.670944,92.0
190,152,0,88.58483,91.0
190,153,5,112.33291,90.0
190,154,0,103.54365,89.0
190,155,5,105.66625,88.0
190,156,1,75.89785,87.0
190,157,3,78.80241,86.0
190,158,1,72.008705,85.0
190,159,0,75.27176,84.0
190,160,5,87.53144,83.0
190,161,5,76.364586,82.0
190,162,4,71.65475,81.0
190,163,5,65.72255,80.0
190,164,3,79.551994,79.0
190,165,4,88.05569,78.0
190,166,5,88.74192,77.0
190,167,1,71.35691,76.0
190,168,0,87.21656,75.0
190,169,3,86.93784,74.0
190,170,4,83.056984,73.0
190,171,3,86.37493,72.0
190,172,2,79.895164,71.0
190,173,1,64.36477,70.0
190,174,4,53.465286,69.0
190,175,4,49.707893,68.0
190,176,5,55.86399,67.0
190,177,5,56.499573,66.0
190,178,2,59.183834,65.0
190,179,5,45.822746,64.0
190,180,1,49.035187,63.0
190,181,2,42.941063,62.0
190,182,0,32.49849,61.0
190,183,0,36.63063,60.0
190,184,3,36.974766,59.0
190,185,1,31.429113,58.0
190,186,5,32.389206,57.0
190,187,1,26.359327,56.0
190,188,2,26.066618,55.0
190,189,2,34.42713,54.0
190,190,0,36.597744,53.0
190,191,2,36.241302,52.0
190,192,0,40.775864,51.0
190,193,1,32.98919,50.0
190,194,0,33.531616,49.0
190,195,4,28.713392,48.0
190,196,0,34.682922,47.0
190,197,0,43.802147,46.0
190,198,2,35.81327,45.0
190,199,5,35.98067,44.0
190,200,2,37.451042,43.0
191,36,1,123.033226,125.0
191,37,3,121.45472,125.0
191,38,0,119.22434,125.0
191,39,1,119.293076,125.0
191,40,0,118.2392,125.0
191,41,1,118.347145,125.0
191,42,0,99.24119,125.0
191,43,2,109.86275,125.0
191,44,2,114.326805,125.0
191,45,2,96.18679,125.0
191,46,1,99.48616,125.0
191,47,5,103.39854,125.0
191,48,4,102.4725,125.0
191,49,1,101.380646,125.0
191,50,0,111.24486,125.0
191,51,1,117.53052,125.0
191,52,2,114.653946,125.0
191,53,4,121.70774,125.0
191,54,0,112.13934,125.0
191,55,2,115.42217,125.0
191,56,4,113.52608,125.0
191,57,5,118.57387,125.0
191,58,0,118.55543,125.0
191,59,2,119.85399,125.0
191,60,5,128.39273,125.0
191,61,3,121.86639,125.0
191,62,5,121.72314,125.0
191,63,0,118.32239,125.0
191,64,3,134.25491,125.0
191,65,3,124.89471,125.0
191,66,2,124.744995,125.0
191,67,4,117.702614,125.0
191,68,3,109.25224,125.0
191,69,3,92.28412,125.0
191,70,5,94.66314,125.0
191,71,1,115.58956,125.0
192,36,2,120.25532,125.0
192,37,2,120.38145,125.0
192,38,1,118.96703,125.0
192,39,1,122.135216,125.0
192,40,2,125.66847,125.0
192,41,3,123.36462,125.0
192,42,2,126.718414,125.0
192,43,2,128.73676,125.0
192,44,4,128.10889,125.0
192,45,5,117.457405,125.0
192,46,0,121.94759,125.0
192,47,3,125.17015,125.0
192,48,4,121.513054,125.0
192,49,4,119.89193,125.0
192,50,2,116.91392,125.0
192,51,3,125.845764,125.0
192,52,5,123.00605,125.0
192,53,3,122.25184,125.0
192,54,0,121.78818,125.0
192,55,0,123.18647,125.0
192,56,4,120.47426,125.0
192,57,0,120.69463,125.0
192,58,5,119.08543,125.0
192,59,5,121.561516,125.0
192,60,1,129.23978,125.0
192,61,2,116.250206,125.0
192,62,4,124.71372,125.0
192,63,5,125.60187,125.0
192,64,3,123.71772,125.0
192,65,3,122.397026,125.0
192,66,5,116.25492,125.0
192,67,0,114.703926,125.0
192,68,1,116.19356,125.0
192,69,0,113.739265,125.0
192,70,5,118.13134,125.0
192,71,3,113.84116,125.0
192,72,5,120.67472,125.0
192,73,2,121.05778,125.0
192,74,2,118.189575,125.0
192,75,2,111.37533,125.0
192,76,2,117.72042,125.0
192,77,1,113.76104,125.0
192,78,3,122.58678,125.0
192,79,2,114.08399,125.0
192,80,1,113.16636,125.0
192,81,2,98.14307,125.0
192,82,3,119.74522,125.0
192,83,5,109.55909,125.0
192,84,1,117.188194,125.0
192,85,1,121.75007,125.0
192,86,3,120.171265,125.0
192,87,4,123.59866,125.0
192,88,5,119.51193,125.0
192,89,2,122.26009,125.0
192,90,5,119.34216,125.0
192,91,3,109.58767,125.0
192,92,5,112.90897,125.0
192,93,3,124.743805,125.0
192,94,0,121.36558,125.0
192,95,5,126.90749,125.0
192,96,5,127.80463,125.0
192,97,5,124.68419,125.0
192,98,0,128.99893,125.0
192,99,5,124.44714,125.0
192,100,1,115.91902,125.0
192,101,1,114.5048,125.0
192,102,2,120.850296,125.0
192,103,3,121.00043,125.0
192,104,2,121.33471,125.0
192,105,3,112.104454,125.0
192,106,1,105.0287,125.0
192,107,4,117.51406,125.0
192,108,3,109.44256,125.0
192,109,1,105.405495,125.0
192,110,2,121.867775,125.0
192,111,5,119.705635,125.0
192,112,5,121.115135,125.0
192,113,3,122.365265,125.0
192,114,3,119.341896,125.0
192,115,0,123.83162,125.0
192,116,3,118.79187,125.0
192,117,5,123.67898,125.0
192,118,4,130.06078,125.0
192,119,5,122.906624,125.0
192,120,5,129.63866,125.0
192,121,2,120.243324,125.0
192,122,2,119.87644,125.0
192,123,2,120.3477,125.0
192,124,4,115.03307,125.0
192,125,5,109.137474,125.0
192,126,4,102.98336,125.0
192,127,2,104.425804,125.0
192,128,5,114.37391,125.0
192,129,2,110.450294,125.0
192,130,2,98.5517,125.0
192,131,0,112.504616,125.0
192,132,3,120.51829,125.0
192,133,0,111.04397,125.0
192,134,0,117.94048,125.0
192,135,1,125.82915,125.0
192,136,4,125.03991,125.0
192,137,5,121.42455,125.0
192,138,1,121.45071,125.0
192,139,3,120.4519,125.0
192,140,1,110.409836,125.0
192,141,4,126.906456,125.0
192,142,4,123.72384,125.0
192,143,1,109.439255,125.0
192,144,4,103.21837,125.0
192,145,1,91.413445,125.0
192,146,5,83.13348,125.0
192,147,1,69.09182,125.0
192,148,4,81.271645,125.0
192,149,5,90.51583,125.0
192,150,3,101.009575,124.0
192,151,1,81.205696,123.0
192,152,2,84.55201,122.0
192,153,4,81.91082,121.0
192,154,2,92.17208,120.0
192,155,5,76.27357,119.0
192,156,3,92.72831,118.0
192,157,2,104.87373,117.0
192,158,0,78.89111,116.0
192,159,3,107.13806,115.0
192,160,0,106.81902,114.0
192,161,4,84.70393,113.0
192,162,5,101.17478,112.0
192,163,2,108.846436,111.0
192,164,2,107.20029,110.0
192,165,5,110.0057,109.0
192,166,3,103.727425,108.0
192,167,5,91.780205,107.0
192,168,5,75.27725,106.0
192,169,4,75.25733,105.0
192,170,0,80.97525,104.0
192,171,3,92.22559,103.0
192,172,4,101.639,102.0
192,173,1,100.85251,101.0
192,174,4,109.44463,100.0
192,175,2,104.86544,99.0
192,176,1,100.1215,98.0
192,177,1,100.382034,97.0
192,178,5,100.08297,96.0
192,179,5,96.12471,95.0
192,180,3,109.8476,94.0
192,181,4,108.51095,93.0
192,182,0,108.32986,92.0
192,183,3,99.37301,91.0
192,184,5,105.7158,90.0
192,185,4,94.20701,89.0
192,186,5,90.72686,88.0
192,187,4,65.701,87.0
192,188,4,27.72349,86.0
192,189,5,57.298695,85.0
192,190,4,33.369797,84.0
192,191,2,53.60543,83.0
192,192,0,75.811485,82.0
192,193,5,79.39645,81.0
192,194,0,85.518456,80.0
192,195,3,87.61628,79.0
192,196,2,88.46259,78.0
192,197,1,91.53631,77.0
192,198,5,97.91761,76.0
192,199,4,89.46621,75.0
192,200,2,68.746346,74.0
192,201,5,74.14142,73.0
192,202,0,62.11422,72.0
192,203,1,66.24391,71.0
193,36,1,127.43166,125.0
193,37,5,123.62176,125.0
193,38,2,129.82709,125.0
193,39,5,132.05565,125.0
193,40,2,122.03347,125.0
193,41,0,114.72462,125.0
193,42,1,128.19351,125.0
193,43,4,131.24396,125.0
193,44,3,123.3066,125.0
193,45,3,125.930595,125.0
193,46,5,125.091255,125.0
193,47,2,126.42879,125.0
193,48,3,124.98094,125.0
193,49,0,113.82129,125.0
193,50,0,121.148705,125.0
193,51,3,119.97376,125.0
193,52,2,113.7619,125.0
193,53,5,116.92521,125.0
193,54,1,121.81891,125.0
193,55,5,119.67035,125.0
193,56,5,119.88404,125.0
193,57,0,126.093414,125.0
193,58,4,125.35117,125.0
193,59,1,125.126595,125.0
193,60,0,126.17283,125.0
193,61,5,127.3477,125.0
193,62,5,122.24591,125.0
193,63,2,124.62635,125.0
193,64,0,128.03595,125.0
193,65,1,127.19658,125.0
193,66,4,127.37102,125.0
193,67,4,120.92968,125.0
193,68,3,119.46356,125.0
193,69,0,121.63561,125.0
193,70,1,123.36573,125.0
193,71,4,113.8049,125.0
193,72,5,119.38596,125.0
193,73,1,119.81696,125.0
193,74,1,113.138145,125.0
193,75,1,97.55702,125.0
193,76,3,105.87859,125.0
193,77,5,115.20536,125.0
193,78,5,99.07877,125.0
193,79,1,70.000206,125.0
193,80,5,101.0698,125.0
193,81,1,106.524925,125.0
193,82,5,106.72259,125.0
193,83,1,104.935265,125.0
193,84,3,102.368774,125.0
193,85,2,109.235886,125.0
193,86,1,105.94228,125.0
193,87,5,106.55422,125.0
193,88,3,112.02477,125.0
193,89,5,113.10073,125.0
193,90,0,110.79699,125.0
193,91,5,111.554756,125.0
193,92,5,107.26907,125.0
193,93,5,104.03564,125.0
193,94,3,112.99742,125.0
193,95,0,108.09002,125.0
193,96,5,108.6954,125.0
193,97,1,111.31078,125.0
193,98,2,98.35348,125.0
193,99,0,112.6411,125.0
193,100,5,95.461464,125.0
193,101,1,116.47788,125.0
193,102,5,117.65219,125.0
193,103,5,106.449974,125.0
193,104,0,111.18098,125.0
193,105,4,114.97709,125.0
193,106,5,110.41706,125.0
193,107,2,104.5326,125.0
193,108,4,99.77079,125.0
193,109,2,93.747635,125.0
193,110,5,97.85992,125.0
193,111,3,106.14206,125.0
193,112,5,102.92434,125.0
193,113,5,112.65054,125.0
193,114,4,117.59469,125.0
193,115,4,104.7949,125.0
193,116,0,114.1632,125.0
193,117,4,118.950935,125.0
193,118,4,124.60273,125.0
193,119,1,115.9183,125.0
193,120,4,116.936195,125.0
193,121,5,122.2102,125.0
193,122,5,118.38155,125.0
193,123,4,121.605675,125.0
193,124,4,112.96482,125.0
193,125,4,97.62418,125.0
193,126,0,116.583046,125.0
193,127,4,119.28748,125.0
193,128,1,100.402176,125.0
193,129,4,91.73301,125.0
193,130,5,114.03489,125.0
193,131,1,108.77561,125.0
193,132,0,104.96203,125.0
193,133,2,100.59147,125.0
193,134,0,118.2237,125.0
193,135,5,116.40685,125.0
193,136,2,123.83913,125.0
193,137,2,127.97975,125.0
193,138,2,126.503746,125.0
193,139,2,130.27765,125.0
193,140,2,121.16643,125.0
193,141,3,121.27384,125.0
193,142,1,122.754135,125.0
193,143,2,110.25359,125.0
193,144,5,120.93807,125.0
193,145,5,120.34523,125.0
193,146,3,113.30374,125.0
193,147,1,103.0257,125.0
193,148,4,104.11999,125.0
193,149,0,96.91245,125.0
193,150,5,109.89266,125.0
193,151,3,121.17746,125.0
193,152,5,112.08766,125.0
193,153,1,113.45795,125.0
193,154,0,117.35421,125.0
193,155,2,112.52889,125.0
193,156,5,112.95828,125.0
193,157,0,102.315315,125.0
193,158,4,125.19545,125.0
193,159,2,127.25443,125.0
193,160,2,121.14715,125.0
193,161,3,118.80732,125.0
193,162,5,120.33561,125.0
193,163,2,118.312096,125.0
193,164,5,130.5168,125.0
193,165,1,129.82103,125.0
193,166,1,128.62291,125.0
193,167,4,130.11026,125.0
193,168,1,113.859474,125.0
193,169,0,121.20429,125.0
193,170,2,121.419914,125.0
193,171,5,123.90504,125.0
193,172,0,125.78507,125.0
193,173,3,114.98188,125.0
193,174,1,125.6526,125.0
193,175,0,132.54373,125.0
193,176,3,126.730064,125.0
193,177,5,124.04073,125.0
193,178,5,126.61674,125.0
193,179,4,125.780655,125.0
193,180,3,129.95398,125.0
193,181,5,127.87588,125.0
193,182,1,126.94487,125.0
193,183,1,121.98068,125.0
193,184,1,116.75446,125.0
193,185,3,115.951485,125.0
193,186,0,117.05471,125.0
193,187,0,104.5535,125.0
193,188,4,120.128395,125.0
193,189,2,114.21975,125.0
193,190,3,120.91967,125.0
193,191,2,111.43625,125.0
193,192,1,114.403564,125.0
193,193,5,123.17803,125.0
193,194,4,116.302925,125.0
193,195,2,125.3108,125.0
193,196,0,125.73845,125.0
193,197,3,126.214516,125.0
193,198,0,122.482796,125.0
193,199,3,117.62035,125.0
193,200,1,124.42445,125.0
193,201,4,127.97378,125.0
193,202,0,123.317604,125.0
193,203,0,123.9941,125.0
193,204,4,126.82667,125.0
193,205,5,130.59601,125.0
193,206,3,130.54126,125.0
193,207,1,122.83843,125.0
193,208,3,126.348434,125.0
193,209,4,126.58312,125.0
193,210,0,124.74593,125.0
193,211,3,126.27464,125.0
193,212,5,125.05783,125.0
193,213,4,121.2281,125.0
193,214,3,118.76327,125.0
193,215,3,119.963066,125.0
193,216,3,109.644936,125.0
193,217,5,104.769936,125.0
193,218,3,108.95626,125.0
193,219,0,101.74778,125.0
193,220,5,108.13576,125.0
193,221,5,108.72064,125.0
193,222,5,87.55459,125.0
193,223,4,95.8276,125.0
193,224,3,95.1804,125.0
193,225,5,99.16251,125.0
193,226,2,107.81061,125.0
193,227,0,109.10145,125.0
193,228,2,101.7642,125.0
193,229,3,100.63505,125.0
193,230,5,95.18688,125.0
193,231,0,93.985275,125.0
193,232,1,91.826485,125.0
193,233,4,80.31191,125.0
193,234,5,92.307884,125.0
193,235,2,103.70922,125.0
193,236,5,109.219536,125.0
193,237,2,110.85482,125.0
193,238,5,75.03933,125.0
193,239,0,85.383385,125.0
193,240,4,103.486275,125.0
193,241,4,85.50843,125.0
193,242,5,100.41793,125.0
193,243,1,88.15072,124.0
193,244,2,91.430275,123.0
193,245,1,91.472176,122.0
193,246,5,74.87366,121.0
193,247,3,89.08122,120.0
193,248,5,82.78973,119.0
193,249,3,88.25186,118.0
193,250,4,66.91044,117.0
193,251,1,72.68832,116.0
193,252,2,82.925545,115.0
193,253,5,71.19993,114.0
193,254,3,87.909904,113.0
193,255,3,94.3583,112.0
193,256,2,91.87857,111.0
193,257,5,88.04508,110.0
193,258,4,88.86874,109.0
193,259,5,91.25199,108.0
193,260,4,84.10346,107.0
193,261,3,98.7132,106.0
193,262,2,96.39875,105.0
193,263,1,98.43824,104.0
194,36,5,121.36656,125.0
194,37,5,116.84468,125.0
194,38,3,117.65655,125.0
194,39,4,127.989395,125.0
194,40,2,118.41833,125.0
194,41,5,127.59789,125.0
194,42,0,118.38566,125.0
194,43,4,126.49067,125.0
194,44,5,122.29994,125.0
194,45,5,124.10174,125.0
194,46,2,119.70979,125.0
194,47,3,127.83178,125.0
194,48,0,122.43222,125.0
194,49,1,131.28998,125.0
194,50,5,128.36285,125.0
194,51,4,131.2849,125.0
194,52,5,120.342514,125.0
194,53,1,122.209404,125.0
194,54,3,119.09485,125.0
194,55,3,123.56105,125.0
194,56,4,135.19556,125.0
194,57,5,130.66983,125.0
194,58,0,126.840576,125.0
194,59,3,121.61312,125.0
194,60,5,121.95206,125.0
194,61,2,127.890045,125.0
194,62,2,127.09386,125.0
194,63,2,125.29191,125.0
194,64,3,129.77588,125.0
194,65,4,128.72365,125.0
194,66,5,133.06815,125.0
194,67,5,127.28763,125.0
194,68,1,126.32056,125.0
194,69,1,126.22204,125.0
194,70,0,122.837166,125.0
194,71,5,126.10583,125.0
194,72,4,122.64565,125.0
194,73,0,127.869545,125.0
194,74,4,128.24706,125.0
194,75,0,126.36061,125.0
194,76,1,122.67681,125.0
194,77,1,117.131065,125.0
194,78,5,112.89129,125.0
194,79,5,114.89331,125.0
194,80,3,121.26231,125.0
194,81,5,111.227425,125.0
194,82,4,117.9251,125.0
194,83,2,115.8693,125.0
194,84,1,110.82817,125.0
194,85,3,115.357124,125.0
194,86,5,118.87458,125.0
194,87,2,126.20306,125.0
194,88,3,125.907295,125.0
194,89,4,122.03933,125.0
194,90,5,124.75816,125.0
194,91,0,125.74821,125.0
194,92,3,127.22362,125.0
194,93,5,122.95339,125.0
194,94,3,127.29282,125.0
194,95,4,122.815834,125.0
194,96,1,118.18047,125.0
194,97,2,124.82575,125.0
194,98,4,128.07745,125.0
194,99,5,122.11137,125.0
194,100,5,122.45997,125.0
194,101,2,124.43095,125.0
194,102,3,122.58692,125.0
194,103,1,122.78364,125.0
194,104,2,120.456825,125.0
194,105,3,122.838715,124.0
194,106,4,122.90188,123.0
194,107,1,119.260124,122.0
194,108,5,122.86679,121.0
194,109,5,125.732414,120.0
194,110,5,116.09861,119.0
194,111,0,125.64735,118.0
194,112,2,122.42174,117.0
194,113,1,126.31774,116.0
194,114,3,128.10602,115.0
194,115,4,120.66288,114.0
194,116,3,129.40347,113.0
194,117,3,125.40224,112.0
194,118,2,124.195755,111.0
194,119,4,118.87671,110.0
194,120,0,115.70049,109.0
194,121,2,105.96249,108.0
194,122,2,100.355034,107.0
194,123,5,95.98224,106.0
194,124,5,93.42097,105.0
194,125,5,100.91192,104.0
194,126,1,97.34406,103.0
194,127,2,107.02579,102.0
194,128,3,118.83503,101.0
194,129,5,116.87006,100.0
194,130,3,123.46804,99.0
194,131,5,120.14606,98.0
194,132,5,122.4822,97.0
194,133,5,121.67687,96.0
194,134,2,124.44069,95.0
194,135,3,128.08731,94.0
194,136,5,123.994026,93.0
194,137,2,127.365364,92.0
194,138,1,112.45042,91.0
194,139,0,101.89861,90.0
194,140,3,96.03437,89.0
194,141,2,104.684685,88.0
194,142,4,91.51073,87.0
194,143,2,85.56313,86.0
194,144,5,97.31924,85.0
194,145,1,85.1722,84.0
194,146,2,64.36622,83.0
194,147,2,69.10905,82.0
194,148,1,64.28292,81.0
194,149,0,77.62637,80.0
194,150,0,74.827835,79.0
194,151,4,78.78683,78.0
194,152,0,83.24003,77.0
194,153,5,94.26034,76.0
194,154,5,91.705086,75.0
194,155,4,72.46244,74.0
194,156,5,70.69677,73.0
194,157,2,97.95635,72.0
194,158,3,98.216774,71.0
194,159,1,89.42907,70.0
194,160,2,90.21717,69.0
194,161,1,96.0673,68.0
194,162,3,69.91256,67.0
194,163,1,68.21526,66.0
194,164,1,41.728065,65.0
194,165,1,33.845757,64.0
194,166,1,38.822388,63.0
194,167,3,41.42145,62.0
194,168,0,45.999947,61.0
194,169,0,50.93013,60.0
194,170,1,59.173317,59.0
194,171,0,57.07837,58.0
194,172,3,48.793537,57.0
194,173,0,63.00078,56.0
194,174,3,56.024796,55.0
194,175,5,52.629494,54.0
194,176,5,54.931103,53.0
194,177,4,45.974945,52.0
194,178,5,47.828236,51.0
194,179,5,53.354725,50.0
194,180,3,44.159046,49.0
194,181,2,43.776855,48.0
194,182,3,40.01819,47.0
194,183,0,40.477455,46.0
194,184,4,32.234924,45.0
194,185,5,32.447445,44.0
194,186,4,23.718443,43.0
194,187,0,30.493547,42.0
194,188,2,31.319939,41.0
194,189,0,26.916319,40.0
194,190,1,31.384352,39.0
194,191,0,26.232824,38.0
194,192,2,24.921194,37.0
194,193,5,26.247637,36.0
194,194,1,24.104147,35.0
194,195,0,25.515905,34.0
194,196,1,27.654985,33.0
194,197,4,23.049784,32.0
194,198,5,16.005697,31.0
194,199,1,16.079401,30.0
194,200,3,14.970965,29.0
194,201,5,13.144725,28.0
194,202,2,15.957179,27.0
194,203,3,12.232391,26.0
194,204,3,10.572165,25.0
194,205,2,10.309016,24.0
194,206,1,11.9914665,23.0
194,207,5,10.376677,22.0
194,208,0,10.706923,21.0
194,209,4,12.819657,20.0
194,210,0,12.06842,19.0
194,211,5,12.517593,18.0
194,212,5,13.050297,17.0
194,213,2,11.975303,16.0
194,214,3,13.095831,15.0
195,36,5,123.60143,125.0
195,37,0,120.7349,125.0
195,38,1,114.775566,125.0
195,39,0,119.586716,125.0
195,40,0,120.760414,125.0
195,41,2,120.0304,125.0
195,42,2,125.2878,125.0
195,43,2,121.22976,125.0
195,44,2,121.44697,125.0
195,45,2,122.98655,125.0
195,46,1,122.301,125.0
195,47,2,123.329994,125.0
195,48,5,123.27015,125.0
195,49,3,113.9809,125.0
195,50,0,115.29034,125.0
195,51,4,113.952095,125.0
195,52,5,116.43284,125.0
195,53,3,119.55099,125.0
195,54,5,111.75138,125.0
195,55,5,123.20649,125.0
195,56,3,128.21057,125.0
195,57,1,129.24232,125.0
195,58,5,120.20948,125.0
195,59,2,114.3926,125.0
195,60,3,124.56261,125.0
195,61,0,117.465996,125.0
195,62,5,122.31686,125.0
195,63,1,130.24768,125.0
195,64,4,124.64869,125.0
195,65,1,119.1558,125.0
195,66,5,113.54231,125.0
195,67,0,118.01522,125.0
195,68,1,129.26588,125.0
195,69,1,121.40379,125.0
195,70,5,111.03268,125.0
195,71,4,120.10601,125.0
195,72,5,106.96957,125.0
195,73,0,101.846466,125.0
195,74,3,99.00602,125.0
195,75,4,90.13758,125.0
195,76,3,93.589134,125.0
195,77,5,92.221504,125.0
195,78,5,106.254135,125.0
195,79,5,120.57727,125.0
195,80,4,111.08497,125.0
195,81,3,119.47755,125.0
195,82,0,119.50544,125.0
195,83,2,119.60903,125.0
195,84,3,125.30675,125.0
195,85,5,123.625435,125.0
195,86,1,126.39134,125.0
195,87,0,113.34457,125.0
195,88,5,116.13472,125.0
195,89,3,114.02383,125.0
195,90,1,119.580795,125.0
195,91,4,115.27354,125.0
195,92,2,130.00371,125.0
195,93,3,114.33004,125.0
195,94,4,119.00613,125.0
195,95,2,115.12359,125.0
195,96,5,117.67515,125.0
195,97,4,108.77664,125.0
195,98,4,113.62084,125.0
195,99,5,125.41948,125.0
195,100,0,123.02393,125.0
195,101,0,118.77306,125.0
195,102,5,123.97065,125.0
195,103,5,116.37777,125.0
195,104,0,120.39524,125.0
195,105,4,125.40979,125.0
195,106,3,125.50631,125.0
195,107,2,116.13954,125.0
195,108,0,124.453026,125.0
195,109,4,122.23286,125.0
195,110,2,123.497696,125.0
195,111,5,115.77801,125.0
195,112,4,116.749886,125.0
195,113,1,114.30845,125.0
195,114,4,114.6127,125.0
195,115,3,113.183754,125.0
195,116,1,114.78069,125.0
195,117,1,113.83634,125.0
195,118,4,102.09548,125.0
195,119,0,108.490746,125.0
195,120,3,116.226036,125.0
195,121,0,124.82975,125.0
195,122,2,129.46632,125.0
195,123,4,122.82209,125.0
195,124,2,124.16162,125.0
195,125,0,125.23336,125.0
195,126,5,124.39795,125.0
195,127,1,118.994606,125.0
195,128,4,122.540184,125.0
195,129,5,125.26064,125.0
195,130,5,126.50092,125.0
195,131,5,122.89698,125.0
195,132,0,127.186775,125.0
195,133,3,127.12164,125.0
195,134,5,132.88185,125.0
195,135,0,135.4689,125.0
195,136,3,123.50009,125.0
195,137,5,126.52033,125.0
195,138,2,121.32779,125.0
195,139,0,111.32972,125.0
195,140,1,122.95808,125.0
195,141,5,123.945656,125.0
195,142,2,119.19996,125.0
195,143,4,128.42723,125.0
195,144,5,112.32585,125.0
195,145,4,126.48228,125.0
195,146,2,115.259544,125.0
195,147,3,116.73733,125.0
195,148,4,117.91847,125.0
195,149,4,123.392456,125.0
195,150,2,114.00164,125.0
195,151,0,124.881996,125.0
195,152,5,130.43692,125.0
195,153,2,129.35535,125.0
195,154,2,116.09728,125.0
195,155,5,118.973564,125.0
195,156,3,126.93769,125.0
195,157,5,120.47091,125.0
195,158,0,123.17263,125.0
195,159,2,125.13764,125.0
195,160,1,125.88132,125.0
195,161,4,125.02824,125.0
195,162,4,124.35005,125.0
195,163,2,121.78898,125.0
195,164,1,123.074974,125.0
195,165,4,120.938416,125.0
195,166,4,119.558266,125.0
195,167,3,128.25568,125.0
195,168,0,131.02768,125.0
195,169,1,118.62429,125.0
195,170,1,118.81945,125.0
195,171,4,124.357155,125.0
195,172,2,116.71913,125.0
195,173,5,122.4902,125.0
195,174,4,114.96098,125.0
195,175,3,109.55827,125.0
195,176,1,91.21873,125.0
195,177,3,98.716606,125.0
195,178,0,111.2822,125.0
195,179,5,113.228035,125.0
195,180,0,115.01439,125.0
195,181,1,112.52563,125.0
195,182,2,125.00786,125.0
195,183,2,120.585014,125.0
195,184,5,119.09402,125.0
195,185,4,110.50454,125.0
195,186,4,100.2387,125.0
196,36,2,128.41196,123.0
196,37,0,125.43731,122.0
196,38,1,126.05657,121.0
196,39,1,121.20945,120.0
196,40,4,126.06869,119.0
196,41,2,123.95324,118.0
196,42,4,123.16544,117.0
196,43,0,111.8267,116.0
196,44,5,122.54898,115.0
196,45,5,127.00422,114.0
196,46,4,127.60737,113.0
196,47,0,132.30014,112.0
196,48,2,123.68249,111.0
196,49,5,121.25521,110.0
196,50,5,128.59016,109.0
196,51,4,116.82893,108.0
196,52,1,120.26383,107.0
196,53,5,126.635185,106.0
196,54,5,123.320854,105.0
196,55,0,119.80969,104.0
196,56,0,109.557686,103.0
196,57,4,120.65351,102.0
196,58,0,119.49059,101.0
196,59,0,120.14023,100.0
196,60,2,121.303055,99.0
196,61,0,117.41604,98.0
196,62,5,115.63444,97.0
196,63,1,109.42686,96.0
196,64,0,112.69184,95.0
196,65,3,111.66993,94.0
196,66,2,99.101395,93.0
196,67,5,96.847115,92.0
196,68,4,110.75272,91.0
196,69,2,104.37704,90.0
196,70,5,106.505394,89.0
197,36,5,108.0275,125.0
197,37,5,107.195274,125.0
197,38,1,108.35352,125.0
197,39,2,109.32862,125.0
197,40,3,118.60937,125.0
197,41,5,116.96359,125.0
197,42,3,118.41553,125.0
197,43,4,111.68134,125.0
197,44,3,117.40118,125.0
197,45,3,113.082634,125.0
197,46,3,103.93345,125.0
197,47,2,113.417534,125.0
197,48,0,112.107735,125.0
197,49,4,105.29017,125.0
197,50,2,103.91719,125.0
197,51,2,100.288155,125.0
197,52,1,102.80854,125.0
197,53,2,109.72092,125.0
197,54,5,103.33378,125.0
197,55,3,113.552765,125.0
197,56,3,112.38562,125.0
197,57,2,104.46229,125.0
197,58,3,108.10926,125.0
197,59,3,121.94073,125.0
197,60,0,119.10483,125.0
197,61,3,126.48786,125.0
197,62,4,133.81323,125.0
197,63,4,134.30695,125.0
197,64,5,136.3585,125.0
197,65,0,134.34799,125.0
197,66,1,133.11728,125.0
197,67,4,133.8662,125.0
197,68,2,132.60057,125.0
197,69,0,126.58391,125.0
197,70,5,127.14655,125.0
197,71,4,125.40773,125.0
197,72,3,129.32858,125.0
197,73,5,126.16975,125.0
197,74,4,132.00159,125.0
197,75,3,133.969,125.0
197,76,5,127.268776,125.0
197,77,0,125.02997,125.0
197,78,0,118.914375,125.0
197,79,5,116.25541,125.0
197,80,2,123.772545,125.0
197,81,0,112.25828,125.0
197,82,5,117.04478,125.0
197,83,5,117.471535,125.0
197,84,0,109.51177,125.0
197,85,4,116.73675,125.0
197,86,3,122.179344,125.0
197,87,0,125.393364,125.0
197,88,3,123.60613,125.0
197,89,3,123.768845,125.0
197,90,2,116.66922,125.0
197,91,2,116.8434,125.0
197,92,5,118.80201,125.0
197,93,3,116.908195,125.0
197,94,2,111.017265,125.0
197,95,5,112.91628,125.0
197,96,1,105.9697,125.0
197,97,1,105.23068,125.0
197,98,4,109.14837,125.0
197,99,5,114.76446,125.0
197,100,3,110.750374,125.0
197,101,5,97.24207,125.0
197,102,1,97.08239,125.0
197,103,1,82.90628,125.0
197,104,4,71.77528,125.0
197,105,4,76.53986,125.0
197,106,5,88.7396,125.0
197,107,5,91.98827,125.0
197,108,2,90.13369,124.0
197,109,2,80.13762,123.0
197,110,0,85.533226,122.0
197,111,4,78.89274,121.0
197,112,5,81.04998,120.0
197,113,5,81.80267,119.0
197,114,4,89.007286,118.0
197,115,0,98.69353,117.0
197,116,0,110.83169,116.0
197,117,5,113.20467,115.0
197,118,0,112.484276,114.0
197,119,1,119.71516,113.0
197,120,3,113.90499,112.0
197,121,2,101.770874,111.0
197,122,5,106.509796,110.0
197,123,0,101.792915,109.0
197,124,1,91.57314,108.0
197,125,5,86.28836,107.0
197,126,0,103.60298,106.0
197,127,5,91.711716,105.0
197,128,3,91.493935,104.0
197,129,5,80.03509,103.0
197,130,3,84.97372,102.0
197,131,4,112.76292,101.0
197,132,2,95.92731,100.0
197,133,3,105.16212,99.0
197,134,1,111.40268,98.0
197,135,2,116.13094,97.0
197,136,4,107.551796,96.0
197,137,2,101.875465,95.0
197,138,3,97.37945,94.0
197,139,0,96.42657,93.0
197,140,4,99.7167,92.0
197,141,0,104.090836,91.0
197,142,0,105.9616,90.0
197,143,3,102.945305,89.0
197,144,4,89.00806,88.0
197,145,1,96.46845,87.0
197,146,2,87.92135,86.0
197,147,1,95.16899,85.0
197,148,1,83.24977,84.0
197,149,0,91.34902,83.0
197,150,3,98.70574,82.0
197,151,5,106.067924,81.0
197,152,3,110.875435,80.0
197,153,5,109.850204,79.0
197,154,4,115.25514,78.0
197,155,5,108.241135,77.0
197,156,5,87.78976,76.0
197,157,5,93.69103,75.0
197,158,4,79.250175,74.0
197,159,5,75.19352,73.0
197,160,1,88.177864,72.0
197,161,1,77.13324,71.0
197,162,5,86.55674,70.0
197,163,3,75.288734,69.0
197,164,5,79.61456,68.0
197,165,1,75.84616,67.0
197,166,1,70.97476,66.0
197,167,1,48.85502,65.0
197,168,0,55.335945,64.0
197,169,2,42.481377,63.0
197,170,0,62.294735,62.0
197,171,4,62.80023,61.0
197,172,2,63.740253,60.0
197,173,2,53.443348,59.0
197,174,1,61.32542,58.0
197,175,0,63.377163,57.0
197,176,1,71.07442,56.0
197,177,2,58.025803,55.0
197,178,5,50.197712,54.0
197,179,5,49.76095,53.0
197,180,0,50.26004,52.0
197,181,3,38.914143,51.0
197,182,4,41.004807,50.0
197,183,5,32.21505,49.0
197,184,1,34.11406,48.0
197,185,0,42.439674,47.0
197,186,5,53.49166,46.0
197,187,2,39.863976,45.0
197,188,4,35.47149,44.0
197,189,2,23.241808,43.0
197,190,2,26.589401,42.0
197,191,5,35.737892,41.0
197,192,4,30.767395,40.0
197,193,3,38.08647,39.0
197,194,1,14.126902,38.0
197,195,0,24.52445,37.0
197,196,5,22.12293,36.0
198,36,1,119.31634,90.0
198,37,3,117.271095,89.0
198,38,1,120.64797,88.0
198,39,4,110.19274,87.0
198,40,4,113.23391,86.0
198,41,3,117.7498,85.0
198,42,5,121.07322,84.0
198,43,5,115.62091,83.0
198,44,3,117.17094,82.0
198,45,5,124.29746,81.0
198,46,4,123.24821,80.0
198,47,5,119.383965,79.0
198,48,4,118.12236,78.0
198,49,3,126.04566,77.0
198,50,3,110.33665,76.0
198,51,2,114.76275,75.0
198,52,5,116.248955,74.0
198,53,4,124.51742,73.0
198,54,4,120.72399,72.0
198,55,5,115.2016,71.0
198,56,4,119.73998,70.0
198,57,5,116.66974,69.0
198,58,4,109.31982,68.0
198,59,3,116.59682,67.0
198,60,1,119.67069,66.0
198,61,4,123.01019,65.0
198,62,5,120.01124,64.0
198,63,0,116.67191,63.0
198,64,0,116.53423,62.0
198,65,2,120.30793,61.0
198,66,0,115.29438,60.0
198,67,2,115.32271,59.0
198,68,1,117.6654,58.0
198,69,4,119.71661,57.0
198,70,1,123.29916,56.0
198,71,3,109.69186,55.0
198,72,0,98.27236,54.0
198,73,3,89.505455,53.0
198,74,5,92.70473,52.0
198,75,5,88.87466,51.0
198,76,3,85.3075,50.0
198,77,4,85.089615,49.0
198,78,3,85.634605,48.0
198,79,5,76.33312,47.0
198,80,5,86.69299,46.0
198,81,3,75.3796,45.0
198,82,3,87.09901,44.0
198,83,0,84.9548,43.0
198,84,1,79.720634,42.0
198,85,2,87.08231,41.0
198,86,0,88.97799,40.0
198,87,5,85.484146,39.0
198,88,0,84.47358,38.0
198,89,3,90.610405,37.0
198,90,2,96.40827,36.0
198,91,2,90.68093,35.0
198,92,0,89.69268,34.0
198,93,2,94.68887,33.0
198,94,0,88.23594,32.0
198,95,1,96.95081,31.0
198,96,3,88.05802,30.0
198,97,1,82.693184,29.0
198,98,5,71.45144,28.0
198,99,2,63.43388,27.0
198,100,4,46.210426,26.0
198,101,1,59.049667,25.0
198,102,3,40.17832,24.0
198,103,5,42.98505,23.0
198,104,1,32.648746,22.0
198,105,1,56.450302,21.0
198,106,3,54.427315,20.0
198,107,5,43.09155,19.0
198,108,1,22.994822,18.0
198,109,0,15.869204,17.0
198,110,5,17.617014,16.0
198,111,3,15.322882,15.0
198,112,3,14.991814,14.0
198,113,3,8.94915,13.0
198,114,1,10.231345,12.0
198,115,3,9.590172,11.0
199,36,5,120.18279,125.0
199,37,1,118.81808,125.0
199,38,5,113.71215,125.0
199,39,5,123.66253,125.0
199,40,1,116.37194,125.0
199,41,1,112.790504,125.0
199,42,5,113.93818,125.0
199,43,2,116.264915,125.0
199,44,1,106.427055,125.0
199,45,2,112.71639,125.0
199,46,5,116.83558,125.0
199,47,3,123.61213,125.0
199,48,5,125.181145,125.0
199,49,3,117.81635,125.0
199,50,0,119.68577,125.0
199,51,4,126.218155,125.0
199,52,4,124.099266,125.0
199,53,1,121.549095,125.0
199,54,0,123.96917,125.0
199,55,4,124.12568,125.0
199,56,1,127.39112,125.0
199,57,2,121.58655,125.0
199,58,5,119.47994,125.0
199,59,3,117.403946,125.0
199,60,4,115.98501,125.0
199,61,3,120.5327,125.0
199,62,2,122.04461,125.0
199,63,2,117.38696,125.0
199,64,3,114.37856,125.0
199,65,2,104.63329,125.0
199,66,4,109.61315,125.0
199,67,5,113.834656,125.0
199,68,5,114.877815,125.0
199,69,1,121.98018,125.0
199,70,0,123.09162,125.0
199,71,1,117.95113,125.0
199,72,5,119.270386,125.0
199,73,0,117.887825,125.0
199,74,1,116.823006,125.0
199,75,1,117.39579,125.0
199,76,4,104.57601,125.0
199,77,5,105.679985,125.0
199,78,3,117.06196,125.0
199,79,5,85.037926,125.0
199,80,0,100.858116,125.0
199,81,5,91.32197,125.0
199,82,5,109.90165,125.0
199,83,2,114.667496,125.0
199,84,0,94.20561,125.0
199,85,3,98.706566,125.0
199,86,1,115.793816,125.0
199,87,1,107.81168,125.0
199,88,2,114.632195,125.0
199,89,2,114.09319,125.0
199,90,4,105.1125,125.0
199,91,2,107.283264,125.0
199,92,4,111.461235,125.0
199,93,5,119.92008,125.0
199,94,3,130.66995,125.0
199,95,1,117.872475,125.0
199,96,3,110.56359,125.0
199,97,4,123.48775,125.0
199,98,1,119.949875,125.0
199,99,5,113.56699,125.0
199,100,5,119.22605,125.0
199,101,1,116.11019,125.0
199,102,5,114.74043,125.0
199,103,3,113.73508,125.0
199,104,4,103.661446,125.0
199,105,2,114.542694,125.0
199,106,5,118.060875,125.0
199,107,3,117.162575,125.0
199,108,1,119.92921,125.0
199,109,1,125.51841,125.0
199,110,5,124.304146,125.0
199,111,4,118.991585,125.0
199,112,1,120.549934,125.0
199,113,5,122.57012,125.0
199,114,4,123.93778,125.0
199,115,3,124.67866,125.0
199,116,2,124.4084,125.0
199,117,4,124.474464,125.0
199,118,5,124.911156,125.0
199,119,5,121.063324,125.0
199,120,0,125.98139,125.0
199,121,0,125.627235,125.0
199,122,0,124.55359,125.0
199,123,5,124.43598,125.0
199,124,0,123.21682,125.0
199,125,5,125.41228,125.0
199,126,2,121.05397,125.0
199,127,2,116.535324,125.0
199,128,3,121.01615,125.0
199,129,3,112.0417,125.0
199,130,0,106.722404,125.0
199,131,5,110.28467,125.0
199,132,5,101.53338,125.0
199,133,5,105.12296,125.0
199,134,1,123.327415,125.0
199,135,1,122.132225,125.0
199,136,5,117.673096,125.0
199,137,3,126.267555,125.0
199,138,3,123.090164,125.0
199,139,3,121.96099,125.0
199,140,4,108.17858,125.0
199,141,5,112.07403,125.0
199,142,4,118.560234,125.0
199,143,3,120.68215,125.0
199,144,4,119.93093,125.0
199,145,5,127.17089,124.0
199,146,5,127.10813,123.0
199,147,5,116.741295,122.0
199,148,5,120.29445,121.0
199,149,5,121.42397,120.0
199,150,0,118.3551,119.0
199,151,1,119.908226,118.0
199,152,1,116.70275,117.0
199,153,2,114.841484,116.0
199,154,4,116.12084,115.0
199,155,5,114.06859,114.0
199,156,2,119.815414,113.0
199,157,5,112.61705,112.0
199,158,1,120.477455,111.0
199,159,4,121.05401,110.0
199,160,4,111.03178,109.0
199,161,0,112.44402,108.0
199,162,1,109.60337,107.0
199,163,1,109.3086,106.0
199,164,0,122.36436,105.0
199,165,1,104.459496,104.0
199,166,1,104.17334,103.0
199,167,2,100.53245,102.0
199,168,5,107.27152,101.0
199,169,0,117.944626,100.0
199,170,0,114.85395,99.0
199,171,4,106.4282,98.0
199,172,3,113.53048,97.0
199,173,4,111.69527,96.0
199,174,0,96.9515,95.0
199,175,1,94.62587,94.0
199,176,5,97.1466,93.0
199,177,1,92.808525,92.0
200,36,3,121.45721,125.0
200,37,2,122.76889,125.0
200,38,1,124.316414,125.0
200,39,5,122.117455,125.0
200,40,2,113.46433,125.0
200,41,0,120.3795,125.0
200,42,1,126.61848,125.0
200,43,5,129.21014,125.0
200,44,4,125.105934,125.0
200,45,2,119.52737,125.0
200,46,4,117.86061,125.0
200,47,3,119.44785,125.0
200,48,0,115.729195,125.0
200,49,3,119.488495,125.0
200,50,3,113.163376,125.0
200,51,3,119.57507,125.0
200,52,5,115.6855,125.0
200,53,3,121.09646,125.0
200,54,1,123.396416,125.0
200,55,2,127.56564,125.0
200,56,5,122.78524,125.0
200,57,5,126.97346,125.0
200,58,3,109.82082,125.0
200,59,5,122.96397,125.0
200,60,5,116.16477,125.0
200,61,5,112.05833,125.0
200,62,0,98.50318,125.0
200,63,1,114.428925,125.0
200,64,1,121.92759,125.0
200,65,0,116.53602,125.0
200,66,2,120.78791,125.0
200,67,3,124.4537,125.0
200,68,0,122.95151,125.0
200,69,3,121.39874,125.0
200,70,5,113.31617,125.0
200,71,5,120.26362,125.0
200,72,1,125.55611,125.0
200,73,1,123.40484,125.0
200,74,5,120.409256,125.0
200,75,2,124.70212,125.0
200,76,0,121.76664,125.0
200,77,3,119.39678,125.0
200,78,4,119.20654,125.0
200,79,0,112.60676,125.0
200,80,4,102.56024,125.0
200,81,3,121.30326,125.0
200,82,4,109.77377,125.0
200,83,3,112.05192,125.0
200,84,5,114.28858,125.0
200,85,3,112.4566,125.0
200,86,5,121.44288,125.0
200,87,0,99.819466,124.0
200,88,5,103.33332,123.0
200,89,2,104.18929,122.0
200,90,0,104.9515,121.0
200,91,2,106.38847,120.0
200,92,5,111.8399,119.0
200,93,4,112.68907,118.0
200,94,4,113.213524,117.0
200,95,3,107.16105,116.0
200,96,0,104.8034,115.0
200,97,3,112.724785,114.0
200,98,3,118.429375,113.0
200,99,0,116.43471,112.0
200,100,1,126.14373,111.0
200,101,2,128.09442,110.0
200,102,0,131.18994,109.0
200,103,3,125.98711,108.0
200,104,2,120.29499,107.0
200,105,3,110.73698,106.0
200,106,4,109.78631,105.0
200,107,2,105.73442,104.0
200,108,3,113.78012,103.0
200,109,5,97.76595,102.0
200,110,5,101.84283,101.0
200,111,4,99.36314,100.0
200,112,2,99.31995,99.0
200,113,4,87.33381,98.0
200,114,0,99.443825,97.0
200,115,2,99.30349,96.0
201,36,1,121.16004,125.0
201,37,5,123.8751,125.0
201,38,5,125.60751,125.0
201,39,2,122.94807,125.0
201,40,3,122.711136,125.0
201,41,1,126.16382,125.0
201,42,2,124.07553,125.0
201,43,1,122.39475,125.0
201,44,3,116.69461,125.0
201,45,1,113.55355,125.0
201,46,2,120.156456,125.0
201,47,5,118.06675,125.0
201,48,2,109.13035,125.0
201,49,1,102.96209,125.0
201,50,5,100.04839,125.0
201,51,3,110.56371,125.0
201,52,1,110.146225,125.0
201,53,2,99.087944,125.0
201,54,2,111.55094,125.0
201,55,4,124.11001,125.0
201,56,5,124.479866,125.0
201,57,5,120.57637,125.0
201,58,4,129.08504,125.0
201,59,3,117.963234,125.0
201,60,4,122.020546,125.0
201,61,3,123.35299,125.0
201,62,2,122.300865,125.0
201,63,5,122.53386,125.0
201,64,5,114.3726,125.0
201,65,1,125.40601,125.0
201,66,5,110.96346,125.0
201,67,2,123.02056,125.0
201,68,0,124.33526,125.0
201,69,2,121.19363,125.0
201,70,2,124.57826,125.0
201,71,3,119.123985,125.0
201,72,3,126.966995,125.0
201,73,4,126.92043,125.0
201,74,0,126.13247,124.0
201,75,4,124.42346,123.0
201,76,2,121.60734,122.0
201,77,4,127.45828,121.0
201,78,4,124.12037,120.0
201,79,2,117.02172,119.0
201,80,3,109.13889,118.0
201,81,4,111.6143,117.0
201,82,0,106.20213,116.0
201,83,5,111.23304,115.0
201,84,4,115.530525,114.0
201,85,1,111.62921,113.0
201,86,4,105.10203,112.0
201,87,5,108.49953,111.0
201,88,1,95.74785,110.0
201,89,4,101.21486,109.0
201,90,4,88.38762,108.0
201,91,5,100.096565,107.0
201,92,2,99.86099,106.0
201,93,4,102.56176,105.0
201,94,1,81.27815,104.0
201,95,4,72.04395,103.0
201,96,1,66.51743,102.0
201,97,2,74.023415,101.0
201,98,5,80.70976,100.0
201,99,5,84.69333,99.0
201,100,2,69.98213,98.0
201,101,0,83.70014,97.0
201,102,5,92.5801,96.0
201,103,5,92.67017,95.0
201,104,3,101.92252,94.0
201,105,5,105.506516,93.0
201,106,4,104.452705,92.0
201,107,2,105.28067,91.0
201,108,2,89.10005,90.0
201,109,0,95.19058,89.0
201,110,0,101.67454,88.0
201,111,0,110.3833,87.0
201,112,3,108.33488,86.0
201,113,5,113.47906,85.0
201,114,4,116.96841,84.0
201,115,3,114.6002,83.0
201,116,3,119.39338,82.0
201,117,0,107.741615,81.0
201,118,4,112.49386,80.0
201,119,3,105.066505,79.0
201,120,3,104.0234,78.0
201,121,1,108.635765,77.0
201,122,1,86.155365,76.0
201,123,5,70.96987,75.0
201,124,2,104.75168,74.0
201,125,5,92.80375,73.0
201,126,5,108.23696,72.0
201,127,3,104.30872,71.0
201,128,5,98.39018,70.0
201,129,1,85.18358,69.0
201,130,2,75.05889,68.0
201,131,0,69.26978,67.0
201,132,0,57.357475,66.0
201,133,1,53.361095,65.0
201,134,0,57.109917,64.0
201,135,5,49.89746,63.0
201,136,4,57.44026,62.0
201,137,4,55.265236,61.0
201,138,5,52.004906,60.0
201,139,5,53.496174,59.0
202,36,0,114.282875,125.0
202,37,5,120.69204,125.0
202,38,1,114.33644,125.0
202,39,1,107.05271,125.0
202,40,4,119.112946,125.0
202,41,0,115.45869,125.0
202,42,3,118.4584,125.0
202,43,2,112.04651,125.0
202,44,3,114.69326,125.0
202,45,3,115.458,125.0
202,46,5,116.47053,125.0
202,47,1,113.24752,125.0
202,48,5,121.5823,125.0
202,49,1,121.40766,125.0
202,50,5,121.836655,125.0
202,51,0,124.21685,125.0
202,52,5,129.6856,125.0
202,53,3,125.55522,125.0
202,54,2,130.29822,125.0
202,55,2,129.37064,125.0
202,56,4,126.16531,125.0
202,57,0,124.258415,125.0
202,58,0,121.91144,125.0
202,59,3,126.45254,125.0
202,60,3,124.95482,125.0
202,61,1,129.74603,125.0
202,62,2,121.31174,125.0
202,63,5,126.40531,125.0
202,64,1,118.30787,125.0
202,65,4,120.63738,125.0
202,66,3,122.434204,125.0
202,67,0,114.55212,125.0
202,68,5,112.730385,125.0
202,69,4,110.001465,125.0
202,70,5,117.23619,125.0
202,71,0,120.95774,125.0
202,72,4,123.28275,125.0
202,73,4,123.47552,125.0
202,74,1,128.44072,125.0
202,75,2,117.96227,125.0
202,76,2,110.0583,125.0
202,77,3,113.392006,125.0
202,78,5,123.27326,125.0
202,79,5,125.46684,125.0
202,80,3,119.939964,125.0
202,81,2,120.75503,125.0
202,82,3,114.21424,125.0
202,83,4,114.40206,125.0
202,84,1,119.897835,125.0
202,85,5,118.46873,125.0
202,86,2,108.23844,125.0
202,87,2,104.65577,125.0
202,88,0,101.3314,125.0
202,89,4,105.08544,125.0
202,90,1,98.162544,125.0
202,91,4,89.57616,125.0
202,92,5,85.46323,125.0
202,93,5,92.81485,125.0
202,94,4,94.66609,125.0
202,95,5,101.6298,125.0
202,96,5,104.67272,125.0
202,97,3,99.26601,125.0
202,98,5,98.8186,125.0
202,99,0,113.17385,125.0
202,100,0,114.214195,125.0
202,101,5,111.6849,125.0
202,102,1,120.31132,125.0
202,103,4,103.13021,125.0
202,104,1,91.097664,125.0
202,105,2,101.49124,125.0
202,106,3,92.15717,125.0
202,107,5,82.47616,125.0
202,108,2,86.48885,125.0
202,109,5,90.6608,125.0
202,110,5,98.73934,125.0
202,111,2,92.52114,124.0
202,112,0,86.37933,123.0
202,113,0,102.71836,122.0
202,114,0,93.903496,121.0
202,115,3,100.28367,120.0
202,116,3,102.32564,119.0
202,117,0,103.94884,118.0
202,118,1,108.39256,117.0
202,119,1,105.238396,116.0
202,120,5,96.38227,115.0
202,121,0,96.378395,114.0
202,122,5,103.60244,113.0
202,123,5,82.24831,112.0
202,124,2,73.76887,111.0
202,125,1,78.01064,110.0
202,126,0,71.98725,109.0
202,127,2,73.49197,108.0
202,128,3,87.396996,107.0
202,129,5,101.93098,106.0
202,130,0,103.546555,105.0
202,131,0,101.498955,104.0
202,132,2,104.68043,103.0
202,133,0,113.352486,102.0
202,134,1,112.62856,101.0
202,135,4,107.77784,100.0
202,136,3,111.86491,99.0
202,137,5,113.51549,98.0
202,138,3,109.65295,97.0
202,139,4,129.04129,96.0
202,140,5,105.53591,95.0
202,141,5,118.29034,94.0
202,142,5,110.25622,93.0
202,143,5,113.227936,92.0
202,144,1,115.50185,91.0
202,145,0,103.534584,90.0
202,146,2,74.68197,89.0
202,147,3,74.36507,88.0
202,148,1,74.48992,87.0
202,149,2,55.667625,86.0
202,150,5,52.87905,85.0
202,151,2,50.12475,84.0
202,152,5,56.96822,83.0
202,153,5,54.929993,82.0
202,154,3,50.687202,81.0
202,155,3,65.50751,80.0
202,156,4,60.19484,79.0
202,157,4,64.25819,78.0
202,158,5,62.691498,77.0
202,159,4,67.269226,76.0
202,160,0,65.28426,75.0
202,161,0,60.514328,74.0
202,162,2,51.793274,73.0
202,163,0,61.321766,72.0
202,164,0,50.610794,71.0
202,165,5,48.55321,70.0
202,166,0,49.084595,69.0
202,167,2,46.600952,68.0
202,168,4,50.957314,67.0
202,169,0,53.899673,66.0
202,170,5,49.365288,65.0
202,171,3,49.52176,64.0
202,172,5,42.85012,63.0
202,173,3,51.19251,62.0
202,174,5,45.478916,61.0
202,175,5,43.720722,60.0
202,176,5,39.048935,59.0
202,177,0,40.41641,58.0
202,178,3,36.129456,57.0
202,179,3,39.566383,56.0
202,180,5,42.000507,55.0
202,181,5,33.878883,54.0
202,182,1,55.46871,53.0
202,183,0,42.48323,52.0
202,184,2,33.229763,51.0
202,185,0,39.895466,50.0
202,186,0,41.908783,49.0
202,187,4,38.877754,48.0
202,188,4,44.971855,47.0
202,189,3,47.601418,46.0
202,190,4,52.363235,45.0
202,191,1,46.033485,44.0
202,192,5,40.524185,43.0
202,193,0,46.207497,42.0
202,194,3,48.51165,41.0
202,195,1,32.229156,40.0
202,196,3,27.609148,39.0
202,197,0,30.137283,38.0
202,198,4,31.308115,37.0
202,199,5,35.684772,36.0
202,200,1,21.636278,35.0
202,201,5,36.698063,34.0
202,202,4,35.11042,33.0
202,203,0,24.699263,32.0
202,204,2,26.318974,31.0
202,205,2,10.880913,30.0
202,206,3,8.338356,29.0
202,207,1,12.869082,28.0
202,208,3,16.776747,27.0
202,209,1,11.500018,26.0
202,210,5,22.553211,25.0
202,211,2,16.390772,24.0
202,212,0,20.68679,23.0
202,213,1,13.168836,22.0
202,214,4,12.396875,21.0
202,215,1,9.273579,20.0
202,216,3,9.799974,19.0
202,217,5,15.286275,18.0
202,218,1,6.387292,17.0
202,219,1,5.555924,16.0
202,220,5,15.324423,15.0
202,221,5,16.248392,14.0
202,222,2,11.811499,13.0
203,36,5,89.15471,125.0
203,37,3,99.4331,125.0
203,38,5,92.68798,125.0
203,39,0,89.38297,125.0
203,40,0,93.2154,125.0
203,41,0,110.922424,125.0
203,42,0,117.96325,125.0
203,43,0,118.8686,125.0
203,44,3,131.17802,125.0
203,45,5,122.82793,125.0
203,46,2,127.95052,125.0
203,47,3,119.95157,125.0
203,48,4,133.2388,125.0
203,49,1,127.805046,125.0
203,50,5,130.09897,125.0
203,51,1,126.53834,125.0
203,52,4,132.73212,125.0
203,53,5,128.1558,125.0
203,54,3,135.99844,125.0
203,55,5,126.7876,125.0
203,56,5,123.376396,125.0
203,57,5,135.36635,125.0
203,58,4,132.29214,125.0
203,59,5,129.3352,125.0
203,60,1,118.90213,125.0
203,61,1,127.2764,125.0
203,62,5,123.370705,125.0
203,63,2,114.885155,125.0
203,64,2,122.842285,125.0
203,65,2,120.19394,125.0
203,66,0,120.12888,125.0
203,67,0,121.47971,125.0
203,68,4,119.61802,125.0
203,69,2,116.74915,125.0
203,70,5,116.576706,125.0
203,71,5,101.846825,125.0
203,72,5,97.27764,125.0
203,73,2,107.15543,125.0
203,74,3,118.06272,125.0
203,75,2,119.38848,125.0
203,76,3,126.70539,125.0
203,77,0,122.72849,125.0
203,78,4,123.37202,125.0
203,79,0,122.06238,125.0
203,80,0,111.878365,125.0
203,81,4,111.69493,125.0
203,82,4,114.01409,125.0
203,83,4,104.26348,125.0
203,84,5,112.295815,125.0
203,85,4,100.713776,125.0
203,86,2,121.492065,125.0
203,87,2,111.79645,125.0
205,36,4,111.54916,125.0
205,37,0,118.449135,125.0
205,38,4,114.75645,125.0
205,39,1,109.41926,125.0
205,40,0,116.99387,125.0
205,41,0,117.21457,125.0
205,42,5,108.7357,125.0
205,43,5,116.698784,125.0
205,44,1,111.395546,125.0
205,45,2,122.88029,125.0
205,46,2,131.51694,125.0
205,47,4,111.86315,125.0
205,48,0,115.04101,125.0
205,49,3,98.4609,125.0
205,50,2,101.81422,125.0
205,51,1,125.69018,125.0
205,52,5,120.716484,125.0
205,53,2,115.8368,125.0
205,54,0,109.72413,125.0
205,55,4,104.70212,125.0
205,56,5,116.131454,125.0
205,57,1,119.45586,125.0
205,58,3,119.01063,125.0
205,59,0,110.08724,125.0
205,60,5,102.929756,125.0
205,61,2,115.49575,125.0
205,62,0,108.59579,125.0
205,63,1,114.81867,125.0
205,64,5,117.57022,125.0
205,65,2,109.13349,125.0
205,66,1,115.24574,125.0
205,67,0,115.008995,125.0
205,68,0,109.89653,125.0
205,69,2,116.62629,125.0
205,70,1,117.21747,125.0
205,71,4,121.1995,125.0
205,72,4,119.920616,125.0
205,73,5,120.54713,125.0
205,74,2,111.986984,125.0
205,75,5,119.328384,125.0
205,76,3,112.28335,125.0
205,77,4,113.61439,125.0
205,78,4,121.177284,125.0
205,79,4,123.53736,125.0
205,80,3,125.91933,125.0
205,81,5,126.15157,125.0
205,82,4,117.47533,125.0
205,83,5,115.56933,125.0
205,84,3,119.22555,125.0
205,85,0,125.17765,125.0
205,86,3,120.661316,125.0
205,87,1,124.114845,125.0
205,88,3,121.74047,125.0
205,89,0,119.14394,125.0
205,90,5,119.37322,125.0
205,91,0,120.723724,125.0
205,92,5,119.25736,125.0
205,93,5,120.76823,125.0
205,94,0,104.81595,125.0
205,95,5,103.73435,125.0
206,36,0,98.388626,125.0
206,37,5,114.735756,125.0
206,38,5,104.89577,125.0
206,39,1,107.98974,125.0
206,40,1,82.746765,125.0
206,41,4,97.83037,125.0
206,42,5,104.926025,125.0
206,43,5,106.151054,125.0
206,44,0,107.41247,125.0
206,45,5,98.30422,125.0
206,46,1,99.62533,125.0
206,47,0,97.24185,125.0
206,48,2,109.831116,125.0
206,49,1,109.55843,125.0
206,50,5,104.06523,125.0
206,51,0,112.82711,125.0
206,52,5,111.077385,125.0
206,53,4,107.43971,125.0
206,54,4,110.643875,125.0
206,55,0,114.37713,125.0
206,56,1,115.29543,125.0
206,57,3,117.39459,125.0
206,58,1,116.34097,125.0
206,59,3,115.859184,125.0
206,60,5,125.274475,125.0
206,61,0,120.42306,125.0
206,62,0,123.8157,125.0
206,63,2,123.56086,125.0
206,64,0,112.159164,125.0
206,65,4,118.918076,125.0
206,66,3,122.98335,125.0
206,67,4,118.70233,125.0
206,68,1,119.612526,125.0
206,69,3,124.5993,125.0
206,70,5,128.42035,125.0
206,71,4,130.28265,125.0
206,72,3,117.02184,125.0
206,73,0,123.23823,125.0
206,74,2,125.77056,125.0
206,75,2,115.49009,125.0
206,76,4,120.28464,125.0
206,77,3,124.27799,125.0
206,78,2,121.11349,125.0
206,79,5,120.06465,125.0
206,80,0,128.9137,125.0
206,81,2,128.52249,125.0
206,82,4,123.931786,125.0
206,83,3,119.47344,125.0
206,84,5,118.654945,125.0
206,85,4,122.96935,125.0
206,86,1,122.276726,125.0
206,87,4,118.96536,125.0
206,88,2,120.19874,125.0
206,89,4,124.77983,125.0
206,90,3,117.22909,125.0
206,91,3,118.534454,125.0
206,92,0,118.37995,125.0
206,93,2,115.999275,125.0
206,94,0,108.93188,125.0
206,95,5,92.393814,125.0
206,96,2,107.62217,125.0
206,97,3,122.44189,125.0
206,98,5,120.35548,125.0
206,99,5,114.664925,125.0
206,100,0,105.043625,125.0
206,101,2,89.88775,125.0
206,102,5,100.12176,125.0
206,103,4,96.38377,125.0
206,104,4,106.15806,125.0
206,105,0,99.80393,125.0
206,106,4,96.65594,125.0
206,107,5,104.530815,125.0
206,108,2,99.5389,125.0
206,109,2,106.830215,125.0
206,110,5,100.96928,125.0
206,111,4,104.71015,125.0
206,112,2,117.83663,125.0
206,113,2,106.09646,125.0
206,114,5,108.5848,125.0
206,115,0,110.781746,125.0
206,116,1,114.44643,125.0
206,117,1,95.85458,125.0
206,118,0,106.61807,125.0
206,119,1,106.21357,125.0
206,120,4,103.12566,125.0
206,121,1,97.74624,125.0
206,122,4,85.49997,125.0
206,123,2,81.43772,125.0
206,124,4,88.37447,125.0
206,125,1,58.261288,125.0
206,126,3,85.94848,125.0
206,127,1,66.329895,125.0
206,128,0,81.94181,125.0
206,129,1,63.904007,125.0
206,130,0,100.1396,125.0
206,131,0,92.59367,125.0
206,132,2,79.01889,125.0
206,133,0,100.876755,125.0
206,134,1,104.453354,125.0
206,135,2,104.183205,125.0
206,136,0,98.51987,125.0
206,137,2,89.44569,125.0
206,138,4,95.89559,125.0
206,139,3,90.00744,125.0
206,140,2,95.27956,125.0
206,141,1,77.03285,125.0
206,142,1,87.028694,125.0
206,143,5,90.13856,125.0
206,144,5,88.59084,125.0
206,145,2,99.62058,125.0
206,146,3,115.26622,125.0
206,147,3,116.55938,125.0
206,148,2,111.53236,125.0
206,149,4,99.10681,125.0
206,150,4,88.28268,125.0
206,151,5,77.46471,125.0
206,152,4,88.56704,125.0
206,153,5,79.59637,125.0
206,154,5,85.178276,125.0
206,155,4,86.173515,125.0
206,156,0,72.49877,125.0
206,157,4,71.89214,125.0
206,158,5,53.337914,125.0
206,159,5,45.411514,125.0
206,160,1,53.122353,125.0
206,161,5,50.48314,125.0
206,162,3,52.77036,125.0
206,163,1,53.06936,125.0
206,164,0,55.783978,125.0
206,165,3,56.645504,125.0
206,166,5,49.94387,125.0
206,167,5,52.877598,125.0
206,168,1,49.133324,125.0
206,169,2,48.03571,125.0
206,170,1,49.349915,125.0
206,171,4,42.814674,125.0
206,172,2,42.006256,125.0
206,173,5,41.209663,125.0
206,174,4,37.54031,125.0
206,175,3,38.974567,125.0
206,176,1,44.616905,125.0
206,177,1,38.08334,125.0
206,178,5,34.148308,125.0
206,179,3,38.950294,125.0
206,180,4,37.3373,125.0
206,181,4,36.295418,125.0
206,182,0,28.232542,125.0
206,183,3,23.494953,125.0
206,184,0,29.118254,125.0
206,185,0,24.975527,125.0
206,186,1,25.112385,125.0
206,187,2,29.493494,125.0
206,188,1,17.80887,125.0
206,189,0,21.316196,125.0
206,190,5,20.7157,125.0
206,191,1,23.33174,125.0
206,192,0,17.83473,125.0
206,193,1,20.83571,125.0
206,194,3,23.633945,125.0
206,195,0,21.292643,125.0
206,196,2,21.945778,125.0
206,197,4,18.057423,125.0
206,198,1,16.85944,125.0
206,199,0,17.64308,125.0
206,200,4,18.429724,125.0
206,201,4,15.949713,125.0
206,202,1,13.8406315,125.0
206,203,5,12.589889,125.0
206,204,0,13.577141,125.0
206,205,1,14.310705,125.0
206,206,4,14.5295,125.0
206,207,5,13.2421,125.0
206,208,1,13.021261,125.0
206,209,0,13.541645,125.0
206,210,5,14.434046,125.0
206,211,5,14.459958,125.0
206,212,1,14.141731,125.0
206,213,3,13.809786,125.0
206,214,5,14.859589,125.0
206,215,3,14.127427,125.0
206,216,3,13.722044,125.0
206,217,1,13.6124115,125.0
206,218,1,14.9315605,125.0
206,219,0,52.3068,125.0
206,220,4,98.658745,125.0
206,221,3,122.63554,125.0
206,222,3,127.81924,125.0
206,223,1,130.25351,125.0
206,224,5,143.6737,125.0
206,225,0,129.7731,125.0
206,226,0,126.48975,125.0
206,227,0,109.24985,125.0
206,228,1,99.648705,125.0
206,229,3,102.50797,125.0
206,230,1,83.06541,125.0
206,231,0,88.29537,125.0
206,232,3,81.395775,125.0
206,233,3,95.39115,125.0
206,234,1,93.95083,125.0
206,235,2,89.751915,125.0
206,236,3,90.034294,125.0
206,237,5,97.25606,125.0
206,238,2,90.1345,125.0
206,239,2,110.046455,125.0
206,240,2,97.120964,125.0
206,241,0,84.18225,125.0
206,242,1,80.18546,125.0
206,243,1,81.19474,125.0
206,244,4,69.6486,125.0
206,245,5,77.62937,125.0
206,246,0,69.011826,125.0
206,247,3,70.36089,125.0
206,248,2,75.68026,125.0
206,249,4,85.41132,125.0
206,250,5,83.11184,125.0
206,251,2,96.69001,125.0
206,252,5,105.799904,125.0
206,253,1,118.89085,125.0
206,254,4,107.79461,125.0
206,255,0,111.81705,125.0
206,256,5,111.08831,125.0
206,257,2,108.43516,125.0
206,258,3,114.40191,125.0
206,259,1,106.88971,125.0
206,260,5,114.24501,125.0
206,261,3,116.119965,125.0
206,262,3,123.48855,125.0
206,263,0,110.591866,125.0
206,264,5,112.41695,125.0
206,265,3,107.55186,125.0
206,266,0,107.38166,125.0
206,267,5,108.25181,125.0
206,268,5,95.42829,125.0
206,269,0,77.25548,125.0
206,270,5,78.142555,125.0
206,271,5,84.38775,125.0
206,272,0,71.16651,125.0
206,273,1,91.23949,125.0
206,274,4,90.07543,125.0
206,275,5,83.87203,125.0
206,276,3,92.87472,124.0
206,277,4,92.70351,123.0
206,278,5,81.802765,122.0
206,279,1,95.116936,121.0
206,280,5,93.85117,120.0
206,281,4,97.54839,119.0
206,282,5,88.17509,118.0
206,283,4,83.8232,117.0
206,284,3,93.838356,116.0
206,285,2,91.67694,115.0
206,286,4,95.73139,114.0
206,287,5,70.817406,113.0
206,288,0,74.51658,112.0
206,289,2,83.186165,111.0
206,290,5,60.490864,110.0
206,291,1,52.25148,109.0
207,36,1,129.223,125.0
207,37,5,124.18501,125.0
207,38,5,127.75439,125.0
207,39,3,131.8323,125.0
207,40,1,128.88,125.0
207,41,5,128.74832,125.0
207,42,0,114.486824,125.0
207,43,0,113.018036,125.0
207,44,2,122.45559,125.0
207,45,4,117.3722,125.0
207,46,5,125.1827,125.0
207,47,0,121.79183,125.0
207,48,5,124.97378,125.0
207,49,0,126.97852,125.0
207,50,0,112.13892,125.0
207,51,5,121.52415,125.0
207,52,2,124.25272,125.0
207,53,0,119.957146,125.0
207,54,5,128.632,125.0
207,55,1,123.816505,125.0
207,56,0,131.10098,125.0
207,57,3,122.43635,125.0
207,58,0,119.717804,125.0
207,59,3,121.694916,125.0
207,60,3,124.22242,125.0
207,61,3,124.68986,125.0
207,62,2,121.278046,125.0
207,63,2,128.02669,125.0
207,64,2,128.2669,125.0
207,65,5,124.81858,125.0
207,66,5,117.91558,125.0
207,67,5,114.53954,125.0
207,68,5,120.30957,125.0
207,69,2,119.211754,125.0
207,70,0,123.05234,125.0
207,71,5,117.16764,125.0
207,72,3,129.4503,125.0
207,73,3,122.03225,125.0
207,74,4,126.72516,125.0
207,75,1,128.96823,125.0
207,76,4,132.4586,125.0
207,77,1,130.4614,125.0
207,78,3,125.75614,125.0
207,79,1,127.19951,125.0
207,80,5,128.7532,125.0
207,81,4,127.608055,125.0
207,82,2,128.8859,125.0
207,83,5,124.90429,125.0
207,84,2,120.49819,125.0
207,85,0,124.84084,125.0
207,86,3,126.52545,125.0
207,87,4,119.82194,125.0
207,88,4,106.11575,125.0
207,89,1,109.801285,125.0
207,90,5,120.817345,125.0
207,91,3,117.096886,125.0
207,92,3,120.52858,125.0
207,93,1,121.357376,125.0
207,94,0,120.17821,125.0
207,95,1,109.552986,125.0
207,96,2,111.22636,125.0
207,97,4,105.548355,125.0
207,98,0,106.6849,125.0
207,99,3,116.67664,125.0
207,100,2,117.42238,125.0
207,101,1,122.16867,125.0
207,102,0,119.85923,125.0
207,103,4,119.67801,125.0
207,104,0,116.99494,125.0
207,105,3,115.63441,125.0
207,106,2,125.64973,125.0
207,107,2,120.73247,125.0
207,108,5,120.89218,125.0
207,109,5,109.76831,125.0
207,110,0,107.31422,125.0
207,111,1,120.59352,125.0
207,112,2,119.935455,125.0
207,113,4,123.91572,125.0
207,114,5,118.69788,125.0
207,115,0,127.75671,125.0
207,116,4,124.637596,125.0
207,117,2,124.255455,125.0
207,118,3,123.10018,125.0
207,119,5,116.80543,125.0
207,120,1,111.787834,125.0
207,121,3,117.71341,125.0
207,122,0,122.03092,125.0
207,123,1,114.65269,125.0
207,124,0,118.63789,125.0
207,125,5,115.26826,125.0
207,126,0,114.557205,125.0
207,127,3,116.595406,125.0
207,128,3,119.81408,125.0
207,129,2,123.1856,125.0
207,130,5,121.212074,125.0
207,131,2,116.92386,125.0
207,132,2,120.753914,125.0
207,133,0,124.78056,125.0
207,134,5,125.04574,125.0
207,135,1,117.63889,125.0
207,136,1,113.082306,125.0
207,137,2,94.635544,125.0
207,138,5,98.01084,125.0
207,139,1,92.64967,125.0
207,140,0,102.28446,125.0
207,141,0,116.832375,125.0
207,142,0,112.8721,125.0
207,143,2,121.59814,125.0
207,144,5,116.03588,125.0
207,145,5,120.390335,125.0
207,146,3,126.56074,125.0
207,147,1,116.60914,125.0
207,148,2,105.21467,125.0
207,149,5,108.29093,125.0
207,150,4,118.041664,125.0
207,151,4,124.93685,125.0
207,152,5,110.292015,125.0
207,153,4,108.04293,125.0
207,154,2,99.27207,125.0
207,155,2,90.93715,125.0
207,156,4,86.477974,125.0
207,157,5,80.613625,125.0
207,158,3,98.159096,125.0
207,159,3,100.210884,125.0
207,160,5,88.22431,125.0
207,161,2,108.59191,125.0
207,162,1,106.33061,125.0
207,163,5,114.27304,125.0
207,164,5,114.40829,125.0
207,165,4,102.79589,125.0
207,166,1,108.24872,125.0
207,167,3,111.56259,125.0
207,168,1,121.737015,125.0
207,169,2,116.47393,125.0
207,170,4,116.23594,125.0
207,171,4,116.94488,124.0
207,172,3,118.72165,123.0
207,173,0,110.641335,122.0
207,174,1,99.76971,121.0
207,175,5,81.59611,120.0
207,176,1,94.11097,119.0
207,177,2,84.11999,118.0
207,178,5,104.60195,117.0
207,179,3,110.0296,116.0
208,36,3,112.29093,125.0
208,37,0,114.26295,125.0
208,38,2,111.94056,125.0
208,39,0,104.93106,125.0
208,40,4,113.22938,125.0
208,41,2,118.84789,125.0
208,42,5,101.53724,125.0
208,43,3,81.96194,125.0
208,44,5,100.5722,125.0
208,45,2,103.93443,125.0
208,46,1,126.252945,125.0
208,47,0,110.85274,125.0
208,48,2,111.94822,125.0
208,49,2,113.90046,125.0
208,50,3,115.520134,125.0
208,51,5,115.83724,125.0
208,52,5,117.11862,125.0
208,53,5,108.71105,125.0
208,54,1,116.14936,125.0
208,55,3,119.67107,125.0
208,56,5,116.73632,125.0
208,57,5,118.256775,125.0
208,58,3,120.65984,125.0
208,59,4,124.71906,125.0
208,60,2,126.093376,125.0
208,61,1,125.06365,125.0
208,62,5,123.24599,125.0
208,63,5,124.0648,125.0
208,64,0,120.70243,125.0
208,65,1,119.59768,125.0
208,66,4,119.674904,125.0
208,67,5,115.881676,125.0
208,68,1,107.33544,125.0
208,69,1,100.78614,125.0
208,70,1,84.70045,125.0
208,71,5,99.35421,125.0
208,72,0,100.46297,125.0
208,73,2,114.79212,125.0
208,74,3,106.51815,125.0
208,75,4,110.72088,125.0
208,76,2,115.51418,125.0
208,77,0,114.568794,125.0
208,78,0,113.08108,125.0
208,79,0,112.822044,125.0
208,80,5,117.98375,125.0
208,81,1,121.23085,125.0
208,82,0,116.45903,125.0
208,83,0,122.323586,125.0
208,84,5,122.75458,125.0
208,85,2,117.95514,125.0
208,86,1,111.66746,125.0
208,87,3,117.88363,125.0
208,88,1,104.00265,125.0
208,89,5,110.91515,125.0
208,90,1,116.0275,125.0
208,91,3,116.55476,125.0
208,92,5,118.3388,125.0
208,93,1,112.74702,125.0
208,94,5,116.94963,125.0
208,95,4,118.84779,125.0
208,96,2,99.40109,125.0
208,97,3,105.67893,125.0
208,98,4,103.33329,125.0
208,99,3,109.49859,125.0
208,100,1,115.62211,125.0
208,101,5,93.21917,125.0
208,102,5,88.79496,125.0
208,103,4,89.95572,125.0
208,104,0,86.05751,125.0
208,105,4,93.67722,125.0
208,106,4,96.1591,125.0
208,107,0,106.88648,125.0
208,108,5,100.12818,125.0
208,109,0,99.43424,125.0
208,110,5,113.31183,125.0
208,111,5,113.13746,125.0
208,112,1,119.29231,125.0
208,113,3,117.31504,125.0
208,114,1,116.62774,125.0
208,115,5,123.26545,125.0
208,116,5,121.25618,125.0
208,117,5,115.46522,125.0
208,118,5,121.27375,125.0
208,119,4,113.592766,125.0
208,120,2,114.277725,125.0
208,121,4,125.9298,125.0
208,122,0,125.71003,125.0
208,123,2,123.55668,125.0
208,124,4,124.70278,125.0
208,125,2,117.50182,125.0
208,126,4,126.13912,125.0
208,127,4,128.31038,125.0
208,128,0,121.57296,125.0
208,129,4,126.17734,125.0
208,130,3,123.11579,125.0
208,131,5,118.252785,125.0
208,132,3,110.1585,125.0
208,133,1,117.09405,125.0
208,134,4,120.75938,125.0
208,135,5,109.09321,125.0
208,136,4,95.40864,125.0
208,137,2,89.439064,125.0
208,138,3,102.6574,125.0
208,139,3,89.05816,125.0
208,140,2,97.14639,125.0
208,141,3,76.88134,125.0
208,142,2,61.623997,125.0
208,143,5,92.61077,125.0
208,144,0,104.066414,125.0
208,145,5,106.05103,125.0
208,146,4,111.96889,125.0
208,147,5,118.15884,124.0
208,148,3,109.75664,123.0
208,149,1,102.41588,122.0
208,150,5,105.14384,121.0
208,151,1,109.51086,120.0
208,152,3,98.98755,119.0
208,153,5,102.42153,118.0
208,154,1,87.97828,117.0
208,155,3,109.96079,116.0
208,156,4,108.178185,115.0
208,157,1,105.95104,114.0
208,158,3,102.847664,113.0
208,159,4,110.60709,112.0
208,160,0,108.80865,111.0
208,161,5,89.87955,110.0
208,162,2,74.14086,109.0
208,163,2,103.63967,108.0
208,164,0,97.012146,107.0
208,165,0,99.430725,106.0
208,166,0,86.12061,105.0
208,167,0,93.28182,104.0
208,168,5,111.425735,103.0
208,169,3,103.13619,102.0
208,170,5,93.224724,101.0
208,171,1,93.61735,100.0
208,172,0,107.5547,99.0
208,173,3,103.40836,98.0
208,174,0,95.36317,97.0
208,175,3,91.23013,96.0
208,176,4,87.7532,95.0
208,177,4,79.07928,94.0
208,178,2,69.24631,93.0
208,179,5,79.40063,92.0
208,180,3,93.348854,91.0
209,36,4,125.789024,125.0
209,37,0,123.80963,125.0
209,38,4,119.81829,125.0
209,39,2,125.629814,125.0
209,40,0,119.909904,125.0
209,41,4,129.21349,125.0
209,42,0,115.543045,125.0
209,43,2,111.93673,125.0
209,44,5,116.72219,125.0
209,45,0,115.82145,125.0
209,46,5,112.81757,125.0
209,47,5,116.694435,125.0
209,48,4,100.6867,125.0
209,49,2,114.70331,125.0
209,50,0,112.24167,125.0
209,51,3,110.58379,125.0
209,52,4,110.53803,125.0
209,53,5,109.1258,125.0
209,54,5,104.931984,125.0
209,55,1,118.59667,125.0
209,56,5,117.16373,125.0
209,57,5,126.78994,125.0
209,58,5,118.47112,124.0
209,59,4,123.74005,123.0
209,60,0,122.218796,122.0
209,61,2,118.23562,121.0
209,62,0,124.56042,120.0
209,63,3,122.07748,119.0
209,64,1,121.422104,118.0
209,65,2,123.11469,117.0
209,66,2,121.59309,116.0
209,67,5,131.56982,115.0
209,68,2,125.703354,114.0
209,69,4,114.60831,113.0
209,70,5,118.894005,112.0
209,71,0,118.97934,111.0
209,72,3,118.58162,110.0
209,73,2,123.08681,109.0
209,74,4,112.888954,108.0
209,75,3,113.81518,107.0
209,76,3,112.25178,106.0
209,77,2,96.62126,105.0
209,78,5,118.55566,104.0
209,79,5,119.72864,103.0
209,80,5,122.50268,102.0
209,81,0,119.764404,101.0
209,82,5,118.14576,100.0
209,83,5,119.088615,99.0
209,84,1,119.76197,98.0
209,85,2,124.102394,97.0
209,86,0,112.201645,96.0
209,87,5,110.20972,95.0
209,88,3,110.40478,94.0
209,89,5,105.63267,93.0
209,90,0,108.10073,92.0
209,91,4,99.30738,91.0
209,92,4,108.95252,90.0
209,93,2,109.35249,89.0
209,94,2,101.59133,88.0
209,95,2,103.897514,87.0
209,96,1,113.77474,86.0
209,97,2,108.64259,85.0
209,98,0,115.58144,84.0
209,99,1,105.409004,83.0
209,100,4,91.89971,82.0
209,101,1,81.94233,81.0
209,102,1,53.28444,80.0
209,103,1,63.194324,79.0
209,104,5,97.49366,78.0
209,105,0,98.07754,77.0
209,106,1,87.35737,76.0
209,107,4,85.78188,75.0
209,108,5,96.935356,74.0
209,109,5,100.40266,73.0
209,110,5,108.96479,72.0
209,111,1,104.748245,71.0
209,112,3,97.13941,70.0
209,113,1,82.48232,69.0
209,114,4,95.57042,68.0
209,115,2,119.464775,67.0
209,116,0,123.01654,66.0
209,117,3,119.08785,65.0
209,118,5,119.02838,64.0
209,119,0,100.82971,63.0
209,120,2,116.83265,62.0
209,121,2,75.528984,61.0
209,122,5,97.971,60.0
209,123,5,89.746025,59.0
209,124,4,69.18183,58.0
209,125,3,61.622574,57.0
209,126,0,72.15605,56.0
209,127,3,54.320824,55.0
209,128,1,71.141174,54.0
209,129,1,79.039085,53.0
209,130,2,70.65424,52.0
209,131,1,54.403183,51.0
209,132,0,57.44387,50.0
209,133,0,60.366364,49.0
209,134,1,69.506165,48.0
209,135,5,61.2303,47.0
209,136,5,65.39801,46.0
209,137,5,78.42991,45.0
209,138,2,90.59818,44.0
209,139,1,82.53675,43.0
209,140,5,78.54955,42.0
209,141,1,98.93785,41.0
209,142,4,98.63582,40.0
209,143,3,97.35045,39.0
209,144,1,92.20179,38.0
209,145,1,95.94539,37.0
209,146,1,81.81154,36.0
209,147,4,63.419823,35.0
209,148,3,44.834427,34.0
209,149,1,45.12668,33.0
209,150,4,36.442917,32.0
209,151,0,60.022247,31.0
209,152,4,65.3652,30.0
209,153,1,61.5104,29.0
209,154,3,40.020027,28.0
209,155,5,64.14303,27.0
209,156,5,69.27364,26.0
209,157,4,50.520428,25.0
209,158,1,67.46767,24.0
209,159,0,64.9269,23.0
209,160,5,67.7979,22.0
209,161,3,54.417603,21.0
209,162,5,35.809364,20.0
209,163,5,51.345383,19.0
209,164,1,36.183205,18.0
209,165,0,53.243736,17.0
209,166,0,49.435646,16.0
209,167,5,47.033318,15.0
209,168,4,46.744133,14.0
209,169,5,40.892338,13.0
209,170,5,29.001162,12.0
209,171,4,40.913506,11.0
210,36,0,111.55126,125.0
210,37,3,118.10053,125.0
210,38,3,114.0566,125.0
210,39,0,108.5899,125.0
210,40,0,102.79572,125.0
210,41,4,115.564476,125.0
210,42,4,116.168144,125.0
210,43,5,103.48312,125.0
210,44,5,114.58643,125.0
210,45,3,106.76513,125.0
210,46,3,115.26993,125.0
210,47,5,116.93767,125.0
210,48,4,118.96172,125.0
210,49,2,122.218735,125.0
210,50,1,121.04101,125.0
210,51,4,116.00511,125.0
210,52,2,123.912735,125.0
210,53,5,124.07579,125.0
210,54,5,130.20132,125.0
210,55,2,124.27076,125.0
210,56,0,123.9701,125.0
210,57,3,121.98072,125.0
210,58,2,122.56919,125.0
210,59,5,116.96319,125.0
210,60,0,120.996925,125.0
210,61,1,116.11497,125.0
210,62,1,104.08591,125.0
210,63,1,85.55041,125.0
210,64,0,108.548996,125.0
210,65,5,103.10631,125.0
210,66,3,85.9285,125.0
210,67,5,104.51808,125.0
210,68,3,103.76692,125.0
210,69,3,112.923645,125.0
210,70,4,111.65459,125.0
210,71,2,117.68427,125.0
210,72,0,112.46346,125.0
210,73,1,119.47996,125.0
210,74,1,107.58508,125.0
210,75,2,113.56146,125.0
210,76,4,111.76942,125.0
210,77,4,112.12353,125.0
210,78,4,114.26857,125.0
210,79,1,114.02828,125.0
210,80,4,119.85081,125.0
210,81,5,122.618546,125.0
210,82,1,114.13565,125.0
210,83,1,110.197136,125.0
210,84,5,107.37701,125.0
210,85,5,117.771706,125.0
210,86,0,121.51612,125.0
210,87,0,113.279396,125.0
210,88,1,112.897,125.0
210,89,2,115.53329,125.0
210,90,3,124.77318,125.0
210,91,1,125.789955,125.0
210,92,1,119.77087,125.0
210,93,1,122.43813,125.0
210,94,0,128.91988,125.0
210,95,4,122.22556,125.0
210,96,0,128.52461,125.0
210,97,3,120.85941,125.0
210,98,3,120.78162,125.0
210,99,2,121.95801,124.0
210,100,5,121.89223,123.0
210,101,0,119.553856,122.0
210,102,1,118.01802,121.0
210,103,1,123.78779,120.0
210,104,5,127.4672,119.0
210,105,3,116.96425,118.0
210,106,4,120.3307,117.0
210,107,0,118.181206,116.0
210,108,5,105.32882,115.0
210,109,3,107.90707,114.0
210,110,0,103.7262,113.0
210,111,2,102.21305,112.0
210,112,1,101.77482,111.0
210,113,4,106.68426,110.0
210,114,2,113.88189,109.0
210,115,1,108.76302,108.0
210,116,2,115.51849,107.0
210,117,5,114.0281,106.0
210,118,1,116.53355,105.0
210,119,0,119.62664,104.0
210,120,5,116.662285,103.0
210,121,5,118.06521,102.0
210,122,2,116.69396,101.0
210,123,0,100.44032,100.0
210,124,3,117.28904,99.0
210,125,3,95.27102,98.0
210,126,1,96.08278,97.0
210,127,1,76.09414,96.0
210,128,5,84.561455,95.0
210,129,2,100.965126,94.0
210,130,5,105.01595,93.0
210,131,2,100.03828,92.0
210,132,0,105.79999,91.0
210,133,0,118.115425,90.0
210,134,0,109.98254,89.0
210,135,0,108.16369,88.0
211,36,0,100.41323,125.0
211,37,2,112.346436,125.0
211,38,0,112.30677,125.0
211,39,3,117.17605,125.0
211,40,3,115.74142,125.0
211,41,3,109.18646,125.0
211,42,2,116.88607,125.0
211,43,2,112.02004,125.0
211,44,1,107.312836,125.0
211,45,0,113.4631,125.0
211,46,5,104.10196,125.0
211,47,0,108.37481,125.0
211,48,0,114.56106,125.0
211,49,1,107.34777,125.0
211,50,3,112.55904,125.0
211,51,1,112.94224,125.0
211,52,1,103.296715,125.0
211,53,5,101.11077,125.0
211,54,1,97.19303,125.0
211,55,0,109.25437,125.0
211,56,1,108.876915,125.0
211,57,5,111.26353,125.0
211,58,2,104.28321,125.0
211,59,4,104.332695,125.0
211,60,1,106.283005,125.0
211,61,1,108.896225,125.0
211,62,5,121.09554,125.0
211,63,3,102.76658,125.0
211,64,5,112.51385,125.0
211,65,1,117.13917,125.0
211,66,5,106.2674,125.0
211,67,5,116.880516,125.0
211,68,3,113.45629,125.0
211,69,2,118.96871,125.0
211,70,5,114.25039,125.0
211,71,4,117.488686,125.0
211,72,3,112.782295,125.0
211,73,0,115.93121,125.0
211,74,3,117.38348,125.0
211,75,1,113.49373,125.0
211,76,5,114.175575,125.0
211,77,1,112.16941,125.0
211,78,4,113.2464,125.0
211,79,0,106.36753,125.0
211,80,2,104.31131,125.0
211,81,0,96.69274,125.0
211,82,5,105.308495,125.0
211,83,4,105.762596,125.0
211,84,5,114.86258,125.0
211,85,3,117.82015,125.0
211,86,2,118.81806,125.0
211,87,2,115.8119,125.0
211,88,5,117.210594,125.0
211,89,1,121.5514,125.0
211,90,5,118.44959,125.0
211,91,4,122.09389,125.0
211,92,4,117.66638,125.0
211,93,4,107.23669,125.0
211,94,5,107.50035,125.0
211,95,0,114.32847,125.0
211,96,2,101.77877,125.0
211,97,2,99.427635,125.0
211,98,0,116.71427,125.0
211,99,2,113.376854,125.0
211,100,5,122.60787,125.0
211,101,0,127.52161,125.0
211,102,4,126.97658,125.0
211,103,5,125.95152,125.0
211,104,3,121.335396,125.0
211,105,2,122.44417,125.0
211,106,0,120.342926,125.0
211,107,2,117.66188,125.0
211,108,1,130.65305,125.0
211,109,3,128.33368,125.0
211,110,0,124.78428,125.0
211,111,0,126.930916,125.0
211,112,2,128.075,125.0
211,113,0,127.410255,125.0
211,114,5,124.132385,125.0
211,115,3,127.774345,125.0
211,116,1,119.87083,125.0
211,117,5,114.30805,125.0
211,118,1,113.91062,125.0
211,119,5,113.045204,125.0
211,120,3,105.91351,125.0
211,121,5,119.062004,125.0
211,122,2,115.785385,125.0
211,123,5,116.32632,125.0
211,124,4,121.541466,125.0
211,125,2,121.16486,125.0
211,126,2,116.945625,125.0
211,127,0,122.762764,125.0
211,128,2,132.13416,125.0
211,129,5,123.331,125.0
211,130,0,116.00066,125.0
211,131,3,123.33811,125.0
211,132,3,124.73653,125.0
211,133,0,123.97004,125.0
211,134,0,115.649254,125.0
211,135,4,126.90949,125.0
211,136,4,120.76302,125.0
211,137,1,127.15063,125.0
211,138,3,121.97459,125.0
211,139,2,123.0198,125.0
211,140,3,121.25905,125.0
211,141,3,122.711044,125.0
211,142,2,120.94985,125.0
211,143,4,110.86221,125.0
211,144,3,100.7006,125.0
211,145,3,117.144905,125.0
211,146,3,109.552345,125.0
211,147,3,124.24906,125.0
211,148,3,124.45932,125.0
211,149,1,116.70225,125.0
211,150,2,112.086205,125.0
211,151,4,106.957756,125.0
211,152,4,112.85124,125.0
211,153,5,121.42126,125.0
211,154,5,103.82601,125.0
211,155,5,119.194984,125.0
211,156,2,116.76632,125.0
211,157,3,117.93456,125.0
211,158,3,127.80489,125.0
211,159,4,123.70789,125.0
211,160,1,119.59017,125.0
211,161,0,122.782585,125.0
211,162,3,119.92533,125.0
211,163,3,129.03613,125.0
211,164,4,128.14418,125.0
211,165,5,125.41229,125.0
211,166,1,126.011,125.0
211,167,5,124.14675,125.0
211,168,4,131.23192,125.0
211,169,4,115.2819,125.0
211,170,5,115.471146,125.0
211,171,2,117.86675,125.0
211,172,5,111.076744,125.0
211,173,0,115.77774,125.0
211,174,4,116.31714,125.0
211,175,5,114.7657,125.0
211,176,5,106.45325,125.0
211,177,0,99.16431,125.0
211,178,0,94.7262,125.0
211,179,5,108.20987,125.0
211,180,2,107.665085,125.0
211,181,5,109.581314,125.0
211,182,5,103.92706,125.0
211,183,5,105.69608,125.0
211,184,3,111.469376,125.0
211,185,0,120.04949,125.0
211,186,5,111.41407,125.0
211,187,0,121.97194,125.0
211,188,0,119.4622,125.0
211,189,0,118.35694,125.0
211,190,4,122.94207,124.0
211,191,0,111.948555,123.0
211,192,5,104.02577,122.0
211,193,4,122.98124,121.0
211,194,4,123.37838,120.0
211,195,1,121.66423,119.0
211,196,5,122.72871,118.0
211,197,5,120.82782,117.0
211,198,1,118.2873,116.0
211,199,0,128.64377,115.0
211,200,0,124.8543,114.0
211,201,5,128.32542,113.0
211,202,1,122.614494,112.0
211,203,1,114.76835,111.0
211,204,5,91.46979,110.0
211,205,5,85.82398,109.0
211,206,4,64.7382,108.0
212,36,3,105.82642,125.0
212,37,1,93.34523,125.0
212,38,1,83.842445,125.0
212,39,4,93.69259,125.0
212,40,5,95.742516,125.0
212,41,0,105.710014,125.0
212,42,0,109.93154,125.0
212,43,2,112.83989,125.0
212,44,5,126.411835,125.0
212,45,5,127.89182,125.0
212,46,0,128.41727,125.0
212,47,3,124.93874,125.0
212,48,0,121.91941,125.0
212,49,2,127.405525,125.0
212,50,3,128.07161,125.0
212,51,5,125.60311,125.0
212,52,1,125.016136,125.0
212,53,0,126.05111,125.0
212,54,3,121.68162,125.0
212,55,5,120.97912,125.0
212,56,2,121.17011,125.0
212,57,3,122.340866,125.0
212,58,5,119.4551,125.0
212,59,1,105.24938,125.0
212,60,3,115.64062,125.0
212,61,3,125.11928,125.0
212,62,3,121.439415,125.0
212,63,1,115.81716,125.0
212,64,0,122.196465,125.0
212,65,3,121.24024,125.0
212,66,5,132.30783,125.0
212,67,4,128.32588,125.0
212,68,5,128.1041,125.0
212,69,2,129.44368,125.0
212,70,4,129.47504,125.0
212,71,2,119.24935,125.0
212,72,5,110.2803,125.0
212,73,1,124.94393,125.0
212,74,3,110.02085,125.0
212,75,2,106.27099,125.0
212,76,4,112.08268,125.0
212,77,2,107.743195,125.0
212,78,1,123.977104,125.0
212,79,4,100.8773,125.0
212,80,5,107.74459,125.0
212,81,5,102.17513,125.0
212,82,2,96.98593,125.0
212,83,1,122.936066,125.0
212,84,0,116.58862,125.0
212,85,2,100.11398,125.0
212,86,3,116.876625,125.0
212,87,4,112.787025,125.0
212,88,2,113.29104,125.0
212,89,5,123.276146,125.0
212,90,4,118.00242,125.0
212,91,4,119.95985,125.0
212,92,4,93.027405,125.0
212,93,3,107.93928,125.0
212,94,2,112.07528,125.0
212,95,1,113.43503,125.0
212,96,4,121.80537,125.0
212,97,0,119.508064,125.0
212,98,5,117.33801,125.0
212,99,2,119.75126,125.0
212,100,5,121.35138,125.0
212,101,5,123.07533,125.0
212,102,4,121.317024,125.0
212,103,0,119.57273,125.0
212,104,5,121.25373,125.0
212,105,0,117.66599,125.0
212,106,5,118.38808,125.0
212,107,0,120.457054,125.0
212,108,2,113.84753,125.0
212,109,0,104.80369,125.0
212,110,1,115.55164,125.0
212,111,1,118.39959,125.0
212,112,2,121.60711,125.0
212,113,4,127.93577,125.0
212,114,1,117.521614,125.0
212,115,3,119.782135,125.0
212,116,3,120.28324,125.0
212,117,5,117.9347,125.0
212,118,3,120.45116,125.0
212,119,4,122.59669,125.0
212,120,1,109.69143,125.0
212,121,5,117.17869,125.0
212,122,0,117.522545,125.0
212,123,4,122.938805,125.0
212,124,5,124.98825,125.0
212,125,5,125.63349,125.0
212,126,4,125.76407,125.0
212,127,2,124.281685,125.0
212,128,0,117.63537,125.0
212,129,2,122.99308,125.0
212,130,0,128.92445,125.0
212,131,3,130.03271,125.0
212,132,1,123.372406,125.0
212,133,4,124.89289,125.0
212,134,4,119.66042,125.0
212,135,5,116.94865,125.0
212,136,1,127.61196,125.0
212,137,1,121.04669,125.0
212,138,2,129.83514,125.0
212,139,5,119.11162,125.0
212,140,2,121.060265,125.0
212,141,3,119.92579,125.0
212,142,0,124.65772,125.0
212,143,2,124.3128,125.0
212,144,0,126.40212,125.0
212,145,4,124.927574,125.0
212,146,2,114.16293,125.0
212,147,4,98.578514,125.0
212,148,5,109.43668,125.0
212,149,5,115.63137,125.0
212,150,3,116.45502,125.0
212,151,2,112.32755,125.0
212,152,5,121.44435,125.0
212,153,2,124.557655,125.0
212,154,0,114.22117,125.0
212,155,0,112.77645,125.0
212,156,1,123.29334,125.0
212,157,5,119.293274,125.0
212,158,5,117.05454,125.0
212,159,1,120.57612,125.0
212,160,3,121.14869,125.0
212,161,3,124.34481,125.0
212,162,5,128.11748,125.0
212,163,1,126.50463,125.0
212,164,3,122.33585,125.0
212,165,5,120.3688,125.0
212,166,5,121.18121,125.0
212,167,3,120.60865,125.0
212,168,2,117.72875,125.0
212,169,1,115.280235,125.0
212,170,3,121.77542,125.0
212,171,2,115.34979,125.0
212,172,5,114.6554,125.0
212,173,1,108.16714,125.0
212,174,1,107.33869,125.0
212,175,2,112.282875,125.0
212,176,2,119.82847,125.0
212,177,5,111.00064,125.0
212,178,4,123.81417,125.0
212,179,3,116.38001,125.0
212,180,4,103.43569,125.0
212,181,1,111.420815,125.0
212,182,4,113.408195,125.0
212,183,0,107.83014,125.0
212,184,0,114.98803,125.0
212,185,0,111.02239,125.0
212,186,5,116.90236,125.0
212,187,0,113.7812,125.0
212,188,2,121.088295,125.0
212,189,5,115.6639,125.0
212,190,5,103.75079,125.0
212,191,0,103.10227,125.0
212,192,5,102.53884,125.0
212,193,2,117.33787,125.0
212,194,5,110.99059,125.0
212,195,5,104.84724,125.0
212,196,2,107.19294,125.0
212,197,3,120.68156,125.0
212,198,5,104.64042,125.0
212,199,5,118.54749,125.0
212,200,2,117.57787,125.0
212,201,5,107.47723,125.0
212,202,4,105.995735,125.0
212,203,3,101.59678,125.0
212,204,2,99.01688,125.0
212,205,0,104.55252,125.0
212,206,4,104.96086,125.0
212,207,5,114.595955,125.0
212,208,1,115.33468,125.0
212,209,5,108.58834,125.0
212,210,3,114.037155,125.0
212,211,4,104.4117,125.0
212,212,0,93.00707,125.0
212,213,2,107.80346,124.0
212,214,1,98.39291,123.0
212,215,5,98.17482,122.0
212,216,4,97.72425,121.0
212,217,5,109.060844,120.0
212,218,2,77.86208,119.0
212,219,2,83.14498,118.0
212,220,4,84.958626,117.0
212,221,4,89.285095,116.0
212,222,0,91.93263,115.0
212,223,2,92.03351,114.0
212,224,1,72.44332,113.0
212,225,2,79.43038,112.0
212,226,1,65.58706,111.0
212,227,2,77.721344,110.0
212,228,5,99.488365,109.0
212,229,2,85.32926,108.0
212,230,5,79.994286,107.0
212,231,1,65.791176,106.0
212,232,0,76.40545,105.0
212,233,4,55.121162,104.0
212,234,1,64.336845,103.0
212,235,1,66.78882,102.0
212,236,4,68.10481,101.0
212,237,3,53.84016,100.0
212,238,0,68.095345,99.0
212,239,2,61.706894,98.0
212,240,2,54.85711,97.0
212,241,5,67.53368,96.0
212,242,4,74.8225,95.0
212,243,5,64.47274,94.0
212,244,3,73.88033,93.0
212,245,0,85.333145,92.0
212,246,4,88.17732,91.0
212,247,1,71.72857,90.0
212,248,3,89.605896,89.0
212,249,5,74.07139,88.0
212,250,2,72.30392,87.0
212,251,0,79.69428,86.0
212,252,2,78.054405,85.0
212,253,5,78.89662,84.0
212,254,4,67.09047,83.0
212,255,0,66.796425,82.0
212,256,4,66.062416,81.0
212,257,0,62.837105,80.0
212,258,0,63.565823,79.0
212,259,0,66.66619,78.0
212,260,4,66.4004,77.0
212,261,2,67.63755,76.0
213,36,1,121.5893,125.0
213,37,0,111.508354,125.0
213,38,1,115.83112,125.0
213,39,1,103.608894,125.0
213,40,3,112.995415,125.0
213,41,0,106.21427,125.0
213,42,5,128.39029,125.0
213,43,2,128.2843,125.0
213,44,2,127.22812,125.0
213,45,0,121.38361,125.0
213,46,3,120.6918,125.0
213,47,4,123.26683,125.0
213,48,0,104.09259,125.0
213,49,5,91.57899,125.0
213,50,5,98.195885,125.0
213,51,4,111.04359,125.0
213,52,2,115.674095,125.0
213,53,1,118.0708,125.0
213,54,3,122.98495,125.0
213,55,2,125.103966,125.0
213,56,3,125.07458,125.0
213,57,5,123.705345,125.0
213,58,1,126.96212,125.0
213,59,2,129.91113,125.0
213,60,1,132.34454,125.0
213,61,0,129.34914,125.0
213,62,5,135.90855,125.0
213,63,3,129.17972,125.0
213,64,3,132.5045,125.0
213,65,3,127.38106,125.0
213,66,2,127.92514,125.0
213,67,3,125.293724,125.0
213,68,5,122.310326,125.0
213,69,3,116.44861,125.0
213,70,3,108.917595,125.0
213,71,0,107.92799,125.0
213,72,0,117.054146,125.0
213,73,5,120.61583,125.0
213,74,3,111.666046,125.0
213,75,4,111.67188,125.0
213,76,1,113.24845,125.0
213,77,4,121.86777,125.0
213,78,3,116.18264,125.0
213,79,5,122.07097,125.0
213,80,2,124.699905,125.0
213,81,5,122.5064,125.0
213,82,5,123.53138,125.0
213,83,5,130.29562,125.0
213,84,5,121.01267,125.0
213,85,3,120.850266,125.0
213,86,5,104.09557,125.0
213,87,4,119.207924,125.0
213,88,5,110.11404,125.0
213,89,0,117.14193,125.0
213,90,2,122.092674,125.0
213,91,4,120.94561,125.0
213,92,5,118.92694,125.0
213,93,1,125.92997,125.0
213,94,5,122.69463,125.0
213,95,1,123.463234,125.0
213,96,0,120.82316,125.0
213,97,2,125.14455,125.0
213,98,0,122.36617,125.0
213,99,3,126.790276,125.0
213,100,4,123.19703,125.0
213,101,1,120.75038,125.0
213,102,2,109.91259,125.0
213,103,1,86.17265,125.0
213,104,4,73.63276,125.0
213,105,3,97.95774,125.0
213,106,2,93.03991,125.0
213,107,0,106.689896,125.0
213,108,5,102.38923,125.0
213,109,0,119.28993,125.0
213,110,5,119.528725,125.0
213,111,1,109.3228,125.0
213,112,2,107.05851,125.0
213,113,5,114.55696,125.0
213,114,4,104.40469,125.0
213,115,5,122.93785,125.0
213,116,4,111.64994,125.0
213,117,4,112.92421,125.0
213,118,5,109.90611,125.0
213,119,3,110.54697,125.0
213,120,2,115.54398,125.0
213,121,5,120.064964,125.0
213,122,5,126.31018,125.0
213,123,4,116.246956,125.0
213,124,5,92.98873,125.0
213,125,5,97.93319,125.0
213,126,2,99.61965,125.0
213,127,3,100.36444,125.0
213,128,2,118.994286,125.0
213,129,0,125.72657,125.0
213,130,3,122.010704,125.0
213,131,0,123.51612,125.0
213,132,0,117.5209,125.0
213,133,3,118.137054,125.0
213,134,0,112.732735,125.0
213,135,3,108.23041,125.0
213,136,0,118.302574,125.0
213,137,1,122.028435,125.0
213,138,0,123.195435,125.0
213,139,5,127.60682,125.0
213,140,0,119.92476,125.0
213,141,1,111.677605,125.0
213,142,1,112.46567,125.0
213,143,0,94.95548,125.0
213,144,1,94.57961,125.0
213,145,5,99.11065,125.0
213,146,3,106.24221,125.0
213,147,0,97.13764,125.0
213,148,5,105.984,125.0
213,149,3,107.28179,125.0
213,150,3,110.49563,125.0
213,151,2,110.84411,125.0
213,152,5,103.61787,125.0
213,153,2,107.27587,125.0
213,154,1,108.88235,125.0
213,155,0,111.59547,125.0
213,156,1,116.05761,125.0
213,157,0,114.493614,125.0
213,158,1,97.76931,125.0
213,159,5,96.426994,125.0
213,160,2,85.428604,125.0
213,161,0,78.49517,125.0
213,162,5,87.82801,125.0
213,163,2,67.8446,125.0
213,164,1,59.24331,125.0
213,165,2,56.3944,125.0
213,166,4,93.586235,125.0
213,167,2,83.72553,125.0
213,168,3,101.49691,125.0
213,169,3,97.09069,125.0
213,170,3,98.774635,125.0
213,171,4,96.105644,125.0
213,172,2,102.010155,125.0
213,173,1,111.54677,125.0
213,174,5,116.317764,125.0
213,175,1,109.37278,125.0
213,176,4,111.85662,125.0
213,177,4,104.82986,125.0
213,178,3,106.13221,124.0
213,179,1,119.04968,123.0
213,180,5,119.282845,122.0
213,181,1,106.455215,121.0
213,182,0,107.56661,120.0
213,183,3,113.68624,119.0
213,184,3,118.58172,118.0
213,185,4,111.06675,117.0
213,186,0,102.613846,116.0
213,187,5,105.68667,115.0
213,188,4,96.05749,114.0
213,189,3,102.39724,113.0
213,190,3,101.11132,112.0
213,191,4,106.09775,111.0
213,192,2,109.12275,110.0
213,193,1,98.56974,109.0
213,194,0,94.561714,108.0
213,195,5,102.11953,107.0
213,196,4,108.69243,106.0
213,197,5,105.56957,105.0
213,198,2,110.562065,104.0
213,199,5,105.06428,103.0
213,200,1,97.5593,102.0
213,201,5,91.02038,101.0
213,202,5,94.31962,100.0
213,203,5,78.16278,99.0
213,204,4,96.93307,98.0
213,205,5,80.91578,97.0
213,206,5,81.02332,96.0
213,207,3,85.41447,95.0
213,208,1,86.932106,94.0
213,209,5,81.55101,93.0
213,210,3,66.02205,92.0
213,211,0,67.4006,91.0
213,212,0,58.45787,90.0
213,213,5,62.013992,89.0
213,214,0,68.71973,88.0
213,215,4,62.150894,87.0
213,216,4,67.64547,86.0
213,217,2,51.381912,85.0
213,218,3,58.580517,84.0
213,219,5,58.86654,83.0
213,220,3,54.259796,82.0
213,221,0,58.200268,81.0
213,222,1,60.648384,80.0
213,223,5,60.00225,79.0
213,224,2,54.293327,78.0
213,225,0,54.44255,77.0
213,226,3,55.148735,76.0
213,227,4,52.18057,75.0
213,228,5,58.40089,74.0
213,229,1,46.655136,73.0
213,230,5,55.203506,72.0
213,231,2,53.386265,71.0
213,232,3,51.256676,70.0
213,233,0,46.997612,69.0
213,234,5,42.435585,68.0
213,235,0,40.61814,67.0
213,236,1,42.27407,66.0
213,237,1,34.467777,65.0
213,238,5,39.598404,64.0
213,239,0,45.5239,63.0
213,240,5,42.32766,62.0
213,241,5,37.157555,61.0
213,242,5,35.771072,60.0
213,243,5,35.855988,59.0
213,244,1,34.059643,58.0
213,245,0,34.32264,57.0
213,246,3,40.961506,56.0
213,247,0,41.952255,55.0
213,248,4,41.029213,54.0
213,249,5,40.199387,53.0
213,250,4,41.343876,52.0
213,251,5,35.050976,51.0
213,252,0,34.431046,50.0
213,253,5,33.26293,49.0
213,254,1,37.704803,48.0
213,255,1,31.939112,47.0
213,256,5,28.731974,46.0
213,257,5,29.020689,45.0
213,258,3,28.739336,44.0
213,259,3,29.291235,43.0
213,260,5,22.355503,42.0
213,261,4,30.683178,41.0
213,262,4,22.900467,40.0
213,263,2,20.247929,39.0
213,264,2,19.143877,38.0
213,265,0,16.156563,37.0
213,266,1,13.983019,36.0
213,267,1,20.035147,35.0
213,268,1,15.061417,34.0
213,269,5,16.265055,33.0
213,270,3,14.550385,32.0
213,271,0,12.459812,31.0
213,272,4,13.161549,30.0
213,273,0,13.731426,29.0
213,274,2,11.078621,28.0
213,275,5,13.116438,27.0
213,276,4,11.925854,26.0
213,277,1,11.3435135,25.0
213,278,2,10.885877,24.0
213,279,0,13.937372,23.0
213,280,1,13.384991,22.0
213,281,1,12.755088,21.0
213,282,0,13.079599,20.0
213,283,1,12.743647,19.0
213,284,0,13.777046,18.0
213,285,2,13.518709,17.0
213,286,2,14.213041,16.0
213,287,2,14.861633,15.0
213,288,1,13.755345,14.0
214,36,1,108.57402,125.0
214,37,4,114.22094,125.0
214,38,1,103.63381,125.0
214,39,1,95.8191,125.0
214,40,3,108.332695,125.0
214,41,1,91.91425,125.0
214,42,1,95.52352,125.0
214,43,0,98.759575,125.0
214,44,0,98.42746,125.0
214,45,3,108.01552,125.0
214,46,4,115.131645,125.0
214,47,1,115.61306,125.0
214,48,3,128.40941,125.0
214,49,3,119.32746,125.0
214,50,5,119.083435,125.0
214,51,5,118.41071,125.0
214,52,0,113.78876,125.0
214,53,2,112.74466,125.0
214,54,5,116.05772,125.0
214,55,2,120.36036,125.0
214,56,4,125.21412,125.0
214,57,0,120.68624,125.0
214,58,1,119.290634,125.0
214,59,4,120.004585,125.0
214,60,3,124.32264,125.0
214,61,1,120.12985,125.0
214,62,3,116.32479,125.0
214,63,0,118.04038,125.0
214,64,1,120.70368,125.0
214,65,2,122.87275,125.0
214,66,5,126.82346,125.0
214,67,3,119.18816,124.0
214,68,1,120.5666,123.0
214,69,5,127.201904,122.0
214,70,0,114.10778,121.0
214,71,4,108.25213,120.0
214,72,4,95.96182,119.0
214,73,4,88.64031,118.0
214,74,5,92.89126,117.0
214,75,2,93.88627,116.0
214,76,4,90.83615,115.0
214,77,5,85.71737,114.0
214,78,1,98.028336,113.0
214,79,0,109.34843,112.0
214,80,0,98.508736,111.0
214,81,4,102.021774,110.0
214,82,3,98.809456,109.0
214,83,5,94.50616,108.0
214,84,3,78.64892,107.0
214,85,2,78.04486,106.0
214,86,5,86.19247,105.0
214,87,1,84.202705,104.0
214,88,2,84.78971,103.0
214,89,5,89.26566,102.0
214,90,2,79.96282,101.0
214,91,1,93.65501,100.0
214,92,0,90.777725,99.0
214,93,5,85.98988,98.0
214,94,2,93.3783,97.0
214,95,1,85.54501,96.0
214,96,4,100.96476,95.0
214,97,0,84.37297,94.0
214,98,0,97.18432,93.0
214,99,1,105.7371,92.0
214,100,5,84.11332,91.0
214,101,4,92.366356,90.0
214,102,0,94.20919,89.0
215,36,1,121.22869,125.0
215,37,5,113.39959,125.0
215,38,2,123.1262,125.0
215,39,5,110.202415,125.0
215,40,2,117.71787,125.0
215,41,0,105.497536,125.0
215,42,1,104.93408,125.0
215,43,4,119.433044,125.0
215,44,3,123.2253,125.0
215,45,3,125.27575,125.0
215,46,5,125.988625,125.0
215,47,2,119.8879,125.0
215,48,3,124.98655,125.0
215,49,0,119.8378,125.0
215,50,0,109.90437,125.0
215,51,3,103.28551,125.0
215,52,2,98.79838,125.0
215,53,5,96.077705,125.0
215,54,1,108.58401,125.0
215,55,5,112.17892,125.0
215,56,5,111.02325,125.0
215,57,0,103.25185,125.0
215,58,4,115.58648,125.0
215,59,1,117.47776,125.0
215,60,0,112.99984,125.0
215,61,5,109.53775,125.0
215,62,5,104.28181,125.0
215,63,2,104.22907,125.0
215,64,0,118.101295,125.0
215,65,1,120.68079,125.0
215,66,4,123.06218,125.0
215,67,4,122.06808,125.0
215,68,3,118.29458,125.0
215,69,0,124.38253,125.0
215,70,1,117.57436,125.0
215,71,4,124.36466,125.0
215,72,5,120.26421,125.0
216,36,0,132.25836,125.0
216,37,5,121.233665,125.0
216,38,4,121.152016,125.0
216,39,1,120.8578,125.0
216,40,2,119.53477,125.0
216,41,5,119.446785,125.0
216,42,0,123.664925,125.0
216,43,4,121.430046,125.0
216,44,5,121.285904,125.0
216,45,4,118.59246,125.0
216,46,5,117.67554,125.0
216,47,2,108.88784,125.0
216,48,3,109.054634,125.0
216,49,5,95.73488,125.0
216,50,2,96.13451,125.0
216,51,0,93.22804,125.0
216,52,5,119.75861,125.0
216,53,4,113.96647,125.0
216,54,2,113.60891,125.0
216,55,3,105.983925,125.0
216,56,3,104.47387,125.0
216,57,2,112.40984,125.0
216,58,1,118.04161,125.0
216,59,5,123.62505,125.0
216,60,5,113.834496,125.0
216,61,2,108.008965,125.0
216,62,1,125.868126,125.0
216,63,2,119.14785,125.0
216,64,4,120.13666,125.0
216,65,0,108.000084,125.0
216,66,4,109.94146,125.0
216,67,4,104.08822,125.0
216,68,5,119.758,125.0
216,69,3,115.21364,125.0
216,70,5,122.77372,125.0
216,71,1,117.36942,125.0
216,72,1,118.90792,125.0
216,73,1,111.963615,125.0
216,74,2,113.24543,125.0
216,75,4,103.27332,125.0
216,76,3,98.006676,125.0
216,77,0,115.75406,125.0
216,78,0,111.948944,125.0
216,79,5,125.9084,125.0
216,80,5,121.518684,125.0
216,81,5,111.67616,125.0
216,82,1,108.69769,125.0
216,83,0,116.12735,125.0
216,84,3,121.04252,125.0
216,85,5,118.46169,125.0
216,86,2,122.89743,125.0
216,87,5,123.14994,125.0
216,88,3,123.98817,125.0
216,89,2,122.84142,125.0
216,90,1,121.847435,125.0
216,91,4,127.5,125.0
216,92,2,127.21004,125.0
216,93,1,126.989174,125.0
216,94,4,120.20037,125.0
216,95,5,122.02234,125.0
216,96,5,119.31454,125.0
216,97,1,118.08149,125.0
216,98,4,126.439735,125.0
216,99,5,123.937035,125.0
216,100,1,122.42394,125.0
216,101,0,109.61229,125.0
216,102,4,120.80904,125.0
216,103,0,127.86004,125.0
216,104,4,125.7931,125.0
216,105,3,120.33134,125.0
216,106,1,120.759926,125.0
216,107,0,111.88752,125.0
216,108,5,114.185005,125.0
216,109,5,112.48022,125.0
216,110,2,106.89829,125.0
216,111,4,124.93276,125.0
216,112,4,115.6819,125.0
216,113,5,116.26552,125.0
216,114,4,112.40954,125.0
216,115,1,111.58831,125.0
216,116,0,119.66567,125.0
216,117,2,109.80053,125.0
216,118,0,119.41625,125.0
216,119,2,122.66805,125.0
216,120,2,116.21607,125.0
216,121,1,118.369644,125.0
216,122,5,123.160164,125.0
216,123,0,110.888054,125.0
216,124,5,117.876045,125.0
216,125,0,115.507454,125.0
216,126,2,115.60259,125.0
216,127,3,114.41494,125.0
216,128,3,113.23672,125.0
216,129,3,119.0326,125.0
216,130,5,106.95956,125.0
216,131,3,107.33468,125.0
216,132,1,118.34814,125.0
216,133,5,109.43479,125.0
216,134,3,109.30337,125.0
216,135,1,107.15436,125.0
216,136,3,103.04454,125.0
216,137,3,103.25737,125.0
216,138,3,107.766045,125.0
216,139,5,95.16328,125.0
216,140,3,111.98169,125.0
216,141,4,106.620964,125.0
216,142,5,113.59777,125.0
216,143,5,115.23206,125.0
216,144,2,103.04155,125.0
216,145,1,116.88935,125.0
216,146,4,120.21292,125.0
216,147,4,114.106544,125.0
216,148,3,112.27037,125.0
216,149,1,111.33713,125.0
216,150,4,111.843376,125.0
216,151,0,104.07375,125.0
216,152,2,119.840546,125.0
216,153,1,114.300026,125.0
216,154,3,116.65243,125.0
216,155,4,113.41027,125.0
216,156,4,119.87179,125.0
216,157,5,109.666855,124.0
216,158,5,121.47021,123.0
216,159,3,121.37517,122.0
216,160,2,125.019646,121.0
216,161,4,119.95855,120.0
216,162,1,109.03908,119.0
216,163,4,112.934715,118.0
216,164,5,115.90775,117.0
216,165,2,111.15215,116.0
216,166,5,108.79237,115.0
216,167,2,109.02094,114.0
216,168,4,111.92609,113.0
216,169,4,102.00977,112.0
216,170,0,119.69253,111.0
216,171,5,117.322784,110.0
216,172,1,111.79975,109.0
216,173,3,117.21305,108.0
216,174,0,109.95588,107.0
216,175,4,121.5702,106.0
216,176,0,130.39671,105.0
216,177,0,127.70704,104.0
216,178,3,119.83556,103.0
216,179,5,113.191414,102.0
216,180,5,102.566246,101.0
216,181,2,97.49375,100.0
216,182,5,103.65571,99.0
216,183,5,100.6826,98.0
216,184,5,90.10918,97.0
216,185,1,117.93595,96.0
216,186,4,127.255325,95.0
216,187,5,111.068504,94.0
216,188,0,113.57875,93.0
216,189,2,96.270485,92.0
216,190,2,108.76568,91.0
216,191,5,96.234406,90.0
216,192,3,96.21333,89.0
216,193,3,86.625435,88.0
216,194,1,97.67376,87.0
216,195,0,100.00802,86.0
216,196,5,89.451836,85.0
216,197,4,96.87894,84.0
216,198,0,101.452995,83.0
216,199,1,97.80582,82.0
216,200,1,94.612206,81.0
216,201,5,86.74887,80.0
216,202,2,75.936035,79.0
216,203,4,75.91421,78.0
216,204,3,85.64343,77.0
216,205,2,81.7048,76.0
216,206,1,64.508545,75.0
216,207,5,91.75378,74.0
216,208,2,91.284676,73.0
216,209,4,76.3206,72.0
216,210,0,89.02076,71.0
216,211,5,104.045525,70.0
216,212,3,104.86436,69.0
216,213,5,101.70402,68.0
216,214,3,82.12032,67.0
216,215,4,86.91899,66.0
216,216,2,76.4905,65.0
216,217,4,86.02888,64.0
216,218,5,96.91067,63.0
216,219,3,90.07904,62.0
216,220,5,97.20127,61.0
216,221,4,97.51982,60.0
216,222,3,88.408394,59.0
216,223,4,84.348145,58.0
216,224,4,88.15673,57.0
216,225,2,70.5426,56.0
216,226,3,67.86918,55.0
216,227,5,72.13771,54.0
216,228,0,69.462265,53.0
216,229,5,70.81389,52.0
216,230,5,64.82515,51.0
216,231,4,62.727905,50.0
216,232,5,56.190887,49.0
216,233,1,66.25364,48.0
216,234,5,65.73272,47.0
216,235,1,73.77148,46.0
216,236,2,69.591866,45.0
216,237,5,69.73191,44.0
216,238,0,78.92356,43.0
216,239,0,84.782875,42.0
216,240,3,69.81944,41.0
216,241,2,79.67138,40.0
216,242,5,73.36875,39.0
216,243,1,63.810314,38.0
216,244,2,65.40355,37.0
216,245,4,60.699135,36.0
216,246,5,58.518116,35.0
216,247,3,60.675938,34.0
216,248,5,50.140656,33.0
216,249,0,72.24778,32.0
216,250,4,72.75668,31.0
216,251,0,68.934746,30.0
216,252,3,60.691376,29.0
216,253,5,86.673775,28.0
216,254,1,93.03981,27.0
216,255,3,83.4818,26.0
216,256,3,55.79464,25.0
216,257,5,86.90526,24.0
216,258,5,87.411255,23.0
216,259,1,76.6148,22.0
216,260,2,60.99694,21.0
216,261,1,46.78763,20.0
216,262,5,56.605614,19.0
216,263,5,58.853622,18.0
216,264,1,46.608166,17.0
217,36,5,118.410164,125.0
217,37,3,121.46715,125.0
217,38,1,130.50441,125.0
217,39,3,123.09199,125.0
217,40,3,120.428185,125.0
217,41,0,112.11343,125.0
217,42,3,114.732765,125.0
217,43,3,96.959236,125.0
217,44,5,121.5431,125.0
217,45,3,93.60212,125.0
217,46,0,99.571625,125.0
217,47,2,108.693695,125.0
217,48,0,106.01285,125.0
217,49,4,107.27245,125.0
217,50,1,107.14014,125.0
217,51,5,92.40823,125.0
217,52,5,115.17537,125.0
217,53,0,110.92935,125.0
217,54,1,113.23131,125.0
217,55,2,108.65388,125.0
217,56,4,120.55198,125.0
217,57,3,115.9311,125.0
217,58,4,119.99297,125.0
217,59,0,117.738335,125.0
217,60,1,118.87221,125.0
217,61,5,117.9606,125.0
217,62,3,120.43252,125.0
217,63,4,125.00231,125.0
217,64,5,123.70608,125.0
217,65,4,117.56815,125.0
217,66,4,114.81679,125.0
217,67,2,115.2444,125.0
217,68,3,116.8724,125.0
217,69,4,103.027016,125.0
217,70,3,95.865395,125.0
217,71,0,114.26162,125.0
217,72,1,118.02129,125.0
217,73,3,111.189125,125.0
217,74,5,118.46224,125.0
217,75,2,114.74081,125.0
217,76,2,108.842,125.0
217,77,0,122.98853,125.0
217,78,5,110.81985,125.0
217,79,4,123.84313,125.0
217,80,3,124.464775,125.0
217,81,2,127.96824,125.0
217,82,4,130.41391,125.0
217,83,5,124.955246,124.0
217,84,2,122.17675,123.0
217,85,5,121.402054,122.0
217,86,5,120.59173,121.0
217,87,2,119.2286,120.0
217,88,2,114.43609,119.0
217,89,5,108.56744,118.0
217,90,5,98.096535,117.0
217,91,2,101.7214,116.0
217,92,0,99.88624,115.0
217,93,3,110.93704,114.0
217,94,3,115.88935,113.0
217,95,1,110.297676,112.0
217,96,5,121.57545,111.0
217,97,1,122.246086,110.0
217,98,5,110.88552,109.0
217,99,1,109.63259,108.0
217,100,5,109.17331,107.0
217,101,3,106.40017,106.0
217,102,1,116.25904,105.0
217,103,3,106.794716,104.0
217,104,0,112.30469,103.0
217,105,4,115.47818,102.0
217,106,2,113.72318,101.0
217,107,1,112.63115,100.0
217,108,3,97.6896,99.0
217,109,2,94.85136,98.0
217,110,2,113.19102,97.0
217,111,4,107.78045,96.0
217,112,5,104.88518,95.0
217,113,1,105.4923,94.0
217,114,2,105.42539,93.0
217,115,1,95.09542,92.0
217,116,5,105.239586,91.0
217,117,5,113.97617,90.0
217,118,5,106.483894,89.0
217,119,4,109.92123,88.0
217,120,3,107.01828,87.0
217,121,0,98.19168,86.0
217,122,3,110.80256,85.0
217,123,2,115.9693,84.0
217,124,5,108.488495,83.0
217,125,3,111.574745,82.0
217,126,3,103.54392,81.0
217,127,5,108.25512,80.0
217,128,5,115.71661,79.0
217,129,3,107.04665,78.0
217,130,5,102.83006,77.0
217,131,0,106.92544,76.0
217,132,5,83.152016,75.0
217,133,3,106.010124,74.0
217,134,3,98.58692,73.0
217,135,5,106.2669,72.0
217,136,5,104.361206,71.0
217,137,4,104.96064,70.0
217,138,1,114.827126,69.0
217,139,1,116.11,68.0
217,140,2,117.13371,67.0
217,141,5,116.608864,66.0
218,36,3,122.05465,125.0
218,37,2,119.49297,125.0
218,38,5,122.14635,125.0
218,39,1,124.91944,125.0
218,40,0,123.37528,125.0
218,41,4,121.20643,125.0
218,42,3,120.20223,125.0
218,43,3,118.51599,125.0
218,44,1,112.83813,125.0
218,45,5,115.4347,125.0
218,46,4,120.492546,125.0
218,47,0,120.06195,125.0
218,48,5,120.57521,125.0
218,49,2,114.19674,125.0
218,50,3,111.74206,125.0
218,51,5,109.563255,125.0
218,52,5,110.724556,125.0
218,53,4,108.58561,125.0
218,54,0,94.91049,125.0
218,55,2,93.389534,125.0
218,56,2,100.04779,125.0
218,57,0,88.4813,125.0
218,58,0,98.64381,125.0
218,59,1,114.55381,125.0
218,60,1,109.430855,125.0
218,61,4,118.79081,125.0
218,62,3,114.3541,125.0
218,63,0,121.18424,125.0
219,36,4,124.53741,115.0
219,37,5,128.91022,114.0
219,38,3,129.36691,113.0
219,39,2,126.39065,112.0
219,40,0,121.39574,111.0
219,41,2,117.77427,110.0
219,42,2,115.57328,109.0
219,43,2,101.90537,108.0
219,44,2,105.60746,107.0
219,45,0,115.94851,106.0
219,46,5,116.7416,105.0
219,47,5,118.52947,104.0
219,48,3,97.441376,103.0
219,49,2,96.092064,102.0
219,50,2,91.018005,101.0
219,51,0,90.967316,100.0
219,52,5,95.16544,99.0
219,53,3,111.03852,98.0
219,54,3,118.043335,97.0
219,55,2,115.75237,96.0
219,56,4,107.64883,95.0
219,57,0,106.312904,94.0
219,58,5,103.418304,93.0
219,59,2,106.8244,92.0
219,60,4,103.24001,91.0
219,61,5,106.4791,90.0
219,62,1,110.25155,89.0
219,63,1,104.83332,88.0
219,64,5,110.82995,87.0
219,65,5,116.47125,86.0
219,66,0,110.36906,85.0
219,67,2,117.5905,84.0
219,68,4,118.02037,83.0
219,69,1,109.29624,82.0
219,70,5,98.0588,81.0
219,71,1,95.4276,80.0
219,72,1,76.29841,79.0
219,73,5,99.75555,78.0
219,74,5,95.302605,77.0
219,75,3,93.29011,76.0
219,76,5,98.17858,75.0
219,77,0,103.42407,74.0
219,78,0,107.85052,73.0
219,79,5,113.029655,72.0
219,80,3,120.09109,71.0
219,81,5,119.46429,70.0
219,82,5,120.68072,69.0
219,83,4,117.73333,68.0
219,84,1,115.37901,67.0
219,85,2,122.30349,66.0
219,86,1,120.44131,65.0
219,87,2,116.30683,64.0
219,88,0,117.101685,63.0
219,89,0,120.95083,62.0
219,90,1,112.44385,61.0
219,91,3,119.96955,60.0
219,92,4,117.22389,59.0
219,93,4,98.396866,58.0
219,94,4,103.32505,57.0
219,95,1,102.64291,56.0
219,96,5,105.95818,55.0
219,97,5,101.05955,54.0
219,98,0,95.3485,53.0
219,99,4,95.18522,52.0
219,100,2,101.5273,51.0
219,101,0,114.4636,50.0
219,102,5,120.083595,49.0
219,103,2,109.026596,48.0
219,104,1,94.38903,47.0
219,105,0,78.61079,46.0
219,106,5,89.83198,45.0
219,107,1,98.21717,44.0
219,108,2,98.96867,43.0
219,109,0,101.04274,42.0
219,110,0,89.55993,41.0
220,36,5,102.348915,125.0
220,37,4,113.59101,125.0
220,38,5,109.36915,125.0
220,39,2,122.42193,125.0
220,40,2,114.605255,125.0
220,41,5,110.70063,125.0
220,42,5,103.793655,125.0
220,43,0,122.18322,125.0
220,44,1,110.88514,125.0
220,45,5,118.60665,125.0
220,46,0,120.118095,125.0
220,47,2,119.111755,125.0
220,48,2,124.83831,125.0
220,49,0,119.07449,125.0
220,50,1,111.173515,125.0
220,51,0,105.55662,125.0
220,52,4,113.97326,125.0
220,53,0,108.387856,125.0
220,54,5,126.49488,125.0
220,55,5,121.18633,125.0
220,56,1,120.20568,125.0
220,57,1,120.991104,125.0
220,58,3,112.486595,125.0
220,59,1,113.358696,125.0
220,60,1,107.48745,125.0
220,61,5,101.39524,125.0
220,62,3,106.59028,125.0
220,63,1,97.40252,125.0
220,64,4,110.11404,125.0
220,65,4,110.45564,125.0
221,36,5,96.8457,125.0
221,37,1,90.85934,125.0
221,38,0,102.69899,125.0
221,39,5,97.23336,125.0
221,40,2,101.52276,125.0
221,41,2,110.77796,125.0
221,42,2,114.16183,125.0
221,43,4,118.57564,125.0
221,44,1,123.165306,125.0
221,45,2,107.50948,125.0
221,46,4,114.62438,125.0
221,47,0,124.25141,125.0
221,48,2,123.63201,125.0
221,49,1,115.38312,125.0
221,50,4,120.582436,125.0
221,51,5,121.886055,125.0
221,52,0,125.35609,125.0
221,53,4,123.690346,125.0
221,54,5,125.312035,125.0
221,55,1,124.80532,125.0
221,56,1,119.2654,125.0
221,57,1,111.433334,125.0
221,58,5,121.12526,125.0
221,59,3,123.01898,125.0
221,60,2,120.562386,125.0
221,61,0,115.04486,125.0
221,62,1,119.45892,125.0
221,63,3,117.83826,125.0
221,64,1,118.13183,125.0
221,65,2,113.4746,125.0
221,66,5,124.41328,125.0
221,67,2,130.04352,125.0
221,68,1,122.274574,125.0
221,69,5,120.58711,125.0
221,70,0,117.80686,125.0
221,71,5,126.3527,125.0
221,72,3,126.25115,125.0
221,73,3,122.69462,125.0
221,74,0,117.451775,125.0
221,75,4,122.06699,125.0
221,76,1,121.36767,125.0
221,77,2,120.963554,125.0
221,78,5,116.77394,125.0
221,79,4,118.19159,125.0
221,80,5,128.12556,125.0
221,81,1,120.32932,125.0
221,82,5,126.99834,125.0
221,83,0,128.47076,125.0
221,84,3,121.173485,125.0
221,85,4,124.13151,125.0
221,86,2,120.95722,125.0
221,87,1,112.49822,125.0
221,88,2,117.75068,125.0
221,89,0,113.55659,125.0
221,90,5,116.85619,125.0
221,91,4,124.63155,125.0
221,92,1,125.80615,125.0
221,93,3,123.0369,125.0
221,94,0,114.133255,125.0
221,95,5,119.94308,125.0
221,96,5,120.01725,125.0
221,97,4,116.91006,125.0
221,98,2,125.8119,125.0
221,99,0,127.32427,125.0
221,100,5,123.033516,125.0
221,101,5,133.18015,125.0
221,102,3,124.45553,125.0
221,103,2,121.49943,125.0
221,104,4,118.66035,125.0
221,105,2,110.8045,125.0
221,106,3,118.514244,125.0
221,107,2,120.79159,125.0
221,108,3,110.407974,125.0
221,109,3,100.16113,125.0
221,110,0,117.23777,125.0
221,111,0,117.16634,125.0
221,112,3,113.80689,125.0
221,113,3,112.17929,125.0
221,114,5,109.09935,125.0
221,115,5,121.79012,125.0
221,116,5,119.99685,125.0
221,117,5,112.429344,125.0
221,118,0,120.1658,125.0
221,119,2,113.402885,125.0
221,120,2,114.35097,125.0
221,121,1,124.083374,125.0
221,122,5,120.289276,125.0
221,123,2,117.0736,125.0
221,124,3,115.67997,125.0
221,125,2,115.88798,124.0
221,126,4,121.37609,123.0
221,127,4,118.35409,122.0
221,128,4,111.06721,121.0
221,129,3,96.194466,120.0
221,130,4,102.97615,119.0
221,131,5,108.29907,118.0
221,132,1,111.23705,117.0
221,133,4,85.89407,116.0
221,134,1,60.141094,115.0
221,135,2,77.14648,114.0
221,136,1,80.26617,113.0
221,137,3,59.578087,112.0
221,138,5,69.676895,111.0
221,139,4,66.73942,110.0
221,140,0,75.09495,109.0
221,141,1,64.3307,108.0
221,142,4,65.36642,107.0
221,143,4,60.531723,106.0
221,144,4,73.04636,105.0
221,145,5,74.6773,104.0
221,146,0,92.423584,103.0
221,147,5,91.09088,102.0
221,148,5,90.31791,101.0
221,149,0,84.428925,100.0
221,150,3,84.782234,99.0
221,151,2,97.41986,98.0
221,152,3,103.78043,97.0
221,153,3,95.50119,96.0
221,154,4,105.56845,95.0
221,155,5,103.40744,94.0
221,156,1,102.00077,93.0
221,157,4,108.50334,92.0
221,158,4,110.97826,91.0
221,159,2,98.277374,90.0
221,160,4,90.5995,89.0
221,161,0,89.53337,88.0
221,162,1,76.73435,87.0
221,163,3,76.34193,86.0
221,164,5,66.28134,85.0
221,165,4,76.99438,84.0
221,166,4,84.22038,83.0
221,167,0,82.880714,82.0
221,168,5,90.778885,81.0
221,169,3,99.87522,80.0
221,170,3,84.912796,79.0
221,171,0,82.47464,78.0
221,172,4,73.692505,77.0
221,173,1,58.118526,76.0
221,174,3,57.20645,75.0
221,175,0,56.658215,74.0
221,176,2,51.907093,73.0
222,36,4,86.47074,125.0
222,37,0,91.79258,125.0
222,38,1,86.98417,125.0
222,39,1,98.69041,125.0
222,40,3,102.32453,125.0
222,41,5,109.79786,125.0
222,42,5,99.2398,125.0
222,43,2,115.98116,125.0
222,44,5,127.0312,125.0
222,45,5,130.09744,125.0
222,46,4,133.54764,125.0
222,47,5,127.44424,125.0
222,48,5,124.215034,125.0
222,49,4,113.58165,125.0
222,50,2,116.52589,125.0
222,51,5,112.6202,125.0
222,52,5,117.02446,125.0
222,53,3,122.54012,125.0
222,54,2,109.83897,125.0
222,55,0,125.949974,125.0
222,56,0,120.74825,125.0
222,57,0,119.87579,125.0
222,58,2,116.759865,125.0
222,59,0,128.00015,125.0
222,60,5,115.22178,125.0
222,61,3,121.1622,125.0
222,62,0,121.582504,125.0
222,63,1,127.24012,125.0
222,64,0,120.644295,125.0
222,65,0,112.73333,125.0
222,66,4,124.51766,125.0
222,67,1,131.71317,125.0
222,68,1,128.73056,125.0
222,69,2,117.99881,125.0
222,70,3,124.457855,125.0
222,71,0,116.32009,125.0
222,72,3,117.32978,125.0
222,73,1,119.15702,125.0
222,74,4,107.735146,125.0
222,75,0,78.72079,125.0
222,76,4,80.73607,125.0
222,77,5,101.62579,125.0
222,78,3,102.56323,125.0
222,79,0,101.626305,125.0
222,80,2,111.43023,125.0
222,81,5,122.43883,125.0
222,82,4,113.30868,125.0
222,83,5,115.17431,125.0
222,84,3,126.0286,125.0
222,85,1,120.803474,125.0
222,86,3,113.77689,125.0
222,87,0,117.10738,125.0
222,88,4,115.78523,125.0
222,89,5,112.09189,125.0
222,90,5,97.95164,125.0
222,91,3,97.52121,125.0
222,92,5,98.44829,125.0
222,93,3,99.299576,124.0
222,94,0,111.45045,123.0
222,95,2,103.93746,122.0
222,96,3,105.7386,121.0
222,97,3,97.590546,120.0
222,98,2,107.73559,119.0
222,99,0,103.03567,118.0
222,100,3,99.37554,117.0
222,101,0,94.52787,116.0
222,102,5,90.23762,115.0
222,103,5,98.59429,114.0
222,104,3,100.04615,113.0
222,105,5,106.25506,112.0
222,106,5,98.044914,111.0
222,107,5,89.048256,110.0
222,108,0,98.719154,109.0
222,109,2,111.188484,108.0
222,110,3,119.39074,107.0
222,111,3,119.96975,106.0
222,112,5,119.012856,105.0
222,113,4,113.76566,104.0
222,114,3,125.12396,103.0
222,115,2,115.982925,102.0
222,116,4,116.42946,101.0
222,117,5,110.68604,100.0
222,118,0,114.54441,99.0
222,119,5,119.08957,98.0
222,120,3,115.79733,97.0
222,121,0,92.67816,96.0
222,122,0,92.44422,95.0
222,123,0,93.1991,94.0
222,124,5,101.50339,93.0
222,125,4,98.17077,92.0
222,126,5,95.93598,91.0
222,127,4,93.45726,90.0
222,128,0,106.4289,89.0
222,129,1,95.45164,88.0
222,130,0,92.52589,87.0
222,131,0,97.621605,86.0
222,132,5,90.74772,85.0
222,133,4,76.050896,84.0
222,134,3,55.17163,83.0
222,135,3,51.85813,82.0
222,136,1,37.180588,81.0
222,137,3,35.763878,80.0
222,138,2,60.206726,79.0
222,139,5,70.3774,78.0
222,140,1,69.5406,77.0
222,141,4,44.932182,76.0
222,142,5,52.19615,75.0
222,143,1,49.536125,74.0
222,144,4,51.52752,73.0
222,145,5,49.474495,72.0
222,146,5,53.90867,71.0
222,147,5,54.46689,70.0
222,148,3,59.050537,69.0
222,149,3,58.63624,68.0
222,150,5,58.001938,67.0
222,151,1,46.85146,66.0
222,152,2,41.321114,65.0
222,153,0,44.40818,64.0
222,154,4,44.263138,63.0
222,155,3,46.035,62.0
222,156,1,48.571922,61.0
222,157,4,47.373928,60.0
222,158,5,45.193047,59.0
222,159,4,47.9863,58.0
222,160,0,39.488358,57.0
222,161,5,40.156586,56.0
222,162,3,44.519836,55.0
222,163,3,48.67475,54.0
222,164,1,49.846436,53.0
222,165,2,47.67401,52.0
222,166,1,41.27043,51.0
222,167,0,43.13008,50.0
222,168,4,43.234398,49.0
222,169,2,37.71309,48.0
222,170,5,40.498116,47.0
222,171,4,38.288948,46.0
222,172,5,35.432297,45.0
222,173,0,36.080555,44.0
222,174,5,41.379635,43.0
222,175,5,33.912994,42.0
222,176,0,37.45459,41.0
222,177,1,39.003166,40.0
222,178,5,38.644962,39.0
223,36,1,119.32819,125.0
223,37,0,114.75658,125.0
223,38,5,116.14237,125.0
223,39,0,127.44526,125.0
223,40,5,128.9325,125.0
223,41,4,124.94989,125.0
223,42,5,120.51008,125.0
223,43,0,125.034966,125.0
223,44,3,123.371666,125.0
223,45,2,110.71505,125.0
223,46,0,121.219505,125.0
223,47,5,109.99212,125.0
223,48,1,127.27475,125.0
223,49,3,123.13343,125.0
223,50,4,128.08694,125.0
223,51,3,132.27423,125.0
223,52,5,127.43693,125.0
223,53,0,131.4487,125.0
223,54,0,122.63369,125.0
223,55,3,115.89976,125.0
223,56,1,130.31895,125.0
223,57,4,119.87443,125.0
223,58,0,123.72021,125.0
223,59,0,110.81229,125.0
223,60,1,127.63143,125.0
223,61,3,122.53773,125.0
223,62,0,120.26292,125.0
223,63,0,120.496605,125.0
223,64,3,117.95353,125.0
223,65,1,120.22524,125.0
223,66,0,121.74117,125.0
223,67,1,120.069695,125.0
223,68,0,122.42616,125.0
223,69,0,112.10058,125.0
223,70,0,117.48591,125.0
223,71,2,123.568985,125.0
223,72,3,122.43835,125.0
223,73,5,121.02502,125.0
223,74,2,125.50298,125.0
223,75,3,116.836006,125.0
223,76,2,121.624855,125.0
223,77,2,127.637535,125.0
223,78,5,115.89617,125.0
223,79,2,104.313034,125.0
223,80,3,116.27424,125.0
223,81,0,107.68621,125.0
223,82,3,122.9403,125.0
223,83,5,97.9999,125.0
223,84,1,94.34145,125.0
223,85,0,112.37969,125.0
223,86,4,117.22963,125.0
223,87,5,114.53836,125.0
223,88,2,102.593956,125.0
223,89,5,90.94285,125.0
223,90,5,86.418655,125.0
223,91,3,96.63501,125.0
223,92,4,119.19705,125.0
223,93,5,110.69619,125.0
223,94,5,110.49098,125.0
223,95,0,112.670395,125.0
223,96,0,120.78823,125.0
223,97,2,115.552635,125.0
223,98,1,110.91674,125.0
223,99,4,121.27371,125.0
223,100,1,115.363884,125.0
223,101,5,97.065315,125.0
223,102,5,104.469124,125.0
223,103,3,104.88027,125.0
223,104,5,100.58074,125.0
223,105,4,96.96755,125.0
223,106,4,79.82473,125.0
223,107,1,67.94438,125.0
223,108,2,85.35044,125.0
223,109,2,94.47805,125.0
223,110,1,84.533195,125.0
223,111,0,95.13976,125.0
223,112,5,92.29704,125.0
223,113,5,103.76438,125.0
223,114,5,114.45254,125.0
223,115,0,123.94778,125.0
223,116,3,127.41179,125.0
223,117,2,121.138695,125.0
223,118,3,118.45835,125.0
223,119,1,119.217476,125.0
223,120,4,115.39022,125.0
223,121,1,128.48125,125.0
223,122,0,115.924416,125.0
223,123,0,122.806755,125.0
223,124,3,125.51687,125.0
223,125,0,122.830154,125.0
223,126,4,119.96749,125.0
223,127,4,126.184074,125.0
223,128,4,112.86373,125.0
223,129,4,116.73263,125.0
223,130,5,119.14524,125.0
223,131,0,121.86355,125.0
223,132,5,123.185455,125.0
223,133,1,125.56352,125.0
223,134,1,124.0747,125.0
223,135,4,122.97152,125.0
223,136,2,124.673225,125.0
223,137,3,127.05513,125.0
223,138,2,127.24682,125.0
223,139,5,129.72263,125.0
223,140,4,121.19322,125.0
223,141,1,124.17356,125.0
223,142,5,125.643776,125.0
223,143,4,124.41177,125.0
223,144,4,126.60854,125.0
223,145,5,113.13645,125.0
223,146,0,121.24781,125.0
223,147,4,129.81564,125.0
223,148,3,117.1455,125.0
223,149,5,124.852615,125.0
223,150,1,122.03358,125.0
223,151,4,124.74241,125.0
223,152,2,128.86221,125.0
223,153,2,133.11534,125.0
223,154,5,121.80082,125.0
223,155,5,114.99236,125.0
223,156,1,120.44272,125.0
223,157,3,127.27903,125.0
223,158,5,125.674286,125.0
223,159,0,122.48968,125.0
223,160,4,130.36218,125.0
223,161,5,125.15154,125.0
223,162,3,128.66086,125.0
223,163,1,135.10837,125.0
223,164,3,126.30937,125.0
223,165,5,129.98834,125.0
223,166,2,124.925285,125.0
223,167,2,126.69514,125.0
223,168,5,122.74875,125.0
223,169,0,116.451225,125.0
223,170,2,125.8529,125.0
223,171,2,131.20735,125.0
223,172,3,122.38075,125.0
223,173,5,123.99572,125.0
223,174,5,118.92713,125.0
223,175,0,106.06376,125.0
223,176,2,107.88433,125.0
223,177,2,101.46137,125.0
223,178,3,116.3164,125.0
223,179,5,113.85182,125.0
223,180,5,115.55232,125.0
223,181,1,120.53758,125.0
223,182,5,125.84262,125.0
223,183,5,120.90583,125.0
223,184,0,120.47884,125.0
223,185,5,121.28373,125.0
223,186,0,126.24857,125.0
223,187,2,132.50919,125.0
223,188,5,116.99323,125.0
223,189,0,128.0181,125.0
223,190,4,117.40086,125.0
223,191,5,126.220276,125.0
223,192,2,125.96148,125.0
223,193,4,129.97696,125.0
223,194,0,128.78049,125.0
223,195,3,127.49396,125.0
223,196,5,124.202614,125.0
223,197,2,103.36558,125.0
223,198,3,104.34872,125.0
223,199,3,102.90157,125.0
223,200,1,111.087456,125.0
223,201,0,91.31893,125.0
223,202,3,82.969315,125.0
223,203,2,100.341194,125.0
223,204,5,98.69192,125.0
223,205,3,110.82528,125.0
223,206,0,107.720535,125.0
223,207,5,123.17636,125.0
223,208,4,123.0908,125.0
223,209,3,110.02355,125.0
223,210,5,116.72967,125.0
223,211,3,107.8592,125.0
223,212,3,127.55622,125.0
223,213,3,122.428215,125.0
223,214,5,117.21653,125.0
223,215,2,114.0724,125.0
223,216,0,110.81995,125.0
223,217,5,106.16389,125.0
223,218,3,107.87166,125.0
223,219,5,115.340126,125.0
223,220,0,107.05142,125.0
223,221,1,107.34806,125.0
223,222,0,106.72853,125.0
223,223,4,98.856384,125.0
223,224,5,102.423584,125.0
223,225,4,99.09603,125.0
223,226,3,107.10192,125.0
223,227,1,92.33809,125.0
223,228,4,74.078835,125.0
223,229,2,68.73647,125.0
223,230,4,53.786167,125.0
223,231,5,60.94554,125.0
223,232,0,75.03829,125.0
223,233,1,70.1522,125.0
223,234,0,74.83446,125.0
223,235,3,82.534966,125.0
223,236,0,74.09724,125.0
223,237,3,81.8925,125.0
223,238,5,93.366646,125.0
223,239,1,76.49865,124.0
223,240,5,86.619995,123.0
223,241,2,92.67334,122.0
223,242,0,104.01197,121.0
223,243,2,105.15344,120.0
223,244,5,105.60099,119.0
223,245,0,111.48016,118.0
223,246,5,100.01114,117.0
223,247,4,93.092094,116.0
223,248,2,107.77909,115.0
223,249,0,103.96137,114.0
223,250,0,110.11747,113.0
223,251,2,88.13215,112.0
223,252,3,95.456856,111.0
223,253,0,86.39154,110.0
223,254,4,108.250015,109.0
223,255,5,96.64339,108.0
223,256,3,99.40156,107.0
223,257,4,101.660965,106.0
223,258,1,91.62748,105.0
223,259,4,68.129005,104.0
223,260,4,57.373672,103.0
223,261,1,57.570442,102.0
223,262,5,64.098625,101.0
223,263,5,82.91068,100.0
223,264,3,75.93261,99.0
223,265,1,62.33155,98.0
223,266,0,64.0127,97.0
223,267,2,61.203278,96.0
223,268,2,66.99093,95.0
223,269,2,54.369526,94.0
223,270,2,50.38233,93.0
223,271,5,73.09765,92.0
223,272,4,62.44381,91.0
223,273,2,69.61794,90.0
223,274,0,74.54159,89.0
223,275,2,63.889927,88.0
223,276,5,56.44283,87.0
223,277,3,49.461212,86.0
223,278,2,69.729195,85.0
223,279,0,63.047745,84.0
223,280,4,62.615635,83.0
223,281,4,66.678024,82.0
223,282,1,59.846954,81.0
223,283,2,62.4957,80.0
223,284,1,60.111645,79.0
223,285,1,52.033516,78.0
223,286,5,62.77017,77.0
223,287,0,53.88672,76.0
223,288,5,68.549644,75.0
223,289,3,69.84489,74.0
223,290,5,69.65455,73.0
223,291,5,62.02761,72.0
223,292,4,75.6943,71.0
223,293,2,80.63018,70.0
223,294,1,80.874,69.0
223,295,1,63.77678,68.0
223,296,1,59.39688,67.0
223,297,5,54.426445,66.0
223,298,5,59.115036,65.0
223,299,4,45.846367,64.0
223,300,0,46.551292,63.0
223,301,4,44.02135,62.0
223,302,2,46.04371,61.0
223,303,2,39.990677,60.0
223,304,5,45.42821,59.0
223,305,5,44.58551,58.0
224,36,3,121.7521,125.0
224,37,0,119.46893,125.0
224,38,2,121.75002,125.0
224,39,5,114.705376,125.0
224,40,1,124.86196,125.0
224,41,5,124.60496,125.0
224,42,4,123.55445,124.0
224,43,0,122.202705,123.0
224,44,3,125.07668,122.0
224,45,3,118.3218,121.0
224,46,5,114.997025,120.0
224,47,5,105.36715,119.0
224,48,1,103.72802,118.0
224,49,2,123.82106,117.0
224,50,2,113.90167,116.0
224,51,5,122.975975,115.0
224,52,3,121.4248,114.0
224,53,5,121.23904,113.0
224,54,1,108.45433,112.0
224,55,2,101.56208,111.0
224,56,2,86.81744,110.0
224,57,2,84.28906,109.0
224,58,3,98.214516,108.0
224,59,5,95.26966,107.0
224,60,5,82.961464,106.0
224,61,2,76.40735,105.0
224,62,3,91.86816,104.0
224,63,0,89.50062,103.0
224,64,2,79.32809,102.0
224,65,5,82.116425,101.0
224,66,4,81.738075,100.0
224,67,5,95.0712,99.0
224,68,2,99.31274,98.0
224,69,1,103.16797,97.0
224,70,5,103.19398,96.0
224,71,2,105.198265,95.0
224,72,0,116.50446,94.0
224,73,4,114.960014,93.0
224,74,5,121.50887,92.0
224,75,3,118.4834,91.0
224,76,5,107.65064,90.0
224,77,0,117.43604,89.0
224,78,3,112.381584,88.0
224,79,3,119.35684,87.0
224,80,5,122.379585,86.0
224,81,5,114.69019,85.0
224,82,1,124.60925,84.0
224,83,2,117.58594,83.0
224,84,5,120.98068,82.0
224,85,4,115.099815,81.0
224,86,2,112.256645,80.0
224,87,0,110.63224,79.0
224,88,1,114.204155,78.0
224,89,2,117.1054,77.0
224,90,0,112.22319,76.0
224,91,5,112.160576,75.0
224,92,4,112.379326,74.0
224,93,2,115.70249,73.0
224,94,4,122.630684,72.0
224,95,0,125.47047,71.0
224,96,4,121.0657,70.0
224,97,5,119.68871,69.0
224,98,0,106.54925,68.0
224,99,3,96.06319,67.0
224,100,4,84.53532,66.0
224,101,4,75.82855,65.0
224,102,1,76.95608,64.0
224,103,5,91.89415,63.0
224,104,4,72.92887,62.0
224,105,5,73.83985,61.0
224,106,0,55.937683,60.0
224,107,4,65.67956,59.0
224,108,1,58.654613,58.0
224,109,2,77.04485,57.0
224,110,3,68.78,56.0
224,111,4,75.649765,55.0
224,112,0,100.79112,54.0
224,113,5,88.63363,53.0
224,114,5,94.33031,52.0
224,115,2,96.51122,51.0
224,116,2,106.84693,50.0
224,117,5,107.56126,49.0
224,118,3,108.93935,48.0
224,119,5,110.58097,47.0
224,120,3,122.461235,46.0
224,121,4,108.27804,45.0
224,122,5,106.04476,44.0
224,123,2,99.03358,43.0
224,124,0,112.76617,42.0
224,125,3,99.22963,41.0
224,126,5,68.2766,40.0
224,127,5,57.26682,39.0
224,128,5,58.78863,38.0
224,129,0,30.8487,37.0
224,130,1,51.482132,36.0
224,131,2,50.019604,35.0
224,132,0,44.305237,34.0
224,133,0,32.01039,33.0
224,134,2,39.203735,32.0
224,135,3,25.234823,31.0
224,136,1,36.653572,30.0
224,137,5,26.396696,29.0
224,138,3,31.329222,28.0
224,139,4,13.130437,27.0
224,140,4,15.189783,26.0
224,141,0,15.362503,25.0
224,142,1,12.496243,24.0
224,143,1,15.804768,23.0
224,144,4,7.879816,22.0
224,145,5,9.753681,21.0
224,146,4,14.28388,20.0
224,147,3,8.352636,19.0
224,148,5,15.367761,18.0
224,149,4,15.215242,17.0
224,150,5,14.890851,16.0
224,151,5,7.9742475,15.0
224,152,4,8.564035,14.0
225,36,5,118.74201,125.0
225,37,5,124.26028,125.0
225,38,4,122.27379,125.0
225,39,2,110.24752,125.0
226,36,4,109.23792,111.0
226,37,3,114.21827,110.0
226,38,5,121.61294,109.0
226,39,3,108.0643,108.0
226,40,5,110.680305,107.0
226,41,1,109.347176,106.0
226,42,2,109.83899,105.0
226,43,0,92.08227,104.0
226,44,5,113.64536,103.0
226,45,0,118.39814,102.0
226,46,0,117.5217,101.0
226,47,0,105.91035,100.0
226,48,2,106.102516,99.0
226,49,5,96.856155,98.0
226,50,5,99.88028,97.0
226,51,2,110.32314,96.0
226,52,0,103.769325,95.0
226,53,0,103.21705,94.0
226,54,0,93.89803,93.0
226,55,2,89.39762,92.0
226,56,2,87.51133,91.0
226,57,0,94.61794,90.0
226,58,3,95.93962,89.0
226,59,5,112.75959,88.0
227,36,1,122.45428,125.0
227,37,0,123.21487,125.0
227,38,5,125.72933,125.0
227,39,0,128.5105,125.0
227,40,5,125.23136,125.0
227,41,4,124.39445,125.0
227,42,5,123.359795,125.0
227,43,0,122.51168,125.0
227,44,3,119.16444,125.0
227,45,2,118.751854,125.0
227,46,0,116.800026,125.0
227,47,5,110.07626,125.0
227,48,1,124.844734,125.0
227,49,3,108.459274,125.0
227,50,4,119.19807,125.0
227,51,3,124.3122,125.0
227,52,5,124.224144,125.0
227,53,0,129.60843,125.0
227,54,0,119.30425,125.0
227,55,3,116.50142,125.0
227,56,1,124.714195,125.0
227,57,4,125.423805,125.0
227,58,0,127.23521,125.0
227,59,0,122.15655,125.0
227,60,1,116.80456,125.0
227,61,3,130.84624,125.0
227,62,0,124.58079,125.0
228,36,3,131.49478,125.0
228,37,0,133.30466,125.0
228,38,2,131.58444,125.0
228,39,5,126.88599,125.0
228,40,1,129.13022,125.0
228,41,5,134.0452,125.0
228,42,4,130.7868,125.0
228,43,0,129.37375,125.0
228,44,3,127.81378,125.0
228,45,3,127.997795,125.0
228,46,5,122.65873,125.0
228,47,5,122.76988,125.0
228,48,1,120.89059,125.0
228,49,2,130.02399,125.0
228,50,2,129.21634,125.0
228,51,5,127.297966,125.0
228,52,3,120.54582,125.0
228,53,5,121.48744,125.0
228,54,1,120.375725,125.0
228,55,2,128.23155,125.0
228,56,2,130.73477,125.0
228,57,2,125.87788,125.0
228,58,3,123.03919,125.0
228,59,5,126.452675,125.0
228,60,5,119.73019,125.0
228,61,2,112.10801,125.0
228,62,3,124.134926,125.0
228,63,0,114.0015,125.0
228,64,2,117.742065,125.0
228,65,5,113.01116,125.0
228,66,4,120.77892,125.0
228,67,5,120.070946,125.0
228,68,2,127.57653,125.0
228,69,1,122.129875,125.0
228,70,5,126.9656,125.0
228,71,2,108.90635,125.0
228,72,0,123.65345,125.0
228,73,4,124.32394,125.0
228,74,5,124.41687,125.0
228,75,3,125.841606,125.0
228,76,5,127.49408,125.0
228,77,0,124.95513,125.0
228,78,3,122.21096,125.0
228,79,3,116.138405,125.0
228,80,5,118.76264,125.0
228,81,5,107.57868,125.0
228,82,1,108.61954,125.0
228,83,2,107.40086,125.0
228,84,5,108.558365,125.0
228,85,4,120.96453,125.0
228,86,2,126.75937,125.0
228,87,0,122.23754,125.0
228,88,1,126.24251,125.0
228,89,2,120.76641,125.0
228,90,0,124.074684,125.0
228,91,5,119.30514,125.0
228,92,4,120.000565,125.0
228,93,2,118.26704,125.0
228,94,4,123.94473,125.0
228,95,0,119.53195,125.0
228,96,4,122.16675,125.0
228,97,5,123.34349,125.0
228,98,0,121.35966,125.0
228,99,3,101.214676,125.0
228,100,4,102.58609,125.0
228,101,4,108.92358,125.0
228,102,1,112.44799,125.0
228,103,5,122.19388,125.0
228,104,4,114.34582,125.0
228,105,5,111.71629,125.0
228,106,0,102.714485,125.0
228,107,4,111.01042,125.0
228,108,1,109.34998,125.0
228,109,2,113.94058,125.0
228,110,3,105.37961,125.0
228,111,4,110.7691,125.0
228,112,0,115.476234,125.0
228,113,5,123.95051,125.0
228,114,5,131.37964,125.0
228,115,2,130.99179,125.0
228,116,2,133.61859,125.0
228,117,5,117.91631,125.0
228,118,3,126.17505,125.0
228,119,5,128.36832,125.0
228,120,3,129.34184,125.0
228,121,4,120.01521,125.0
228,122,5,116.65417,125.0
228,123,2,118.08411,125.0
228,124,0,119.223145,125.0
228,125,3,115.64562,125.0
228,126,5,113.68191,125.0
230,36,2,127.196396,125.0
230,37,3,124.74571,125.0
230,38,4,116.05603,125.0
230,39,3,112.07854,125.0
230,40,4,126.238434,125.0
230,41,4,123.88143,125.0
230,42,2,125.65916,125.0
230,43,5,120.21128,125.0
230,44,1,122.025826,125.0
230,45,3,113.66442,125.0
230,46,5,120.88594,125.0
230,47,1,124.41803,125.0
230,48,3,122.66301,125.0
230,49,3,120.70785,125.0
230,50,0,108.610504,125.0
230,51,4,116.14814,125.0
230,52,2,120.31185,125.0
230,53,5,115.31614,125.0
230,54,4,117.82472,125.0
230,55,4,117.166405,125.0
230,56,1,110.23201,125.0
230,57,4,118.53624,125.0
230,58,5,111.50899,125.0
230,59,1,122.144615,125.0
230,60,0,115.701454,125.0
230,61,5,115.852776,125.0
230,62,5,120.882576,125.0
230,63,4,116.76568,125.0
230,64,1,118.00809,125.0
230,65,0,124.088905,125.0
230,66,4,113.403946,125.0
230,67,3,123.4421,125.0
230,68,3,117.74008,125.0
230,69,3,119.80534,125.0
230,70,3,114.34485,125.0
230,71,5,119.29732,125.0
230,72,2,119.78337,125.0
230,73,4,122.32006,125.0
230,74,5,120.478355,125.0
230,75,2,122.34475,125.0
230,76,2,125.555565,125.0
230,77,1,123.213745,125.0
230,78,3,122.04198,125.0
230,79,0,122.60981,125.0
230,80,5,108.58555,125.0
230,81,5,118.89183,125.0
230,82,5,119.47153,125.0
230,83,1,117.74247,125.0
230,84,3,121.28077,125.0
230,85,3,114.11234,125.0
230,86,5,114.060394,125.0
230,87,4,117.3913,125.0
230,88,3,123.93909,125.0
230,89,4,117.71254,125.0
230,90,2,110.93238,125.0
230,91,4,110.829765,125.0
230,92,3,105.646,125.0
230,93,4,111.34838,125.0
230,94,0,96.94753,125.0
230,95,4,93.243004,125.0
230,96,5,101.96689,125.0
230,97,4,94.71907,125.0
230,98,0,114.053635,125.0
230,99,1,106.75463,125.0
230,100,3,120.69564,125.0
230,101,2,111.91662,125.0
230,102,5,110.10364,125.0
230,103,5,101.97045,125.0
230,104,1,110.78806,125.0
230,105,0,117.394325,125.0
230,106,4,120.63454,125.0
230,107,4,121.10801,125.0
230,108,1,118.28606,125.0
230,109,2,119.43095,125.0
230,110,2,116.279854,125.0
230,111,4,111.56496,125.0
230,112,5,120.20615,125.0
230,113,0,115.118164,125.0
230,114,3,122.355515,125.0
230,115,5,110.096344,125.0
230,116,2,99.33762,125.0
230,117,5,97.983376,125.0
230,118,5,89.87068,125.0
230,119,5,72.776306,125.0
230,120,2,61.886856,125.0
230,121,0,57.730515,125.0
230,122,2,47.306507,125.0
230,123,0,41.038597,125.0
230,124,4,88.968735,125.0
230,125,3,94.635,125.0
230,126,0,63.97415,125.0
230,127,2,66.18345,125.0
230,128,1,84.30413,125.0
230,129,2,79.180504,125.0
230,130,4,101.106834,125.0
230,131,1,97.549965,124.0
230,132,3,100.39501,123.0
230,133,3,107.5577,122.0
230,134,5,96.30097,121.0
230,135,0,106.69671,120.0
230,136,0,107.46833,119.0
230,137,5,103.0438,118.0
230,138,5,108.187065,117.0
230,139,3,105.185425,116.0
230,140,4,108.16149,115.0
230,141,1,111.05369,114.0
230,142,2,110.83796,113.0
230,143,5,97.821236,112.0
230,144,1,100.07241,111.0
230,145,2,95.47585,110.0
230,146,4,94.71717,109.0
230,147,3,118.62278,108.0
230,148,2,101.589836,107.0
230,149,0,93.40482,106.0
230,150,4,97.40569,105.0
230,151,4,88.102196,104.0
230,152,0,86.089714,103.0
230,153,0,98.75996,102.0
230,154,5,100.295494,101.0
230,155,4,97.47508,100.0
230,156,1,105.99178,99.0
230,157,5,111.53065,98.0
231,36,5,91.10927,125.0
231,37,5,108.562614,125.0
231,38,3,104.68011,125.0
231,39,4,101.87551,125.0
231,40,2,106.34953,125.0
231,41,5,117.993454,125.0
231,42,0,104.013145,125.0
231,43,4,115.21113,125.0
231,44,5,121.13297,125.0
231,45,5,116.2441,125.0
231,46,2,119.109566,125.0
231,47,3,119.10377,125.0
231,48,0,117.340294,125.0
231,49,1,125.06803,125.0
231,50,5,124.88056,125.0
231,51,4,120.173615,125.0
231,52,5,117.92478,125.0
231,53,1,120.848785,125.0
231,54,3,116.834885,125.0
231,55,3,119.85813,125.0
231,56,4,121.944695,125.0
231,57,5,123.86571,125.0
231,58,0,121.14689,125.0
231,59,3,122.61787,125.0
231,60,5,121.47911,125.0
231,61,2,124.97907,125.0
231,62,2,129.16908,125.0
231,63,2,131.91315,125.0
231,64,3,128.23392,125.0
231,65,4,128.0408,125.0
231,66,5,128.7763,125.0
231,67,5,127.66072,125.0
231,68,1,127.2846,125.0
231,69,1,125.22193,125.0
231,70,0,122.94214,125.0
231,71,5,129.29489,125.0
231,72,4,118.50164,125.0
231,73,0,127.53684,125.0
231,74,4,123.74026,125.0
231,75,0,113.456436,125.0
231,76,1,126.50837,125.0
231,77,1,123.942184,125.0
231,78,5,122.90792,125.0
231,79,5,127.096596,125.0
231,80,3,126.725395,125.0
231,81,5,120.98592,125.0
231,82,4,121.00915,125.0
231,83,2,126.62553,125.0
231,84,1,120.59113,125.0
231,85,3,117.4069,125.0
231,86,5,122.899666,125.0
231,87,2,119.895485,125.0
231,88,3,113.705376,125.0
231,89,4,99.41573,125.0
231,90,5,105.65293,125.0
231,91,0,122.3445,125.0
231,92,3,119.74536,125.0
231,93,5,122.70159,125.0
231,94,3,110.08933,125.0
231,95,4,118.8957,125.0
231,96,1,111.32428,125.0
231,97,2,117.13502,125.0
231,98,4,125.19538,125.0
231,99,5,121.326614,125.0
231,100,5,122.70944,125.0
231,101,2,129.65665,125.0
231,102,3,123.27756,125.0
231,103,1,125.39278,125.0
231,104,2,126.832146,125.0
231,105,3,125.96261,125.0
231,106,4,125.68785,125.0
231,107,1,123.145744,125.0
231,108,5,117.152626,125.0
231,109,5,125.34819,125.0
231,110,5,124.82242,125.0
231,111,0,122.00739,125.0
231,112,2,123.38675,125.0
231,113,1,118.44052,125.0
231,114,3,121.827354,125.0
231,115,4,125.27935,125.0
231,116,3,117.49765,125.0
231,117,3,128.02519,125.0
231,118,2,125.99828,125.0
231,119,4,122.6408,125.0
231,120,0,128.83157,125.0
231,121,2,123.774666,125.0
231,122,2,121.98231,125.0
231,123,5,120.12818,125.0
231,124,5,111.47704,125.0
231,125,5,118.43641,125.0
231,126,1,108.69632,125.0
231,127,2,115.03429,125.0
231,128,3,124.56194,125.0
231,129,5,115.46759,125.0
231,130,3,120.69224,125.0
231,131,5,112.03694,125.0
231,132,5,113.211006,125.0
231,133,5,110.731224,125.0
231,134,2,109.07461,125.0
231,135,3,110.45869,125.0
231,136,5,120.57927,125.0
231,137,2,110.789085,125.0
231,138,1,116.45499,125.0
231,139,0,114.05909,124.0
231,140,3,119.87686,123.0
231,141,2,116.2873,122.0
231,142,4,116.5905,121.0
231,143,2,114.80516,120.0
231,144,5,114.645775,119.0
231,145,1,103.17236,118.0
231,146,2,109.98206,117.0
231,147,2,100.89179,116.0
231,148,1,91.06126,115.0
231,149,0,94.478714,114.0
231,150,0,91.05422,113.0
231,151,4,89.14375,112.0
231,152,0,92.93368,111.0
231,153,5,77.37957,110.0
231,154,5,97.80529,109.0
231,155,4,89.032845,108.0
231,156,5,90.22474,107.0
231,157,2,90.30718,106.0
231,158,3,110.97138,105.0
231,159,1,103.67925,104.0
231,160,2,107.48118,103.0
231,161,1,105.54699,102.0
231,162,3,103.5263,101.0
231,163,1,104.229225,100.0
231,164,1,82.58925,99.0
231,165,1,74.25409,98.0
231,166,1,55.91546,97.0
231,167,3,74.67698,96.0
231,168,0,91.11416,95.0
231,169,0,88.482155,94.0
231,170,1,96.96529,93.0
231,171,0,74.09795,92.0
231,172,3,85.13462,91.0
231,173,0,91.17838,90.0
231,174,3,80.88459,89.0
231,175,5,79.81311,88.0
231,176,5,80.89269,87.0
231,177,4,67.39209,86.0
231,178,5,51.18522,85.0
231,179,5,61.950916,84.0
231,180,3,59.842873,83.0
231,181,2,61.59827,82.0
231,182,3,57.84127,81.0
231,183,0,74.85728,80.0
231,184,4,59.36699,79.0
231,185,5,64.963135,78.0
231,186,4,71.947266,77.0
231,187,0,77.16411,76.0
231,188,2,72.69106,75.0
231,189,0,67.71717,74.0
231,190,1,70.50271,73.0
231,191,0,70.368744,72.0
231,192,2,71.72194,71.0
231,193,5,64.843994,70.0
231,194,1,47.812576,69.0
231,195,0,49.43064,68.0
231,196,1,47.152767,67.0
231,197,4,44.28921,66.0
231,198,5,42.118843,65.0
231,199,1,43.119965,64.0
231,200,3,39.580788,63.0
231,201,5,42.402763,62.0
231,202,2,45.25762,61.0
231,203,3,40.892227,60.0
231,204,3,43.528866,59.0
231,205,2,26.899267,58.0
231,206,1,29.53918,57.0
231,207,5,22.274296,56.0
231,208,0,25.894703,55.0
231,209,4,35.61251,54.0
231,210,0,33.361393,53.0
231,211,5,33.431618,52.0
231,212,5,38.13204,51.0
231,213,2,31.22779,50.0
231,214,3,31.193773,49.0
231,215,5,34.9293,48.0
231,216,2,31.049797,47.0
231,217,1,29.900047,46.0
231,218,0,36.903214,45.0
231,219,4,30.831919,44.0
231,220,4,37.278328,43.0
231,221,3,31.673264,42.0
231,222,2,27.669714,41.0
231,223,5,38.681503,40.0
231,224,1,37.247982,39.0
231,225,1,31.670069,38.0
231,226,3,27.477533,37.0
231,227,3,28.40194,36.0
231,228,2,26.737003,35.0
231,229,0,33.32935,34.0
231,230,2,26.425482,33.0
232,36,1,117.6452,125.0
232,37,5,123.80599,125.0
232,38,0,123.70074,125.0
232,39,1,123.897316,125.0
232,40,3,116.17526,125.0
232,41,2,118.633095,125.0
232,42,5,122.82708,125.0
232,43,5,119.51487,125.0
232,44,1,113.54208,125.0
232,45,3,115.32217,125.0
232,46,5,111.4613,125.0
232,47,4,106.38499,125.0
232,48,1,93.65764,125.0
232,49,5,113.66189,125.0
232,50,3,102.52793,125.0
232,51,3,114.2756,125.0
232,52,5,120.35525,125.0
232,53,4,126.266014,125.0
232,54,4,120.35139,125.0
232,55,3,108.613335,125.0
232,56,4,122.801254,125.0
232,57,2,125.462105,125.0
232,58,1,130.60614,125.0
232,59,4,127.030495,125.0
232,60,0,120.788284,125.0
232,61,5,123.92478,125.0
232,62,4,116.736664,125.0
232,63,2,114.57961,125.0
232,64,1,123.10298,125.0
232,65,1,123.899506,125.0
232,66,0,125.86368,125.0
232,67,4,114.74559,125.0
232,68,3,122.694984,125.0
232,69,1,116.052025,125.0
232,70,5,123.10758,125.0
232,71,5,122.03242,125.0
232,72,5,121.30994,125.0
232,73,4,124.833336,125.0
232,74,1,128.57959,125.0
232,75,4,121.012474,125.0
232,76,4,126.90438,125.0
232,77,1,118.24435,125.0
232,78,0,126.87514,125.0
232,79,4,124.25753,125.0
232,80,3,125.64863,125.0
232,81,3,129.17148,125.0
232,82,2,123.74015,125.0
232,83,3,129.92236,125.0
232,84,4,127.33729,125.0
232,85,0,129.02737,125.0
232,86,3,123.0769,125.0
232,87,3,134.12514,125.0
232,88,3,120.68461,125.0
232,89,2,126.98158,125.0
232,90,0,124.45982,125.0
232,91,4,115.84414,125.0
232,92,1,125.51869,125.0
232,93,4,119.51589,125.0
232,94,0,113.716675,125.0
232,95,5,116.76103,125.0
232,96,5,117.325264,125.0
232,97,3,117.53455,125.0
232,98,3,106.233284,125.0
232,99,5,98.33465,125.0
232,100,3,118.60284,125.0
232,101,3,114.245186,125.0
232,102,3,113.20781,125.0
232,103,5,102.148865,125.0
232,104,0,106.71171,125.0
232,105,0,101.621376,125.0
232,106,2,109.19839,125.0
232,107,0,92.452774,125.0
232,108,2,77.94793,125.0
232,109,1,125.184135,125.0
232,110,3,125.089806,125.0
232,111,0,122.84103,125.0
232,112,2,121.83881,125.0
232,113,3,120.25261,125.0
232,114,1,110.999794,125.0
232,115,2,123.73945,125.0
232,116,2,113.4891,125.0
232,117,2,118.44935,125.0
232,118,0,101.97105,125.0
232,119,5,109.01809,125.0
232,120,2,108.80636,125.0
232,121,0,118.536285,125.0
232,122,4,116.9938,125.0
232,123,2,118.39541,125.0
232,124,5,118.92989,125.0
232,125,1,116.230576,125.0
232,126,5,118.97559,125.0
232,127,4,120.956825,125.0
232,128,3,125.09423,125.0
232,129,1,122.78321,125.0
232,130,5,119.59909,125.0
232,131,3,129.95203,125.0
232,132,0,118.942,125.0
232,133,2,112.58901,125.0
232,134,0,115.08025,125.0
232,135,2,108.87028,125.0
232,136,5,101.687614,125.0
232,137,1,106.47509,125.0
232,138,0,102.21467,125.0
232,139,0,108.85426,125.0
232,140,2,114.12971,125.0
232,141,1,111.428,125.0
232,142,4,108.92341,125.0
232,143,0,114.349754,125.0
232,144,5,121.20643,125.0
232,145,3,117.71749,125.0
232,146,1,119.89111,125.0
232,147,0,102.281364,125.0
232,148,1,96.696915,125.0
232,149,2,94.69689,125.0
232,150,0,101.123436,125.0
232,151,4,122.75736,125.0
232,152,3,130.11108,125.0
232,153,3,124.95614,125.0
232,154,2,119.46935,125.0
232,155,4,123.98086,125.0
232,156,5,130.7637,125.0
232,157,5,123.873405,125.0
232,158,1,118.46555,125.0
232,159,4,113.64745,125.0
232,160,0,124.02464,125.0
232,161,5,121.726135,125.0
232,162,2,121.48351,125.0
232,163,3,127.318184,125.0
232,164,2,120.75014,125.0
232,165,5,125.23652,125.0
232,166,5,122.25983,125.0
232,167,1,128.10101,125.0
232,168,2,121.95829,125.0
232,169,1,125.05567,125.0
232,170,0,131.38846,125.0
232,171,4,125.3229,125.0
232,172,4,124.98173,125.0
232,173,3,131.27878,125.0
232,174,0,126.79394,125.0
232,175,5,128.57419,125.0
232,176,1,129.95312,125.0
232,177,1,112.48046,125.0
232,178,5,121.46421,125.0
232,179,2,126.113625,125.0
232,180,2,119.75551,125.0
232,181,4,130.39243,125.0
232,182,3,128.87186,125.0
232,183,0,126.597466,125.0
232,184,0,129.518,125.0
232,185,1,131.66023,125.0
232,186,5,121.32601,125.0
232,187,5,126.91215,125.0
232,188,2,131.995,125.0
232,189,5,130.42813,125.0
232,190,2,128.80228,125.0
232,191,4,130.1394,125.0
232,192,3,128.29999,125.0
232,193,3,127.81359,125.0
232,194,4,130.55215,125.0
232,195,0,132.13449,125.0
232,196,0,129.7631,125.0
232,197,3,126.50674,125.0
232,198,2,127.66095,125.0
232,199,2,127.2521,125.0
232,200,0,121.98731,125.0
232,201,5,126.06538,125.0
232,202,5,115.238716,125.0
232,203,2,124.74171,125.0
232,204,1,127.79054,125.0
232,205,1,126.47779,125.0
232,206,3,130.46844,125.0
232,207,3,129.4313,125.0
232,208,5,117.57656,125.0
232,209,5,126.67064,125.0
232,210,5,123.393105,125.0
232,211,4,123.304756,125.0
232,212,0,123.753136,125.0
232,213,4,121.24763,125.0
232,214,1,117.93599,125.0
232,215,2,112.28926,125.0
232,216,3,112.62995,125.0
232,217,4,123.66019,125.0
232,218,3,124.410835,125.0
232,219,0,126.5893,125.0
232,220,2,128.34161,125.0
232,221,1,115.66711,125.0
232,222,2,116.337585,125.0
232,223,0,117.83111,125.0
232,224,3,116.03727,125.0
232,225,5,121.78411,125.0
232,226,3,117.17858,125.0
232,227,5,127.49105,125.0
232,228,3,121.728615,125.0
232,229,4,116.149574,125.0
232,230,4,108.16158,125.0
232,231,0,118.24984,125.0
232,232,5,100.305626,125.0
232,233,4,102.87161,125.0
232,234,0,98.97618,125.0
232,235,3,100.53474,125.0
232,236,5,109.089485,125.0
232,237,5,108.9826,125.0
232,238,0,109.525116,125.0
232,239,1,126.819435,125.0
232,240,2,122.55903,125.0
232,241,4,124.32259,125.0
232,242,3,128.75523,125.0
232,243,5,124.03598,125.0
232,244,1,126.45981,125.0
232,245,5,119.5698,125.0
232,246,3,119.663155,125.0
232,247,5,123.87043,125.0
232,248,5,110.19599,125.0
232,249,3,118.967964,125.0
232,250,5,112.54522,125.0
232,251,0,101.2471,125.0
232,252,1,97.719795,125.0
232,253,5,118.77982,125.0
232,254,3,118.71051,125.0
232,255,3,109.668846,125.0
232,256,0,118.92835,125.0
232,257,3,111.558266,125.0
232,258,4,114.113235,125.0
232,259,2,123.66505,125.0
232,260,5,119.815475,125.0
232,261,3,121.739876,125.0
232,262,3,121.769905,125.0
232,263,2,123.09877,125.0
232,264,1,124.36506,125.0
232,265,5,122.131905,125.0
232,266,3,124.170296,125.0
232,267,1,126.24522,125.0
232,268,5,123.34864,125.0
232,269,3,130.93832,125.0
232,270,0,126.69102,125.0
232,271,0,120.26017,125.0
232,272,2,127.77866,125.0
232,273,2,122.10218,125.0
232,274,5,131.1646,125.0
232,275,4,124.903114,125.0
232,276,5,120.69935,125.0
232,277,1,120.32702,125.0
232,278,0,127.050766,125.0
232,279,1,115.50072,125.0
232,280,1,104.221,125.0
232,281,1,108.9488,125.0
232,282,3,131.77876,125.0
232,283,4,123.90796,125.0
232,284,1,115.27622,125.0
232,285,2,105.43008,125.0
232,286,3,119.52517,125.0
232,287,4,109.28109,125.0
232,288,4,87.579605,125.0
232,289,5,101.965935,125.0
232,290,5,117.687386,125.0
232,291,0,123.43641,125.0
232,292,4,127.02869,125.0
232,293,5,128.14854,125.0
232,294,3,125.48734,125.0
232,295,2,129.35999,125.0
232,296,1,131.18845,125.0
232,297,5,119.56716,125.0
232,298,3,125.97416,125.0
232,299,5,124.43058,125.0
232,300,2,126.78308,125.0
232,301,5,128.98631,125.0
232,302,0,119.45848,125.0
232,303,0,126.07256,125.0
232,304,5,123.08413,125.0
232,305,0,108.843834,125.0
232,306,3,113.81023,125.0
232,307,1,110.58655,125.0
232,308,3,111.53802,125.0
232,309,4,120.21258,125.0
232,310,0,108.65458,125.0
232,311,2,110.88761,125.0
232,312,0,116.179924,125.0
232,313,5,103.33612,125.0
232,314,1,123.050606,125.0
232,315,3,117.621895,125.0
232,316,1,122.12665,125.0
232,317,1,114.016426,125.0
232,318,2,118.16679,125.0
232,319,2,112.36178,125.0
232,320,5,123.58441,125.0
232,321,4,120.70616,125.0
232,322,3,115.557976,125.0
232,323,2,110.863304,125.0
232,324,5,117.01147,125.0
232,325,5,114.35928,125.0
232,326,5,120.91814,125.0
232,327,5,122.62721,125.0
232,328,0,131.21808,125.0
232,329,2,127.96566,125.0
232,330,4,129.23798,125.0
232,331,3,116.38413,125.0
232,332,1,118.864815,125.0
232,333,5,120.96435,125.0
232,334,3,119.19488,125.0
232,335,5,117.21127,125.0
232,336,1,121.23851,125.0
232,337,5,115.79185,125.0
232,338,5,111.452934,125.0
232,339,1,107.58857,125.0
232,340,1,106.7574,125.0
232,341,4,116.283714,125.0
232,342,5,114.16236,125.0
232,343,5,115.212875,125.0
232,344,4,122.700676,125.0
232,345,4,121.030655,125.0
232,346,4,115.561104,125.0
232,347,0,113.81701,125.0
232,348,3,110.742744,125.0
232,349,5,109.555504,125.0
232,350,4,109.50261,125.0
232,351,2,108.347,125.0
232,352,2,112.391304,125.0
232,353,2,90.55186,125.0
232,354,5,96.72249,125.0
232,355,4,102.84193,125.0
232,356,4,94.50283,125.0
232,357,3,97.54891,125.0
232,358,5,101.005585,125.0
232,359,5,104.50496,125.0
232,360,5,121.885185,125.0
232,361,3,126.60411,125.0
232,362,0,123.99143,125.0
232,363,1,120.48365,125.0
232,364,0,119.13416,125.0
232,365,1,123.18865,125.0
232,366,5,117.781624,125.0
232,367,1,114.851944,125.0
232,368,4,119.526184,125.0
232,369,5,115.779366,125.0
232,370,2,115.260735,125.0
233,36,5,114.891136,125.0
233,37,3,119.18584,125.0
233,38,4,107.6534,125.0
233,39,4,104.681984,125.0
233,40,3,98.00158,125.0
233,41,2,100.1214,125.0
233,42,0,106.94005,125.0
233,43,2,119.028786,125.0
233,44,0,107.979706,125.0
233,45,5,104.43165,125.0
233,46,1,121.73107,125.0
233,47,3,117.9326,125.0
233,48,2,98.66444,125.0
233,49,1,113.572716,125.0
233,50,2,117.054756,125.0
233,51,5,112.68083,125.0
233,52,5,114.40543,125.0
233,53,0,111.48972,125.0
233,54,5,109.52599,125.0
233,55,5,100.812416,125.0
233,56,2,100.013435,125.0
233,57,2,98.03688,125.0
233,58,3,108.60288,125.0
233,59,4,89.64718,125.0
233,60,1,103.46226,125.0
233,61,1,117.00035,125.0
233,62,0,127.175674,125.0
233,63,5,124.78643,125.0
233,64,1,127.73877,125.0
233,65,4,121.18128,125.0
233,66,3,123.023445,125.0
233,67,3,124.32391,125.0
233,68,3,122.26421,125.0
233,69,5,123.87148,125.0
233,70,2,125.83152,125.0
233,71,3,119.51699,125.0
233,72,4,117.78293,125.0
233,73,3,111.53039,125.0
233,74,3,99.288956,125.0
233,75,0,103.702965,125.0
233,76,4,85.72088,125.0
233,77,5,101.437775,125.0
233,78,3,92.056274,125.0
233,79,2,106.5311,125.0
233,80,0,95.64962,125.0
233,81,1,101.9339,125.0
233,82,5,108.42142,125.0
233,83,2,108.63827,125.0
233,84,0,121.61332,125.0
233,85,0,119.48505,125.0
233,86,5,115.9011,125.0
233,87,3,119.416115,125.0
233,88,2,124.97986,125.0
233,89,3,115.39764,125.0
233,90,2,121.85021,125.0
233,91,3,114.40897,125.0
233,92,5,108.72643,125.0
233,93,5,95.456696,125.0
233,94,4,109.47806,125.0
233,95,2,107.90488,125.0
233,96,4,123.68051,125.0
233,97,5,116.48612,124.0
233,98,1,124.153305,123.0
233,99,5,122.53846,122.0
233,100,4,117.238625,121.0
233,101,0,113.852425,120.0
233,102,4,117.09263,119.0
233,103,1,105.4533,118.0
233,104,3,109.28751,117.0
233,105,4,88.84689,116.0
233,106,0,96.16836,115.0
233,107,4,99.633705,114.0
233,108,3,119.10365,113.0
233,109,1,104.57757,112.0
233,110,5,105.06997,111.0
233,111,5,113.95846,110.0
234,36,4,104.57372,125.0
234,37,4,106.169174,125.0
234,38,1,113.62351,125.0
234,39,2,123.87414,125.0
234,40,4,125.18397,125.0
234,41,4,110.78454,125.0
234,42,1,119.20469,125.0
234,43,5,98.510765,125.0
234,44,1,96.34526,125.0
234,45,3,109.17081,125.0
234,46,4,104.64414,125.0
234,47,5,122.75328,125.0
234,48,0,118.82759,125.0
234,49,1,109.841286,125.0
234,50,2,115.96038,125.0
234,51,5,106.634315,125.0
234,52,4,114.472916,125.0
234,53,4,113.60644,125.0
234,54,0,109.538506,125.0
234,55,5,123.58691,125.0
234,56,5,120.52087,125.0
234,57,4,110.46343,125.0
234,58,5,118.66463,125.0
234,59,2,120.38027,125.0
234,60,1,127.159004,125.0
234,61,5,124.799965,125.0
234,62,5,122.01545,125.0
234,63,3,120.284935,125.0
234,64,4,120.445335,125.0
234,65,4,123.642784,125.0
234,66,3,115.94396,125.0
234,67,5,114.06423,125.0
234,68,2,111.605255,125.0
234,69,0,114.18148,125.0
234,70,5,98.83184,125.0
234,71,0,101.156815,125.0
234,72,4,114.788765,125.0
234,73,1,116.49279,125.0
234,74,0,120.04221,125.0
234,75,3,120.08135,125.0
234,76,5,125.49505,125.0
234,77,1,125.75919,125.0
234,78,0,125.98461,125.0
234,79,0,114.28886,125.0
234,80,1,117.59629,125.0
234,81,2,123.94833,125.0
234,82,2,120.3158,125.0
234,83,5,128.80038,125.0
234,84,5,118.754974,125.0
234,85,5,121.65275,125.0
234,86,4,125.49293,125.0
234,87,3,125.63722,125.0
234,88,4,126.80192,125.0
234,89,5,127.55623,125.0
234,90,3,130.42664,125.0
234,91,4,127.748436,125.0
234,92,0,124.007195,125.0
234,93,1,123.68325,125.0
234,94,1,127.81395,125.0
234,95,5,127.462364,125.0
234,96,5,113.10546,125.0
234,97,4,122.10127,125.0
234,98,2,129.88889,125.0
234,99,5,128.63902,125.0
234,100,2,122.01086,125.0
234,101,2,120.06574,125.0
234,102,4,115.19739,125.0
234,103,1,121.1025,125.0
234,104,3,121.339424,125.0
234,105,1,123.78475,125.0
234,106,0,126.63646,125.0
234,107,1,121.397285,125.0
234,108,2,116.12846,125.0
234,109,5,117.40586,125.0
234,110,5,119.38288,125.0
234,111,5,120.387146,125.0
234,112,1,117.868004,125.0
234,113,3,120.70891,125.0
234,114,0,123.339806,125.0
234,115,3,125.21435,125.0
234,116,0,117.20103,125.0
234,117,3,114.8553,125.0
234,118,2,107.865105,125.0
234,119,0,106.176094,125.0
234,120,1,114.63598,125.0
234,121,3,105.96957,125.0
234,122,5,111.633415,125.0
234,123,5,112.114395,124.0
234,124,3,113.4924,123.0
234,125,5,116.31651,122.0
234,126,1,107.7565,121.0
234,127,4,126.71451,120.0
234,128,3,119.3847,119.0
234,129,5,121.43147,118.0
234,130,1,119.91865,117.0
234,131,4,121.843056,116.0
234,132,1,116.72049,115.0
234,133,3,111.14153,114.0
234,134,2,119.64912,113.0
234,135,2,120.67985,112.0
234,136,4,121.289665,111.0
234,137,5,109.863716,110.0
234,138,2,106.00764,109.0
234,139,2,104.04545,108.0
234,140,1,110.6911,107.0
234,141,5,111.576065,106.0
234,142,3,106.72249,105.0
234,143,2,98.337425,104.0
234,144,5,100.919365,103.0
234,145,2,84.81515,102.0
234,146,3,92.71716,101.0
234,147,1,108.913704,100.0
234,148,5,113.347984,99.0
234,149,5,114.42617,98.0
234,150,0,118.471886,97.0
234,151,3,119.71697,96.0
234,152,5,107.798164,95.0
234,153,1,113.08436,94.0
234,154,3,121.17843,93.0
234,155,2,116.04509,92.0
234,156,4,120.196754,91.0
234,157,0,127.391075,90.0
234,158,4,118.26776,89.0
234,159,5,126.720024,88.0
234,160,0,120.596695,87.0
234,161,1,123.73239,86.0
234,162,4,127.1574,85.0
234,163,5,119.347,84.0
234,164,3,118.87824,83.0
234,165,4,122.13166,82.0
234,166,1,115.33187,81.0
234,167,3,112.74842,80.0
234,168,0,96.58784,79.0
234,169,4,91.355965,78.0
234,170,3,89.86705,77.0
234,171,0,100.8632,76.0
234,172,5,105.480156,75.0
234,173,1,98.69262,74.0
234,174,1,102.84295,73.0
234,175,1,96.62963,72.0
234,176,1,62.14918,71.0
234,177,1,62.097305,70.0
234,178,2,83.877655,69.0
234,179,0,84.45408,68.0
235,36,5,101.94609,125.0
235,37,1,123.64944,125.0
235,38,0,125.96876,125.0
235,39,1,116.64034,125.0
235,40,4,119.11674,125.0
235,41,1,118.02138,125.0
235,42,4,113.16601,125.0
235,43,4,105.374306,125.0
235,44,2,113.48426,125.0
235,45,3,116.80001,125.0
235,46,4,115.921974,125.0
235,47,4,116.67327,125.0
235,48,0,116.12571,125.0
235,49,0,123.00421,125.0
235,50,3,115.98247,125.0
235,51,4,101.85644,125.0
235,52,0,112.43179,125.0
235,53,3,111.33798,125.0
235,54,2,126.804184,125.0
235,55,1,126.98742,125.0
235,56,1,121.61251,125.0
235,57,2,126.253105,125.0
235,58,5,127.648735,125.0
235,59,0,128.86665,125.0
235,60,5,122.62718,125.0
235,61,5,123.39656,125.0
235,62,5,114.79037,125.0
235,63,5,121.701035,125.0
235,64,4,127.16383,125.0
235,65,2,131.17313,125.0
235,66,2,123.69804,125.0
235,67,5,111.93018,125.0
235,68,5,107.23468,125.0
235,69,0,69.459,125.0
235,70,5,63.887566,125.0
235,71,4,89.969185,125.0
235,72,1,97.99139,125.0
235,73,5,84.31155,125.0
235,74,5,73.97402,125.0
235,75,1,82.5232,125.0
235,76,4,119.39161,125.0
235,77,4,123.43832,125.0
235,78,0,123.94886,125.0
235,79,1,120.74812,125.0
235,80,5,128.8286,125.0
235,81,2,124.982185,125.0
235,82,3,123.33992,125.0
235,83,4,122.02654,125.0
235,84,4,121.92628,125.0
235,85,3,124.72349,125.0
235,86,3,120.70348,125.0
235,87,0,113.22692,125.0
235,88,1,114.331276,125.0
235,89,3,114.01717,125.0
235,90,0,113.24024,125.0
235,91,4,101.09524,125.0
235,92,3,99.09045,125.0
235,93,4,95.98122,125.0
235,94,0,106.120926,125.0
235,95,2,108.49082,125.0
235,96,2,107.242455,125.0
235,97,5,109.27766,125.0
235,98,0,119.814575,125.0
235,99,1,119.6216,125.0
235,100,2,116.373245,125.0
235,101,5,117.766106,125.0
235,102,5,122.99179,125.0
235,103,2,118.461784,125.0
235,104,1,126.82418,125.0
235,105,2,123.30601,125.0
235,106,5,119.76511,125.0
235,107,3,128.97392,125.0
235,108,4,131.60898,125.0
235,109,4,127.27322,125.0
235,110,1,108.20655,125.0
235,111,1,117.155136,125.0
235,112,1,96.93917,125.0
235,113,5,100.41892,125.0
235,114,3,103.828316,125.0
235,115,5,116.614655,125.0
235,116,5,116.733315,125.0
235,117,1,111.63683,125.0
235,118,4,114.19504,125.0
235,119,2,114.96149,125.0
235,120,4,102.9495,125.0
235,121,5,116.7477,125.0
235,122,0,119.00655,125.0
235,123,5,124.486595,125.0
235,124,1,125.067986,125.0
235,125,2,123.48456,125.0
235,126,0,124.24839,125.0
235,127,4,116.70872,125.0
235,128,1,114.58807,125.0
235,129,2,110.58706,125.0
235,130,4,99.5146,125.0
235,131,4,106.808525,125.0
235,132,2,113.61269,125.0
235,133,0,118.1388,125.0
235,134,1,119.816,125.0
235,135,5,125.00503,125.0
235,136,3,126.60198,125.0
235,137,4,119.47297,125.0
235,138,2,122.53115,125.0
235,139,3,118.07453,125.0
235,140,5,125.68087,125.0
235,141,2,121.32385,125.0
235,142,2,121.85761,125.0
235,143,1,129.193,125.0
235,144,5,132.49896,125.0
235,145,0,127.22569,125.0
235,146,2,126.86669,125.0
235,147,5,122.434746,125.0
235,148,5,124.53651,125.0
235,149,5,117.33906,125.0
235,150,1,124.9217,125.0
235,151,4,131.03078,125.0
235,152,5,124.4856,125.0
235,153,5,118.062386,125.0
235,154,0,122.72816,125.0
235,155,1,123.640526,125.0
235,156,2,124.605545,125.0
235,157,3,121.104256,125.0
235,158,1,123.53724,125.0
235,159,0,127.275856,125.0
235,160,3,125.12783,125.0
235,161,1,125.713646,125.0
235,162,3,127.951546,125.0
235,163,3,109.472824,125.0
235,164,1,113.26455,125.0
235,165,1,94.36381,125.0
235,166,5,110.56411,125.0
235,167,5,119.940056,125.0
235,168,4,122.54951,125.0
235,169,1,119.792076,125.0
235,170,5,110.09276,125.0
235,171,5,117.97216,125.0
235,172,1,114.83721,125.0
235,173,4,103.5411,125.0
235,174,4,113.39282,125.0
235,175,5,113.67599,125.0
235,176,3,107.046394,125.0
235,177,2,122.573555,125.0
235,178,5,118.725235,125.0
235,179,0,117.10998,125.0
235,180,5,123.197365,125.0
235,181,2,122.173805,125.0
235,182,0,129.2385,125.0
235,183,5,129.312,125.0
235,184,2,124.68462,125.0
235,185,4,119.71749,125.0
235,186,3,123.94549,125.0
235,187,5,107.49085,125.0
235,188,1,120.346535,125.0
235,189,3,114.5413,125.0
235,190,5,108.285645,125.0
235,191,3,100.1415,125.0
235,192,0,105.434746,125.0
235,193,2,101.25634,125.0
235,194,0,103.129814,125.0
235,195,5,106.84482,125.0
235,196,1,110.96887,125.0
235,197,4,102.16024,125.0
235,198,3,117.78693,125.0
235,199,0,110.47611,125.0
235,200,5,104.4419,125.0
235,201,3,110.3046,125.0
235,202,2,102.26287,125.0
235,203,4,120.20986,125.0
235,204,0,116.817345,125.0
235,205,2,113.403305,125.0
235,206,1,127.17951,125.0
235,207,0,127.780716,125.0
235,208,5,124.00054,125.0
235,209,3,120.095604,125.0
235,210,2,117.263374,125.0
235,211,1,121.04464,125.0
235,212,2,115.06784,125.0
235,213,5,112.77401,125.0
235,214,0,119.64001,125.0
235,215,4,122.684135,125.0
235,216,4,126.23643,125.0
235,217,3,119.057304,125.0
235,218,5,109.83848,125.0
235,219,4,118.14371,125.0
235,220,2,119.54355,125.0
235,221,1,116.1525,125.0
235,222,5,118.7759,125.0
235,223,0,122.14953,125.0
235,224,3,123.202095,125.0
235,225,0,124.12855,125.0
235,226,5,119.54591,125.0
235,227,3,126.61491,125.0
235,228,0,120.842766,125.0
235,229,1,126.68104,125.0
235,230,4,111.56072,125.0
235,231,5,120.041565,125.0
235,232,5,117.69903,125.0
235,233,1,114.31217,125.0
235,234,3,100.4903,125.0
235,235,3,96.29,125.0
235,236,0,100.687195,125.0
235,237,3,110.21984,125.0
235,238,2,108.65015,125.0
235,239,5,117.43912,125.0
235,240,5,103.66932,125.0
235,241,1,105.50702,125.0
235,242,0,100.055244,125.0
235,243,1,103.47167,125.0
235,244,4,102.153336,125.0
235,245,2,100.4618,125.0
235,246,2,90.50154,125.0
235,247,4,107.80443,125.0
235,248,3,89.22732,125.0
235,249,4,94.14774,125.0
235,250,2,92.52642,125.0
235,251,3,67.409096,125.0
235,252,0,67.839165,125.0
235,253,5,75.621025,125.0
235,254,0,96.66384,125.0
235,255,5,102.55054,125.0
235,256,1,81.79344,125.0
235,257,3,87.50251,125.0
235,258,4,79.248314,125.0
235,259,4,69.876366,125.0
235,260,0,83.39686,125.0
235,261,2,105.30204,125.0
235,262,1,92.14647,124.0
235,263,3,76.87115,123.0
235,264,3,86.481674,122.0
235,265,5,93.752495,121.0
235,266,3,89.1594,120.0
235,267,2,95.262856,119.0
235,268,4,90.876625,118.0
235,269,4,56.085358,117.0
235,270,4,57.420803,116.0
235,271,5,84.571205,115.0
235,272,3,105.663956,114.0
235,273,0,111.34357,113.0
235,274,1,107.49235,112.0
235,275,0,100.79463,111.0
235,276,0,102.755486,110.0
235,277,0,99.26974,109.0
235,278,3,90.702095,108.0
235,279,2,86.1925,107.0
235,280,5,89.24369,106.0
235,281,3,92.72718,105.0
235,282,2,101.67122,104.0
235,283,4,93.93061,103.0
235,284,2,97.24534,102.0
235,285,5,93.38499,101.0
235,286,4,91.22641,100.0
235,287,5,95.32154,99.0
235,288,0,91.80956,98.0
235,289,3,85.06575,97.0
235,290,0,88.42686,96.0
235,291,5,92.526634,95.0
235,292,5,92.995186,94.0
235,293,2,81.02737,93.0
235,294,5,76.58395,92.0
235,295,1,68.51571,91.0
235,296,0,81.08132,90.0
235,297,0,78.929596,89.0
235,298,5,58.46684,88.0
235,299,4,58.897896,87.0
235,300,0,72.13223,86.0
235,301,2,59.09604,85.0
235,302,4,55.256615,84.0
235,303,0,52.481415,83.0
235,304,5,54.5513,82.0
235,305,0,58.23819,81.0
235,306,5,59.85275,80.0
235,307,1,60.002182,79.0
235,308,2,58.56337,78.0
235,309,1,57.822617,77.0
235,310,4,56.450493,76.0
235,311,2,54.67985,75.0
235,312,2,58.66657,74.0
235,313,5,59.73433,73.0
235,314,0,57.697876,72.0
235,315,1,48.72026,71.0
235,316,2,46.93782,70.0
235,317,5,48.11101,69.0
235,318,5,54.19832,68.0
235,319,3,52.07649,67.0
235,320,5,62.153336,66.0
235,321,4,47.50864,65.0
235,322,4,40.266296,64.0
235,323,5,42.858566,63.0
235,324,0,52.322754,62.0
235,325,0,55.149944,61.0
235,326,2,53.209393,60.0
235,327,0,52.488075,59.0
235,328,5,45.70529,58.0
235,329,0,44.836327,57.0
235,330,2,39.482956,56.0
235,331,2,31.523863,55.0
235,332,2,36.705215,54.0
235,333,5,37.259293,53.0
235,334,2,35.237213,52.0
235,335,2,35.10894,51.0
235,336,4,33.862484,50.0
235,337,0,40.66662,49.0
235,338,5,31.667555,48.0
235,339,0,43.951637,47.0
235,340,3,42.18213,46.0
235,341,5,36.58111,45.0
235,342,5,36.233253,44.0
235,343,3,32.475792,43.0
235,344,5,27.717503,42.0
235,345,1,34.685596,41.0
235,346,0,28.9279,40.0
235,347,0,22.178507,39.0
235,348,5,28.181292,38.0
235,349,1,19.568182,37.0
235,350,0,19.201664,36.0
235,351,1,20.712809,35.0
235,352,3,28.315115,34.0
235,353,3,24.813906,33.0
235,354,2,23.672586,32.0
235,355,4,24.250458,31.0
235,356,4,19.636698,30.0
235,357,5,18.727926,29.0
235,358,0,19.570906,28.0
235,359,5,23.637167,27.0
235,360,1,22.20358,26.0
235,361,2,21.089895,25.0
235,362,2,22.14882,24.0
236,36,4,115.958885,125.0
236,37,2,121.82778,125.0
236,38,0,113.06396,125.0
236,39,5,119.75684,125.0
236,40,2,118.19274,125.0
236,41,0,122.50074,125.0
236,42,3,126.52291,125.0
236,43,4,116.65676,125.0
236,44,1,122.49836,125.0
236,45,0,117.80822,125.0
236,46,3,118.32293,125.0
236,47,1,117.794205,125.0
236,48,5,119.62112,125.0
236,49,5,118.89977,125.0
236,50,5,121.99201,125.0
236,51,1,112.60833,125.0
236,52,3,116.631096,125.0
236,53,0,115.40185,125.0
236,54,1,121.86646,125.0
236,55,0,113.55713,125.0
236,56,1,116.40637,125.0
236,57,4,120.0401,125.0
236,58,4,125.75713,125.0
236,59,3,117.051346,125.0
236,60,5,121.180885,125.0
236,61,2,123.80165,125.0
236,62,1,119.612495,125.0
236,63,0,114.47561,125.0
236,64,4,125.07548,125.0
236,65,5,125.49276,125.0
236,66,5,124.5575,125.0
236,67,5,122.0872,125.0
236,68,4,118.09753,125.0
236,69,1,123.25995,125.0
236,70,2,117.843925,125.0
236,71,5,119.72048,125.0
236,72,2,127.63559,125.0
236,73,2,116.67898,125.0
236,74,5,120.96137,125.0
236,75,3,120.99447,125.0
236,76,1,118.29891,125.0
236,77,4,126.702545,125.0
236,78,4,108.3834,125.0
236,79,1,117.11732,125.0
236,80,3,122.71906,125.0
236,81,3,117.79737,125.0
236,82,1,118.47863,125.0
236,83,3,117.11271,125.0
236,84,1,121.95927,125.0
236,85,3,123.82517,125.0
236,86,5,127.01849,125.0
236,87,4,121.98614,125.0
236,88,5,115.43702,125.0
236,89,2,124.700676,125.0
236,90,3,122.46768,125.0
236,91,0,115.50292,125.0
236,92,2,112.135666,125.0
236,93,3,111.07833,125.0
236,94,5,113.80375,125.0
236,95,5,105.67994,125.0
236,96,4,110.54795,125.0
236,97,3,112.3384,125.0
236,98,0,120.46011,125.0
236,99,0,119.65247,125.0
236,100,2,110.10378,125.0
236,101,0,101.71803,125.0
236,102,4,112.8127,125.0
236,103,3,110.93215,125.0
236,104,1,121.33935,125.0
236,105,5,122.137405,125.0
236,106,3,118.31468,125.0
236,107,0,116.2463,125.0
236,108,3,109.57167,125.0
236,109,4,118.811424,125.0
236,110,0,115.566795,125.0
236,111,4,109.78309,125.0
236,112,3,125.00852,125.0
236,113,4,121.4443,125.0
236,114,1,127.42337,125.0
236,115,4,124.29142,125.0
236,116,2,123.6721,125.0
236,117,1,124.53873,125.0
236,118,5,126.20353,125.0
236,119,1,122.48399,125.0
236,120,0,115.75422,125.0
236,121,4,116.95982,125.0
236,122,0,121.187904,125.0
236,123,5,119.62127,125.0
236,124,5,107.794495,125.0
236,125,2,107.09635,125.0
236,126,1,112.132835,125.0
236,127,5,118.65695,124.0
236,128,5,123.217964,123.0
236,129,4,123.94876,122.0
236,130,4,116.3673,121.0
236,131,3,114.63268,120.0
236,132,3,110.28852,119.0
236,133,2,119.584114,118.0
236,134,3,122.61847,117.0
236,135,0,114.58368,116.0
236,136,4,112.71455,115.0
236,137,5,93.15066,114.0
236,138,2,86.07489,113.0
236,139,5,106.34009,112.0
236,140,4,88.931465,111.0
236,141,2,67.19999,110.0
236,142,5,71.63088,109.0
236,143,3,81.06104,108.0
236,144,4,100.683266,107.0
236,145,1,101.56306,106.0
236,146,4,109.94854,105.0
236,147,3,108.10896,104.0
236,148,5,77.44467,103.0
236,149,2,84.02537,102.0
236,150,2,88.905014,101.0
236,151,4,99.88004,100.0
236,152,4,97.15464,99.0
236,153,2,97.10449,98.0
236,154,2,84.50753,97.0
236,155,2,77.22682,96.0
236,156,1,74.947395,95.0
236,157,4,61.690723,94.0
236,158,0,68.03187,93.0
236,159,5,73.89871,92.0
236,160,5,76.60226,91.0
236,161,3,76.88816,90.0
236,162,5,76.055885,89.0
236,163,3,82.01177,88.0
236,164,0,85.339516,87.0
236,165,5,91.86352,86.0
236,166,2,92.47886,85.0
236,167,1,90.84943,84.0
236,168,2,90.12481,83.0
236,169,3,87.67101,82.0
236,170,0,85.94056,81.0
236,171,3,78.4417,80.0
236,172,0,81.164474,79.0
236,173,5,83.013985,78.0
236,174,5,76.14835,77.0
236,175,1,79.49827,76.0
236,176,4,84.487015,75.0
237,36,1,119.77764,125.0
237,37,1,125.70472,125.0
237,38,0,114.2509,125.0
237,39,1,118.66666,125.0
237,40,5,121.56548,125.0
237,41,5,115.52041,125.0
237,42,0,120.43839,125.0
237,43,1,121.14852,125.0
237,44,2,122.446815,125.0
237,45,2,117.68026,125.0
237,46,5,113.846855,125.0
237,47,2,121.73528,125.0
237,48,4,113.56248,125.0
237,49,1,109.37971,125.0
237,50,5,109.31849,125.0
237,51,0,114.06052,125.0
237,52,3,114.62806,125.0
237,53,1,113.62502,125.0
237,54,3,114.54603,125.0
237,55,1,109.836655,125.0
237,56,2,121.69686,125.0
237,57,5,114.23415,125.0
237,58,4,118.28187,125.0
237,59,1,125.01087,125.0
237,60,0,119.139854,125.0
237,61,2,116.8577,125.0
237,62,3,108.92544,125.0
237,63,3,105.60456,125.0
237,64,3,110.377716,125.0
237,65,0,108.414375,125.0
237,66,4,116.65098,125.0
237,67,3,118.887794,125.0
237,68,4,109.89561,125.0
237,69,5,112.99308,125.0
237,70,4,104.411354,125.0
237,71,1,109.047516,125.0
237,72,2,111.0663,125.0
237,73,1,119.9719,125.0
237,74,5,113.44044,125.0
237,75,5,122.12405,125.0
237,76,1,118.50306,125.0
237,77,5,113.36442,125.0
237,78,3,120.352394,125.0
237,79,3,121.51305,125.0
237,80,1,111.96808,125.0
237,81,2,115.222855,125.0
237,82,0,112.33064,125.0
237,83,4,116.691124,125.0
237,84,2,108.76696,125.0
237,85,0,111.58393,125.0
237,86,1,116.24436,125.0
237,87,5,109.791504,125.0
237,88,4,118.253456,125.0
237,89,2,114.62429,125.0
237,90,3,122.9318,125.0
237,91,5,115.02413,125.0
237,92,3,117.107,125.0
237,93,1,114.21476,125.0
237,94,0,114.42076,125.0
237,95,2,126.93488,125.0
237,96,5,123.92176,125.0
237,97,1,118.09597,125.0
237,98,5,122.82897,125.0
237,99,5,127.24713,125.0
237,100,5,120.219826,125.0
237,101,5,106.94636,125.0
237,102,2,116.974785,125.0
237,103,5,118.43902,125.0
237,104,5,112.184395,125.0
237,105,4,121.13392,125.0
237,106,2,123.65404,125.0
237,107,0,121.97643,125.0
237,108,4,121.675575,125.0
237,109,5,128.40317,125.0
237,110,0,124.989525,125.0
237,111,5,116.77908,125.0
237,112,5,112.13749,125.0
237,113,2,114.42124,125.0
237,114,4,113.360855,125.0
237,115,2,122.26319,124.0
237,116,0,123.14064,123.0
237,117,2,122.28801,122.0
237,118,5,125.42536,121.0
237,119,2,111.84027,120.0
237,120,5,112.75689,119.0
237,121,3,117.61445,118.0
237,122,1,124.6999,117.0
237,123,5,128.1506,116.0
237,124,1,115.807106,115.0
237,125,5,116.64945,114.0
237,126,1,123.470985,113.0
237,127,0,124.254555,112.0
237,128,4,124.65811,111.0
237,129,1,123.530785,110.0
237,130,5,126.22729,109.0
237,131,1,119.79824,108.0
237,132,5,120.60221,107.0
237,133,4,98.82226,106.0
237,134,2,107.24437,105.0
237,135,5,111.01891,104.0
237,136,1,108.80728,103.0
237,137,0,109.23614,102.0
237,138,5,116.02251,101.0
237,139,0,115.08709,100.0
237,140,4,116.712944,99.0
237,141,5,110.81721,98.0
237,142,3,120.075615,97.0
237,143,0,121.95575,96.0
237,144,0,96.86602,95.0
237,145,0,94.29922,94.0
237,146,2,100.774574,93.0
237,147,5,98.61931,92.0
237,148,3,104.10623,91.0
237,149,4,107.281235,90.0
237,150,3,102.76156,89.0
237,151,3,108.09826,88.0
237,152,3,112.55987,87.0
237,153,5,107.46667,86.0
237,154,2,112.18679,85.0
237,155,0,110.10844,84.0
237,156,0,105.44109,83.0
237,157,3,97.108116,82.0
237,158,3,109.03678,81.0
237,159,1,111.594734,80.0
237,160,5,115.6119,79.0
237,161,2,100.304924,78.0
237,162,5,112.94326,77.0
237,163,3,114.929214,76.0
237,164,4,113.826454,75.0
237,165,1,109.41245,74.0
237,166,5,93.01843,73.0
237,167,2,90.94946,72.0
237,168,5,73.83659,71.0
237,169,1,80.536156,70.0
237,170,3,80.60906,69.0
237,171,5,78.749245,68.0
237,172,0,68.32859,67.0
237,173,5,85.86829,66.0
237,174,0,94.16953,65.0
237,175,5,90.58356,64.0
237,176,4,92.84435,63.0
237,177,5,80.886475,62.0
237,178,5,85.1471,61.0
237,179,0,92.365326,60.0
237,180,0,93.936104,59.0
237,181,1,98.04523,58.0
237,182,0,113.1408,57.0
237,183,0,101.63742,56.0
237,184,3,110.323265,55.0
237,185,4,101.912704,54.0
237,186,4,108.53867,53.0
237,187,1,107.635315,52.0
237,188,1,101.7308,51.0
237,189,1,87.9912,50.0
237,190,4,81.64898,49.0
237,191,5,93.53038,48.0
237,192,2,100.726265,47.0
237,193,4,103.304726,46.0
237,194,5,111.65389,45.0
237,195,3,103.58955,44.0
237,196,3,120.86343,43.0
237,197,0,113.11057,42.0
237,198,2,108.47788,41.0
237,199,0,108.52178,40.0
237,200,3,112.71349,39.0
237,201,0,105.77833,38.0
237,202,5,100.28407,37.0
237,203,0,80.41076,36.0
237,204,0,59.95015,35.0
237,205,2,47.438225,34.0
237,206,5,47.153435,33.0
237,207,3,31.089056,32.0
237,208,2,41.561028,31.0
237,209,0,53.833942,30.0
237,210,5,50.583755,29.0
237,211,0,56.249634,28.0
237,212,2,59.790527,27.0
237,213,0,48.83863,26.0
237,214,0,47.13961,25.0
237,215,3,39.36648,24.0
237,216,4,46.97441,23.0
237,217,1,53.622017,22.0
237,218,5,53.86534,21.0
237,219,2,54.803234,20.0
237,220,4,49.496357,19.0
237,221,3,54.55222,18.0
238,36,1,127.353264,125.0
238,37,1,117.09409,125.0
238,38,5,126.50915,125.0
238,39,4,123.6383,125.0
238,40,4,122.772484,125.0
238,41,3,112.19791,125.0
238,42,2,119.20038,125.0
238,43,0,122.19124,125.0
238,44,0,117.779,125.0
238,45,5,112.554634,125.0
238,46,5,121.350945,125.0
238,47,3,124.14329,125.0
238,48,3,114.32168,125.0
238,49,5,112.82769,125.0
238,50,2,114.853676,125.0
238,51,5,101.38781,125.0
238,52,4,116.81672,125.0
238,53,2,113.130745,125.0
238,54,4,101.87986,125.0
238,55,4,113.26458,125.0
238,56,5,106.760544,125.0
238,57,2,114.5628,125.0
238,58,4,106.029625,125.0
238,59,2,93.32325,125.0
238,60,4,101.53213,125.0
238,61,2,96.33375,125.0
238,62,4,85.05983,125.0
238,63,1,100.36364,125.0
238,64,4,90.45902,125.0
238,65,0,98.9532,125.0
238,66,1,97.54634,125.0
238,67,0,85.23632,125.0
238,68,5,103.76424,125.0
238,69,3,114.69596,124.0
238,70,4,116.81475,123.0
238,71,5,113.825386,122.0
238,72,0,116.4788,121.0
238,73,5,100.670265,120.0
238,74,4,106.34136,119.0
238,75,1,99.20341,118.0
238,76,5,95.64962,117.0
238,77,5,109.141975,116.0
238,78,1,110.17675,115.0
238,79,5,115.13192,114.0
238,80,5,110.40448,113.0
238,81,3,111.48404,112.0
238,82,5,102.54374,111.0
238,83,0,107.942825,110.0
238,84,3,99.63925,109.0
238,85,4,104.82169,108.0
238,86,0,109.54815,107.0
238,87,5,101.81611,106.0
238,88,4,115.274956,105.0
238,89,2,118.77148,104.0
238,90,5,116.63743,103.0
238,91,3,119.67772,102.0
238,92,4,117.86045,101.0
238,93,5,118.38598,100.0
238,94,4,116.26546,99.0
238,95,3,110.09828,98.0
238,96,1,119.0519,97.0
238,97,2,102.68305,96.0
238,98,5,103.28795,95.0
238,99,3,108.758766,94.0
238,100,2,102.09916,93.0
238,101,0,107.93695,92.0
238,102,4,107.940865,91.0
238,103,0,116.830284,90.0
238,104,2,112.87211,89.0
238,105,5,118.2225,88.0
238,106,2,121.26893,87.0
238,107,3,119.80313,86.0
238,108,3,111.570305,85.0
238,109,2,108.28534,84.0
238,110,4,113.47789,83.0
238,111,5,120.198204,82.0
238,112,4,121.20138,81.0
238,113,5,124.224144,80.0
238,114,0,122.098885,79.0
238,115,4,117.523674,78.0
238,116,3,117.8391,77.0
238,117,1,120.17701,76.0
238,118,0,124.16228,75.0
238,119,4,118.83135,74.0
238,120,0,109.92713,73.0
238,121,1,104.55366,72.0
238,122,5,112.34696,71.0
238,123,1,98.99511,70.0
238,124,5,95.06591,69.0
238,125,5,112.97378,68.0
238,126,0,104.55732,67.0
238,127,0,108.24319,66.0
238,128,3,110.386314,65.0
238,129,0,91.52909,64.0
238,130,2,86.062874,63.0
238,131,4,86.77989,62.0
238,132,4,65.20971,61.0
238,133,2,77.19984,60.0
238,134,5,78.336334,59.0
238,135,0,85.140335,58.0
238,136,2,85.03955,57.0
238,137,4,78.23983,56.0
238,138,0,100.34141,55.0
238,139,2,84.26966,54.0
238,140,0,88.951515,53.0
238,141,4,84.16103,52.0
238,142,0,89.060356,51.0
238,143,2,88.6531,50.0
238,144,2,91.83421,49.0
238,145,5,85.4455,48.0
238,146,3,75.16487,47.0
238,147,0,93.421425,46.0
238,148,3,73.11505,45.0
238,149,0,86.599724,44.0
238,150,3,90.22254,43.0
238,151,0,67.74314,42.0
238,152,3,73.86617,41.0
238,153,2,57.21652,40.0
238,154,1,49.585617,39.0
238,155,4,68.50974,38.0
238,156,0,68.84904,37.0
238,157,3,63.70097,36.0
238,158,5,91.9821,35.0
238,159,5,92.46244,34.0
238,160,4,81.478935,33.0
238,161,1,58.964222,32.0
238,162,5,52.23138,31.0
238,163,5,77.14243,30.0
238,164,4,47.87614,29.0
238,165,0,54.407494,28.0
238,166,3,63.995674,27.0
238,167,3,47.43143,26.0
238,168,3,29.628906,25.0
238,169,0,31.589117,24.0
238,170,0,23.060537,23.0
238,171,1,22.877165,22.0
238,172,0,17.284418,21.0
238,173,3,23.058289,20.0
238,174,2,35.658794,19.0
238,175,1,29.237034,18.0
238,176,2,33.270054,17.0
238,177,2,47.356926,16.0
240,36,5,116.51047,125.0
240,37,4,121.41784,125.0
240,38,5,118.73271,125.0
240,39,2,114.32017,125.0
240,40,5,113.37304,125.0
240,41,1,120.1069,125.0
240,42,1,120.37643,125.0
240,43,5,117.8839,125.0
240,44,4,110.71041,125.0
240,45,0,124.7806,125.0
240,46,5,126.57337,125.0
240,47,4,121.556725,125.0
240,48,1,117.195915,125.0
240,49,5,103.60293,125.0
240,50,0,114.071526,125.0
240,51,0,117.09394,125.0
240,52,5,121.22489,125.0
240,53,3,119.52186,125.0
240,54,2,117.22665,125.0
240,55,5,122.09043,125.0
240,56,0,120.54639,125.0
240,57,4,121.526794,125.0
240,58,5,124.36863,125.0
240,59,4,124.905975,125.0
240,60,2,113.316055,125.0
240,61,2,101.19675,125.0
240,62,4,107.10569,125.0
240,63,4,105.59853,125.0
240,64,2,115.26462,125.0
240,65,3,123.548485,125.0
240,66,1,119.06199,125.0
240,67,4,124.36083,125.0
240,68,3,128.68811,125.0
240,69,2,114.73916,125.0
240,70,1,123.70202,125.0
240,71,3,128.34134,125.0
240,72,4,128.92784,125.0
240,73,1,127.38724,125.0
240,74,1,120.76731,125.0
240,75,0,126.73803,125.0
240,76,3,126.67352,125.0
240,77,5,114.380295,125.0
240,78,5,118.31852,125.0
240,79,2,109.91956,125.0
240,80,1,105.92229,125.0
240,81,0,107.09179,125.0
240,82,4,113.758835,125.0
240,83,3,123.85798,125.0
240,84,4,120.15738,125.0
240,85,4,101.23195,125.0
240,86,4,113.42368,125.0
240,87,0,98.985306,125.0
240,88,5,115.09962,125.0
240,89,1,121.58151,125.0
240,90,0,117.25453,125.0
240,91,2,120.61509,125.0
240,92,1,127.348045,125.0
240,93,2,119.618675,125.0
240,94,2,119.73809,125.0
240,95,5,121.88744,125.0
240,96,5,116.83076,125.0
240,97,3,120.15922,125.0
240,98,0,125.971825,125.0
240,99,5,120.19643,125.0
240,100,3,114.39623,125.0
240,101,5,95.852104,125.0
240,102,0,112.41476,125.0
240,103,5,101.49603,125.0
240,104,4,114.34131,125.0
240,105,1,128.71205,125.0
240,106,3,130.95892,125.0
240,107,0,118.64708,125.0
240,108,5,114.00756,125.0
240,109,5,116.71455,125.0
240,110,0,114.243416,125.0
240,111,2,113.17367,125.0
240,112,1,115.162254,125.0
240,113,0,119.857216,125.0
240,114,3,116.854805,125.0
240,115,1,112.97764,125.0
240,116,2,99.40339,125.0
240,117,4,106.98631,125.0
240,118,4,93.84695,125.0
240,119,5,95.47174,125.0
240,120,5,96.50327,125.0
240,121,0,82.11428,125.0
240,122,2,104.22798,125.0
240,123,4,103.526054,125.0
240,124,4,94.66315,125.0
240,125,4,85.52827,125.0
240,126,0,106.33253,125.0
240,127,0,99.1361,125.0
240,128,1,96.6769,125.0
240,129,1,96.70905,125.0
240,130,2,88.78749,125.0
240,131,4,83.67606,125.0
240,132,0,100.00196,125.0
240,133,4,88.840805,125.0
240,134,3,108.084984,125.0
240,135,5,111.020966,125.0
240,136,0,116.282524,125.0
240,137,5,114.45968,125.0
240,138,0,111.3032,125.0
240,139,2,95.77414,125.0
240,140,1,84.33835,125.0
240,141,4,96.67302,125.0
240,142,3,104.93864,125.0
240,143,4,95.328575,125.0
240,144,1,91.77822,125.0
240,145,3,99.77351,125.0
240,146,4,99.500824,125.0
240,147,5,102.060844,125.0
240,148,4,87.92599,125.0
240,149,4,83.46018,125.0
240,150,5,77.32723,125.0
240,151,3,66.10169,125.0
240,152,4,75.21551,125.0
240,153,3,77.2429,125.0
240,154,1,64.88012,125.0
240,155,5,66.86927,125.0
240,156,5,72.09742,125.0
240,157,5,73.30656,125.0
240,158,0,85.96489,125.0
240,159,5,87.02747,125.0
240,160,0,96.815834,125.0
240,161,0,92.23894,125.0
240,162,5,99.885475,125.0
240,163,1,87.875885,125.0
240,164,5,81.173164,125.0
240,165,3,86.336555,125.0
240,166,2,95.55903,125.0
240,167,4,95.30819,125.0
240,168,1,85.58082,125.0
240,169,3,95.01272,125.0
240,170,5,99.60221,125.0
240,171,1,75.34844,125.0
240,172,4,76.96264,125.0
240,173,0,73.375084,125.0
240,174,2,69.038345,125.0
240,175,1,58.41478,125.0
240,176,1,49.32019,125.0
240,177,1,52.818195,125.0
240,178,4,45.42394,124.0
240,179,2,32.44248,123.0
240,180,5,46.51007,122.0
240,181,1,38.980003,121.0
240,182,4,38.756233,120.0
240,183,5,45.419792,119.0
240,184,3,32.266502,118.0
240,185,5,36.728195,117.0
240,186,0,29.940525,116.0
240,187,0,28.918375,115.0
240,188,0,28.97215,114.0
240,189,5,24.085936,113.0
240,190,4,31.819609,112.0
240,191,1,32.30008,111.0
240,192,3,34.831635,110.0
240,193,0,35.38414,109.0
240,194,5,38.547203,108.0
240,195,2,30.383629,107.0
240,196,3,36.566597,106.0
240,197,3,31.566652,105.0
240,198,5,24.221807,104.0
240,199,4,27.7007,103.0
240,200,5,33.952785,102.0
240,201,0,28.944551,101.0
240,202,5,30.8891,100.0
240,203,2,28.659834,99.0
240,204,1,35.08829,98.0
241,36,2,123.636765,125.0
241,37,5,123.90822,125.0
241,38,3,122.17606,125.0
241,39,0,112.09902,125.0
241,40,4,121.641075,125.0
241,41,0,120.40983,125.0
241,42,2,122.647064,125.0
242,36,0,125.829765,125.0
242,37,5,125.67089,125.0
242,38,3,129.31291,125.0
242,39,0,127.24571,125.0
242,40,2,122.57705,125.0
242,41,4,128.63405,125.0
242,42,0,116.54389,125.0
242,43,5,121.796844,125.0
242,44,3,120.01661,125.0
242,45,2,118.41032,125.0
242,46,2,108.62493,125.0
242,47,2,89.45109,125.0
242,48,3,111.56392,125.0
242,49,3,119.41301,125.0
242,50,1,121.62327,125.0
242,51,2,116.67471,125.0
242,52,1,118.05581,125.0
242,53,0,118.975075,125.0
242,54,2,103.41865,125.0
242,55,4,107.51788,125.0
242,56,5,120.04618,125.0
242,57,5,101.99358,125.0
242,58,2,90.17713,125.0
242,59,1,98.34196,125.0
242,60,4,109.6731,125.0
242,61,4,115.47231,125.0
242,62,5,110.84817,125.0
242,63,1,117.45107,125.0
242,64,5,120.14775,125.0
242,65,0,120.0232,125.0
242,66,4,120.43069,125.0
242,67,0,111.76034,125.0
242,68,5,115.57622,125.0
242,69,2,117.36368,124.0
242,70,4,110.41798,123.0
242,71,2,111.40778,122.0
242,72,4,115.03165,121.0
242,73,2,106.87673,120.0
242,74,5,115.640175,119.0
242,75,3,118.70269,118.0
242,76,0,97.256584,117.0
242,77,0,96.55351,116.0
242,78,3,108.916695,115.0
242,79,0,100.17478,114.0
242,80,5,89.45489,113.0
242,81,4,102.20316,112.0
242,82,1,108.57242,111.0
242,83,4,114.24618,110.0
242,84,2,116.63326,109.0
242,85,5,115.96332,108.0
242,86,0,111.63064,107.0
242,87,5,111.85094,106.0
242,88,4,116.98231,105.0
242,89,5,117.06543,104.0
242,90,1,111.151794,103.0
242,91,5,114.75274,102.0
242,92,0,117.404686,101.0
242,93,5,116.858215,100.0
242,94,1,117.95294,99.0
242,95,4,121.80119,98.0
242,96,3,117.922104,97.0
242,97,1,117.18607,96.0
242,98,5,120.0902,95.0
242,99,4,115.643196,94.0
242,100,4,117.60132,93.0
242,101,4,114.57408,92.0
242,102,2,119.72886,91.0
242,103,3,111.14481,90.0
242,104,5,120.68275,89.0
242,105,3,122.352104,88.0
242,106,4,115.09481,87.0
242,107,1,110.85789,86.0
242,108,5,119.40542,85.0
242,109,1,120.47779,84.0
242,110,1,117.555115,83.0
242,111,2,119.139595,82.0
242,112,1,115.39446,81.0
243,36,2,129.94958,125.0
243,37,5,129.77588,125.0
243,38,5,131.83536,125.0
243,39,3,136.15558,125.0
243,40,2,137.775,125.0
243,41,5,134.8824,125.0
243,42,1,134.25452,125.0
243,43,5,135.51125,125.0
243,44,2,131.2482,125.0
243,45,1,135.06958,125.0
243,46,1,127.42854,125.0
243,47,4,144.24295,125.0
243,48,2,119.69314,125.0
243,49,5,126.43542,125.0
243,50,1,118.623505,125.0
243,51,5,120.091545,125.0
243,52,4,122.630875,125.0
243,53,5,113.686005,125.0
243,54,2,118.56444,125.0
243,55,4,117.455475,125.0
243,56,0,126.4109,125.0
243,57,2,117.658585,125.0
243,58,2,114.924194,125.0
243,59,0,119.515205,125.0
243,60,5,114.08152,125.0
243,61,5,127.288246,125.0
243,62,4,126.70342,125.0
243,63,2,126.40244,125.0
243,64,5,116.5099,125.0
243,65,5,120.844666,125.0
243,66,2,109.23121,125.0
243,67,5,95.65073,125.0
243,68,4,99.33837,125.0
243,69,5,111.865364,125.0
243,70,1,115.59422,125.0
243,71,1,115.13933,125.0
243,72,4,127.29561,125.0
243,73,3,125.04116,125.0
243,74,4,112.71948,125.0
243,75,4,116.62142,125.0
243,76,3,97.54217,125.0
243,77,0,82.99885,125.0
243,78,5,84.13917,125.0
243,79,4,88.67759,125.0
243,80,3,89.48286,125.0
243,81,3,104.0434,125.0
243,82,1,108.92228,125.0
243,83,2,125.70994,125.0
243,84,4,109.573006,125.0
243,85,5,101.51076,125.0
243,86,3,112.46697,125.0
243,87,1,120.46462,125.0
243,88,1,115.887764,125.0
243,89,0,113.78753,125.0
243,90,2,118.769936,125.0
243,91,4,116.66413,125.0
243,92,4,114.39787,125.0
243,93,4,116.549995,125.0
243,94,5,128.06018,125.0
243,95,5,128.30484,125.0
243,96,2,119.70048,125.0
243,97,5,123.88062,125.0
243,98,2,121.786705,125.0
243,99,5,120.69341,125.0
243,100,5,118.32578,125.0
243,101,1,110.3442,125.0
243,102,5,110.21941,125.0
243,103,5,89.01708,125.0
243,104,5,86.162865,125.0
243,105,5,65.49462,125.0
243,106,3,89.81421,125.0
243,107,4,97.88024,125.0
243,108,0,92.86059,125.0
243,109,5,103.569595,125.0
243,110,4,115.64935,125.0
243,111,0,122.31882,125.0
243,112,2,120.65456,125.0
243,113,3,124.29587,125.0
243,114,4,122.679054,125.0
243,115,2,123.09074,125.0
243,116,0,122.738335,125.0
243,117,0,113.33799,125.0
243,118,5,116.865166,125.0
243,119,4,125.271164,125.0
243,120,2,126.46009,125.0
243,121,3,124.15653,125.0
243,122,0,117.03959,125.0
243,123,3,113.36097,125.0
243,124,3,108.908195,125.0
243,125,2,97.769516,125.0
243,126,0,105.18615,125.0
243,127,2,95.47436,125.0
243,128,4,107.68931,125.0
243,129,4,92.63333,125.0
243,130,5,94.17518,125.0
243,131,5,95.57395,125.0
243,132,5,87.517975,125.0
243,133,4,92.921646,125.0
243,134,3,110.20826,125.0
243,135,1,123.20819,125.0
243,136,4,118.77384,125.0
243,137,0,119.26749,125.0
243,138,5,125.069176,125.0
243,139,0,132.68033,125.0
243,140,1,118.94405,125.0
243,141,0,127.28085,125.0
243,142,4,125.74713,125.0
243,143,4,119.545006,125.0
243,144,2,120.266624,125.0
243,145,5,118.6706,125.0
243,146,0,126.604546,125.0
243,147,5,130.18146,125.0
243,148,4,118.08202,125.0
243,149,2,125.31988,125.0
243,150,5,128.76314,125.0
243,151,3,119.43857,125.0
243,152,0,121.37376,125.0
243,153,4,121.942406,125.0
243,154,1,122.68132,125.0
243,155,4,124.46801,125.0
243,156,3,114.260345,125.0
243,157,5,120.11341,125.0
243,158,2,119.58051,125.0
243,159,4,117.97992,125.0
243,160,1,115.961494,125.0
243,161,2,112.53487,125.0
243,162,1,102.33052,125.0
243,163,5,100.46949,125.0
243,164,0,102.074715,125.0
243,165,5,94.05604,125.0
243,166,5,100.35615,125.0
243,167,2,90.691345,125.0
243,168,3,116.1632,125.0
243,169,3,115.24143,125.0
243,170,1,106.181694,125.0
243,171,3,116.228935,125.0
243,172,5,117.45076,125.0
243,173,2,96.62882,125.0
243,174,1,94.218155,125.0
243,175,0,102.41564,125.0
243,176,3,111.40666,125.0
243,177,1,102.7676,125.0
243,178,5,115.797646,125.0
243,179,0,119.23069,125.0
243,180,1,112.97881,125.0
243,181,3,111.197624,125.0
243,182,4,110.551125,125.0
243,183,3,115.71043,125.0
243,184,4,109.71668,125.0
243,185,0,123.16102,125.0
243,186,0,128.44382,125.0
243,187,2,117.126305,125.0
243,188,5,117.86593,125.0
243,189,4,115.28936,125.0
243,190,1,96.75133,125.0
243,191,4,97.668205,125.0
243,192,4,84.32592,125.0
243,193,0,91.82201,124.0
243,194,3,98.51931,123.0
243,195,3,87.43177,122.0
243,196,4,67.68369,121.0
243,197,1,63.910427,120.0
243,198,3,47.5935,119.0
243,199,1,45.57859,118.0
244,36,4,125.22468,125.0
244,37,1,121.77663,125.0
244,38,4,123.54554,125.0
244,39,5,126.199776,125.0
244,40,3,118.881744,125.0
244,41,4,127.32885,125.0
244,42,4,130.36195,125.0
244,43,0,122.84643,125.0
244,44,1,134.22139,125.0
244,45,2,129.2174,125.0
244,46,1,128.18204,125.0
244,47,0,127.17509,125.0
244,48,1,119.83117,125.0
244,49,1,112.66013,125.0
244,50,5,124.6334,125.0
244,51,5,118.025536,125.0
244,52,5,116.86361,125.0
244,53,4,122.26841,125.0
244,54,5,119.62917,125.0
244,55,0,120.757645,125.0
244,56,3,127.07939,125.0
244,57,3,126.891014,125.0
244,58,4,125.0765,125.0
244,59,1,114.929016,125.0
244,60,2,117.068855,125.0
244,61,5,121.70677,125.0
244,62,5,126.137474,125.0
244,63,2,122.0084,125.0
244,64,4,121.95056,125.0
244,65,1,122.838005,125.0
244,66,0,129.1479,125.0
244,67,2,122.11437,125.0
244,68,2,111.693054,125.0
244,69,1,108.54052,125.0
244,70,5,112.071724,125.0
244,71,5,113.38071,125.0
244,72,4,124.58291,125.0
244,73,5,111.05987,125.0
244,74,2,113.41097,125.0
244,75,4,118.08894,125.0
244,76,3,113.49638,125.0
244,77,4,112.36039,125.0
244,78,2,101.8839,125.0
244,79,3,108.62825,125.0
244,80,0,103.30439,125.0
244,81,0,104.952,125.0
244,82,3,105.57337,125.0
244,83,5,99.985054,125.0
244,84,0,94.43238,125.0
244,85,3,100.05955,125.0
244,86,4,103.60677,125.0
244,87,3,99.98057,125.0
244,88,4,106.727715,125.0
244,89,3,111.70158,125.0
244,90,5,111.222145,125.0
244,91,0,118.51813,125.0
244,92,5,112.20792,125.0
244,93,3,106.55518,125.0
244,94,2,118.38045,125.0
244,95,3,115.423584,124.0
244,96,0,119.19278,123.0
244,97,3,118.982635,122.0
244,98,1,114.160835,121.0
244,99,4,124.90949,120.0
244,100,2,120.37978,119.0
244,101,4,117.174965,118.0
244,102,5,120.97463,117.0
244,103,4,116.87336,116.0
244,104,0,124.10694,115.0
244,105,3,118.83051,114.0
244,106,0,114.62568,113.0
244,107,3,105.05166,112.0
244,108,2,107.422386,111.0
244,109,0,103.026375,110.0
244,110,3,113.72226,109.0
244,111,5,115.18812,108.0
244,112,1,116.27016,107.0
244,113,5,109.90492,106.0
244,114,3,109.714905,105.0
244,115,5,105.368614,104.0
244,116,0,120.27256,103.0
244,117,1,102.741325,102.0
244,118,0,113.18015,101.0
244,119,5,106.555954,100.0
244,120,1,106.30461,99.0
244,121,5,105.51861,98.0
244,122,1,101.46343,97.0
244,123,4,100.6056,96.0
244,124,4,101.66956,95.0
244,125,2,82.38988,94.0
244,126,4,80.682014,93.0
244,127,1,78.97866,92.0
244,128,2,79.12391,91.0
244,129,5,83.864876,90.0
244,130,2,85.854965,89.0
244,131,1,90.61097,88.0
244,132,1,95.65522,87.0
244,133,3,95.436424,86.0
244,134,5,88.774895,85.0
244,135,2,91.47007,84.0
244,136,4,100.57027,83.0
244,137,5,92.44669,82.0
244,138,0,89.059525,81.0
244,139,0,99.60612,80.0
244,140,3,88.681984,79.0
244,141,5,88.185555,78.0
244,142,3,96.51296,77.0
244,143,2,98.11245,76.0
244,144,0,100.69494,75.0
244,145,5,80.66231,74.0
244,146,3,92.19786,73.0
244,147,4,93.24694,72.0
244,148,3,91.330894,71.0
244,149,5,96.04978,70.0
244,150,5,91.053154,69.0
244,151,2,71.53683,68.0
244,152,3,74.6807,67.0
244,153,2,73.14407,66.0
244,154,2,68.693016,65.0
244,155,1,80.07549,64.0
244,156,5,75.030365,63.0
244,157,2,71.894936,62.0
244,158,0,72.45896,61.0
244,159,4,73.34579,60.0
244,160,5,73.76907,59.0
244,161,4,66.03509,58.0
244,162,0,67.429054,57.0
244,163,0,56.553238,56.0
244,164,5,61.080494,55.0
244,165,5,67.46431,54.0
244,166,0,62.71142,53.0
244,167,4,62.23353,52.0
244,168,2,42.40725,51.0
244,169,3,43.986988,50.0
244,170,2,49.06041,49.0
244,171,2,40.249,48.0
244,172,1,32.96243,47.0
244,173,3,29.284826,46.0
244,174,5,31.654776,45.0
244,175,4,32.498184,44.0
244,176,3,26.019682,43.0
244,177,1,19.48814,42.0
244,178,4,20.366667,41.0
244,179,0,35.19321,40.0
244,180,5,40.078533,39.0
244,181,4,34.285507,38.0
244,182,3,25.59188,37.0
244,183,2,34.966797,36.0
244,184,3,22.360346,35.0
245,36,5,122.59235,125.0
245,37,4,116.3944,125.0
245,38,5,119.23191,125.0
245,39,2,122.33134,125.0
245,40,5,123.447174,125.0
245,41,3,123.5187,125.0
245,42,0,125.75672,125.0
245,43,1,125.54541,125.0
245,44,4,125.7141,125.0
245,45,0,129.05869,125.0
245,46,2,120.85219,125.0
245,47,4,126.38932,125.0
245,48,4,130.39867,125.0
245,49,4,136.43057,125.0
245,50,3,133.41756,125.0
245,51,0,120.93984,125.0
245,52,5,111.58143,125.0
245,53,0,117.809875,125.0
245,54,0,114.277176,125.0
245,55,5,119.608055,125.0
245,56,2,119.4936,125.0
245,57,2,125.179054,125.0
245,58,5,121.979774,125.0
245,59,4,117.89672,125.0
245,60,4,116.0107,125.0
245,61,5,108.28921,125.0
245,62,1,113.95743,125.0
245,63,3,119.31779,125.0
247,36,1,110.19923,125.0
247,37,4,113.87867,125.0
247,38,2,122.574135,125.0
247,39,5,119.4439,125.0
247,40,2,119.1906,125.0
247,41,2,118.958534,125.0
247,42,0,117.58341,125.0
247,43,0,121.58071,125.0
247,44,5,118.66103,125.0
247,45,0,121.744026,125.0
247,46,5,122.56721,125.0
247,47,5,112.86767,125.0
247,48,3,113.77358,125.0
247,49,0,116.62731,125.0
247,50,5,111.72144,125.0
247,51,0,103.94647,125.0
247,52,1,119.56723,125.0
247,53,2,118.578285,125.0
247,54,1,125.82823,125.0
247,55,5,113.88538,125.0
247,56,3,118.51302,125.0
247,57,5,104.03799,125.0
247,58,2,113.1127,125.0
247,59,2,120.74532,125.0
247,60,0,121.54215,125.0
247,61,1,110.46183,125.0
247,62,1,117.84432,125.0
247,63,4,111.390434,125.0
247,64,2,114.60609,125.0
247,65,4,116.79029,125.0
247,66,4,114.349754,125.0
247,67,2,110.27518,125.0
247,68,4,121.42367,125.0
247,69,5,112.79192,125.0
247,70,0,121.485596,125.0
247,71,3,122.756615,125.0
247,72,3,108.00857,125.0
247,73,0,105.87746,125.0
247,74,3,113.3473,125.0
247,75,0,118.1194,125.0
247,76,0,125.911964,125.0
247,77,2,123.431725,125.0
247,78,3,114.9383,125.0
247,79,4,120.798164,125.0
247,80,5,113.80119,125.0
247,81,4,102.089226,125.0
247,82,1,119.06135,124.0
247,83,1,124.33182,123.0
247,84,5,120.96965,122.0
247,85,1,125.69865,121.0
247,86,4,121.93528,120.0
247,87,0,121.51693,119.0
247,88,2,101.26781,118.0
247,89,5,105.52285,117.0
247,90,2,104.083755,116.0
247,91,4,101.6296,115.0
247,92,4,106.20107,114.0
247,93,1,108.28075,113.0
247,94,2,111.95565,112.0
248,36,5,124.77122,125.0
248,37,3,121.411674,125.0
248,38,5,114.255615,125.0
248,39,2,121.579,125.0
248,40,5,121.89029,125.0
248,41,5,112.41267,125.0
248,42,0,117.09077,125.0
248,43,1,118.988846,125.0
248,44,3,113.994576,125.0
248,45,4,117.02486,125.0
248,46,2,120.45646,125.0
248,47,5,117.33666,125.0
248,48,0,122.11068,125.0
248,49,5,118.193214,125.0
248,50,1,116.84252,125.0
248,51,5,121.83031,125.0
248,52,3,123.4341,125.0
248,53,5,120.16624,125.0
248,54,1,115.50851,125.0
248,55,5,108.34545,125.0
248,56,5,115.638405,125.0
248,57,3,121.29745,125.0
248,58,3,108.09139,125.0
248,59,1,116.8297,125.0
248,60,3,114.643654,125.0
248,61,2,120.00092,125.0
248,62,4,123.58851,125.0
248,63,3,114.805595,125.0
248,64,4,120.868324,125.0
248,65,0,102.0494,125.0
248,66,1,105.81848,125.0
248,67,5,113.87077,125.0
248,68,2,121.53019,125.0
248,69,0,111.8243,125.0
248,70,4,115.7622,125.0
248,71,1,116.65173,125.0
248,72,1,109.30306,125.0
248,73,4,113.023445,125.0
248,74,2,113.301926,125.0
248,75,5,116.165794,125.0
248,76,2,118.05892,125.0
248,77,0,124.18688,125.0
248,78,1,123.00349,125.0
248,79,4,116.193886,125.0
248,80,5,124.63727,125.0
248,81,2,120.45623,125.0
248,82,2,109.50863,125.0
248,83,5,109.441666,125.0
248,84,5,119.71006,125.0
248,85,2,115.61918,125.0
248,86,0,111.546326,125.0
248,87,1,117.08104,125.0
248,88,4,119.746254,125.0
248,89,5,113.371864,125.0
248,90,4,120.99587,125.0
248,91,2,121.09029,125.0
248,92,2,109.50071,125.0
248,93,4,115.52825,125.0
248,94,0,112.82746,125.0
248,95,4,122.78808,125.0
248,96,2,118.10169,125.0
248,97,4,111.962166,125.0
248,98,1,105.58556,125.0
248,99,1,119.78661,125.0
248,100,2,104.26003,125.0
248,101,4,114.10978,125.0
248,102,1,106.928154,125.0
248,103,4,114.53299,125.0
248,104,2,124.50883,125.0
248,105,3,124.70072,125.0
248,106,1,118.05841,125.0
248,107,5,120.68343,125.0
248,108,2,111.35807,125.0
248,109,0,119.20675,125.0
248,110,3,115.08971,125.0
248,111,5,115.14686,125.0
248,112,3,123.423454,125.0
248,113,5,123.877754,125.0
248,114,1,113.928,125.0
248,115,2,116.94166,125.0
248,116,5,119.41524,125.0
248,117,5,124.981186,125.0
248,118,4,124.7466,125.0
248,119,5,118.33295,125.0
248,120,5,101.69023,125.0
248,121,0,97.02013,125.0
248,122,1,112.60408,125.0
248,123,4,112.85606,125.0
248,124,1,111.21638,125.0
248,125,1,117.37597,125.0
248,126,0,115.39931,125.0
248,127,3,118.98233,125.0
248,128,1,115.773254,125.0
248,129,3,116.47102,125.0
248,130,4,123.48293,125.0
248,131,2,121.331924,125.0
248,132,4,126.03272,125.0
248,133,5,118.84031,125.0
248,134,3,119.38302,125.0
248,135,0,128.11842,125.0
248,136,3,124.6348,125.0
248,137,0,124.146614,125.0
248,138,5,116.49666,125.0
248,139,1,117.552986,125.0
248,140,3,122.6208,125.0
248,141,4,126.29589,125.0
248,142,5,122.77958,125.0
248,143,4,122.26272,125.0
248,144,3,114.80647,125.0
248,145,5,127.34202,125.0
248,146,1,109.77887,125.0
248,147,1,115.12258,125.0
248,148,4,111.833565,125.0
248,149,3,103.051865,125.0
248,150,3,113.614784,125.0
248,151,2,114.82239,125.0
248,152,0,125.86066,125.0
248,153,3,118.1058,125.0
248,154,2,116.434906,125.0
248,155,5,118.14929,125.0
248,156,0,107.754845,125.0
248,157,2,117.76177,125.0
248,158,0,114.53846,125.0
248,159,1,124.29163,125.0
248,160,0,112.698524,125.0
248,161,1,122.99538,125.0
248,162,5,121.386284,125.0
248,163,2,118.62101,125.0
248,164,0,113.409775,125.0
248,165,1,116.1798,125.0
248,166,0,110.82264,125.0
248,167,0,113.74258,125.0
248,168,5,104.45519,125.0
248,169,4,114.20667,125.0
248,170,2,112.56774,125.0
248,171,2,113.78477,125.0
248,172,2,102.75259,125.0
248,173,4,103.673195,125.0
248,174,4,106.76607,125.0
248,175,3,105.51588,125.0
248,176,0,110.91068,125.0
248,177,5,113.21132,125.0
248,178,4,117.3505,125.0
248,179,4,106.31678,125.0
248,180,0,112.15295,125.0
248,181,0,97.90189,125.0
248,182,1,115.07275,125.0
248,183,5,115.67448,124.0
248,184,2,105.32719,123.0
248,185,4,109.30298,122.0
248,186,3,108.219376,121.0
248,187,0,112.06876,120.0
248,188,5,120.29748,119.0
248,189,3,120.40099,118.0
248,190,2,101.541954,117.0
248,191,1,106.44077,116.0
248,192,2,110.43157,115.0
248,193,5,103.70538,114.0
248,194,5,109.328606,113.0
248,195,1,96.71073,112.0
248,196,4,89.76945,111.0
248,197,0,81.26863,110.0
248,198,5,93.5604,109.0
248,199,0,90.18877,108.0
248,200,5,83.17774,107.0
248,201,5,71.599266,106.0
248,202,2,64.81086,105.0
248,203,2,63.23068,104.0
248,204,3,67.02542,103.0
248,205,4,67.352,102.0
248,206,4,85.87054,101.0
248,207,2,73.28182,100.0
248,208,3,84.18304,99.0
248,209,5,65.18221,98.0
248,210,3,79.151726,97.0
248,211,2,70.89074,96.0
248,212,0,83.66561,95.0
248,213,5,95.44828,94.0
248,214,1,94.89744,93.0
248,215,0,93.0436,92.0
248,216,4,91.03242,91.0
248,217,5,100.01092,90.0
248,218,3,91.286934,89.0
248,219,3,66.047966,88.0
248,220,4,78.397224,87.0
248,221,1,86.77001,86.0
248,222,0,86.179276,85.0
248,223,3,103.91544,84.0
248,224,5,92.65916,83.0
248,225,2,84.30149,82.0
248,226,4,77.02346,81.0
248,227,5,70.05715,80.0
248,228,4,65.858734,79.0
248,229,4,78.51717,78.0
248,230,4,73.319305,77.0
248,231,0,65.480125,76.0
248,232,0,78.90562,75.0
248,233,2,67.65693,74.0
248,234,3,65.32731,73.0
248,235,2,40.97791,72.0
248,236,5,57.15675,71.0
248,237,3,44.186653,70.0
248,238,4,39.81932,69.0
248,239,5,47.95965,68.0
248,240,5,47.55932,67.0
248,241,3,59.05018,66.0
248,242,1,46.48549,65.0
248,243,2,38.5315,64.0
248,244,5,52.37818,63.0
248,245,1,52.411972,62.0
248,246,4,60.441006,61.0
248,247,2,35.29922,60.0
248,248,3,46.88485,59.0
248,249,5,52.64561,58.0
248,250,1,54.738213,57.0
248,251,2,50.63916,56.0
248,252,3,57.685104,55.0
248,253,5,48.840683,54.0
248,254,2,53.8649,53.0
248,255,4,48.68473,52.0
248,256,4,49.425484,51.0
248,257,0,46.620483,50.0
248,258,4,50.26397,49.0
248,259,4,50.083675,48.0
248,260,5,51.649857,47.0
248,261,4,47.566666,46.0
248,262,3,53.03865,45.0
248,263,3,46.5791,44.0
248,264,1,48.145863,43.0
248,265,4,38.941525,42.0
248,266,3,43.519386,41.0
248,267,5,42.043617,40.0
248,268,2,49.636112,39.0
248,269,4,42.487595,38.0
248,270,1,46.9349,37.0
248,271,5,51.12248,36.0
248,272,3,50.035366,35.0
248,273,3,53.04287,34.0
248,274,4,48.592163,33.0
248,275,5,52.36891,32.0
248,276,0,49.814987,31.0
248,277,5,52.18273,30.0
248,278,3,38.73107,29.0
248,279,0,46.57651,28.0
248,280,3,50.529827,27.0
248,281,0,41.4439,26.0
