unit_number,cycle,operating_regime,predicted_rul,actual_rul
1,36,3,123.39302,125.0
1,37,4,116.14703,125.0
1,38,0,114.166985,125.0
1,39,5,117.83269,125.0
1,40,1,108.13238,125.0
1,41,4,115.459656,125.0
1,42,5,103.14413,125.0
1,43,3,105.65592,125.0
1,44,3,112.028984,125.0
1,45,3,112.3267,125.0
1,46,0,118.419975,125.0
1,47,1,120.64059,125.0
1,48,3,123.08759,125.0
1,49,0,120.21212,125.0
1,50,0,123.105385,125.0
1,51,3,124.17486,125.0
1,52,0,122.90692,125.0
1,53,2,114.71023,125.0
1,54,1,114.78834,125.0
1,55,1,115.451164,125.0
1,56,1,112.38595,125.0
1,57,0,117.790184,125.0
1,58,4,116.491234,125.0
1,59,2,100.51896,125.0
1,60,1,105.76382,125.0
1,61,3,98.717186,125.0
1,62,5,96.36645,125.0
1,63,3,110.79484,125.0
1,64,2,111.41163,125.0
1,65,5,118.8845,125.0
1,66,5,111.5253,125.0
1,67,1,90.379166,125.0
1,68,2,88.20869,125.0
1,69,1,100.06861,125.0
1,70,2,114.47285,125.0
1,71,3,118.662224,125.0
1,72,2,116.32578,125.0
1,73,0,109.78054,125.0
1,74,5,110.23951,125.0
1,75,3,97.08383,125.0
1,76,0,101.09716,125.0
1,77,1,102.97287,125.0
1,78,0,97.71917,125.0
1,79,0,115.50917,125.0
1,80,5,104.66335,125.0
1,81,0,125.17369,125.0
1,82,2,118.79427,125.0
1,83,3,114.8373,125.0
1,84,1,110.560905,125.0
1,85,5,105.38843,125.0
1,86,3,110.50617,125.0
1,87,0,97.9318,125.0
1,88,2,93.11373,125.0
1,89,4,102.41303,125.0
1,90,5,94.358406,125.0
1,91,0,89.91617,125.0
1,92,0,97.66802,125.0
1,93,4,92.091286,125.0
1,94,3,100.81329,125.0
1,95,4,108.61271,125.0
1,96,3,95.375015,125.0
1,97,4,84.48536,125.0
1,98,2,81.26003,125.0
1,99,0,92.246315,125.0
1,100,4,70.51545,125.0
1,101,5,98.81057,125.0
1,102,2,99.05053,125.0
1,103,4,72.02618,125.0
1,104,4,51.416916,125.0
1,105,5,73.67666,125.0
1,106,4,43.688736,125.0
1,107,3,50.633324,125.0
1,108,3,42.22731,125.0
1,109,0,78.81527,125.0
1,110,1,89.485886,125.0
1,111,0,90.44701,125.0
1,112,0,87.00445,125.0
1,113,1,81.301765,125.0
1,114,5,80.00698,125.0
1,115,0,67.082756,125.0
1,116,3,74.9135,125.0
1,117,1,96.07289,125.0
1,118,5,100.257256,125.0
1,119,5,98.96621,125.0
1,120,5,103.532295,125.0
1,121,5,95.72034,125.0
1,122,5,88.79656,125.0
1,123,2,88.10871,125.0
1,124,3,98.07386,125.0
1,125,1,106.37393,125.0
1,126,3,102.181175,125.0
1,127,5,90.743355,125.0
1,128,5,86.55876,125.0
1,129,2,105.84845,125.0
1,130,1,100.79027,125.0
1,131,0,107.202934,125.0
1,132,4,123.18139,125.0
1,133,2,118.19126,125.0
1,134,1,120.45743,125.0
1,135,4,125.10997,125.0
1,136,1,122.628914,125.0
1,137,1,116.36132,125.0
1,138,5,114.85383,125.0
1,139,5,112.986725,125.0
1,140,0,110.227005,125.0
1,141,4,104.01934,125.0
1,142,5,92.581665,125.0
1,143,4,78.67756,125.0
1,144,2,60.51893,125.0
1,145,5,65.6921,125.0
1,146,3,80.55981,125.0
1,147,3,84.01229,125.0
1,148,3,102.54874,125.0
1,149,3,68.2216,125.0
1,150,2,74.24862,125.0
1,151,1,85.49583,125.0
1,152,4,77.99501,124.0
1,153,2,62.062935,123.0
1,154,0,83.03709,122.0
1,155,0,108.143654,121.0
1,156,2,116.11137,120.0
1,157,4,108.33482,119.0
1,158,1,111.120995,118.0
1,159,5,113.933205,117.0
1,160,1,92.47115,116.0
1,161,3,83.47922,115.0
1,162,4,79.96659,114.0
1,163,4,88.11066,113.0
1,164,4,82.72755,112.0
1,165,0,60.282303,111.0
1,166,4,53.319977,110.0
1,167,0,83.25895,109.0
1,168,2,77.61168,108.0
1,169,3,77.24169,107.0
1,170,0,77.16289,106.0
1,171,2,82.67904,105.0
1,172,0,79.45202,104.0
1,173,3,85.414024,103.0
1,174,4,82.29804,102.0
1,175,5,85.375786,101.0
1,176,0,85.38242,100.0
1,177,1,69.29331,99.0
1,178,0,72.75147,98.0
1,179,5,63.052105,97.0
1,180,4,65.389854,96.0
1,181,0,61.947323,95.0
1,182,0,63.340523,94.0
1,183,1,92.820946,93.0
1,184,4,85.74035,92.0
1,185,4,93.4714,91.0
1,186,0,95.70966,90.0
1,187,1,89.24713,89.0
1,188,4,89.98897,88.0
1,189,0,98.13503,87.0
1,190,5,98.01669,86.0
1,191,0,97.9105,85.0
1,192,1,102.70816,84.0
1,193,4,93.13064,83.0
1,194,5,98.54173,82.0
1,195,0,87.586876,81.0
1,196,4,92.077,80.0
1,197,1,73.68229,79.0
1,198,1,60.126698,78.0
1,199,4,53.56005,77.0
1,200,3,35.868683,76.0
1,201,3,42.157597,75.0
1,202,5,47.253555,74.0
1,203,0,53.29116,73.0
1,204,2,50.972397,72.0
1,205,1,38.236782,71.0
1,206,0,42.933525,70.0
1,207,1,44.033894,69.0
1,208,4,43.94886,68.0
1,209,3,58.857883,67.0
1,210,4,41.41688,66.0
1,211,4,37.455826,65.0
1,212,1,42.14769,64.0
1,213,5,44.753307,63.0
1,214,0,49.899464,62.0
1,215,4,51.848495,61.0
1,216,1,34.12596,60.0
1,217,2,42.87908,59.0
1,218,5,45.039524,58.0
1,219,4,46.962067,57.0
1,220,0,49.29908,56.0
1,221,2,39.83225,55.0
1,222,3,51.131737,54.0
1,223,0,50.42611,53.0
1,224,3,38.032608,52.0
1,225,2,39.341827,51.0
1,226,5,46.200233,50.0
1,227,1,41.638954,49.0
1,228,0,49.64582,48.0
1,229,0,43.435852,47.0
1,230,0,39.386295,46.0
1,231,0,41.471638,45.0
1,232,5,32.447357,44.0
1,233,2,34.92171,43.0
1,234,2,40.29048,42.0
1,235,3,38.254528,41.0
1,236,0,36.43742,40.0
1,237,2,35.791046,39.0
1,238,1,31.952038,38.0
1,239,1,37.70447,37.0
1,240,0,33.873825,36.0
1,241,5,28.609737,35.0
1,242,3,28.806866,34.0
1,243,1,30.406977,33.0
1,244,4,29.436644,32.0
1,245,0,34.134853,31.0
1,246,4,34.868103,30.0
1,247,3,33.670883,29.0
1,248,4,33.294865,28.0
1,249,4,33.59707,27.0
1,250,5,29.492325,26.0
1,251,4,26.628029,25.0
1,252,1,24.492027,24.0
1,253,5,22.700962,23.0
1,254,0,26.985155,22.0
1,255,1,23.743065,21.0
1,256,3,29.462204,20.0
1,257,0,27.300055,19.0
1,258,2,28.341007,18.0
2,36,2,112.66067,98.0
2,37,3,112.84539,97.0
2,38,3,117.89866,96.0
2,39,0,112.09103,95.0
2,40,0,117.67712,94.0
2,41,1,120.753265,93.0
2,42,0,113.25459,92.0
2,43,4,120.06775,91.0
2,44,3,117.516594,90.0
2,45,3,120.85398,89.0
2,46,3,120.75515,88.0
2,47,4,119.29463,87.0
2,48,0,121.7334,86.0
2,49,0,117.496376,85.0
2,50,4,120.3236,84.0
2,51,0,113.53286,83.0
2,52,0,113.407936,82.0
2,53,0,118.4974,81.0
2,54,5,121.595406,80.0
2,55,4,111.66045,79.0
3,36,1,107.3261,125.0
3,37,5,101.99608,125.0
3,38,3,117.849236,125.0
3,39,5,105.7214,125.0
3,40,2,113.02001,125.0
3,41,3,111.08193,125.0
3,42,0,105.29272,125.0
3,43,1,78.332054,125.0
3,44,0,90.16905,125.0
3,45,3,96.43874,125.0
3,46,4,116.62466,125.0
3,47,5,114.48023,125.0
3,48,3,118.59762,125.0
3,49,3,114.8635,125.0
3,50,1,102.73875,125.0
3,51,0,111.37743,125.0
3,52,0,106.01825,125.0
3,53,0,82.798836,125.0
3,54,4,108.73113,125.0
3,55,1,113.19227,125.0
3,56,0,99.307,125.0
3,57,0,97.82983,125.0
3,58,1,109.306755,125.0
3,59,2,109.02486,125.0
3,60,3,110.24645,125.0
3,61,4,107.025116,125.0
3,62,0,112.53622,125.0
3,63,0,109.17229,125.0
3,64,5,107.70084,125.0
3,65,4,92.81782,125.0
3,66,2,97.38259,125.0
3,67,0,98.900795,125.0
3,68,4,105.29206,125.0
3,69,4,88.246864,125.0
3,70,4,87.67604,125.0
3,71,0,89.758705,125.0
3,72,5,109.9275,125.0
3,73,3,114.76037,125.0
3,74,1,118.86767,125.0
3,75,2,111.048195,125.0
3,76,3,106.300964,125.0
3,77,5,113.92533,125.0
3,78,5,110.32815,125.0
3,79,5,123.34292,125.0
3,80,0,123.365715,125.0
3,81,4,121.7817,125.0
3,82,5,117.7856,125.0
3,83,5,103.04059,125.0
3,84,0,104.66244,125.0
3,85,3,116.50869,125.0
3,86,4,111.969154,125.0
3,87,1,117.96113,125.0
3,88,4,121.91836,125.0
3,89,0,123.04783,125.0
3,90,4,120.03013,125.0
3,91,1,117.1627,125.0
3,92,0,122.719734,125.0
3,93,4,118.10432,125.0
3,94,0,119.51579,125.0
3,95,2,118.55091,125.0
3,96,3,113.90359,125.0
3,97,1,112.56101,125.0
3,98,2,111.15776,125.0
3,99,1,111.638405,125.0
3,100,4,87.16541,125.0
3,101,0,81.05017,125.0
3,102,0,81.54168,125.0
3,103,2,94.50152,125.0
3,104,5,107.87043,125.0
3,105,2,106.596436,125.0
3,106,2,90.12018,125.0
3,107,5,94.69528,125.0
3,108,0,93.76469,125.0
3,109,5,92.0385,125.0
3,110,0,89.21751,125.0
3,111,0,95.77018,125.0
3,112,4,111.661804,125.0
3,113,1,111.94405,125.0
3,114,4,106.56807,125.0
3,115,0,101.67728,125.0
3,116,0,111.00541,125.0
3,117,0,115.55519,125.0
3,118,0,106.14082,125.0
3,119,2,102.10961,125.0
3,120,3,98.556915,125.0
3,121,2,95.09084,125.0
3,122,5,99.71334,125.0
3,123,3,99.57494,125.0
3,124,2,104.420204,125.0
3,125,3,93.06085,125.0
3,126,2,91.319336,125.0
3,127,2,86.69317,125.0
3,128,5,93.93194,125.0
3,129,2,81.31779,125.0
3,130,1,79.72128,125.0
3,131,0,79.73933,125.0
3,132,1,83.41132,125.0
3,133,4,99.81276,125.0
3,134,2,90.7378,125.0
3,135,0,92.934135,125.0
3,136,2,86.302284,125.0
3,137,3,97.382576,125.0
3,138,1,101.01905,125.0
3,139,1,97.04684,125.0
3,140,3,98.95208,125.0
3,141,1,99.93699,125.0
3,142,3,89.4519,125.0
3,143,0,102.057076,125.0
3,144,5,109.95296,125.0
3,145,0,106.10579,125.0
3,146,2,104.671906,125.0
3,147,0,103.64866,124.0
3,148,1,87.11618,123.0
3,149,4,80.06507,122.0
3,150,0,77.95491,121.0
3,151,4,90.228584,120.0
3,152,1,94.654106,119.0
3,153,0,80.54589,118.0
3,154,4,82.24769,117.0
3,155,1,81.77705,116.0
3,156,2,101.25135,115.0
3,157,4,98.536446,114.0
3,158,1,101.72568,113.0
3,159,2,112.85815,112.0
3,160,5,112.20934,111.0
3,161,0,115.96905,110.0
3,162,3,119.1101,109.0
3,163,3,115.151344,108.0
3,164,5,90.15785,107.0
3,165,5,89.448586,106.0
4,36,1,116.755226,125.0
4,37,0,112.59771,125.0
4,38,2,111.92792,125.0
4,39,0,105.09201,125.0
4,40,2,117.42928,125.0
4,41,0,110.04835,125.0
4,42,4,97.05587,125.0
4,43,0,97.55247,125.0
4,44,3,108.33426,125.0
4,45,4,105.98298,125.0
4,46,0,102.90901,125.0
4,47,0,105.13727,125.0
4,48,2,104.161934,125.0
4,49,0,100.36944,125.0
4,50,4,101.13152,125.0
4,51,3,119.58884,125.0
4,52,1,122.81776,125.0
4,53,5,117.17623,125.0
4,54,1,110.58502,125.0
4,55,5,102.40159,125.0
4,56,5,121.68419,125.0
4,57,4,120.18374,125.0
4,58,5,113.61063,125.0
4,59,0,113.68892,125.0
4,60,2,120.482475,125.0
4,61,3,121.212654,125.0
4,62,0,115.33846,125.0
4,63,1,112.93098,125.0
4,64,3,118.887276,125.0
4,65,5,105.583305,125.0
4,66,0,98.23493,125.0
4,67,2,107.35251,125.0
4,68,0,107.384125,125.0
4,69,2,106.47876,125.0
4,70,2,106.779305,125.0
4,71,3,99.44025,125.0
4,72,3,108.79481,124.0
4,73,4,98.092964,123.0
4,74,3,97.14054,122.0
4,75,1,93.75925,121.0
4,76,2,100.48835,120.0
4,77,1,112.38593,119.0
4,78,4,102.75646,118.0
4,79,0,122.70142,117.0
4,80,2,122.77997,116.0
4,81,0,121.55101,115.0
4,82,0,123.91389,114.0
4,83,5,122.68839,113.0
4,84,2,116.535164,112.0
4,85,3,116.55781,111.0
4,86,1,108.76257,110.0
5,36,5,96.77503,125.0
5,37,1,93.05532,125.0
5,38,0,102.27679,125.0
5,39,4,90.93403,124.0
5,40,5,96.210976,123.0
5,41,3,97.20727,122.0
5,42,1,103.145325,121.0
5,43,4,106.60175,120.0
5,44,2,101.7892,119.0
5,45,4,112.86416,118.0
5,46,0,119.6141,117.0
5,47,1,105.47656,116.0
5,48,1,111.07607,115.0
5,49,3,116.61938,114.0
5,50,4,119.839645,113.0
5,51,3,111.99944,112.0
5,52,1,119.33249,111.0
5,53,1,119.188225,110.0
5,54,4,112.19804,109.0
5,55,4,97.52328,108.0
5,56,3,94.47692,107.0
5,57,4,90.562096,106.0
5,58,5,106.74099,105.0
5,59,0,110.41413,104.0
5,60,4,88.41282,103.0
5,61,1,110.22784,102.0
5,62,5,100.04671,101.0
5,63,3,94.358086,100.0
5,64,0,96.070656,99.0
5,65,1,95.34902,98.0
5,66,1,106.25967,97.0
5,67,1,110.19007,96.0
5,68,0,118.25054,95.0
5,69,5,124.61199,94.0
5,70,4,113.27439,93.0
5,71,4,107.25307,92.0
5,72,0,107.88305,91.0
5,73,0,110.627754,90.0
5,74,3,98.976746,89.0
5,75,1,107.90041,88.0
5,76,4,103.2215,87.0
5,77,3,90.38673,86.0
5,78,1,93.890434,85.0
5,79,1,97.36497,84.0
5,80,4,86.50398,83.0
5,81,0,88.00386,82.0
5,82,5,72.97488,81.0
5,83,0,68.574486,80.0
5,84,0,64.006424,79.0
5,85,2,47.52009,78.0
5,86,1,64.40091,77.0
5,87,2,66.43485,76.0
5,88,3,68.32862,75.0
5,89,2,59.703415,74.0
5,90,5,70.35842,73.0
5,91,3,50.5147,72.0
5,92,0,51.961105,71.0
5,93,1,53.11134,70.0
5,94,4,45.578415,69.0
5,95,5,49.42655,68.0
5,96,5,46.659813,67.0
5,97,3,49.91965,66.0
5,98,2,47.92074,65.0
5,99,5,45.753853,64.0
5,100,5,51.655315,63.0
5,101,0,51.063625,62.0
5,102,1,49.764675,61.0
5,103,4,53.862904,60.0
5,104,0,54.300247,59.0
5,105,0,50.479267,58.0
5,106,5,46.877,57.0
5,107,5,40.218204,56.0
5,108,1,36.148785,55.0
5,109,5,37.55074,54.0
5,110,4,34.984375,53.0
5,111,5,34.29033,52.0
5,112,2,36.3245,51.0
5,113,3,30.634277,50.0
5,114,0,35.337097,49.0
5,115,2,40.899117,48.0
5,116,4,38.958954,47.0
5,117,4,37.468323,46.0
5,118,0,37.669624,45.0
5,119,1,37.6029,44.0
5,120,2,39.11077,43.0
5,121,2,47.318684,42.0
5,122,3,37.08654,41.0
5,123,2,41.432434,40.0
5,124,3,35.161415,39.0
5,125,5,28.528782,38.0
5,126,3,27.138514,37.0
5,127,2,29.114002,36.0
5,128,3,22.135246,35.0
5,129,5,24.420803,34.0
5,130,5,17.436039,33.0
5,131,0,20.165068,32.0
5,132,4,19.233303,31.0
5,133,2,23.012947,30.0
5,134,5,17.491613,29.0
5,135,5,24.258884,28.0
5,136,4,20.4875,27.0
5,137,1,16.843117,26.0
5,138,5,21.375546,25.0
5,139,2,18.586794,24.0
5,140,0,20.159273,23.0
5,141,0,22.76983,22.0
5,142,1,17.070322,21.0
5,143,1,19.575527,20.0
5,144,3,12.395244,19.0
5,145,2,14.013957,18.0
5,146,0,17.24469,17.0
5,147,3,14.323935,16.0
5,148,0,14.600799,15.0
6,36,1,116.16419,125.0
6,37,3,114.09237,125.0
6,38,2,119.59355,125.0
6,39,3,118.55159,125.0
6,40,5,118.21697,125.0
6,41,5,112.01043,125.0
6,42,4,104.640686,125.0
6,43,4,107.779915,125.0
6,44,4,103.36707,125.0
6,45,0,113.73568,125.0
6,46,2,115.44898,125.0
6,47,5,122.44001,125.0
6,48,0,117.80451,125.0
6,49,5,123.0524,125.0
6,50,5,124.3417,125.0
6,51,2,122.08111,125.0
6,52,2,115.20967,125.0
6,53,2,113.936165,125.0
6,54,4,115.75611,125.0
6,55,1,117.53741,125.0
6,56,3,118.302055,125.0
6,57,2,122.02711,125.0
6,58,4,121.0958,125.0
6,59,0,120.57351,125.0
6,60,2,122.2747,125.0
6,61,2,120.34692,125.0
6,62,3,118.98719,125.0
6,63,5,122.81066,125.0
7,36,3,98.42092,125.0
7,37,5,108.58331,125.0
7,38,3,96.906136,125.0
7,39,1,106.924126,125.0
7,40,2,105.44085,125.0
7,41,5,116.532295,125.0
7,42,2,111.2676,125.0
7,43,2,101.51528,125.0
7,44,5,107.34876,125.0
7,45,4,108.77267,125.0
7,46,2,105.29439,125.0
7,47,2,87.96777,125.0
7,48,4,89.11671,125.0
7,49,3,74.32126,125.0
7,50,3,75.49482,125.0
7,51,0,95.617905,125.0
7,52,3,98.92143,125.0
7,53,5,109.02622,125.0
7,54,0,122.324844,125.0
7,55,5,109.64866,125.0
7,56,5,113.872185,125.0
7,57,5,103.432594,125.0
7,58,3,113.49349,125.0
7,59,2,119.15785,125.0
7,60,1,107.69708,125.0
7,61,0,107.12029,125.0
7,62,3,116.921364,125.0
7,63,5,112.21705,125.0
7,64,2,91.507126,125.0
7,65,3,102.166695,125.0
7,66,2,104.51067,124.0
7,67,1,106.12229,123.0
7,68,0,105.140045,122.0
7,69,4,109.15517,121.0
7,70,5,114.683495,120.0
7,71,4,113.75916,119.0
7,72,5,114.4587,118.0
7,73,4,120.41045,117.0
7,74,0,116.70068,116.0
7,75,1,111.851326,115.0
7,76,0,117.40502,114.0
7,77,2,122.22648,113.0
7,78,0,111.822395,112.0
7,79,1,112.62898,111.0
7,80,4,110.71836,110.0
7,81,3,117.28304,109.0
7,82,2,114.34731,108.0
7,83,0,120.875916,107.0
7,84,3,119.4132,106.0
7,85,0,113.97553,105.0
7,86,2,112.670044,104.0
7,87,3,113.92573,103.0
7,88,0,107.51508,102.0
7,89,1,110.67077,101.0
7,90,1,110.287025,100.0
7,91,2,112.08937,99.0
7,92,4,107.61269,98.0
7,93,0,117.481224,97.0
7,94,0,118.386856,96.0
7,95,0,122.35411,95.0
7,96,4,112.078926,94.0
7,97,1,118.10638,93.0
7,98,5,119.16654,92.0
7,99,0,114.84907,91.0
7,100,3,108.33749,90.0
7,101,3,104.94959,89.0
7,102,0,96.70634,88.0
7,103,3,93.25603,87.0
7,104,5,88.14403,86.0
7,105,0,93.67422,85.0
7,106,3,92.27984,84.0
7,107,1,101.77679,83.0
7,108,5,91.59998,82.0
7,109,5,85.15128,81.0
7,110,2,91.78303,80.0
7,111,4,105.590195,79.0
7,112,5,107.06712,78.0
7,113,4,102.0247,77.0
7,114,0,105.34058,76.0
7,115,5,98.45922,75.0
7,116,3,106.576,74.0
7,117,4,106.41149,73.0
7,118,2,103.60241,72.0
7,119,0,109.611534,71.0
7,120,5,116.94059,70.0
7,121,0,115.73321,69.0
7,122,1,117.43792,68.0
7,123,4,113.740005,67.0
7,124,3,105.18519,66.0
7,125,4,88.029854,65.0
7,126,4,81.1161,64.0
7,127,3,69.56079,63.0
7,128,5,66.47469,62.0
7,129,4,53.93833,61.0
7,130,1,73.56723,60.0
7,131,1,70.67477,59.0
7,132,5,74.05919,58.0
7,133,5,88.73372,57.0
7,134,4,82.55358,56.0
7,135,0,91.96799,55.0
7,136,1,93.752174,54.0
7,137,2,106.17912,53.0
7,138,2,82.41424,52.0
7,139,5,76.81475,51.0
7,140,0,89.04427,50.0
7,141,4,76.438576,49.0
7,142,3,80.22703,48.0
7,143,0,71.44884,47.0
7,144,2,58.24528,46.0
7,145,0,51.688877,45.0
7,146,0,47.695084,44.0
7,147,2,46.76084,43.0
7,148,5,60.536762,42.0
7,149,3,50.207554,41.0
7,150,1,48.8581,40.0
7,151,1,54.662506,39.0
7,152,0,62.70589,38.0
7,153,1,70.86261,37.0
7,154,0,67.40226,36.0
7,155,0,79.38267,35.0
7,156,2,89.16197,34.0
7,157,1,75.57247,33.0
7,158,0,53.38822,32.0
7,159,0,61.28242,31.0
7,160,4,86.58636,30.0
7,161,4,110.63581,29.0
7,162,5,82.16288,28.0
7,163,0,76.544914,27.0
7,164,5,43.41507,26.0
7,165,0,31.139404,25.0
7,166,3,38.735035,24.0
7,167,1,40.633152,23.0
7,168,0,48.017086,22.0
7,169,4,59.379097,21.0
7,170,4,32.76751,20.0
7,171,2,31.839657,19.0
7,172,4,32.661392,18.0
7,173,4,27.691101,17.0
7,174,0,27.629284,16.0
7,175,2,15.15532,15.0
7,176,2,11.583651,14.0
7,177,5,13.030017,13.0
7,178,3,10.624267,12.0
7,179,0,9.2803545,11.0
7,180,2,9.759159,10.0
7,181,3,5.4014516,9.0
7,182,5,9.759189,8.0
7,183,1,10.317077,7.0
7,184,0,10.123988,6.0
8,36,3,115.6988,125.0
8,37,1,106.750984,125.0
8,38,0,113.515434,125.0
8,39,5,106.43494,125.0
8,40,2,112.92852,125.0
8,41,1,115.823814,125.0
8,42,4,122.18018,125.0
8,43,5,121.3847,125.0
8,44,0,120.01792,125.0
8,45,0,115.64703,125.0
8,46,3,116.9911,125.0
8,47,3,117.66454,125.0
8,48,1,120.21986,125.0
8,49,5,121.82197,125.0
8,50,5,121.296425,125.0
8,51,3,104.44163,125.0
8,52,5,101.73495,125.0
8,53,0,103.641365,125.0
8,54,0,94.92575,125.0
8,55,0,87.53435,125.0
8,56,0,93.42678,125.0
8,57,2,105.27053,125.0
8,58,1,114.51046,125.0
8,59,2,123.775,125.0
8,60,2,119.80571,125.0
8,61,2,121.72549,125.0
8,62,0,118.512215,125.0
8,63,0,118.71288,125.0
8,64,0,122.19019,125.0
8,65,4,120.14716,125.0
8,66,5,114.59812,125.0
8,67,4,116.39817,125.0
8,68,0,109.108864,125.0
8,69,0,112.46298,125.0
8,70,2,102.23343,125.0
8,71,5,100.64846,125.0
8,72,1,120.199715,125.0
8,73,1,115.98045,125.0
8,74,2,99.30894,125.0
8,75,4,95.02501,125.0
8,76,5,109.30655,125.0
8,77,1,100.90099,125.0
8,78,3,87.2833,125.0
8,79,1,83.76921,125.0
8,80,1,97.08218,125.0
8,81,3,90.70095,125.0
8,82,2,97.85281,125.0
8,83,4,102.82317,125.0
8,84,0,105.34486,125.0
8,85,0,119.56318,125.0
8,86,1,122.329094,125.0
8,87,1,113.83035,125.0
8,88,0,118.54477,125.0
8,89,0,120.557335,125.0
8,90,5,122.06975,125.0
8,91,5,117.16439,125.0
8,92,0,94.7433,125.0
8,93,2,113.26378,125.0
8,94,0,111.374,125.0
8,95,2,114.72375,125.0
8,96,5,114.41256,125.0
8,97,2,104.53827,125.0
8,98,1,94.51809,125.0
8,99,0,109.78611,125.0
8,100,2,91.199615,125.0
8,101,4,105.87449,125.0
8,102,2,107.40033,125.0
8,103,4,93.41149,125.0
8,104,3,93.08752,125.0
8,105,2,108.960266,125.0
8,106,2,94.00968,125.0
8,107,4,105.6324,125.0
8,108,5,100.392334,125.0
8,109,3,105.43369,125.0
8,110,3,100.19749,125.0
8,111,3,94.63242,125.0
8,112,0,110.41714,125.0
8,113,1,111.000984,125.0
8,114,0,107.467155,125.0
8,115,2,98.25469,125.0
8,116,4,111.453476,125.0
8,117,3,105.372734,125.0
8,118,2,100.23917,125.0
8,119,4,88.5951,125.0
8,120,2,68.85078,125.0
8,121,3,75.78915,125.0
8,122,0,96.21185,125.0
8,123,0,109.361336,125.0
8,124,0,122.102486,125.0
8,125,3,115.09497,125.0
8,126,2,115.25018,125.0
8,127,1,117.68841,125.0
8,128,1,118.03292,125.0
8,129,5,120.139626,125.0
8,130,0,104.99953,125.0
8,131,5,109.69442,125.0
8,132,3,87.33112,125.0
8,133,2,85.70925,125.0
8,134,5,103.030235,125.0
8,135,4,99.94757,125.0
8,136,1,99.120255,125.0
8,137,2,104.38195,125.0
8,138,0,100.98501,125.0
8,139,0,107.9544,124.0
8,140,4,108.69717,123.0
8,141,3,110.72184,122.0
8,142,1,105.863434,121.0
8,143,4,103.38297,120.0
8,144,2,91.81428,119.0
8,145,4,87.00932,118.0
8,146,2,89.21641,117.0
8,147,5,107.94515,116.0
8,148,1,108.94075,115.0
8,149,0,105.18381,114.0
8,150,4,103.17886,113.0
8,151,1,109.07078,112.0
8,152,0,111.54232,111.0
8,153,3,119.51677,110.0
8,154,4,115.68914,109.0
8,155,1,115.413414,108.0
8,156,4,89.338005,107.0
8,157,0,115.90466,106.0
8,158,1,110.625084,105.0
8,159,2,121.233925,104.0
8,160,5,118.60464,103.0
8,161,3,94.10331,102.0
8,162,3,105.54829,101.0
8,163,0,109.08805,100.0
8,164,2,104.07087,99.0
8,165,5,107.69738,98.0
8,166,3,103.024864,97.0
8,167,0,102.19419,96.0
8,168,4,82.12379,95.0
8,169,4,91.813675,94.0
8,170,0,82.739395,93.0
8,171,0,80.577324,92.0
8,172,4,86.91604,91.0
8,173,4,88.59177,90.0
9,36,2,110.853584,125.0
9,37,0,110.40789,125.0
9,38,4,122.27005,125.0
9,39,0,115.4914,125.0
9,40,5,120.77642,125.0
9,41,0,122.528656,125.0
9,42,2,119.28301,125.0
9,43,2,124.85328,125.0
9,44,2,115.95381,125.0
9,45,0,114.54289,125.0
9,46,2,106.89492,125.0
9,47,1,116.51589,125.0
9,48,3,110.43084,124.0
9,49,1,118.50127,123.0
9,50,5,121.83187,122.0
9,51,3,114.14312,121.0
9,52,0,114.563484,120.0
9,53,1,123.77787,119.0
9,54,2,107.767815,118.0
9,55,3,116.073715,117.0
9,56,1,106.49076,116.0
9,57,0,112.719765,115.0
9,58,4,114.833336,114.0
9,59,1,105.1378,113.0
9,60,3,89.91275,112.0
9,61,2,111.12455,111.0
9,62,4,95.24918,110.0
9,63,3,98.5474,109.0
9,64,1,108.71054,108.0
9,65,0,117.617065,107.0
9,66,0,111.942986,106.0
9,67,0,121.85551,105.0
9,68,1,121.36591,104.0
9,69,1,112.994835,103.0
9,70,4,104.903496,102.0
9,71,2,121.12056,101.0
9,72,2,111.65908,100.0
9,73,0,116.53397,99.0
9,74,2,114.23977,98.0
9,75,2,116.560715,97.0
9,76,5,115.562225,96.0
9,77,0,110.12782,95.0
9,78,2,109.044975,94.0
9,79,3,113.00788,93.0
9,80,3,94.10214,92.0
9,81,0,111.5977,91.0
9,82,4,115.88355,90.0
9,83,0,109.225586,89.0
9,84,3,109.09508,88.0
9,85,0,100.521065,87.0
9,86,3,112.16918,86.0
9,87,3,80.12867,85.0
9,88,5,85.74468,84.0
9,89,1,72.5566,83.0
9,90,0,85.441025,82.0
9,91,2,90.69758,81.0
9,92,3,94.253685,80.0
9,93,4,90.81269,79.0
9,94,3,101.128494,78.0
9,95,1,99.166664,77.0
9,96,3,85.68398,76.0
9,97,0,82.32365,75.0
9,98,5,68.91291,74.0
9,99,4,59.660465,73.0
9,100,5,73.02371,72.0
9,101,1,61.521595,71.0
9,102,4,67.198425,70.0
9,103,1,51.761787,69.0
9,104,0,38.096485,68.0
9,105,4,35.051365,67.0
9,106,0,31.94661,66.0
9,107,1,36.600357,65.0
9,108,3,36.674286,64.0
9,109,3,44.296253,63.0
9,110,4,44.93119,62.0
9,111,5,45.78589,61.0
9,112,0,51.049282,60.0
9,113,5,45.46337,59.0
9,114,5,40.40972,58.0
9,115,1,48.21152,57.0
9,116,5,48.47135,56.0
9,117,4,45.983776,55.0
9,118,5,45.88675,54.0
9,119,0,47.2263,53.0
9,120,2,48.123318,52.0
9,121,0,43.94126,51.0
9,122,2,52.89176,50.0
9,123,1,54.10783,49.0
9,124,0,46.077385,48.0
9,125,0,40.828613,47.0
9,126,2,40.901863,46.0
9,127,1,34.993496,45.0
9,128,4,42.103462,44.0
9,129,3,45.782204,43.0
9,130,3,35.70336,42.0
9,131,0,31.651823,41.0
9,132,0,33.873745,40.0
9,133,0,28.57374,39.0
9,134,0,30.637487,38.0
9,135,5,31.72634,37.0
9,136,2,30.545881,36.0
9,137,4,32.90853,35.0
9,138,3,28.738602,34.0
9,139,1,31.41325,33.0
9,140,0,25.607271,32.0
9,141,0,27.656628,31.0
9,142,4,31.263689,30.0
9,143,0,33.386803,29.0
9,144,0,25.988169,28.0
9,145,3,21.69247,27.0
9,146,0,27.3656,26.0
9,147,1,23.379158,25.0
9,148,0,23.006174,24.0
9,149,2,19.10606,23.0
9,150,4,23.922615,22.0
9,151,1,22.020987,21.0
9,152,1,19.693195,20.0
9,153,2,18.895412,19.0
9,154,0,16.566998,18.0
9,155,3,12.9578085,17.0
9,156,4,10.581887,16.0
9,157,5,10.763549,15.0
9,158,1,8.249834,14.0
9,159,0,7.0812473,13.0
9,160,0,8.442961,12.0
9,161,4,7.260536,11.0
10,36,3,118.16152,125.0
10,37,1,124.64096,125.0
10,38,2,112.50583,125.0
10,39,1,125.75851,124.0
10,40,2,116.26454,123.0
10,41,2,114.12938,122.0
10,42,3,117.73031,121.0
10,43,2,119.88381,120.0
10,44,1,100.462425,119.0
10,45,0,111.75852,118.0
10,46,4,122.80395,117.0
10,47,1,118.64058,116.0
10,48,3,119.2819,115.0
10,49,0,119.286736,114.0
10,50,2,118.176735,113.0
10,51,5,114.54427,112.0
10,52,0,114.594604,111.0
10,53,2,111.17615,110.0
10,54,2,109.06908,109.0
10,55,4,124.08093,108.0
10,56,4,116.65852,107.0
10,57,2,113.45897,106.0
10,58,0,111.56425,105.0
10,59,4,110.15465,104.0
10,60,5,116.719246,103.0
10,61,0,117.694916,102.0
10,62,2,115.7757,101.0
10,63,4,110.48173,100.0
10,64,5,113.72508,99.0
10,65,2,106.71197,98.0
10,66,1,109.38517,97.0
10,67,3,100.390854,96.0
10,68,3,113.76922,95.0
10,69,1,102.24551,94.0
10,70,0,104.13201,93.0
10,71,3,105.36805,92.0
10,72,2,108.65118,91.0
10,73,4,105.8442,90.0
10,74,3,110.506294,89.0
10,75,3,101.12638,88.0
10,76,4,91.558205,87.0
10,77,1,102.64935,86.0
10,78,5,103.75121,85.0
10,79,0,108.70571,84.0
10,80,0,95.564224,83.0
10,81,0,94.16047,82.0
10,82,2,95.641335,81.0
10,83,3,101.40731,80.0
10,84,1,91.457306,79.0
11,36,0,122.27715,125.0
11,37,4,119.26203,125.0
11,38,3,116.0463,125.0
11,39,2,121.963066,125.0
11,40,3,118.69755,125.0
11,41,3,97.42839,125.0
11,42,3,82.18136,125.0
11,43,1,90.97473,125.0
11,44,1,110.71836,124.0
11,45,4,116.5467,123.0
11,46,3,117.32253,122.0
11,47,5,120.928566,121.0
11,48,4,119.6824,120.0
11,49,0,113.10032,119.0
11,50,5,125.0494,118.0
11,51,0,122.08213,117.0
11,52,0,120.064674,116.0
11,53,0,121.80837,115.0
11,54,5,105.21965,114.0
11,55,2,123.57669,113.0
11,56,0,114.898674,112.0
11,57,3,113.21801,111.0
11,58,5,110.32689,110.0
11,59,2,122.665215,109.0
11,60,0,100.08855,108.0
11,61,2,118.13886,107.0
11,62,2,109.707275,106.0
11,63,4,116.18422,105.0
11,64,4,108.56498,104.0
11,65,0,117.59048,103.0
11,66,0,99.37498,102.0
11,67,5,110.048836,101.0
11,68,2,98.26761,100.0
11,69,0,104.69997,99.0
11,70,0,115.83968,98.0
11,71,1,110.50106,97.0
11,72,0,101.22412,96.0
11,73,2,91.4486,95.0
11,74,5,101.77442,94.0
11,75,0,96.396095,93.0
11,76,1,104.73679,92.0
11,77,0,106.00663,91.0
11,78,1,110.18768,90.0
11,79,2,106.83478,89.0
11,80,5,114.94253,88.0
11,81,2,107.70757,87.0
11,82,5,121.6688,86.0
11,83,1,109.49355,85.0
11,84,1,101.13464,84.0
11,85,5,107.7434,83.0
11,86,3,96.603065,82.0
11,87,2,85.247055,81.0
11,88,3,85.47808,80.0
11,89,0,89.231,79.0
11,90,3,90.30982,78.0
11,91,4,108.07554,77.0
11,92,3,101.25634,76.0
11,93,5,103.91646,75.0
11,94,0,62.27748,74.0
11,95,4,85.34078,73.0
11,96,1,73.052986,72.0
11,97,2,89.02198,71.0
11,98,5,98.81936,70.0
11,99,3,103.04459,69.0
11,100,3,72.41537,68.0
11,101,5,60.532005,67.0
11,102,4,56.06668,66.0
11,103,2,64.54766,65.0
11,104,2,59.96929,64.0
11,105,0,90.02965,63.0
11,106,5,105.30226,62.0
11,107,3,104.48572,61.0
11,108,0,109.0457,60.0
11,109,0,112.64194,59.0
11,110,1,111.21384,58.0
11,111,4,116.284096,57.0
11,112,0,114.69153,56.0
11,113,0,103.95695,55.0
11,114,4,112.430084,54.0
11,115,3,97.40351,53.0
11,116,0,98.66524,52.0
11,117,1,106.71937,51.0
11,118,0,77.80143,50.0
11,119,0,55.765934,49.0
11,120,1,57.09182,48.0
11,121,0,65.37216,47.0
11,122,3,51.451683,46.0
11,123,2,60.196064,45.0
11,124,4,59.417576,44.0
11,125,0,51.543037,43.0
11,126,5,57.822464,42.0
11,127,1,41.101974,41.0
11,128,2,39.171375,40.0
11,129,5,24.310806,39.0
11,130,2,30.502695,38.0
11,131,1,31.247704,37.0
11,132,2,29.827854,36.0
11,133,0,42.85577,35.0
11,134,0,41.987473,34.0
11,135,2,40.75322,33.0
11,136,4,35.027824,32.0
11,137,0,29.99121,31.0
11,138,1,30.436491,30.0
11,139,1,33.099335,29.0
11,140,1,44.185375,28.0
11,141,2,30.255365,27.0
11,142,3,29.409294,26.0
11,143,0,35.24436,25.0
11,144,2,40.01736,24.0
11,145,0,47.390976,23.0
11,146,0,41.867928,22.0
11,147,5,37.70846,21.0
11,148,5,39.10768,20.0
11,149,5,28.965702,19.0
11,150,2,35.032776,18.0
11,151,4,26.64666,17.0
11,152,3,27.218948,16.0
11,153,3,24.988564,15.0
11,154,2,23.07668,14.0
11,155,3,12.9022,13.0
11,156,1,10.143065,12.0
11,157,4,13.821875,11.0
11,158,0,5.7228374,10.0
11,159,0,4.0481915,9.0
11,160,0,0.9996783,8.0
11,161,2,3.0713744,7.0
11,162,4,3.8844078,6.0
12,36,2,109.1345,111.0
12,37,1,101.97647,110.0
12,38,0,88.20945,109.0
12,39,1,92.72337,108.0
12,40,0,106.03169,107.0
12,41,4,112.699554,106.0
12,42,3,112.80897,105.0
12,43,5,104.05529,104.0
12,44,0,80.856865,103.0
12,45,5,91.23865,102.0
12,46,5,99.40684,101.0
12,47,5,101.848434,100.0
12,48,3,100.7927,99.0
12,49,0,97.761116,98.0
12,50,0,71.91507,97.0
12,51,3,88.73409,96.0
12,52,5,87.60242,95.0
12,53,5,102.59567,94.0
12,54,5,103.91996,93.0
12,55,3,108.187325,92.0
12,56,3,105.54882,91.0
12,57,5,100.77009,90.0
12,58,1,94.147606,89.0
12,59,0,91.9116,88.0
12,60,4,96.4292,87.0
12,61,0,83.99845,86.0
12,62,5,88.46067,85.0
12,63,1,82.94099,84.0
12,64,4,105.40116,83.0
12,65,2,94.50593,82.0
12,66,0,98.152596,81.0
12,67,4,96.90992,80.0
12,68,4,104.35717,79.0
12,69,4,82.137794,78.0
12,70,5,80.943184,77.0
12,71,2,50.101208,76.0
12,72,4,58.79631,75.0
12,73,0,39.957485,74.0
12,74,4,34.40438,73.0
13,36,3,119.78343,125.0
13,37,1,112.77332,125.0
13,38,0,106.27601,125.0
13,39,0,101.35181,125.0
13,40,4,105.62861,125.0
13,41,3,104.179054,125.0
13,42,4,94.83349,125.0
13,43,0,91.95136,125.0
13,44,1,80.46447,125.0
13,45,1,88.72944,125.0
13,46,0,92.4127,125.0
13,47,0,86.265495,125.0
13,48,5,101.41398,125.0
13,49,0,116.99359,125.0
13,50,4,109.968025,125.0
13,51,3,116.79779,125.0
13,52,2,113.51168,125.0
13,53,2,112.43406,125.0
13,54,2,117.39115,125.0
13,55,0,114.14968,125.0
13,56,5,122.95644,125.0
13,57,4,116.04898,125.0
13,58,5,120.4526,125.0
13,59,2,117.40159,125.0
13,60,3,116.02592,125.0
13,61,3,113.71995,125.0
13,62,3,113.304794,125.0
13,63,0,108.46215,125.0
13,64,3,110.82754,125.0
13,65,3,116.59121,125.0
13,66,2,93.54723,125.0
13,67,1,106.59371,125.0
13,68,5,111.68462,125.0
13,69,0,116.646706,125.0
13,70,2,113.57804,124.0
13,71,4,113.35668,123.0
13,72,0,112.46627,122.0
13,73,0,113.21795,121.0
13,74,1,115.710175,120.0
13,75,1,115.42691,119.0
13,76,5,120.02279,118.0
13,77,0,124.7862,117.0
13,78,2,112.04425,116.0
13,79,4,114.07462,115.0
13,80,4,109.66653,114.0
13,81,0,117.45069,113.0
13,82,3,116.10845,112.0
13,83,0,102.32594,111.0
13,84,4,105.93229,110.0
13,85,4,103.8325,109.0
13,86,4,89.8008,108.0
13,87,2,78.86027,107.0
13,88,5,105.57682,106.0
13,89,1,106.967415,105.0
13,90,5,113.098625,104.0
13,91,5,106.539696,103.0
13,92,4,102.028305,102.0
13,93,2,91.95406,101.0
13,94,1,91.195175,100.0
13,95,2,94.318085,99.0
13,96,3,105.88361,98.0
13,97,0,117.20764,97.0
13,98,0,115.96544,96.0
13,99,4,107.11941,95.0
13,100,2,94.74891,94.0
13,101,0,79.964096,93.0
13,102,2,101.23029,92.0
13,103,3,71.342995,91.0
13,104,2,75.38932,90.0
13,105,4,87.881516,89.0
13,106,5,83.14449,88.0
13,107,5,91.11798,87.0
13,108,0,104.452255,86.0
13,109,5,105.74966,85.0
13,110,1,98.38337,84.0
13,111,4,100.58828,83.0
13,112,2,108.135635,82.0
13,113,2,108.86939,81.0
13,114,2,96.49469,80.0
13,115,4,100.929245,79.0
13,116,5,99.73351,78.0
13,117,0,100.92995,77.0
13,118,2,94.29908,76.0
13,119,4,112.68203,75.0
13,120,1,102.76159,74.0
13,121,1,98.23623,73.0
13,122,5,96.97581,72.0
13,123,2,97.623985,71.0
13,124,3,93.51916,70.0
13,125,0,88.99868,69.0
13,126,0,100.81808,68.0
13,127,0,89.69508,67.0
13,128,4,78.086876,66.0
13,129,3,78.259346,65.0
13,130,1,83.235954,64.0
13,131,2,87.57655,63.0
13,132,2,92.73516,62.0
13,133,2,91.72981,61.0
13,134,3,89.72354,60.0
13,135,0,88.0569,59.0
13,136,5,88.91439,58.0
13,137,2,97.815895,57.0
13,138,4,102.042076,56.0
13,139,0,92.020966,55.0
13,140,1,99.493034,54.0
13,141,5,112.454094,53.0
13,142,0,101.02618,52.0
13,143,0,90.35621,51.0
13,144,0,81.285065,50.0
13,145,2,72.83096,49.0
13,146,5,77.652,48.0
13,147,0,69.70944,47.0
13,148,1,66.66217,46.0
13,149,3,81.420944,45.0
13,150,2,82.49418,44.0
13,151,4,76.65337,43.0
13,152,5,77.58936,42.0
13,153,0,76.77886,41.0
13,154,2,57.110508,40.0
13,155,2,63.635532,39.0
13,156,1,54.020744,38.0
13,157,5,53.02639,37.0
13,158,2,53.517517,36.0
13,159,5,55.353615,35.0
13,160,3,47.368607,34.0
13,161,0,43.04881,33.0
13,162,5,42.670197,32.0
13,163,4,35.11401,31.0
13,164,0,44.632355,30.0
14,36,5,101.359886,125.0
14,37,2,105.08634,125.0
14,38,3,102.761375,125.0
14,39,4,105.04508,125.0
14,40,1,111.33851,125.0
14,41,1,114.35122,125.0
14,42,3,110.84331,125.0
14,43,0,122.0227,125.0
14,44,0,112.547485,125.0
14,45,3,112.7884,125.0
14,46,3,108.367325,125.0
14,47,0,108.52244,124.0
14,48,1,115.62076,123.0
14,49,4,115.11359,122.0
14,50,2,110.34177,121.0
14,51,3,114.803955,120.0
14,52,0,115.272385,119.0
14,53,3,110.71746,118.0
14,54,0,106.40603,117.0
14,55,4,110.72971,116.0
14,56,3,100.69744,115.0
14,57,3,109.51552,114.0
14,58,0,112.11347,113.0
14,59,4,119.38226,112.0
14,60,1,111.40302,111.0
14,61,0,122.20574,110.0
14,62,1,117.83101,109.0
14,63,4,113.58986,108.0
14,64,2,114.971,107.0
14,65,1,113.28176,106.0
14,66,4,96.4887,105.0
14,67,5,101.79284,104.0
14,68,0,109.246284,103.0
14,69,5,95.35854,102.0
14,70,2,97.77769,101.0
14,71,1,102.44457,100.0
14,72,2,101.117165,99.0
14,73,4,92.36307,98.0
14,74,3,105.33662,97.0
14,75,0,114.84928,96.0
14,76,2,102.54837,95.0
14,77,2,93.75999,94.0
14,78,0,95.89222,93.0
14,79,0,107.6903,92.0
14,80,2,103.76263,91.0
14,81,2,116.32841,90.0
14,82,0,111.74489,89.0
14,83,1,115.30287,88.0
14,84,0,117.81843,87.0
14,85,4,114.77437,86.0
14,86,5,112.28919,85.0
14,87,4,116.99706,84.0
14,88,2,119.73121,83.0
14,89,3,120.99236,82.0
14,90,2,126.53075,81.0
14,91,0,124.56103,80.0
14,92,4,119.47045,79.0
14,93,2,124.92115,78.0
14,94,0,115.588135,77.0
14,95,1,120.89588,76.0
14,96,1,118.10726,75.0
14,97,1,121.306526,74.0
14,98,5,115.37855,73.0
14,99,4,114.97552,72.0
14,100,0,115.63517,71.0
14,101,0,109.42813,70.0
14,102,3,122.11378,69.0
14,103,1,118.15632,68.0
14,104,3,108.93412,67.0
14,105,0,98.754715,66.0
14,106,5,84.67584,65.0
14,107,1,76.49606,64.0
14,108,0,56.676514,63.0
14,109,2,60.75231,62.0
14,110,4,62.89135,61.0
14,111,3,71.04546,60.0
14,112,4,65.48694,59.0
14,113,0,70.23871,58.0
14,114,0,63.863346,57.0
14,115,1,63.880783,56.0
14,116,0,91.00814,55.0
14,117,2,80.837906,54.0
14,118,4,82.63545,53.0
14,119,0,75.41552,52.0
14,120,2,89.48208,51.0
14,121,5,95.10099,50.0
14,122,5,97.76113,49.0
14,123,1,81.16323,48.0
14,124,2,92.406364,47.0
14,125,1,104.486786,46.0
14,126,1,106.37104,45.0
14,127,0,112.20049,44.0
14,128,4,110.82859,43.0
14,129,0,110.949394,42.0
14,130,3,120.16305,41.0
14,131,2,112.28794,40.0
14,132,4,107.29644,39.0
14,133,2,100.674034,38.0
14,134,5,96.35088,37.0
14,135,5,105.612206,36.0
14,136,4,87.16244,35.0
14,137,0,90.80724,34.0
14,138,0,94.87359,33.0
14,139,2,90.85064,32.0
14,140,4,105.30449,31.0
14,141,5,87.926994,30.0
14,142,3,83.362785,29.0
14,143,0,78.37172,28.0
14,144,1,82.51177,27.0
14,145,1,81.78928,26.0
14,146,4,71.252556,25.0
14,147,4,55.55804,24.0
14,148,1,45.422485,23.0
14,149,0,52.048,22.0
14,150,4,39.22663,21.0
14,151,5,36.771774,20.0
14,152,3,63.19094,19.0
14,153,4,57.60562,18.0
14,154,3,51.86156,17.0
14,155,0,32.391823,16.0
14,156,0,28.124973,15.0
14,157,1,22.038662,14.0
14,158,4,14.2878685,13.0
14,159,1,19.849962,12.0
14,160,1,12.258023,11.0
15,36,0,115.26418,125.0
15,37,5,108.82447,125.0
15,38,5,113.90678,125.0
15,39,2,118.8031,125.0
15,40,0,119.91958,125.0
15,41,2,119.564095,125.0
15,42,3,121.06614,125.0
15,43,3,116.83533,125.0
15,44,5,116.330345,125.0
15,45,1,117.09051,125.0
15,46,3,113.82088,125.0
15,47,0,111.488304,125.0
15,48,0,111.683205,125.0
15,49,4,114.26296,125.0
15,50,5,115.13963,125.0
15,51,1,112.908226,125.0
15,52,3,110.64617,125.0
15,53,3,101.28953,125.0
15,54,1,104.134094,125.0
15,55,1,103.08259,125.0
15,56,4,107.37036,125.0
15,57,3,108.2093,125.0
15,58,3,97.74871,125.0
15,59,0,110.04266,125.0
15,60,3,114.49126,125.0
15,61,0,113.23687,125.0
15,62,0,110.80952,125.0
15,63,2,111.31567,125.0
15,64,0,116.62893,125.0
15,65,4,119.547356,125.0
15,66,0,122.3926,125.0
15,67,5,127.13252,125.0
15,68,2,123.65545,125.0
15,69,0,124.741585,125.0
15,70,0,120.88024,125.0
15,71,0,117.32785,125.0
15,72,1,116.558205,125.0
15,73,2,117.01762,125.0
15,74,4,119.712524,125.0
15,75,0,114.40485,125.0
15,76,0,107.72829,125.0
15,77,2,93.62777,125.0
15,78,5,97.666046,124.0
15,79,0,95.656235,123.0
15,80,3,107.36671,122.0
15,81,0,90.65084,121.0
15,82,3,78.442955,120.0
15,83,2,100.275345,119.0
15,84,4,96.22597,118.0
15,85,3,102.154305,117.0
15,86,0,111.16151,116.0
15,87,5,102.133644,115.0
15,88,0,108.94161,114.0
15,89,5,103.51792,113.0
15,90,5,111.97174,112.0
15,91,5,101.0167,111.0
15,92,5,85.01241,110.0
15,93,5,80.60544,109.0
15,94,5,85.888115,108.0
15,95,2,77.018364,107.0
15,96,0,88.317764,106.0
15,97,1,93.99143,105.0
15,98,5,93.95768,104.0
15,99,2,107.45632,103.0
15,100,0,104.79717,102.0
15,101,0,93.3281,101.0
15,102,2,105.60662,100.0
15,103,0,106.102196,99.0
15,104,3,98.85586,98.0
15,105,3,96.78509,97.0
15,106,5,111.07854,96.0
15,107,4,105.80163,95.0
15,108,1,111.280464,94.0
15,109,0,107.72097,93.0
15,110,4,104.08012,92.0
15,111,1,87.46813,91.0
15,112,5,91.27112,90.0
15,113,0,106.98794,89.0
15,114,0,102.34164,88.0
15,115,3,117.628395,87.0
15,116,5,106.3682,86.0
15,117,0,107.16258,85.0
15,118,4,106.00588,84.0
15,119,1,120.23571,83.0
15,120,3,106.564156,82.0
15,121,4,75.10156,81.0
15,122,0,95.93598,80.0
15,123,4,100.84466,79.0
15,124,1,98.59438,78.0
15,125,5,105.03636,77.0
15,126,4,102.86413,76.0
15,127,0,105.319084,75.0
15,128,2,105.46665,74.0
15,129,2,93.77494,73.0
15,130,0,96.370735,72.0
15,131,4,97.28162,71.0
15,132,5,91.49955,70.0
15,133,2,93.94085,69.0
15,134,5,100.883354,68.0
15,135,5,96.48759,67.0
15,136,0,111.47759,66.0
15,137,1,93.68095,65.0
15,138,1,78.75707,64.0
15,139,5,74.730736,63.0
15,140,4,66.0646,62.0
15,141,4,60.96478,61.0
15,142,1,63.489082,60.0
15,143,1,53.887447,59.0
15,144,5,67.01588,58.0
15,145,1,79.44165,57.0
15,146,4,61.08957,56.0
15,147,0,75.19026,55.0
15,148,0,66.05581,54.0
15,149,4,58.316715,53.0
15,150,4,65.2162,52.0
15,151,2,63.25653,51.0
15,152,5,62.761467,50.0
15,153,3,75.453384,49.0
15,154,2,75.56989,48.0
15,155,4,68.62873,47.0
15,156,3,42.72722,46.0
15,157,2,45.356277,45.0
15,158,1,64.678665,44.0
15,159,1,57.73445,43.0
15,160,3,54.66895,42.0
15,161,1,55.90282,41.0
15,162,1,69.96195,40.0
15,163,5,57.585785,39.0
15,164,5,72.04138,38.0
15,165,2,75.73505,37.0
16,36,1,117.55326,119.0
16,37,2,123.51528,118.0
16,38,0,119.59019,117.0
16,39,1,106.0626,116.0
16,40,2,101.99671,115.0
16,41,5,120.79032,114.0
16,42,3,114.14979,113.0
16,43,2,111.71075,112.0
16,44,5,108.8151,111.0
16,45,3,113.74828,110.0
16,46,1,105.18589,109.0
16,47,0,104.17278,108.0
16,48,2,117.1954,107.0
16,49,0,114.865105,106.0
16,50,1,120.56046,105.0
16,51,0,100.27119,104.0
16,52,4,114.377815,103.0
16,53,5,122.51199,102.0
16,54,3,120.80372,101.0
16,55,5,119.430824,100.0
16,56,4,123.21997,99.0
16,57,0,123.30194,98.0
16,58,0,122.84132,97.0
16,59,0,117.098946,96.0
16,60,5,114.30268,95.0
16,61,2,107.76123,94.0
16,62,2,114.693695,93.0
16,63,1,114.00916,92.0
16,64,0,111.53095,91.0
16,65,4,110.36272,90.0
16,66,5,111.48716,89.0
16,67,1,101.79932,88.0
16,68,4,105.642204,87.0
16,69,2,107.63442,86.0
16,70,3,117.39835,85.0
16,71,2,112.17673,84.0
16,72,4,107.00082,83.0
16,73,2,111.081566,82.0
16,74,0,105.6604,81.0
16,75,0,117.937744,80.0
16,76,1,115.264725,79.0
16,77,1,113.49229,78.0
16,78,3,100.63931,77.0
16,79,1,109.626625,76.0
16,80,0,110.76902,75.0
16,81,2,96.24264,74.0
16,82,3,97.99049,73.0
16,83,4,109.01119,72.0
16,84,0,103.499695,71.0
16,85,4,115.28298,70.0
16,86,0,109.25009,69.0
16,87,0,100.94925,68.0
16,88,3,107.819145,67.0
17,36,1,120.36814,125.0
17,37,2,113.52264,125.0
17,38,0,115.846115,125.0
17,39,0,120.88215,125.0
17,40,3,124.87298,125.0
17,41,5,115.87526,125.0
17,42,4,120.83572,125.0
17,43,5,111.49329,125.0
17,44,3,107.68691,125.0
17,45,0,95.6636,125.0
17,46,1,97.191124,125.0
17,47,0,116.10317,125.0
17,48,3,121.342354,125.0
17,49,2,117.4056,125.0
17,50,1,110.703026,125.0
17,51,0,113.47459,125.0
17,52,0,127.76397,125.0
17,53,0,115.97367,125.0
17,54,2,117.75721,125.0
17,55,4,121.33575,125.0
17,56,5,117.74309,125.0
17,57,2,120.79444,125.0
17,58,4,114.69094,125.0
17,59,0,119.84043,125.0
17,60,4,118.44065,125.0
17,61,4,112.30523,125.0
17,62,0,114.00646,125.0
17,63,0,116.223656,125.0
17,64,1,115.01051,125.0
17,65,0,121.148476,125.0
17,66,3,106.44344,125.0
17,67,5,102.94521,125.0
17,68,3,110.78858,125.0
17,69,5,94.61414,125.0
17,70,2,103.01337,125.0
17,71,2,100.557915,125.0
17,72,2,105.518745,125.0
17,73,3,93.122185,125.0
17,74,5,104.75863,125.0
17,75,3,96.38638,125.0
17,76,5,92.45899,125.0
17,77,0,102.51217,125.0
17,78,1,112.127464,125.0
17,79,0,110.766045,125.0
17,80,3,110.85942,125.0
17,81,3,110.18723,125.0
17,82,3,106.819374,125.0
17,83,0,108.66788,125.0
17,84,4,98.698906,125.0
17,85,5,109.83769,125.0
17,86,5,119.11027,125.0
17,87,1,117.21377,125.0
17,88,3,111.70478,125.0
17,89,4,125.19076,125.0
17,90,2,123.49911,125.0
17,91,2,122.45072,125.0
17,92,1,126.66421,125.0
17,93,1,125.27845,125.0
17,94,5,124.03567,125.0
17,95,1,125.88149,125.0
17,96,3,120.17184,125.0
17,97,1,121.03589,125.0
17,98,5,128.2569,125.0
17,99,3,121.64625,125.0
17,100,0,115.35191,125.0
17,101,3,116.30893,125.0
17,102,2,107.03275,125.0
17,103,1,112.897865,125.0
17,104,2,117.05035,125.0
17,105,4,126.669,125.0
17,106,3,118.60577,125.0
17,107,1,119.31962,125.0
17,108,5,118.58959,125.0
17,109,5,111.793526,125.0
17,110,5,116.28765,125.0
17,111,0,120.8368,125.0
17,112,5,119.51213,125.0
17,113,1,118.44408,125.0
17,114,2,116.68636,125.0
17,115,4,116.62148,125.0
17,116,0,122.624535,125.0
17,117,3,125.64105,125.0
17,118,0,123.16842,125.0
17,119,0,122.52164,125.0
17,120,5,115.9665,125.0
17,121,0,106.61289,125.0
17,122,1,102.075294,125.0
17,123,1,112.95016,125.0
17,124,0,114.39352,125.0
17,125,3,116.3608,125.0
17,126,0,114.911835,125.0
17,127,3,121.40487,125.0
17,128,2,121.76862,125.0
17,129,0,120.57946,125.0
17,130,2,120.71662,125.0
17,131,2,118.57148,125.0
17,132,2,112.44735,125.0
17,133,1,118.043076,125.0
17,134,0,125.3803,125.0
17,135,2,121.045044,125.0
17,136,0,117.231316,125.0
17,137,0,113.093285,125.0
17,138,0,100.12221,125.0
17,139,1,108.39148,125.0
17,140,5,100.34893,125.0
17,141,0,92.13279,125.0
17,142,0,107.5128,125.0
17,143,0,109.36168,125.0
17,144,4,111.27575,125.0
17,145,1,121.29255,125.0
17,146,5,128.22318,125.0
17,147,4,128.48453,125.0
17,148,5,110.18167,125.0
17,149,4,111.89228,125.0
17,150,2,113.164894,125.0
17,151,4,97.7416,125.0
17,152,3,110.22985,125.0
17,153,2,92.85078,125.0
17,154,1,114.33983,125.0
17,155,3,103.09939,125.0
17,156,5,107.77398,125.0
17,157,2,107.73591,125.0
17,158,0,120.71351,125.0
17,159,4,108.09814,125.0
17,160,4,102.47384,125.0
17,161,1,101.37527,125.0
17,162,0,110.630684,125.0
17,163,4,107.477776,125.0
17,164,1,106.41602,125.0
17,165,3,114.690346,125.0
17,166,2,110.90287,125.0
17,167,0,109.08015,125.0
17,168,1,110.48391,125.0
17,169,4,109.19387,125.0
17,170,4,102.48269,125.0
17,171,0,111.1144,125.0
17,172,4,106.88731,125.0
17,173,1,113.63439,125.0
17,174,0,98.846855,125.0
17,175,1,98.74876,125.0
17,176,1,108.77555,125.0
17,177,0,102.9192,125.0
17,178,0,92.36583,125.0
17,179,0,74.48626,125.0
17,180,5,83.028404,125.0
17,181,0,85.164505,125.0
17,182,1,67.99903,125.0
17,183,0,56.235245,125.0
17,184,4,89.473,125.0
17,185,4,89.16568,125.0
17,186,0,96.916306,125.0
17,187,3,86.24682,125.0
17,188,2,99.73815,125.0
17,189,4,108.80106,125.0
17,190,2,107.04035,125.0
17,191,0,107.79952,125.0
17,192,1,104.328766,125.0
17,193,4,116.641685,125.0
17,194,3,111.67377,125.0
17,195,3,98.21705,125.0
17,196,5,111.853424,125.0
17,197,0,109.458855,125.0
17,198,0,98.00964,125.0
17,199,3,91.66692,125.0
17,200,0,73.25881,125.0
17,201,0,73.391014,125.0
17,202,4,76.80977,125.0
17,203,1,64.07317,125.0
17,204,3,55.720753,125.0
17,205,4,58.03797,125.0
17,206,0,66.61282,125.0
17,207,4,89.32875,125.0
17,208,2,83.577034,124.0
17,209,0,94.521484,123.0
17,210,1,88.617966,122.0
17,211,4,98.964424,121.0
17,212,4,97.63201,120.0
17,213,1,93.04297,119.0
17,214,3,85.650444,118.0
17,215,2,84.59107,117.0
17,216,2,85.256355,116.0
17,217,3,108.08622,115.0
17,218,0,107.255775,114.0
17,219,5,106.69584,113.0
17,220,2,109.39899,112.0
17,221,4,105.97924,111.0
17,222,5,106.705055,110.0
17,223,3,112.29911,109.0
17,224,3,107.69753,108.0
17,225,5,110.581856,107.0
17,226,4,96.70397,106.0
17,227,0,112.823494,105.0
17,228,0,101.43696,104.0
17,229,0,90.8552,103.0
17,230,4,91.5714,102.0
17,231,5,95.33221,101.0
17,232,3,95.70899,100.0
17,233,3,96.64233,99.0
17,234,0,105.29606,98.0
17,235,4,111.3798,97.0
17,236,5,115.49994,96.0
17,237,1,111.18972,95.0
17,238,4,115.940895,94.0
17,239,1,122.043205,93.0
17,240,1,109.784386,92.0
17,241,3,114.09759,91.0
17,242,0,110.01874,90.0
17,243,3,115.22833,89.0
17,244,0,110.13526,88.0
17,245,2,112.564095,87.0
17,246,0,108.30393,86.0
17,247,4,112.228584,85.0
17,248,5,103.58834,84.0
17,249,1,101.3476,83.0
17,250,0,106.8079,82.0
17,251,4,108.17899,81.0
17,252,0,109.92581,80.0
17,253,0,116.07868,79.0
17,254,5,112.987564,78.0
17,255,0,99.44178,77.0
17,256,1,87.399445,76.0
17,257,5,102.81596,75.0
17,258,4,89.40133,74.0
17,259,0,99.301315,73.0
17,260,0,100.27936,72.0
17,261,4,98.888885,71.0
17,262,1,81.046234,70.0
17,263,5,89.956764,69.0
17,264,5,78.90543,68.0
18,36,0,122.771904,103.0
18,37,2,122.05292,102.0
18,38,5,120.82,101.0
18,39,2,108.536705,100.0
18,40,4,101.865,99.0
19,36,5,105.3202,125.0
19,37,0,102.79841,125.0
19,38,3,107.13018,125.0
19,39,0,105.75206,125.0
19,40,3,107.36614,125.0
19,41,3,105.15864,125.0
19,42,3,100.55169,125.0
19,43,1,99.354935,125.0
19,44,1,116.344734,125.0
19,45,1,109.023384,125.0
19,46,1,91.898705,125.0
19,47,1,116.40507,125.0
19,48,5,93.4081,125.0
19,49,2,98.72636,125.0
19,50,3,87.49105,125.0
19,51,0,91.58685,125.0
19,52,4,107.90664,125.0
19,53,5,120.59695,125.0
19,54,2,119.84124,125.0
19,55,5,130.28378,125.0
19,56,0,123.3519,125.0
19,57,5,116.12124,125.0
19,58,2,115.282745,125.0
19,59,5,119.389694,125.0
19,60,1,122.74409,125.0
19,61,2,119.65804,125.0
19,62,5,123.01421,125.0
19,63,0,119.80895,125.0
19,64,2,117.42865,125.0
19,65,0,104.12742,125.0
19,66,3,104.17411,125.0
19,67,4,96.53469,125.0
19,68,0,106.30624,125.0
19,69,5,100.43161,125.0
19,70,4,113.52923,124.0
19,71,0,110.86298,123.0
19,72,3,114.11637,122.0
19,73,2,98.71703,121.0
19,74,4,101.96806,120.0
19,75,0,96.77565,119.0
19,76,2,99.9417,118.0
19,77,5,98.663925,117.0
19,78,0,97.90874,116.0
19,79,0,83.17326,115.0
19,80,4,86.57653,114.0
19,81,2,85.574524,113.0
19,82,3,83.75208,112.0
19,83,1,93.48615,111.0
19,84,2,95.97867,110.0
19,85,5,76.50708,109.0
19,86,0,67.85467,108.0
19,87,0,75.570496,107.0
19,88,3,68.17925,106.0
19,89,5,50.013466,105.0
19,90,0,58.21927,104.0
19,91,2,53.627106,103.0
19,92,4,66.85778,102.0
19,93,1,76.62325,101.0
19,94,1,79.873276,100.0
19,95,4,86.45666,99.0
19,96,1,88.71091,98.0
19,97,0,93.82847,97.0
19,98,5,90.58902,96.0
19,99,4,91.524086,95.0
19,100,4,92.84743,94.0
19,101,0,92.5837,93.0
19,102,3,91.34112,92.0
19,103,5,99.23731,91.0
19,104,0,97.76185,90.0
19,105,0,104.513054,89.0
19,106,5,88.09397,88.0
19,107,3,68.807274,87.0
19,108,4,66.882866,86.0
19,109,2,66.60696,85.0
19,110,3,76.74118,84.0
19,111,3,54.897842,83.0
19,112,0,55.617725,82.0
19,113,4,79.45696,81.0
19,114,1,76.43756,80.0
19,115,5,66.51796,79.0
19,116,4,65.874626,78.0
19,117,4,68.04806,77.0
19,118,2,66.407265,76.0
19,119,0,63.106903,75.0
19,120,4,65.52117,74.0
19,121,3,59.848198,73.0
19,122,2,68.04972,72.0
19,123,3,58.059196,71.0
19,124,1,65.73812,70.0
19,125,0,51.678116,69.0
19,126,4,59.678616,68.0
19,127,1,61.856228,67.0
19,128,3,54.97046,66.0
19,129,0,56.00156,65.0
19,130,4,66.99093,64.0
19,131,5,68.275116,63.0
19,132,5,67.417366,62.0
19,133,0,68.661995,61.0
19,134,3,53.409863,60.0
19,135,0,51.09646,59.0
19,136,1,50.924393,58.0
19,137,0,53.184395,57.0
19,138,3,44.719334,56.0
19,139,2,44.409912,55.0
19,140,5,48.754494,54.0
19,141,1,38.631813,53.0
19,142,0,39.76374,52.0
19,143,3,28.359182,51.0
19,144,5,26.381783,50.0
19,145,1,32.22784,49.0
19,146,4,31.452562,48.0
19,147,5,32.280018,47.0
19,148,4,45.1517,46.0
19,149,0,49.822914,45.0
19,150,1,49.17743,44.0
19,151,0,41.629574,43.0
19,152,2,53.369984,42.0
19,153,0,48.27085,41.0
19,154,4,54.476288,40.0
19,155,4,51.862946,39.0
19,156,1,50.19068,38.0
19,157,3,56.76367,37.0
19,158,0,49.45336,36.0
19,159,0,47.87798,35.0
19,160,1,49.427643,34.0
19,161,1,40.750427,33.0
19,162,5,40.303978,32.0
19,163,2,48.1883,31.0
19,164,5,29.958387,30.0
19,165,3,34.188656,29.0
19,166,1,28.997616,28.0
19,167,0,27.770947,27.0
19,168,4,35.51971,26.0
19,169,4,37.348694,25.0
19,170,1,39.169857,24.0
19,171,4,44.206734,23.0
19,172,4,42.74186,22.0
20,36,2,119.04389,119.0
20,37,4,117.187874,118.0
20,38,3,119.727356,117.0
20,39,0,115.51779,116.0
20,40,1,114.34052,115.0
20,41,2,121.64164,114.0
20,42,0,120.7564,113.0
20,43,4,120.62031,112.0
20,44,0,120.926476,111.0
20,45,2,118.742805,110.0
20,46,4,117.961266,109.0
20,47,3,119.625786,108.0
20,48,1,125.41515,107.0
20,49,3,123.32609,106.0
20,50,4,123.375496,105.0
20,51,4,111.501945,104.0
20,52,3,116.344536,103.0
20,53,1,106.96486,102.0
20,54,4,100.30426,101.0
20,55,2,99.92671,100.0
20,56,5,117.45867,99.0
20,57,0,114.87191,98.0
20,58,0,108.34162,97.0
20,59,1,117.85896,96.0
20,60,1,122.16195,95.0
20,61,3,107.65204,94.0
20,62,4,108.89167,93.0
20,63,2,115.97103,92.0
20,64,4,115.3912,91.0
20,65,3,118.31945,90.0
20,66,0,118.63071,89.0
20,67,2,119.51174,88.0
20,68,1,120.07361,87.0
20,69,0,116.84489,86.0
20,70,3,112.352135,85.0
20,71,2,119.08721,84.0
20,72,1,115.03335,83.0
20,73,1,121.43947,82.0
20,74,5,118.16865,81.0
20,75,4,127.062325,80.0
20,76,4,125.53884,79.0
20,77,0,122.99626,78.0
20,78,3,124.77827,77.0
20,79,5,114.09942,76.0
20,80,0,117.418976,75.0
20,81,1,120.285866,74.0
20,82,1,123.15421,73.0
20,83,1,120.998,72.0
20,84,2,117.905266,71.0
20,85,4,116.68399,70.0
20,86,4,113.77955,69.0
20,87,5,118.49854,68.0
20,88,3,113.41886,67.0
20,89,3,109.73819,66.0
20,90,3,106.37048,65.0
20,91,1,98.190926,64.0
20,92,2,101.27806,63.0
20,93,3,112.75135,62.0
20,94,1,114.61609,61.0
20,95,0,107.09142,60.0
20,96,0,92.28209,59.0
20,97,2,97.78349,58.0
20,98,0,92.19074,57.0
20,99,4,94.93461,56.0
20,100,3,101.73495,55.0
20,101,5,106.33053,54.0
21,36,1,121.2756,125.0
21,37,5,117.500984,125.0
21,38,5,118.36059,125.0
21,39,3,119.47112,125.0
21,40,2,120.23739,125.0
21,41,5,120.62646,125.0
21,42,1,114.661606,125.0
21,43,0,119.45166,125.0
21,44,1,116.331985,125.0
21,45,5,96.96218,125.0
21,46,4,115.32502,125.0
21,47,4,118.10479,125.0
21,48,3,120.84745,125.0
21,49,1,113.26038,125.0
21,50,2,120.344284,125.0
21,51,1,113.123024,125.0
21,52,2,127.031525,125.0
21,53,1,121.15415,125.0
21,54,1,121.125755,125.0
21,55,2,117.52035,125.0
21,56,3,115.54207,125.0
21,57,0,116.65379,125.0
21,58,3,112.832756,125.0
21,59,5,111.990486,125.0
21,60,5,103.84595,125.0
21,61,3,109.26114,125.0
21,62,0,98.53356,125.0
21,63,5,107.38963,125.0
21,64,4,112.789955,125.0
21,65,0,105.241234,125.0
21,66,0,79.16602,125.0
21,67,3,81.88322,125.0
21,68,3,87.37629,125.0
21,69,2,101.68556,125.0
21,70,4,111.33405,125.0
21,71,2,117.2517,125.0
21,72,3,110.41807,125.0
21,73,3,111.32484,125.0
21,74,3,100.96888,125.0
21,75,4,101.95776,125.0
21,76,1,102.12777,125.0
21,77,2,104.13406,125.0
21,78,0,112.39915,125.0
21,79,0,119.40531,125.0
21,80,2,115.16389,125.0
21,81,5,118.705605,125.0
21,82,1,113.20726,125.0
21,83,1,119.54866,125.0
21,84,2,111.782295,125.0
21,85,0,115.91303,125.0
21,86,5,121.69518,125.0
21,87,5,119.33196,125.0
21,88,2,110.75291,125.0
21,89,0,110.124886,125.0
21,90,2,103.74622,125.0
21,91,3,107.749535,125.0
21,92,3,109.62538,125.0
21,93,1,116.53299,125.0
21,94,5,119.45988,125.0
21,95,0,119.45007,125.0
21,96,2,117.91137,125.0
21,97,2,117.8253,125.0
21,98,2,120.50003,125.0
21,99,4,116.11086,125.0
21,100,2,112.98075,125.0
21,101,2,109.13891,124.0
21,102,1,106.74439,123.0
21,103,0,98.37978,122.0
21,104,0,92.15104,121.0
21,105,0,84.33843,120.0
21,106,0,93.97684,119.0
21,107,1,79.36497,118.0
21,108,0,91.03401,117.0
21,109,0,85.674965,116.0
21,110,2,98.68267,115.0
21,111,0,100.055916,114.0
21,112,0,107.37449,113.0
21,113,1,105.26215,112.0
21,114,0,101.182495,111.0
21,115,0,91.72205,110.0
21,116,3,91.6167,109.0
21,117,4,90.22672,108.0
21,118,1,93.22342,107.0
21,119,0,109.77178,106.0
21,120,3,118.350914,105.0
21,121,0,109.502174,104.0
21,122,0,111.65233,103.0
21,123,2,114.82633,102.0
21,124,5,116.109375,101.0
21,125,4,122.42927,100.0
21,126,4,121.02955,99.0
21,127,0,117.31228,98.0
21,128,0,124.21179,97.0
22,36,5,100.752556,125.0
22,37,1,97.76696,125.0
22,38,1,102.38079,125.0
22,39,5,105.259895,125.0
22,40,5,93.57819,125.0
22,41,1,100.85478,125.0
22,42,0,101.00916,125.0
22,43,4,104.899315,125.0
22,44,1,97.47459,125.0
22,45,0,111.96183,124.0
22,46,1,101.83503,123.0
22,47,0,75.786865,122.0
22,48,5,72.43603,121.0
22,49,2,83.38251,120.0
22,50,0,97.820656,119.0
22,51,0,96.352036,118.0
22,52,1,91.17068,117.0
22,53,2,99.68664,116.0
22,54,0,89.22744,115.0
22,55,1,95.84592,114.0
22,56,5,99.0186,113.0
22,57,5,106.00921,112.0
22,58,0,107.340904,111.0
22,59,5,99.47319,110.0
22,60,2,106.30161,109.0
22,61,2,109.30018,108.0
22,62,2,108.85516,107.0
22,63,1,118.06765,106.0
22,64,1,115.158806,105.0
22,65,0,107.46865,104.0
22,66,3,123.3429,103.0
22,67,1,117.741005,102.0
22,68,0,124.9731,101.0
22,69,0,118.112175,100.0
22,70,0,114.8473,99.0
22,71,2,103.205574,98.0
22,72,3,95.703,97.0
22,73,3,92.17699,96.0
22,74,5,83.459114,95.0
22,75,4,94.91743,94.0
22,76,1,108.60033,93.0
22,77,1,104.71377,92.0
22,78,0,100.44308,91.0
22,79,2,96.15594,90.0
22,80,4,89.5043,89.0
22,81,3,97.562965,88.0
22,82,0,95.06295,87.0
22,83,2,94.00234,86.0
22,84,5,114.46138,85.0
22,85,0,109.33646,84.0
22,86,4,107.678986,83.0
22,87,5,106.6856,82.0
22,88,0,102.760605,81.0
22,89,3,106.378105,80.0
22,90,2,96.76326,79.0
22,91,2,96.82468,78.0
22,92,0,91.493286,77.0
22,93,4,84.662865,76.0
22,94,4,80.99036,75.0
22,95,2,87.77218,74.0
22,96,3,97.19877,73.0
22,97,2,66.294754,72.0
22,98,1,50.963745,71.0
22,99,3,58.963707,70.0
22,100,0,73.32133,69.0
22,101,0,86.03078,68.0
22,102,3,85.82099,67.0
22,103,3,81.457886,66.0
22,104,1,91.900215,65.0
22,105,0,87.094055,64.0
22,106,2,82.45143,63.0
22,107,5,88.1524,62.0
22,108,2,67.20069,61.0
22,109,4,62.869213,60.0
22,110,2,57.649998,59.0
22,111,0,68.85522,58.0
22,112,0,67.16482,57.0
22,113,1,59.580673,56.0
22,114,1,45.26065,55.0
22,115,1,42.481274,54.0
22,116,1,37.512474,53.0
22,117,2,42.045197,52.0
22,118,2,43.42549,51.0
22,119,2,35.38943,50.0
22,120,0,38.291924,49.0
22,121,5,35.23632,48.0
22,122,1,33.79423,47.0
22,123,2,37.361313,46.0
22,124,4,37.86111,45.0
22,125,0,33.836994,44.0
22,126,4,34.191788,43.0
22,127,5,33.43083,42.0
22,128,2,35.657913,41.0
22,129,0,29.712706,40.0
22,130,1,24.232832,39.0
22,131,0,27.71574,38.0
22,132,1,29.113106,37.0
22,133,0,30.466473,36.0
22,134,1,27.77199,35.0
22,135,5,28.440876,34.0
22,136,2,29.635704,33.0
22,137,5,29.602531,32.0
22,138,5,27.160212,31.0
22,139,4,18.940544,30.0
22,140,0,26.334053,29.0
22,141,5,29.646137,28.0
22,142,4,24.802954,27.0
22,143,0,29.246283,26.0
22,144,1,23.06763,25.0
22,145,0,20.4672,24.0
22,146,0,18.8517,23.0
22,147,5,15.509696,22.0
22,148,3,11.709782,21.0
22,149,0,17.913904,20.0
22,150,2,9.80308,19.0
22,151,0,13.551402,18.0
22,152,0,12.571265,17.0
22,153,5,13.810258,16.0
22,154,0,12.889938,15.0
22,155,3,13.739871,14.0
22,156,0,13.758368,13.0
22,157,3,13.929288,12.0
22,158,2,10.981158,11.0
22,159,0,12.296528,10.0
23,36,3,115.721535,125.0
23,37,0,110.675835,125.0
23,38,0,113.944466,125.0
23,39,1,109.52558,125.0
23,40,0,110.27543,125.0
23,41,2,103.875,125.0
23,42,1,104.65006,125.0
23,43,3,115.52146,125.0
23,44,4,126.85395,125.0
23,45,5,127.68333,125.0
23,46,0,126.46151,125.0
23,47,1,127.905464,125.0
23,48,0,126.11823,125.0
23,49,3,121.84728,125.0
24,36,4,64.18224,125.0
24,37,1,98.661705,125.0
24,38,3,88.69043,125.0
24,39,0,96.1237,125.0
24,40,0,110.54606,125.0
24,41,1,113.41086,125.0
24,42,4,118.955284,125.0
24,43,0,115.0336,125.0
24,44,1,111.73562,125.0
24,45,3,120.010086,125.0
24,46,4,123.315315,125.0
24,47,4,113.66743,125.0
24,48,0,107.46279,125.0
24,49,1,119.02462,125.0
24,50,2,116.07639,125.0
24,51,1,120.0902,125.0
24,52,0,117.460144,125.0
24,53,5,102.89668,125.0
24,54,0,107.215034,125.0
24,55,0,96.17514,125.0
24,56,4,95.985146,125.0
24,57,4,96.65807,125.0
24,58,2,121.305885,125.0
24,59,2,113.799675,125.0
24,60,1,115.84811,125.0
24,61,0,120.29807,125.0
24,62,5,117.68863,125.0
24,63,0,115.16837,125.0
24,64,2,117.31844,125.0
24,65,3,120.481575,125.0
24,66,3,122.06043,125.0
24,67,3,120.95644,125.0
24,68,3,110.69492,125.0
24,69,5,107.12194,125.0
24,70,5,118.83364,125.0
24,71,4,107.90832,125.0
24,72,0,118.34026,125.0
24,73,0,113.3237,125.0
24,74,5,106.99461,125.0
24,75,4,102.15642,125.0
24,76,0,113.11222,125.0
24,77,0,112.21813,125.0
24,78,1,121.41786,125.0
24,79,1,118.97259,125.0
24,80,2,119.28053,125.0
24,81,1,118.38578,125.0
24,82,5,106.45624,125.0
24,83,0,114.23327,125.0
24,84,5,112.4199,125.0
24,85,4,108.378235,125.0
24,86,2,111.81742,125.0
24,87,5,116.9379,125.0
24,88,1,116.27849,125.0
24,89,0,123.54642,125.0
24,90,5,123.99066,125.0
24,91,0,109.779915,125.0
24,92,0,108.791115,125.0
24,93,1,98.56754,125.0
24,94,2,99.46748,125.0
24,95,2,94.22074,125.0
24,96,5,104.93175,125.0
24,97,4,89.74227,125.0
24,98,2,91.230385,125.0
24,99,0,87.259155,125.0
24,100,2,73.94364,125.0
24,101,2,57.420147,125.0
24,102,3,87.32628,125.0
24,103,1,86.33453,125.0
24,104,0,85.80192,125.0
24,105,1,97.23429,125.0
24,106,1,99.71232,125.0
24,107,0,102.98557,125.0
24,108,0,115.55735,125.0
24,109,0,113.02076,125.0
24,110,5,114.14066,125.0
24,111,2,127.586845,125.0
24,112,0,117.79346,125.0
24,113,0,100.857254,125.0
24,114,1,111.225624,125.0
24,115,0,109.65195,125.0
24,116,0,111.17089,125.0
24,117,5,103.8876,125.0
24,118,2,101.14678,125.0
24,119,5,102.32528,125.0
24,120,1,113.55128,125.0
24,121,3,95.08895,125.0
24,122,5,92.35403,125.0
24,123,3,85.60995,125.0
24,124,2,85.5296,125.0
24,125,2,89.7535,125.0
24,126,2,104.80659,125.0
24,127,0,97.33304,125.0
24,128,0,90.429146,125.0
24,129,5,91.60001,125.0
24,130,0,97.957954,125.0
24,131,2,113.105354,125.0
24,132,2,110.343636,125.0
24,133,0,106.08265,125.0
24,134,5,114.15774,125.0
24,135,5,103.654686,125.0
24,136,5,108.74589,125.0
24,137,0,101.02798,125.0
24,138,5,86.761986,125.0
24,139,0,98.99506,125.0
24,140,0,104.10894,125.0
24,141,2,90.981575,125.0
24,142,3,76.94079,125.0
24,143,0,94.93509,125.0
24,144,0,98.98714,125.0
24,145,1,106.215065,125.0
24,146,0,105.29716,125.0
24,147,0,99.12095,125.0
24,148,2,111.74734,125.0
24,149,0,98.84939,125.0
24,150,5,88.89085,125.0
24,151,1,83.86074,125.0
24,152,5,77.59193,125.0
24,153,0,75.36904,125.0
24,154,2,82.39292,125.0
24,155,4,87.99822,125.0
24,156,4,85.90483,125.0
24,157,0,84.20609,125.0
24,158,0,77.55723,125.0
24,159,1,97.75793,125.0
24,160,4,88.62326,125.0
24,161,0,94.71614,125.0
24,162,0,83.77243,125.0
24,163,5,91.45048,124.0
24,164,5,90.68344,123.0
24,165,0,69.04517,122.0
24,166,1,79.411446,121.0
24,167,5,86.39927,120.0
24,168,3,85.23144,119.0
24,169,2,87.34238,118.0
24,170,1,77.39135,117.0
24,171,2,66.01229,116.0
24,172,4,75.42934,115.0
24,173,0,66.641846,114.0
24,174,4,60.60753,113.0
24,175,1,67.99207,112.0
24,176,0,58.563164,111.0
24,177,5,51.758263,110.0
24,178,2,50.261383,109.0
24,179,4,48.0238,108.0
24,180,2,51.216053,107.0
24,181,2,49.03749,106.0
24,182,3,61.96933,105.0
24,183,3,59.799477,104.0
24,184,4,61.38724,103.0
24,185,0,53.304043,102.0
24,186,3,49.559006,101.0
24,187,3,51.4805,100.0
24,188,0,56.079277,99.0
24,189,4,65.00705,98.0
24,190,3,52.815132,97.0
24,191,5,55.641304,96.0
24,192,3,46.950294,95.0
24,193,0,45.5566,94.0
24,194,2,49.736805,93.0
24,195,0,51.326103,92.0
24,196,0,42.664497,91.0
24,197,0,38.44692,90.0
24,198,1,37.031143,89.0
24,199,5,31.397787,88.0
24,200,0,24.732098,87.0
24,201,5,22.248959,86.0
24,202,0,16.46885,85.0
24,203,1,12.189218,84.0
24,204,3,16.579296,83.0
24,205,2,36.449673,82.0
24,206,3,33.85088,81.0
24,207,5,40.5055,80.0
24,208,3,37.223206,79.0
24,209,5,34.242195,78.0
24,210,2,43.069637,77.0
25,36,3,99.93706,125.0
25,37,4,102.76626,125.0
25,38,5,120.53274,125.0
25,39,3,107.60531,125.0
25,40,4,117.31542,125.0
25,41,5,105.242516,125.0
25,42,5,110.81041,125.0
25,43,2,121.9535,125.0
25,44,3,114.070045,125.0
25,45,0,120.4571,125.0
25,46,2,119.63939,125.0
25,47,0,103.47358,125.0
25,48,0,121.52639,125.0
25,49,4,121.482124,125.0
25,50,2,118.4311,125.0
25,51,5,121.16447,125.0
25,52,0,110.910484,125.0
25,53,5,118.978386,125.0
25,54,2,121.51074,125.0
25,55,4,120.491356,125.0
25,56,1,126.16534,125.0
25,57,5,119.45849,125.0
25,58,1,116.02781,125.0
25,59,2,116.21755,125.0
25,60,1,104.302956,125.0
25,61,0,108.14625,125.0
25,62,3,115.28561,125.0
25,63,4,113.58557,125.0
25,64,5,116.67756,125.0
25,65,0,103.25016,125.0
25,66,4,106.62467,125.0
25,67,0,102.75086,125.0
25,68,5,115.59194,125.0
25,69,3,120.50469,125.0
25,70,5,119.32487,125.0
25,71,0,118.00935,125.0
25,72,5,115.6604,125.0
25,73,2,112.50988,125.0
25,74,2,118.95797,125.0
25,75,0,121.31594,125.0
25,76,2,103.78263,125.0
25,77,3,87.91517,125.0
25,78,2,88.0129,125.0
25,79,4,89.917114,125.0
25,80,1,99.03709,125.0
25,81,5,110.67854,125.0
25,82,5,109.52273,125.0
25,83,1,118.52092,125.0
25,84,1,120.46653,125.0
25,85,0,121.3726,125.0
25,86,3,116.61253,125.0
25,87,3,123.66861,125.0
25,88,0,119.53449,125.0
25,89,5,120.944855,125.0
25,90,0,105.46636,125.0
25,91,4,115.66279,125.0
25,92,2,123.66654,125.0
25,93,2,120.83504,125.0
25,94,0,114.28773,125.0
25,95,3,121.632614,125.0
25,96,2,118.15321,125.0
25,97,5,125.4002,125.0
25,98,4,119.85737,125.0
25,99,5,115.99711,125.0
25,100,1,121.27822,125.0
25,101,0,124.54245,125.0
25,102,2,121.71197,125.0
25,103,4,121.64736,125.0
25,104,0,118.46478,125.0
25,105,4,114.65014,125.0
25,106,4,121.677574,125.0
25,107,1,113.9178,125.0
25,108,1,119.55549,125.0
25,109,5,117.463524,125.0
25,110,0,121.95164,125.0
25,111,3,121.59567,124.0
25,112,5,113.992805,123.0
25,113,2,119.5344,122.0
25,114,5,113.1375,121.0
25,115,1,90.001335,120.0
25,116,2,104.311455,119.0
25,117,0,109.69622,118.0
25,118,4,115.52581,117.0
25,119,1,112.114265,116.0
25,120,3,120.78999,115.0
25,121,0,109.78567,114.0
25,122,2,105.71228,113.0
25,123,0,102.98882,112.0
25,124,0,106.44919,111.0
25,125,1,98.29839,110.0
25,126,1,106.05285,109.0
25,127,1,103.371086,108.0
25,128,1,90.22584,107.0
25,129,4,100.3688,106.0
25,130,0,93.654945,105.0
25,131,5,83.673454,104.0
25,132,2,96.605385,103.0
25,133,0,88.75038,102.0
25,134,1,87.275856,101.0
25,135,3,64.648254,100.0
25,136,0,55.55039,99.0
25,137,2,54.666317,98.0
25,138,5,64.14706,97.0
25,139,0,67.733345,96.0
25,140,1,62.40076,95.0
25,141,3,80.79211,94.0
25,142,4,92.74291,93.0
25,143,5,94.62732,92.0
25,144,0,96.83787,91.0
25,145,0,88.11962,90.0
25,146,4,95.77369,89.0
25,147,5,89.20783,88.0
26,36,0,102.82621,125.0
26,37,2,111.56602,125.0
26,38,1,118.32196,125.0
26,39,5,111.92114,125.0
26,40,4,117.21591,125.0
26,41,1,122.111275,125.0
26,42,1,111.234505,125.0
26,43,4,111.01928,125.0
26,44,5,108.44828,125.0
26,45,5,109.94349,125.0
26,46,4,110.78893,125.0
26,47,5,109.88036,125.0
26,48,2,121.73798,125.0
26,49,5,125.14864,125.0
26,50,2,124.27839,125.0
26,51,3,119.92579,125.0
26,52,3,113.90667,125.0
26,53,4,114.42978,125.0
26,54,0,114.53568,125.0
26,55,4,118.64743,125.0
26,56,4,116.88773,125.0
26,57,5,113.28071,125.0
26,58,4,101.02384,125.0
26,59,3,103.636795,125.0
26,60,2,98.39253,125.0
26,61,1,115.02368,125.0
26,62,5,112.77813,125.0
26,63,4,114.95936,125.0
26,64,5,110.97334,125.0
26,65,2,109.73109,125.0
26,66,4,117.91035,125.0
26,67,5,111.77503,125.0
26,68,3,109.120094,125.0
26,69,0,126.43372,125.0
26,70,1,123.29558,125.0
26,71,3,119.35172,125.0
26,72,5,119.938354,125.0
26,73,4,120.65785,125.0
26,74,1,129.00925,125.0
26,75,0,119.59598,125.0
26,76,3,123.176445,125.0
27,36,3,109.22697,125.0
27,37,1,111.90836,125.0
27,38,0,120.22767,125.0
27,39,2,118.68749,125.0
27,40,4,122.13248,125.0
27,41,0,117.77899,125.0
27,42,3,117.95792,125.0
27,43,3,115.404915,125.0
27,44,0,124.20894,125.0
27,45,1,126.06926,125.0
27,46,4,122.645424,125.0
27,47,0,127.38853,125.0
27,48,3,123.44335,125.0
27,49,2,112.32245,125.0
27,50,0,125.49172,125.0
27,51,3,119.39252,125.0
27,52,5,123.52137,125.0
27,53,2,113.2686,125.0
27,54,0,117.028145,125.0
27,55,1,117.9682,125.0
27,56,2,120.339485,125.0
27,57,0,116.66775,125.0
27,58,3,125.45853,125.0
27,59,1,120.224785,125.0
27,60,2,122.29307,125.0
27,61,5,121.55755,125.0
27,62,0,113.557076,125.0
27,63,1,117.09922,125.0
27,64,1,116.6741,125.0
27,65,5,120.23696,125.0
27,66,0,113.80306,125.0
27,67,0,121.34863,125.0
27,68,4,115.81403,125.0
29,36,5,117.15571,125.0
29,37,1,114.10024,125.0
29,38,5,107.95189,125.0
29,39,1,116.33378,125.0
29,40,1,101.01188,125.0
29,41,3,109.79187,125.0
29,42,4,106.27233,125.0
29,43,1,110.1809,125.0
29,44,5,111.55091,125.0
29,45,3,109.495964,125.0
29,46,5,117.55546,125.0
29,47,3,105.62665,125.0
29,48,2,118.63688,125.0
29,49,0,111.55007,125.0
29,50,5,111.9378,125.0
29,51,2,116.233986,125.0
29,52,0,111.08054,125.0
29,53,0,117.33784,125.0
29,54,0,112.40365,125.0
29,55,3,116.61654,125.0
29,56,4,123.91172,125.0
29,57,1,124.49355,125.0
29,58,3,115.24674,125.0
29,59,1,121.90644,125.0
29,60,4,111.14867,124.0
29,61,5,114.004196,123.0
29,62,0,120.2236,122.0
29,63,3,120.453896,121.0
29,64,4,113.44893,120.0
29,65,0,115.01264,119.0
29,66,2,116.661766,118.0
29,67,0,120.47301,117.0
29,68,2,112.851295,116.0
29,69,3,94.43363,115.0
29,70,1,102.43075,114.0
29,71,3,103.000534,113.0
29,72,0,106.62397,112.0
29,73,0,115.913,111.0
29,74,1,106.77781,110.0
29,75,1,120.901985,109.0
29,76,4,115.22962,108.0
29,77,1,105.432686,107.0
29,78,0,107.9667,106.0
29,79,2,102.6383,105.0
29,80,4,100.20773,104.0
29,81,5,115.363625,103.0
29,82,0,115.986015,102.0
29,83,0,132.63182,101.0
29,84,2,119.90649,100.0
29,85,3,123.9279,99.0
29,86,0,120.45817,98.0
29,87,4,120.67956,97.0
29,88,3,120.318825,96.0
29,89,2,116.34229,95.0
29,90,5,115.63584,94.0
29,91,2,120.66819,93.0
29,92,0,115.96785,92.0
29,93,4,120.205864,91.0
29,94,0,116.40891,90.0
29,95,4,118.89475,89.0
29,96,2,110.87801,88.0
29,97,1,111.506935,87.0
29,98,4,113.054985,86.0
29,99,4,111.32436,85.0
29,100,4,79.325005,84.0
29,101,2,90.8334,83.0
30,36,5,124.998726,125.0
30,37,0,126.28534,125.0
30,38,0,115.72311,125.0
30,39,0,107.73646,125.0
30,40,2,106.673134,125.0
30,41,2,119.32519,125.0
30,42,3,122.37721,125.0
30,43,4,122.53187,125.0
30,44,5,117.39113,125.0
30,45,2,99.4703,125.0
30,46,3,91.5902,125.0
30,47,5,94.44976,125.0
30,48,2,111.21012,125.0
30,49,0,107.35355,125.0
30,50,0,98.05995,125.0
30,51,0,80.52494,125.0
30,52,1,109.38742,125.0
30,53,3,99.43588,125.0
30,54,4,121.58235,125.0
30,55,2,112.6784,125.0
30,56,0,115.609505,125.0
30,57,0,117.27662,125.0
30,58,3,113.917915,125.0
30,59,5,113.712654,125.0
30,60,5,119.06485,125.0
30,61,0,106.15438,125.0
30,62,2,104.42324,125.0
30,63,1,112.54357,125.0
30,64,0,116.01654,125.0
30,65,4,116.59406,125.0
30,66,4,114.68629,125.0
30,67,4,121.110504,125.0
30,68,5,114.73754,125.0
30,69,3,115.71554,125.0
30,70,1,116.04905,125.0
30,71,1,112.667046,125.0
30,72,5,113.25291,125.0
30,73,0,105.29214,125.0
30,74,5,104.961006,125.0
30,75,4,109.70163,125.0
30,76,3,112.99954,125.0
30,77,5,114.16082,125.0
30,78,1,125.823875,125.0
30,79,3,122.108894,125.0
30,80,1,117.396774,125.0
30,81,4,111.46874,125.0
30,82,5,120.912254,125.0
30,83,1,117.73493,125.0
30,84,0,113.26203,125.0
30,85,4,123.91717,125.0
30,86,4,100.11232,125.0
30,87,5,97.598366,125.0
30,88,1,103.38067,125.0
30,89,3,104.87429,125.0
30,90,3,100.128365,125.0
30,91,4,104.6683,125.0
30,92,4,102.246475,125.0
30,93,0,108.296165,125.0
30,94,0,101.158745,125.0
30,95,3,86.16003,125.0
30,96,5,95.727104,125.0
30,97,0,96.76296,125.0
30,98,0,99.79247,125.0
30,99,3,98.68755,125.0
30,100,5,98.208015,125.0
30,101,2,102.90772,125.0
30,102,5,108.34074,125.0
30,103,0,104.55877,125.0
30,104,1,121.28064,125.0
30,105,1,115.49738,125.0
30,106,0,117.44688,125.0
30,107,5,112.215355,125.0
30,108,0,113.88572,125.0
30,109,0,98.796425,125.0
30,110,2,112.61463,125.0
30,111,5,116.17109,125.0
30,112,0,97.17037,125.0
30,113,0,89.64655,125.0
30,114,3,109.86103,125.0
30,115,5,89.77467,125.0
30,116,0,102.983536,125.0
30,117,1,103.070496,125.0
30,118,0,77.6812,125.0
30,119,1,81.32667,125.0
30,120,0,80.61135,125.0
30,121,1,99.29105,125.0
30,122,0,100.79975,125.0
30,123,3,109.86727,125.0
30,124,1,110.78966,125.0
30,125,5,107.132164,125.0
30,126,5,111.887794,125.0
30,127,0,114.135704,125.0
30,128,0,103.16274,125.0
30,129,3,115.842,125.0
30,130,0,109.34358,125.0
30,131,1,100.17519,125.0
30,132,2,108.17867,125.0
30,133,1,107.26351,125.0
30,134,0,96.37061,125.0
30,135,5,100.5552,125.0
30,136,0,97.39878,125.0
30,137,2,88.84411,125.0
30,138,3,85.76655,124.0
30,139,1,92.18726,123.0
30,140,1,110.57064,122.0
30,141,0,99.421555,121.0
30,142,0,101.69358,120.0
30,143,1,87.482704,119.0
30,144,4,85.44193,118.0
30,145,4,63.391853,117.0
30,146,0,71.4322,116.0
30,147,2,61.51375,115.0
30,148,3,93.63189,114.0
30,149,3,91.65974,113.0
30,150,1,98.15885,112.0
30,151,1,99.82838,111.0
30,152,0,121.384544,110.0
30,153,2,112.38411,109.0
30,154,4,104.26939,108.0
30,155,0,103.11974,107.0
30,156,4,105.08973,106.0
30,157,0,110.91751,105.0
30,158,1,110.93708,104.0
30,159,2,103.14932,103.0
30,160,3,106.39335,102.0
30,161,3,105.79977,101.0
30,162,0,98.23984,100.0
30,163,2,106.93053,99.0
30,164,4,107.17615,98.0
30,165,5,95.29733,97.0
30,166,5,95.26298,96.0
30,167,0,99.08082,95.0
30,168,5,87.53268,94.0
30,169,1,111.34096,93.0
30,170,1,89.623024,92.0
30,171,1,92.98411,91.0
30,172,0,68.4346,90.0
30,173,3,67.044365,89.0
30,174,1,55.05987,88.0
30,175,0,46.5317,87.0
30,176,5,35.765182,86.0
30,177,4,49.206642,85.0
30,178,2,47.582798,84.0
30,179,1,43.976757,83.0
30,180,0,49.57155,82.0
30,181,2,42.812454,81.0
30,182,3,41.86156,80.0
30,183,4,44.512043,79.0
30,184,0,41.133633,78.0
31,36,3,114.92271,125.0
31,37,3,115.91346,125.0
31,38,3,117.89794,125.0
31,39,2,115.32282,125.0
31,40,1,120.6203,125.0
31,41,1,114.01189,125.0
31,42,2,116.79882,125.0
31,43,3,115.171715,125.0
31,44,5,113.67328,125.0
31,45,3,117.56996,125.0
31,46,3,117.842545,125.0
31,47,4,123.70991,125.0
31,48,0,116.26911,125.0
31,49,2,115.43405,125.0
31,50,2,124.31886,125.0
31,51,1,113.996086,125.0
31,52,0,122.20821,125.0
31,53,5,123.856865,125.0
31,54,4,122.42887,125.0
31,55,5,122.97874,125.0
31,56,2,124.729675,125.0
31,57,0,119.66566,125.0
31,58,0,122.55756,125.0
31,59,1,116.71926,125.0
31,60,1,120.56945,125.0
31,61,1,126.822655,125.0
31,62,3,118.52369,125.0
31,63,3,123.037224,125.0
31,64,1,115.72799,125.0
31,65,3,117.713394,125.0
31,66,3,115.72071,125.0
31,67,3,112.82339,125.0
31,68,1,106.73662,125.0
31,69,0,109.19816,125.0
31,70,1,102.40383,125.0
31,71,4,117.17386,125.0
31,72,4,118.67654,125.0
31,73,2,120.06957,125.0
31,74,3,118.76794,124.0
31,75,4,110.61738,123.0
31,76,4,120.460884,122.0
31,77,3,95.70692,121.0
31,78,3,106.19423,120.0
31,79,5,102.03377,119.0
31,80,3,112.76685,118.0
31,81,3,104.38842,117.0
31,82,0,107.85142,116.0
31,83,4,115.042046,115.0
31,84,3,96.62362,114.0
31,85,4,95.522285,113.0
31,86,4,90.64359,112.0
31,87,0,106.255104,111.0
31,88,4,97.444695,110.0
31,89,5,104.98714,109.0
31,90,3,95.72814,108.0
31,91,0,99.094986,107.0
31,92,0,95.82834,106.0
31,93,0,105.70881,105.0
31,94,1,78.85697,104.0
31,95,5,86.70522,103.0
31,96,1,92.07056,102.0
31,97,2,96.52714,101.0
31,98,5,77.767944,100.0
31,99,0,69.91963,99.0
31,100,3,87.50641,98.0
31,101,1,76.06497,97.0
31,102,2,78.86562,96.0
31,103,0,81.02687,95.0
31,104,0,76.35607,94.0
31,105,5,52.446533,93.0
31,106,4,84.26754,92.0
31,107,0,75.38887,91.0
31,108,1,92.25953,90.0
31,109,4,83.66016,89.0
31,110,5,97.85628,88.0
31,111,5,96.27442,87.0
31,112,1,88.142044,86.0
31,113,1,75.63332,85.0
31,114,2,104.2208,84.0
31,115,3,106.03009,83.0
31,116,4,112.63992,82.0
31,117,0,117.04536,81.0
31,118,0,121.217064,80.0
31,119,1,107.832985,79.0
31,120,5,103.4986,78.0
31,121,0,93.929985,77.0
31,122,5,100.49491,76.0
31,123,0,91.05013,75.0
32,36,0,114.83321,125.0
32,37,1,113.03843,125.0
32,38,0,116.36923,125.0
32,39,0,114.622986,125.0
32,40,3,113.00379,125.0
32,41,3,89.178604,125.0
32,42,5,101.71598,125.0
32,43,5,101.89936,125.0
32,44,1,110.051384,125.0
32,45,2,105.6921,125.0
32,46,0,102.78221,125.0
32,47,3,89.59318,125.0
32,48,0,100.664055,125.0
32,49,2,107.19047,125.0
32,50,3,106.301216,125.0
32,51,0,109.744675,125.0
32,52,0,104.07398,125.0
32,53,0,94.780205,125.0
32,54,1,105.90431,125.0
32,55,1,111.11481,125.0
32,56,1,112.818085,125.0
32,57,0,117.32852,124.0
32,58,5,111.19419,123.0
32,59,3,108.70374,122.0
32,60,1,113.44756,121.0
32,61,3,116.625435,120.0
32,62,3,113.215645,119.0
32,63,2,121.09193,118.0
32,64,5,121.30479,117.0
32,65,2,118.35602,116.0
32,66,2,119.76441,115.0
32,67,1,114.03219,114.0
32,68,2,110.40711,113.0
32,69,0,112.62916,112.0
32,70,0,113.842545,111.0
32,71,5,114.75359,110.0
32,72,2,102.84281,109.0
32,73,0,103.333565,108.0
32,74,2,82.330025,107.0
32,75,2,79.8771,106.0
32,76,3,74.641106,105.0
32,77,4,73.49439,104.0
32,78,4,47.6616,103.0
32,79,5,86.457634,102.0
32,80,3,83.01653,101.0
32,81,2,62.748863,100.0
32,82,1,68.27125,99.0
32,83,2,66.936035,98.0
32,84,1,71.51241,97.0
32,85,5,80.4566,96.0
32,86,0,74.52944,95.0
32,87,3,83.67407,94.0
32,88,2,102.001656,93.0
32,89,1,115.04711,92.0
32,90,0,117.8502,91.0
32,91,1,116.5133,90.0
32,92,2,121.299904,89.0
32,93,2,118.06141,88.0
32,94,1,117.32725,87.0
32,95,2,118.55306,86.0
32,96,0,109.829056,85.0
32,97,4,105.15236,84.0
32,98,4,100.22671,83.0
32,99,3,98.20523,82.0
32,100,1,85.09365,81.0
32,101,0,102.64656,80.0
32,102,2,91.433075,79.0
32,103,2,101.356895,78.0
32,104,1,112.196526,77.0
32,105,3,112.44259,76.0
32,106,3,113.60385,75.0
32,107,1,104.73644,74.0
32,108,3,95.32436,73.0
32,109,3,83.13284,72.0
32,110,4,68.75638,71.0
32,111,0,67.498726,70.0
32,112,5,81.93371,69.0
32,113,5,62.003864,68.0
32,114,3,71.54815,67.0
32,115,1,46.20395,66.0
32,116,2,56.928375,65.0
32,117,1,57.565754,64.0
32,118,2,59.78282,63.0
32,119,0,53.23626,62.0
32,120,2,58.076626,61.0
32,121,4,52.543514,60.0
32,122,3,50.209236,59.0
32,123,5,44.834435,58.0
32,124,2,57.434307,57.0
32,125,5,51.31595,56.0
32,126,1,68.585266,55.0
32,127,0,62.490425,54.0
32,128,3,60.556473,53.0
32,129,4,48.027397,52.0
32,130,0,45.39026,51.0
32,131,2,48.950447,50.0
32,132,1,52.523033,49.0
32,133,0,44.300087,48.0
32,134,1,39.34784,47.0
32,135,3,39.171623,46.0
32,136,2,41.925323,45.0
32,137,4,39.7694,44.0
32,138,3,44.181374,43.0
32,139,4,36.156082,42.0
32,140,0,34.011242,41.0
32,141,0,49.21501,40.0
32,142,5,44.561153,39.0
32,143,4,37.076233,38.0
32,144,0,41.910683,37.0
32,145,0,32.895664,36.0
32,146,4,31.145947,35.0
32,147,0,33.70302,34.0
32,148,0,35.63202,33.0
32,149,2,48.94874,32.0
32,150,5,41.934845,31.0
32,151,0,36.752144,30.0
32,152,0,37.180695,29.0
32,153,1,35.726288,28.0
32,154,0,39.684658,27.0
32,155,4,38.78016,26.0
32,156,2,35.617794,25.0
32,157,5,24.498594,24.0
32,158,2,24.44213,23.0
32,159,2,20.862015,22.0
32,160,0,21.808207,21.0
32,161,5,20.713203,20.0
32,162,1,15.990275,19.0
32,163,5,13.871376,18.0
32,164,4,11.112476,17.0
32,165,0,9.694452,16.0
32,166,0,10.322055,15.0
32,167,3,11.776061,14.0
32,168,5,12.8460455,13.0
32,169,0,10.364568,12.0
32,170,3,10.850536,11.0
33,36,3,110.12284,125.0
33,37,0,109.34759,125.0
33,38,5,106.845924,125.0
33,39,0,114.58526,125.0
33,40,1,113.77593,125.0
33,41,0,108.69062,125.0
33,42,0,112.5305,125.0
33,43,3,104.97533,125.0
33,44,2,111.04842,125.0
33,45,2,112.82869,125.0
33,46,3,115.490685,125.0
33,47,2,110.09246,125.0
33,48,3,107.931816,125.0
33,49,1,115.28609,125.0
33,50,0,109.59268,125.0
33,51,3,117.40255,125.0
33,52,0,110.55197,125.0
33,53,2,113.55502,125.0
33,54,0,109.98032,125.0
33,55,5,114.50619,125.0
33,56,0,104.8581,125.0
33,57,1,107.60978,125.0
33,58,5,118.8179,125.0
33,59,1,118.82547,125.0
33,60,0,111.92837,125.0
33,61,5,115.04742,125.0
33,62,2,112.24796,125.0
33,63,4,124.469,125.0
33,64,2,123.698784,124.0
33,65,4,94.8115,123.0
33,66,3,116.05103,122.0
33,67,2,113.775856,121.0
33,68,2,98.31605,120.0
33,69,4,67.18552,119.0
33,70,5,101.12627,118.0
33,71,2,80.87083,117.0
33,72,2,74.59804,116.0
33,73,2,76.35234,115.0
33,74,4,59.040894,114.0
33,75,3,66.66935,113.0
33,76,1,85.47642,112.0
33,77,2,91.73836,111.0
33,78,0,112.259224,110.0
33,79,3,108.62505,109.0
33,80,0,109.496895,108.0
33,81,5,108.03803,107.0
33,82,5,107.929985,106.0
33,83,3,82.9596,105.0
33,84,5,101.61218,104.0
33,85,5,80.096214,103.0
33,86,5,112.39541,102.0
33,87,0,109.872154,101.0
33,88,2,113.275475,100.0
33,89,4,104.995995,99.0
33,90,1,111.78974,98.0
33,91,4,97.666115,97.0
33,92,4,114.342445,96.0
33,93,0,105.74741,95.0
33,94,0,112.31335,94.0
33,95,2,98.6776,93.0
33,96,3,103.83264,92.0
33,97,2,118.11915,91.0
33,98,2,104.84691,90.0
33,99,0,100.17846,89.0
33,100,5,112.15552,88.0
33,101,1,108.44699,87.0
33,102,2,63.130264,86.0
33,103,2,95.64702,85.0
33,104,0,82.20156,84.0
33,105,5,90.66538,83.0
33,106,4,95.70086,82.0
33,107,1,100.85142,81.0
33,108,1,84.16816,80.0
33,109,5,77.8332,79.0
33,110,2,73.23316,78.0
33,111,0,87.85512,77.0
33,112,1,77.58331,76.0
33,113,5,89.47785,75.0
33,114,3,103.48103,74.0
33,115,2,109.65777,73.0
33,116,3,114.53924,72.0
33,117,5,113.30862,71.0
33,118,5,110.155846,70.0
33,119,4,111.661415,69.0
33,120,5,113.789375,68.0
33,121,0,119.07955,67.0
33,122,4,120.19549,66.0
33,123,5,113.938736,65.0
33,124,3,115.30451,64.0
33,125,2,120.50515,63.0
33,126,1,126.76415,62.0
33,127,1,126.28889,61.0
33,128,2,118.429726,60.0
33,129,3,123.92507,59.0
33,130,3,124.97593,58.0
33,131,4,123.20995,57.0
33,132,2,117.14079,56.0
33,133,1,109.161476,55.0
33,134,0,111.50361,54.0
33,135,0,120.38632,53.0
34,36,1,129.68852,125.0
34,37,0,123.317055,125.0
34,38,3,114.81507,125.0
34,39,4,125.37556,125.0
34,40,1,123.19009,125.0
34,41,3,115.87704,125.0
34,42,0,116.49771,125.0
34,43,3,118.193596,125.0
34,44,1,126.04353,125.0
34,45,2,116.774605,125.0
34,46,0,126.205086,125.0
34,47,4,123.67985,125.0
34,48,4,113.911415,125.0
34,49,2,117.0651,125.0
34,50,4,112.84239,125.0
34,51,0,123.26345,125.0
34,52,0,112.64266,125.0
35,36,0,126.682915,104.0
35,37,3,117.611046,103.0
35,38,1,125.276794,102.0
35,39,1,122.56417,101.0
35,40,1,114.56737,100.0
35,41,2,103.74563,99.0
35,42,0,122.001465,98.0
35,43,0,116.240746,97.0
35,44,2,115.51669,96.0
35,45,3,121.37615,95.0
35,46,0,116.09336,94.0
35,47,3,117.8241,93.0
35,48,4,120.504456,92.0
35,49,5,115.5147,91.0
35,50,5,116.164696,90.0
35,51,3,109.27248,89.0
35,52,1,100.39426,88.0
35,53,1,101.046715,87.0
35,54,1,110.090904,86.0
35,55,0,117.349655,85.0
35,56,3,124.99578,84.0
35,57,4,118.880135,83.0
35,58,5,121.2952,82.0
35,59,1,118.75741,81.0
35,60,0,121.437965,80.0
35,61,3,115.942345,79.0
35,62,1,120.267815,78.0
35,63,3,122.84045,77.0
35,64,0,115.198006,76.0
35,65,2,116.53306,75.0
35,66,1,114.1311,74.0
35,67,1,106.515114,73.0
35,68,4,113.89613,72.0
35,69,0,105.25474,71.0
35,70,2,115.47257,70.0
35,71,0,103.75836,69.0
35,72,1,114.898506,68.0
35,73,1,118.54769,67.0
35,74,1,99.31953,66.0
35,75,5,116.601524,65.0
35,76,5,104.066864,64.0
35,77,0,106.82793,63.0
36,36,0,120.238365,125.0
36,37,5,114.91628,125.0
36,38,1,125.56744,125.0
36,39,2,118.34057,125.0
36,40,0,109.739334,125.0
36,41,0,107.6952,125.0
36,42,2,102.41728,125.0
36,43,4,99.12481,125.0
36,44,5,108.5922,125.0
36,45,0,119.549965,125.0
36,46,5,121.15316,125.0
36,47,4,114.95983,125.0
36,48,2,103.89704,125.0
36,49,5,103.98977,125.0
36,50,1,95.97736,125.0
36,51,2,87.21148,125.0
36,52,0,94.111336,125.0
36,53,3,107.83221,125.0
36,54,2,96.42229,125.0
36,55,0,108.48089,125.0
36,56,2,111.57625,125.0
36,57,0,111.46916,125.0
36,58,0,120.24427,125.0
36,59,1,121.81633,125.0
36,60,2,111.24862,125.0
36,61,5,111.19788,125.0
36,62,2,114.529594,125.0
36,63,0,112.05599,125.0
36,64,3,118.65432,125.0
36,65,0,115.408775,125.0
36,66,1,124.2929,125.0
36,67,0,114.48219,125.0
36,68,4,111.39452,125.0
36,69,5,121.5436,125.0
36,70,5,126.2804,125.0
36,71,5,117.52904,125.0
36,72,4,118.47892,125.0
36,73,1,113.14631,125.0
36,74,5,126.553894,125.0
36,75,5,117.324265,125.0
36,76,5,122.38907,125.0
36,77,0,112.183815,125.0
36,78,4,124.814316,125.0
36,79,1,118.6477,125.0
36,80,5,111.535706,125.0
36,81,4,109.05341,125.0
36,82,5,96.01947,125.0
36,83,1,91.59016,125.0
36,84,4,82.23768,125.0
36,85,4,74.67146,125.0
36,86,1,75.45904,125.0
36,87,0,94.14847,125.0
36,88,3,102.74952,125.0
36,89,0,103.63026,125.0
36,90,4,104.3574,125.0
36,91,4,104.47274,125.0
36,92,5,101.34309,125.0
36,93,3,107.020294,125.0
36,94,4,108.041885,125.0
36,95,0,118.76543,125.0
36,96,3,120.38974,125.0
36,97,0,128.64284,125.0
36,98,3,116.84711,125.0
36,99,1,110.56858,125.0
36,100,1,95.28732,125.0
36,101,4,118.7988,125.0
36,102,1,112.8741,125.0
36,103,0,112.23278,125.0
36,104,0,102.0527,125.0
36,105,5,112.31977,125.0
36,106,5,115.6527,125.0
36,107,5,105.3674,125.0
36,108,1,105.73813,125.0
36,109,0,114.643265,125.0
36,110,1,114.52254,125.0
36,111,3,121.671394,125.0
36,112,1,104.20008,125.0
36,113,4,121.744255,125.0
36,114,1,119.435814,125.0
36,115,0,116.72823,125.0
36,116,5,116.72793,125.0
36,117,1,126.9387,125.0
36,118,5,115.12391,125.0
36,119,2,128.80608,125.0
36,120,5,119.87704,125.0
36,121,2,118.565346,125.0
36,122,1,117.57989,125.0
36,123,1,118.02476,125.0
36,124,3,113.40191,125.0
36,125,4,120.5996,125.0
36,126,0,112.44737,125.0
36,127,2,110.45198,125.0
36,128,4,90.96609,125.0
36,129,0,94.4658,125.0
36,130,1,91.43617,125.0
36,131,5,93.53755,125.0
36,132,1,89.69874,125.0
36,133,1,81.17711,125.0
36,134,1,80.14788,125.0
36,135,1,73.37632,125.0
36,136,2,70.14504,125.0
36,137,3,53.82516,125.0
36,138,0,67.380745,125.0
36,139,1,59.290142,124.0
36,140,5,77.25021,123.0
36,141,1,78.57148,122.0
36,142,2,88.83634,121.0
36,143,2,89.86178,120.0
36,144,4,95.22248,119.0
36,145,0,90.825356,118.0
36,146,0,102.02752,117.0
36,147,3,97.07688,116.0
36,148,4,99.57868,115.0
36,149,5,91.90474,114.0
36,150,5,110.170235,113.0
36,151,1,112.73751,112.0
36,152,0,116.64666,111.0
36,153,2,125.098946,110.0
36,154,4,120.40557,109.0
36,155,4,111.92413,108.0
36,156,0,109.73105,107.0
36,157,3,112.95879,106.0
36,158,1,111.758286,105.0
36,159,0,118.82748,104.0
36,160,2,120.41094,103.0
36,161,2,102.47534,102.0
36,162,5,106.299286,101.0
36,163,5,111.31383,100.0
37,36,4,107.566,125.0
37,37,0,99.80709,125.0
37,38,5,123.26853,125.0
37,39,1,118.665276,125.0
37,40,0,124.372826,125.0
37,41,1,125.08433,125.0
37,42,2,127.87178,125.0
37,43,4,119.41024,125.0
37,44,0,122.284584,125.0
37,45,2,124.21557,125.0
37,46,2,123.754745,125.0
37,47,0,119.88483,125.0
37,48,1,113.16183,125.0
37,49,0,117.34408,125.0
38,36,2,111.21601,125.0
38,37,5,113.10247,125.0
38,38,2,120.570625,125.0
38,39,3,114.06506,125.0
38,40,5,117.87743,125.0
38,41,2,109.36248,125.0
38,42,5,110.78128,125.0
38,43,3,101.78283,125.0
38,44,0,112.46094,125.0
38,45,5,114.504105,125.0
38,46,0,118.11876,125.0
38,47,0,126.12657,125.0
38,48,2,123.719,125.0
38,49,3,120.42485,125.0
38,50,5,122.13437,125.0
38,51,1,118.67047,125.0
38,52,2,119.374306,125.0
38,53,0,112.99838,125.0
38,54,0,119.9086,125.0
38,55,4,116.22671,125.0
38,56,0,118.26573,125.0
38,57,0,118.35298,125.0
38,58,0,122.43008,124.0
38,59,2,121.729675,123.0
38,60,5,119.433754,122.0
38,61,3,120.76563,121.0
38,62,5,120.20303,120.0
38,63,1,119.85946,119.0
38,64,4,116.18944,118.0
38,65,3,121.26741,117.0
38,66,3,118.38458,116.0
38,67,0,123.57159,115.0
38,68,3,117.83541,114.0
38,69,2,116.66265,113.0
38,70,0,117.482376,112.0
38,71,5,126.72669,111.0
38,72,1,123.26357,110.0
38,73,3,123.3032,109.0
38,74,2,119.38903,108.0
38,75,1,118.88802,107.0
38,76,1,110.82867,106.0
38,77,3,114.87754,105.0
38,78,0,120.13236,104.0
38,79,0,125.23144,103.0
38,80,0,123.04402,102.0
38,81,5,120.744934,101.0
38,82,0,116.03506,100.0
38,83,0,111.13591,99.0
38,84,4,128.07071,98.0
38,85,3,120.68406,97.0
38,86,5,121.9535,96.0
38,87,0,113.67764,95.0
38,88,1,99.17631,94.0
38,89,0,106.06075,93.0
38,90,5,108.79658,92.0
38,91,2,95.05172,91.0
38,92,2,83.45011,90.0
38,93,3,84.78304,89.0
38,94,3,82.564835,88.0
38,95,3,90.007545,87.0
38,96,4,91.69342,86.0
38,97,3,95.91722,85.0
38,98,5,97.098274,84.0
38,99,4,100.38663,83.0
38,100,2,86.15563,82.0
38,101,4,52.83585,81.0
38,102,4,37.756855,80.0
38,103,4,27.630104,79.0
38,104,0,57.134045,78.0
38,105,5,52.998505,77.0
38,106,4,67.96815,76.0
38,107,2,49.151634,75.0
38,108,0,69.37984,74.0
38,109,0,83.558,73.0
38,110,0,88.66936,72.0
38,111,4,81.64712,71.0
38,112,1,71.28338,70.0
38,113,4,71.841675,69.0
38,114,2,63.858704,68.0
38,115,3,81.32387,67.0
38,116,5,101.04786,66.0
38,117,1,98.04094,65.0
38,118,0,98.14671,64.0
38,119,5,109.997345,63.0
38,120,3,97.472565,62.0
38,121,3,92.55868,61.0
38,122,0,103.54468,60.0
38,123,0,82.11143,59.0
38,124,2,91.253914,58.0
38,125,1,94.40229,57.0
38,126,5,76.17163,56.0
38,127,1,73.129776,55.0
39,36,4,51.618065,125.0
39,37,4,59.972584,125.0
39,38,0,83.362564,125.0
39,39,5,104.81343,125.0
39,40,1,114.44945,125.0
39,41,0,115.66333,125.0
39,42,1,108.65354,125.0
39,43,2,114.02555,125.0
39,44,4,108.26006,125.0
39,45,0,110.287,125.0
39,46,2,106.04039,125.0
39,47,2,109.50614,125.0
39,48,0,113.930824,125.0
39,49,1,99.80065,125.0
39,50,0,113.68201,125.0
39,51,4,115.9329,125.0
39,52,0,106.842155,125.0
39,53,3,103.37763,125.0
39,54,4,107.11817,125.0
39,55,3,109.997444,125.0
39,56,1,107.65896,125.0
39,57,0,108.28593,125.0
39,58,5,121.38645,125.0
39,59,1,108.19438,125.0
39,60,0,96.162926,125.0
39,61,1,99.18672,125.0
39,62,4,114.331505,125.0
39,63,2,117.141975,125.0
39,64,0,107.74514,125.0
39,65,3,96.62384,125.0
39,66,2,107.76142,125.0
39,67,3,104.486275,125.0
39,68,3,105.76125,125.0
39,69,1,99.71702,125.0
39,70,2,115.14448,125.0
39,71,3,114.87933,125.0
39,72,5,106.400826,125.0
39,73,0,100.90256,124.0
39,74,0,122.48918,123.0
39,75,0,109.30656,122.0
39,76,3,107.82101,121.0
39,77,0,115.703,120.0
39,78,3,112.01436,119.0
39,79,0,114.171394,118.0
39,80,2,113.86819,117.0
39,81,5,120.50269,116.0
39,82,4,118.206604,115.0
39,83,5,121.32839,114.0
39,84,4,117.67539,113.0
39,85,4,105.846725,112.0
39,86,1,115.64719,111.0
39,87,5,117.61392,110.0
39,88,1,115.79548,109.0
39,89,5,121.771355,108.0
39,90,5,115.29796,107.0
39,91,5,108.05923,106.0
39,92,2,106.110504,105.0
39,93,2,105.86721,104.0
39,94,5,94.44301,103.0
39,95,2,85.25341,102.0
39,96,3,102.18072,101.0
39,97,5,92.46502,100.0
39,98,2,98.188805,99.0
39,99,2,90.12588,98.0
39,100,5,79.24085,97.0
39,101,0,93.636024,96.0
39,102,1,89.370476,95.0
39,103,2,83.99188,94.0
39,104,3,100.31876,93.0
39,105,3,93.500114,92.0
39,106,3,87.582146,91.0
39,107,1,95.30169,90.0
39,108,2,88.88585,89.0
39,109,1,96.210175,88.0
39,110,4,87.592094,87.0
39,111,1,91.73002,86.0
39,112,4,91.86401,85.0
39,113,4,81.75353,84.0
39,114,4,85.99085,83.0
39,115,0,98.678505,82.0
39,116,3,101.42092,81.0
39,117,4,110.46799,80.0
39,118,0,96.91401,79.0
39,119,5,109.70863,78.0
39,120,0,107.082794,77.0
39,121,4,98.3951,76.0
39,122,3,82.57815,75.0
39,123,0,94.44929,74.0
39,124,0,97.60044,73.0
39,125,3,88.79325,72.0
39,126,0,76.01914,71.0
39,127,0,84.81996,70.0
39,128,0,82.7072,69.0
39,129,4,89.452415,68.0
39,130,4,90.898094,67.0
39,131,0,84.3198,66.0
39,132,5,82.76167,65.0
39,133,0,109.07488,64.0
39,134,1,109.75091,63.0
39,135,1,100.59069,62.0
39,136,2,96.62716,61.0
39,137,1,72.394516,60.0
39,138,4,78.801414,59.0
39,139,5,81.02131,58.0
39,140,4,93.88569,57.0
39,141,0,91.22184,56.0
39,142,4,84.91877,55.0
39,143,4,69.08552,54.0
39,144,3,74.88238,53.0
39,145,5,72.26072,52.0
39,146,1,88.78951,51.0
39,147,0,79.33518,50.0
39,148,2,91.76191,49.0
39,149,3,84.711555,48.0
40,36,5,113.52326,125.0
40,37,2,124.90648,125.0
40,38,3,119.42152,125.0
40,39,5,120.35351,125.0
40,40,0,106.851585,125.0
40,41,1,112.16937,125.0
40,42,4,118.28162,125.0
40,43,5,110.63664,125.0
40,44,4,117.13302,125.0
40,45,1,117.88386,125.0
40,46,1,116.30161,125.0
40,47,4,115.0297,125.0
40,48,1,111.41002,125.0
40,49,4,103.5041,125.0
40,50,5,111.84064,125.0
40,51,1,102.48849,125.0
40,52,3,110.32984,125.0
40,53,0,115.84472,125.0
40,54,0,116.37378,125.0
40,55,4,110.159836,125.0
40,56,3,121.357704,125.0
40,57,5,116.25754,125.0
40,58,0,125.18021,125.0
40,59,4,111.79484,125.0
40,60,0,118.06098,125.0
40,61,0,124.991356,125.0
40,62,0,118.422615,125.0
40,63,1,120.72019,125.0
40,64,1,119.96146,125.0
40,65,3,124.57429,125.0
40,66,2,126.729744,125.0
40,67,5,120.90831,125.0
40,68,0,122.1,125.0
40,69,4,125.7167,125.0
40,70,5,106.304474,125.0
40,71,2,99.79894,125.0
40,72,2,100.38058,125.0
40,73,1,89.935715,125.0
40,74,0,82.688896,125.0
40,75,0,104.26071,125.0
40,76,2,89.22117,125.0
40,77,0,96.203606,125.0
40,78,4,105.87406,125.0
40,79,0,101.974464,125.0
40,80,4,101.95777,125.0
40,81,4,95.988144,125.0
40,82,0,106.43392,125.0
40,83,2,98.31936,125.0
40,84,1,85.524506,125.0
40,85,5,79.20257,125.0
40,86,3,100.362816,125.0
40,87,2,97.11076,125.0
40,88,1,95.0411,125.0
40,89,0,100.21511,125.0
40,90,1,96.56138,125.0
40,91,5,103.55331,125.0
40,92,0,102.74901,125.0
40,93,0,89.79308,125.0
40,94,0,94.680534,125.0
40,95,4,95.991585,125.0
40,96,1,82.219536,124.0
40,97,4,83.0512,123.0
40,98,3,80.10699,122.0
40,99,5,78.1986,121.0
40,100,3,82.454704,120.0
40,101,5,74.290146,119.0
40,102,2,97.40882,118.0
40,103,0,97.00904,117.0
40,104,0,89.25507,116.0
40,105,5,103.04136,115.0
40,106,5,104.25785,114.0
40,107,2,116.11312,113.0
40,108,3,108.2762,112.0
40,109,4,110.15145,111.0
40,110,0,116.94786,110.0
40,111,4,124.94964,109.0
40,112,4,120.54469,108.0
40,113,4,118.23403,107.0
40,114,0,117.249664,106.0
40,115,3,121.04472,105.0
40,116,0,122.44187,104.0
40,117,0,122.556755,103.0
40,118,0,122.344246,102.0
40,119,2,123.48444,101.0
40,120,0,113.792046,100.0
40,121,0,103.80152,99.0
40,122,0,105.89931,98.0
40,123,0,100.89097,97.0
40,124,3,83.21706,96.0
40,125,0,93.750755,95.0
40,126,0,102.57172,94.0
40,127,0,113.55247,93.0
40,128,1,103.03467,92.0
40,129,2,109.885994,91.0
40,130,2,97.08947,90.0
40,131,3,110.79627,89.0
40,132,2,102.35848,88.0
40,133,1,106.16226,87.0
40,134,2,91.32459,86.0
40,135,0,91.287056,85.0
40,136,2,103.08817,84.0
40,137,3,102.02569,83.0
40,138,2,97.166275,82.0
40,139,0,113.18685,81.0
40,140,5,114.34612,80.0
40,141,3,116.825294,79.0
40,142,1,111.03795,78.0
40,143,0,112.35903,77.0
40,144,0,108.06632,76.0
40,145,0,112.66124,75.0
40,146,0,94.08203,74.0
40,147,2,97.58409,73.0
40,148,4,97.73551,72.0
40,149,0,81.83997,71.0
40,150,0,80.490524,70.0
40,151,2,83.69936,69.0
40,152,1,86.90317,68.0
40,153,0,91.55724,67.0
40,154,1,95.014,66.0
40,155,4,84.76736,65.0
40,156,5,104.90015,64.0
40,157,5,105.49572,63.0
40,158,5,98.23946,62.0
40,159,3,90.750786,61.0
40,160,0,91.16587,60.0
40,161,1,94.25016,59.0
40,162,1,76.662056,58.0
40,163,3,94.3765,57.0
40,164,5,81.31779,56.0
40,165,5,77.487915,55.0
40,166,0,77.24285,54.0
40,167,5,69.346535,53.0
40,168,0,62.138237,52.0
40,169,4,61.066765,51.0
40,170,0,62.63119,50.0
40,171,0,58.677444,49.0
40,172,1,55.799404,48.0
40,173,0,65.32194,47.0
40,174,4,66.326164,46.0
40,175,5,75.76339,45.0
40,176,0,78.75977,44.0
40,177,4,75.87394,43.0
40,178,2,76.79238,42.0
40,179,4,79.256065,41.0
40,180,1,82.737175,40.0
40,181,4,63.52006,39.0
40,182,2,63.711628,38.0
40,183,3,51.898117,37.0
41,36,4,116.94955,125.0
41,37,5,112.49868,125.0
41,38,0,120.466255,125.0
41,39,5,119.6121,125.0
41,40,0,118.9121,125.0
41,41,2,119.94488,125.0
41,42,0,116.318474,125.0
41,43,5,116.70324,125.0
41,44,1,101.96142,125.0
41,45,3,106.47703,125.0
41,46,5,84.45782,125.0
41,47,0,80.82072,125.0
41,48,4,103.12511,125.0
41,49,1,102.321465,125.0
41,50,2,119.16682,125.0
41,51,1,106.61834,125.0
41,52,0,97.37792,125.0
41,53,5,105.81222,125.0
41,54,5,95.657326,125.0
41,55,1,86.321144,125.0
41,56,4,99.07815,125.0
41,57,2,119.221794,125.0
41,58,5,109.40578,125.0
41,59,5,107.433556,125.0
41,60,4,115.2237,125.0
41,61,1,112.14475,125.0
41,62,5,101.380974,125.0
41,63,5,107.83112,125.0
41,64,1,109.8244,125.0
41,65,4,109.09667,125.0
41,66,5,106.26968,125.0
41,67,4,106.900246,125.0
41,68,5,110.660324,125.0
41,69,5,115.391014,125.0
41,70,5,113.8297,125.0
41,71,3,114.80856,125.0
41,72,1,111.898796,125.0
41,73,0,116.84391,125.0
41,74,3,119.31823,125.0
41,75,1,115.65687,125.0
41,76,3,110.39794,125.0
41,77,3,105.31977,125.0
41,78,0,110.24207,125.0
41,79,3,107.2989,125.0
41,80,1,105.82723,125.0
41,81,5,94.29365,125.0
41,82,1,103.308815,125.0
41,83,0,110.78518,125.0
41,84,4,110.62732,125.0
41,85,5,110.42626,125.0
41,86,2,99.18505,125.0
41,87,0,111.42019,125.0
41,88,3,99.17428,125.0
41,89,0,100.18151,125.0
41,90,0,99.66723,125.0
41,91,1,97.33518,125.0
41,92,2,109.08489,125.0
41,93,0,110.17985,125.0
41,94,0,105.84245,125.0
41,95,5,105.68253,125.0
41,96,5,108.01124,125.0
41,97,3,104.73568,125.0
41,98,4,104.04336,125.0
41,99,2,114.97127,125.0
41,100,4,119.73641,125.0
41,101,0,113.52178,125.0
41,102,0,115.43833,125.0
41,103,1,116.969475,125.0
41,104,0,108.20755,125.0
41,105,2,104.82154,125.0
41,106,2,88.638535,125.0
41,107,4,90.640175,125.0
41,108,3,106.67415,125.0
41,109,3,109.19591,125.0
41,110,4,106.16226,125.0
41,111,5,109.80101,125.0
41,112,0,112.73853,125.0
41,113,0,118.38848,125.0
41,114,0,120.203285,125.0
41,115,5,107.09213,125.0
41,116,1,120.40791,125.0
41,117,3,121.22367,125.0
41,118,1,122.84931,125.0
41,119,4,127.98481,125.0
41,120,2,117.09449,125.0
41,121,4,104.53382,125.0
41,122,5,119.23938,125.0
41,123,5,111.18466,125.0
41,124,1,115.9088,125.0
41,125,5,121.58745,125.0
41,126,2,119.258354,125.0
41,127,2,123.36962,125.0
41,128,2,116.99537,125.0
41,129,2,119.911,125.0
41,130,0,127.851204,124.0
41,131,5,120.582954,123.0
41,132,0,115.51967,122.0
41,133,4,91.99606,121.0
41,134,4,114.57165,120.0
41,135,2,105.94802,119.0
41,136,3,88.567635,118.0
41,137,1,104.07111,117.0
41,138,3,105.637566,116.0
41,139,0,105.88296,115.0
41,140,2,114.886826,114.0
41,141,4,117.36616,113.0
41,142,0,116.39941,112.0
41,143,2,119.36302,111.0
41,144,2,105.117805,110.0
41,145,0,108.66331,109.0
41,146,5,121.434975,108.0
41,147,2,115.970215,107.0
41,148,1,112.11405,106.0
41,149,0,104.04621,105.0
41,150,4,106.07621,104.0
41,151,2,113.874275,103.0
41,152,3,100.04223,102.0
41,153,3,94.69071,101.0
41,154,0,103.36431,100.0
41,155,0,108.81454,99.0
41,156,4,109.51345,98.0
41,157,1,111.778015,97.0
41,158,0,114.33281,96.0
41,159,5,116.94835,95.0
41,160,2,119.95894,94.0
41,161,0,116.64922,93.0
41,162,1,113.93479,92.0
41,163,4,116.71188,91.0
41,164,1,108.06342,90.0
41,165,0,106.52328,89.0
41,166,3,104.43466,88.0
41,167,3,113.84141,87.0
41,168,0,99.802284,86.0
41,169,5,114.259674,85.0
41,170,3,115.93337,84.0
41,171,3,112.84641,83.0
41,172,1,95.82293,82.0
41,173,0,81.57752,81.0
41,174,0,76.07267,80.0
41,175,5,49.70754,79.0
41,176,3,64.00276,78.0
41,177,3,80.378044,77.0
41,178,1,92.78948,76.0
41,179,0,105.5879,75.0
41,180,0,95.42852,74.0
41,181,4,94.76023,73.0
41,182,0,95.60572,72.0
41,183,0,99.63726,71.0
41,184,5,95.34712,70.0
41,185,0,83.86875,69.0
41,186,5,60.79633,68.0
41,187,3,74.352554,67.0
41,188,0,83.36367,66.0
41,189,5,106.49719,65.0
41,190,2,86.66617,64.0
41,191,0,90.50678,63.0
41,192,3,92.88132,62.0
41,193,2,75.439026,61.0
41,194,5,82.40235,60.0
41,195,1,84.90087,59.0
41,196,0,90.52103,58.0
41,197,3,89.58644,57.0
41,198,1,103.32752,56.0
41,199,1,93.74758,55.0
41,200,4,76.28309,54.0
41,201,5,81.1015,53.0
41,202,1,72.81107,52.0
41,203,3,91.60509,51.0
41,204,0,88.1913,50.0
41,205,1,102.809364,49.0
41,206,5,105.89372,48.0
41,207,0,90.24099,47.0
41,208,2,73.12559,46.0
41,209,1,77.90075,45.0
41,210,0,80.379555,44.0
42,36,2,116.276596,125.0
42,37,2,117.951775,125.0
42,38,2,115.00267,125.0
42,39,1,117.036705,125.0
42,40,3,119.92132,124.0
42,41,0,124.44033,123.0
42,42,0,112.35971,122.0
42,43,4,98.99454,121.0
42,44,2,97.0406,120.0
42,45,0,108.66431,119.0
42,46,0,101.28663,118.0
42,47,4,103.64384,117.0
42,48,2,108.02488,116.0
42,49,0,111.34432,115.0
42,50,5,103.61297,114.0
42,51,3,105.186806,113.0
42,52,0,102.197075,112.0
42,53,5,117.32763,111.0
42,54,2,111.76943,110.0
42,55,4,114.34503,109.0
42,56,1,109.08578,108.0
42,57,4,104.98766,107.0
42,58,5,93.92802,106.0
42,59,5,109.77749,105.0
42,60,0,102.73525,104.0
42,61,0,90.508446,103.0
42,62,5,96.199875,102.0
42,63,4,113.31927,101.0
42,64,3,106.802895,100.0
42,65,0,93.82125,99.0
42,66,2,109.21981,98.0
42,67,0,105.86997,97.0
42,68,0,109.878586,96.0
42,69,1,113.73107,95.0
42,70,5,107.00823,94.0
42,71,0,108.19041,93.0
42,72,0,93.71486,92.0
42,73,4,118.80239,91.0
42,74,3,118.37215,90.0
42,75,0,116.47498,89.0
42,76,4,120.15451,88.0
42,77,3,124.91114,87.0
42,78,1,113.7086,86.0
42,79,0,121.545586,85.0
42,80,2,118.56017,84.0
42,81,3,116.249725,83.0
42,82,2,105.53363,82.0
42,83,1,108.72764,81.0
42,84,0,114.81538,80.0
42,85,5,111.23597,79.0
42,86,5,110.31219,78.0
42,87,0,111.65734,77.0
42,88,4,112.03756,76.0
42,89,0,122.810646,75.0
42,90,5,120.46851,74.0
42,91,3,122.364845,73.0
42,92,2,123.19764,72.0
42,93,2,115.29287,71.0
42,94,3,103.941414,70.0
42,95,4,101.45239,69.0
42,96,1,96.7444,68.0
42,97,0,111.5649,67.0
42,98,0,107.169815,66.0
42,99,5,108.10847,65.0
42,100,5,96.46419,64.0
42,101,5,102.38378,63.0
42,102,3,94.07606,62.0
42,103,2,94.63099,61.0
42,104,0,97.98913,60.0
42,105,0,107.7187,59.0
42,106,1,109.817825,58.0
42,107,0,109.38892,57.0
42,108,3,104.25046,56.0
42,109,5,101.64643,55.0
42,110,0,106.46517,54.0
42,111,1,94.52873,53.0
42,112,3,103.69838,52.0
42,113,4,110.34153,51.0
42,114,2,105.03061,50.0
42,115,2,107.10167,49.0
42,116,1,114.18153,48.0
42,117,5,96.24799,47.0
42,118,3,97.63526,46.0
42,119,4,85.65099,45.0
42,120,3,74.50472,44.0
42,121,0,69.84826,43.0
42,122,1,81.42925,42.0
42,123,4,82.638084,41.0
42,124,2,60.322567,40.0
42,125,2,75.95786,39.0
42,126,4,52.713203,38.0
42,127,0,70.00841,37.0
42,128,0,58.95542,36.0
42,129,2,55.097157,35.0
42,130,2,46.96074,34.0
42,131,1,31.989235,33.0
42,132,0,40.854263,32.0
42,133,1,46.411102,31.0
42,134,0,44.624718,30.0
42,135,5,50.098244,29.0
42,136,5,81.23658,28.0
42,137,0,61.71036,27.0
43,36,4,39.03461,125.0
43,37,0,30.37174,125.0
43,38,4,31.226515,125.0
43,39,5,37.523144,125.0
43,40,1,49.64133,125.0
43,41,0,89.337006,125.0
43,42,3,100.2038,125.0
43,43,3,109.580376,125.0
43,44,0,121.80642,125.0
43,45,3,109.343185,125.0
43,46,5,105.61126,125.0
43,47,0,112.76742,125.0
43,48,1,122.51725,125.0
43,49,0,117.4846,125.0
43,50,1,117.22665,125.0
43,51,0,117.88307,125.0
43,52,4,124.436104,125.0
43,53,1,127.96169,125.0
43,54,5,123.1239,125.0
43,55,3,123.11765,125.0
43,56,0,121.349815,125.0
43,57,0,86.71731,125.0
43,58,4,113.88029,125.0
43,59,5,113.30047,125.0
43,60,0,99.20223,125.0
43,61,1,114.16178,125.0
43,62,3,120.203606,125.0
43,63,4,124.452934,125.0
43,64,5,121.68879,125.0
43,65,5,111.00691,125.0
43,66,4,113.58184,125.0
43,67,3,120.697136,125.0
43,68,1,128.8975,125.0
43,69,1,125.850174,125.0
43,70,0,122.449814,125.0
43,71,0,123.06452,125.0
43,72,4,111.20719,125.0
43,73,4,110.89043,125.0
43,74,3,102.391594,125.0
43,75,0,112.57696,125.0
43,76,5,116.84824,125.0
43,77,2,109.554054,125.0
43,78,2,104.501656,124.0
43,79,2,103.47485,123.0
43,80,0,99.82699,122.0
43,81,3,109.84801,121.0
43,82,4,104.96082,120.0
43,83,0,104.81403,119.0
43,84,3,96.21259,118.0
43,85,0,105.280525,117.0
43,86,2,103.43687,116.0
43,87,4,99.400795,115.0
43,88,2,80.92106,114.0
43,89,1,97.17037,113.0
43,90,5,99.67834,112.0
43,91,0,111.906784,111.0
43,92,5,108.4941,110.0
43,93,0,120.85731,109.0
43,94,0,116.79565,108.0
43,95,1,122.64894,107.0
43,96,1,109.89977,106.0
43,97,2,119.04723,105.0
43,98,5,109.30517,104.0
43,99,4,123.31365,103.0
43,100,1,118.037834,102.0
43,101,0,113.19363,101.0
43,102,0,110.55363,100.0
43,103,4,109.82282,99.0
43,104,1,109.62855,98.0
43,105,5,101.89173,97.0
43,106,3,90.83236,96.0
43,107,4,86.50937,95.0
43,108,1,88.60948,94.0
43,109,0,82.26832,93.0
43,110,0,62.69519,92.0
43,111,0,66.14746,91.0
43,112,4,65.085335,90.0
43,113,4,68.356895,89.0
43,114,1,74.57156,88.0
43,115,3,81.58298,87.0
43,116,5,71.119156,86.0
43,117,5,72.43255,85.0
43,118,4,74.97599,84.0
43,119,4,74.21167,83.0
43,120,5,56.422775,82.0
43,121,3,42.8444,81.0
43,122,4,55.470867,80.0
43,123,3,50.084396,79.0
43,124,3,35.38215,78.0
43,125,2,34.304443,77.0
43,126,2,30.647898,76.0
43,127,5,36.271053,75.0
43,128,0,39.031948,74.0
43,129,4,46.759193,73.0
43,130,5,41.93152,72.0
43,131,2,48.821945,71.0
43,132,5,48.477665,70.0
43,133,4,57.253,69.0
43,134,1,50.180786,68.0
43,135,1,59.38993,67.0
43,136,0,68.35006,66.0
43,137,5,64.14973,65.0
43,138,4,57.969505,64.0
43,139,0,56.93714,63.0
43,140,3,52.565727,62.0
43,141,0,57.52902,61.0
43,142,3,43.374237,60.0
43,143,5,45.77708,59.0
43,144,5,44.02973,58.0
43,145,3,32.90365,57.0
43,146,2,31.245907,56.0
43,147,3,26.45212,55.0
43,148,4,33.52252,54.0
43,149,0,32.612686,53.0
43,150,0,33.095642,52.0
43,151,2,37.159473,51.0
43,152,5,40.366474,50.0
43,153,2,46.716866,49.0
43,154,0,46.98638,48.0
43,155,5,34.47702,47.0
43,156,0,29.544115,46.0
43,157,3,28.066227,45.0
43,158,4,30.889977,44.0
43,159,3,23.891945,43.0
43,160,5,25.180254,42.0
43,161,5,26.11811,41.0
43,162,5,27.596725,40.0
43,163,4,22.622704,39.0
43,164,0,27.635788,38.0
43,165,0,23.812044,37.0
43,166,4,25.66529,36.0
43,167,2,27.47459,35.0
43,168,4,25.636557,34.0
43,169,3,23.99682,33.0
43,170,4,21.489494,32.0
43,171,3,18.08592,31.0
43,172,3,21.684227,30.0
43,173,4,28.243645,29.0
43,174,3,23.262394,28.0
43,175,0,20.69066,27.0
43,176,3,18.501966,26.0
43,177,3,12.609937,25.0
43,178,5,14.249827,24.0
43,179,4,18.390675,23.0
43,180,0,13.518535,22.0
43,181,2,15.96967,21.0
43,182,2,17.720278,20.0
43,183,3,11.413062,19.0
43,184,5,10.47556,18.0
44,36,2,123.16593,125.0
44,37,5,121.9905,125.0
44,38,4,123.54336,125.0
44,39,1,120.34831,125.0
44,40,2,122.2275,125.0
44,41,2,105.10781,125.0
44,42,0,107.2389,125.0
44,43,0,118.35883,125.0
44,44,0,121.72878,125.0
44,45,2,118.10706,125.0
44,46,1,119.584724,124.0
44,47,3,115.06253,123.0
44,48,5,120.18059,122.0
44,49,4,121.22116,121.0
44,50,2,118.497795,120.0
44,51,2,115.85161,119.0
44,52,5,119.433266,118.0
44,53,4,114.9673,117.0
44,54,1,113.580536,116.0
44,55,5,119.96755,115.0
44,56,1,123.347496,114.0
44,57,3,122.57244,113.0
44,58,3,118.82107,112.0
44,59,0,116.501526,111.0
44,60,0,113.924706,110.0
44,61,5,123.575325,109.0
44,62,3,116.82943,108.0
44,63,3,111.22657,107.0
44,64,5,76.0793,106.0
44,65,5,59.45276,105.0
44,66,3,33.814335,104.0
44,67,4,65.05157,103.0
44,68,5,43.823128,102.0
44,69,2,67.90835,101.0
44,70,5,68.28544,100.0
44,71,3,73.983795,99.0
44,72,1,68.05711,98.0
44,73,4,68.54282,97.0
44,74,5,69.559,96.0
44,75,3,62.839157,95.0
44,76,2,78.101364,94.0
44,77,0,89.41065,93.0
44,78,0,93.242226,92.0
44,79,4,97.08349,91.0
44,80,4,101.28016,90.0
44,81,3,89.729576,89.0
44,82,5,91.753555,88.0
44,83,0,83.950874,87.0
44,84,0,87.880356,86.0
44,85,1,103.57082,85.0
44,86,5,93.24393,84.0
44,87,4,99.078865,83.0
44,88,2,100.78346,82.0
44,89,2,89.43817,81.0
44,90,5,95.1762,80.0
44,91,2,87.96833,79.0
44,92,5,81.610054,78.0
44,93,5,91.99021,77.0
44,94,0,83.063194,76.0
44,95,0,85.70994,75.0
44,96,5,79.08981,74.0
44,97,2,84.38395,73.0
44,98,2,94.25655,72.0
44,99,5,101.655975,71.0
44,100,4,90.480705,70.0
44,101,0,81.761246,69.0
44,102,4,81.2983,68.0
44,103,0,70.04852,67.0
44,104,1,76.43243,66.0
44,105,2,67.87838,65.0
44,106,5,64.47378,64.0
44,107,5,67.17479,63.0
44,108,3,66.4676,62.0
44,109,3,51.530186,61.0
44,110,5,48.121857,60.0
44,111,2,44.202606,59.0
44,112,1,50.809757,58.0
44,113,4,57.3622,57.0
44,114,1,75.42933,56.0
44,115,0,64.233315,55.0
44,116,2,63.572254,54.0
44,117,1,64.998344,53.0
44,118,0,67.95896,52.0
44,119,3,50.244892,51.0
44,120,0,46.621243,50.0
44,121,0,35.785915,49.0
44,122,4,40.74952,48.0
44,123,2,37.582664,47.0
44,124,0,30.280521,46.0
44,125,3,35.37165,45.0
44,126,3,25.43505,44.0
44,127,0,29.726452,43.0
44,128,0,26.035435,42.0
44,129,0,21.55925,41.0
44,130,5,20.69862,40.0
44,131,4,24.536663,39.0
44,132,2,27.401815,38.0
44,133,5,24.909481,37.0
44,134,0,25.781782,36.0
44,135,5,24.407452,35.0
44,136,2,28.325012,34.0
44,137,3,29.898214,33.0
44,138,4,39.425423,32.0
44,139,0,37.34487,31.0
44,140,4,26.169355,30.0
44,141,0,27.355158,29.0
44,142,0,26.756678,28.0
44,143,2,24.555334,27.0
44,144,3,18.032248,26.0
44,145,4,15.903059,25.0
44,146,3,19.206947,24.0
44,147,5,24.140474,23.0
44,148,0,20.497253,22.0
44,149,2,26.190285,21.0
44,150,5,24.88924,20.0
44,151,5,20.463966,19.0
44,152,5,15.6387415,18.0
44,153,2,15.282842,17.0
44,154,4,13.423118,16.0
44,155,0,18.863577,15.0
44,156,0,22.476437,14.0
44,157,5,14.856683,13.0
44,158,0,12.305749,12.0
44,159,0,12.076149,11.0
44,160,0,14.322004,10.0
44,161,5,12.602345,9.0
44,162,3,9.601216,8.0
44,163,0,9.967773,7.0
44,164,4,8.702164,6.0
45,36,0,107.86323,125.0
45,37,0,114.55679,125.0
45,38,3,112.644714,125.0
45,39,4,115.40211,125.0
45,40,2,115.463295,125.0
45,41,0,109.39967,125.0
45,42,3,120.998344,125.0
45,43,2,118.65562,125.0
45,44,5,115.57332,125.0
45,45,4,117.57694,125.0
45,46,3,112.15333,125.0
45,47,1,112.23133,125.0
45,48,5,112.90478,125.0
45,49,0,118.077545,125.0
45,50,1,117.303986,125.0
45,51,5,124.57986,125.0
45,52,2,115.44677,125.0
45,53,3,118.68261,125.0
45,54,1,119.84423,125.0
45,55,1,123.20739,125.0
45,56,3,122.896706,125.0
45,57,4,111.12233,125.0
45,58,2,104.08715,125.0
45,59,3,95.21242,125.0
45,60,5,111.5669,125.0
45,61,1,106.33015,125.0
45,62,3,105.62527,125.0
45,63,0,111.6081,125.0
45,64,2,117.34983,125.0
45,65,1,117.60694,125.0
45,66,4,111.706535,125.0
45,67,5,112.12379,125.0
45,68,5,106.83734,125.0
45,69,0,111.06409,125.0
45,70,0,118.73727,125.0
45,71,2,118.793144,125.0
45,72,3,118.6075,125.0
45,73,2,118.020584,125.0
45,74,2,113.36157,125.0
45,75,3,120.06904,125.0
45,76,0,118.21199,125.0
45,77,0,123.294304,125.0
45,78,5,118.152824,125.0
45,79,1,109.49925,125.0
45,80,0,116.85183,125.0
45,81,1,120.257744,125.0
45,82,1,123.5729,125.0
45,83,1,120.110695,125.0
45,84,1,117.81425,125.0
45,85,4,116.958,125.0
45,86,0,116.11992,124.0
45,87,2,114.92895,123.0
45,88,0,113.52158,122.0
45,89,0,115.49531,121.0
45,90,0,115.51935,120.0
45,91,1,104.36641,119.0
45,92,3,115.320755,118.0
45,93,0,113.41599,117.0
45,94,3,112.987564,116.0
45,95,0,102.47845,115.0
45,96,5,87.881165,114.0
45,97,4,95.34766,113.0
45,98,1,87.11946,112.0
45,99,4,84.19558,111.0
45,100,3,73.8883,110.0
45,101,2,79.69169,109.0
45,102,0,70.20012,108.0
45,103,1,86.762474,107.0
45,104,5,94.19955,106.0
45,105,2,92.14777,105.0
45,106,0,94.90639,104.0
45,107,2,97.40048,103.0
45,108,0,90.1403,102.0
45,109,4,83.43513,101.0
45,110,0,94.75181,100.0
45,111,0,95.48817,99.0
45,112,5,118.78408,98.0
45,113,2,110.33472,97.0
45,114,4,103.529144,96.0
45,115,0,100.43043,95.0
45,116,1,103.30962,94.0
45,117,0,107.04949,93.0
45,118,1,96.10287,92.0
45,119,0,98.00306,91.0
45,120,1,92.40511,90.0
45,121,4,68.44711,89.0
45,122,5,72.796074,88.0
45,123,3,68.23925,87.0
45,124,3,63.172104,86.0
45,125,5,81.01664,85.0
45,126,4,62.897015,84.0
45,127,5,53.589973,83.0
45,128,5,45.601063,82.0
45,129,2,47.290344,81.0
45,130,0,56.866417,80.0
45,131,4,55.222687,79.0
45,132,0,48.072502,78.0
45,133,1,46.662838,77.0
45,134,3,50.992622,76.0
45,135,1,40.190422,75.0
45,136,2,36.664783,74.0
45,137,0,43.878014,73.0
45,138,3,51.29161,72.0
45,139,0,45.0708,71.0
45,140,0,48.96205,70.0
45,141,1,51.090904,69.0
45,142,4,51.09495,68.0
45,143,3,46.587128,67.0
45,144,4,55.182,66.0
45,145,2,50.987534,65.0
45,146,1,45.673,64.0
45,147,4,51.735355,63.0
45,148,2,62.668922,62.0
45,149,2,58.12426,61.0
45,150,0,54.16423,60.0
45,151,2,55.39299,59.0
45,152,0,70.427986,58.0
45,153,2,51.861275,57.0
45,154,2,45.255783,56.0
45,155,4,38.05694,55.0
45,156,5,30.733189,54.0
45,157,1,32.66548,53.0
45,158,3,48.443844,52.0
45,159,4,47.68181,51.0
45,160,1,48.274956,50.0
45,161,5,44.586838,49.0
45,162,0,47.737762,48.0
45,163,2,50.99369,47.0
45,164,4,30.1549,46.0
45,165,3,28.073128,45.0
45,166,2,31.107136,44.0
45,167,4,35.87272,43.0
45,168,5,31.750635,42.0
45,169,4,35.046295,41.0
45,170,2,25.496387,40.0
45,171,0,26.74073,39.0
45,172,5,28.161676,38.0
45,173,0,26.515354,37.0
45,174,4,24.016033,36.0
45,175,0,20.64479,35.0
45,176,0,25.122261,34.0
45,177,4,28.35218,33.0
45,178,4,28.173622,32.0
45,179,3,22.79024,31.0
45,180,1,21.875431,30.0
45,181,0,24.358595,29.0
45,182,3,17.642292,28.0
45,183,4,20.691647,27.0
45,184,5,28.046593,26.0
45,185,0,34.814632,25.0
45,186,0,30.489258,24.0
45,187,2,28.46399,23.0
45,188,0,30.601685,22.0
45,189,1,26.469997,21.0
45,190,4,27.112509,20.0
45,191,3,25.005726,19.0
45,192,0,23.849766,18.0
45,193,4,25.54317,17.0
45,194,1,23.83562,16.0
45,195,2,16.595076,15.0
46,36,3,93.38593,125.0
46,37,2,119.92806,125.0
46,38,4,124.42368,125.0
46,39,3,111.98544,125.0
46,40,5,119.71354,125.0
46,41,2,120.2538,125.0
46,42,4,121.26508,125.0
46,43,3,126.16157,125.0
46,44,5,121.88569,125.0
46,45,0,119.60807,125.0
46,46,4,112.219574,125.0
46,47,3,118.77558,125.0
46,48,3,113.8908,125.0
46,49,5,115.99206,125.0
46,50,5,107.28352,125.0
46,51,3,102.44626,125.0
46,52,4,87.97733,125.0
46,53,3,62.64982,125.0
46,54,2,72.81826,125.0
46,55,1,102.003784,125.0
46,56,5,109.32003,125.0
46,57,2,101.729294,125.0
46,58,0,114.34113,125.0
46,59,4,108.28544,125.0
46,60,4,92.60702,125.0
46,61,0,102.40545,125.0
46,62,4,102.78599,125.0
46,63,0,116.80154,125.0
46,64,0,105.21067,125.0
46,65,2,97.22933,125.0
46,66,4,116.20023,125.0
46,67,1,120.88219,125.0
46,68,3,127.034035,125.0
46,69,0,128.31296,125.0
46,70,5,121.64437,125.0
46,71,1,114.25499,125.0
46,72,2,121.957115,125.0
46,73,2,110.71874,125.0
46,74,1,118.038704,125.0
46,75,3,120.49118,125.0
46,76,0,118.447716,125.0
46,77,4,106.41624,125.0
46,78,2,105.227554,125.0
46,79,0,93.454475,125.0
46,80,1,99.24857,125.0
46,81,5,99.89843,125.0
46,82,0,96.71404,125.0
46,83,2,88.1966,125.0
46,84,1,77.1197,125.0
46,85,5,73.984924,125.0
46,86,0,86.55951,125.0
46,87,4,108.19895,125.0
46,88,3,112.935455,125.0
46,89,4,114.82218,125.0
46,90,3,110.80218,125.0
46,91,4,117.18682,125.0
46,92,2,116.63665,125.0
46,93,3,105.09739,125.0
46,94,0,111.624825,125.0
46,95,3,119.56199,125.0
46,96,2,116.31201,125.0
46,97,0,102.736435,125.0
46,98,2,103.87634,125.0
46,99,0,101.882515,125.0
46,100,1,104.959206,125.0
46,101,0,110.42054,125.0
46,102,3,104.88764,125.0
46,103,3,113.60053,125.0
46,104,4,106.03689,125.0
46,105,5,109.8709,125.0
46,106,0,103.83638,125.0
46,107,2,97.29957,125.0
46,108,3,110.29934,125.0
46,109,0,95.88721,125.0
46,110,1,87.536606,125.0
46,111,0,85.26702,125.0
46,112,3,89.52624,125.0
46,113,1,85.46632,125.0
46,114,3,86.69994,125.0
46,115,5,62.504288,125.0
46,116,0,81.099106,125.0
46,117,0,58.136856,125.0
46,118,0,50.60678,125.0
46,119,0,47.09911,125.0
46,120,0,49.160934,124.0
46,121,0,36.985916,123.0
46,122,4,66.12628,122.0
46,123,2,101.22294,121.0
46,124,3,99.165016,120.0
46,125,4,107.7477,119.0
46,126,2,113.98833,118.0
46,127,0,120.595375,117.0
46,128,1,104.31339,116.0
46,129,0,121.14265,115.0
46,130,1,115.891396,114.0
46,131,0,124.41564,113.0
46,132,1,118.26534,112.0
47,36,2,115.01457,125.0
47,37,2,120.53208,125.0
47,38,3,117.05646,125.0
47,39,0,121.74447,125.0
47,40,5,116.54009,125.0
47,41,2,115.120995,125.0
47,42,0,109.58463,125.0
47,43,0,111.28065,125.0
47,44,0,103.51922,125.0
47,45,1,115.5937,125.0
47,46,4,118.39168,125.0
47,47,0,114.66245,125.0
47,48,0,106.64672,125.0
47,49,5,111.207306,125.0
47,50,3,110.92333,125.0
47,51,3,113.108315,125.0
47,52,0,95.62638,125.0
47,53,3,101.81523,125.0
47,54,0,98.06693,125.0
47,55,2,104.911674,125.0
47,56,2,115.12794,125.0
47,57,1,110.46494,125.0
47,58,5,114.98942,125.0
47,59,1,102.643364,125.0
47,60,3,88.34549,125.0
47,61,2,106.49326,125.0
47,62,4,104.19045,125.0
47,63,0,111.02137,125.0
47,64,5,103.38176,125.0
47,65,1,104.43714,125.0
47,66,1,87.60095,125.0
47,67,1,81.43043,125.0
47,68,4,82.456635,125.0
47,69,3,80.40908,125.0
47,70,4,55.498535,125.0
47,71,5,68.45426,125.0
47,72,5,75.59804,125.0
47,73,4,65.1753,125.0
47,74,1,58.290028,125.0
47,75,4,48.501022,125.0
47,76,5,64.70572,125.0
47,77,4,60.011787,125.0
47,78,4,58.4489,125.0
47,79,0,81.406334,125.0
47,80,2,81.113914,125.0
47,81,4,68.27435,125.0
48,36,5,123.737755,109.0
48,37,5,120.29819,108.0
48,38,0,106.046974,107.0
48,39,0,109.465324,106.0
48,40,0,90.622215,105.0
48,41,4,93.224495,104.0
48,42,0,85.77267,103.0
48,43,2,91.16375,102.0
48,44,2,100.41292,101.0
48,45,5,99.78336,100.0
48,46,2,102.08892,99.0
48,47,2,104.35221,98.0
48,48,1,106.79613,97.0
48,49,2,104.99111,96.0
48,50,1,104.624855,95.0
48,51,3,103.33584,94.0
48,52,1,94.09159,93.0
48,53,3,99.18438,92.0
48,54,0,95.98439,91.0
48,55,2,108.087074,90.0
48,56,4,112.86822,89.0
48,57,4,115.59449,88.0
48,58,2,120.28726,87.0
48,59,4,120.33428,86.0
48,60,0,110.99755,85.0
48,61,0,111.34379,84.0
48,62,3,116.7844,83.0
48,63,0,122.48231,82.0
48,64,0,124.01821,81.0
48,65,1,117.00053,80.0
48,66,5,110.87004,79.0
48,67,5,96.830025,78.0
48,68,1,104.333725,77.0
48,69,3,110.91799,76.0
48,70,4,111.16497,75.0
48,71,4,116.70117,74.0
48,72,5,114.66967,73.0
48,73,0,110.427124,72.0
48,74,0,95.32686,71.0
48,75,1,79.010124,70.0
48,76,4,96.04,69.0
48,77,5,91.93731,68.0
48,78,4,67.6345,67.0
48,79,5,94.053474,66.0
48,80,2,108.168785,65.0
48,81,2,118.66003,64.0
48,82,2,118.127815,63.0
48,83,4,115.997444,62.0
48,84,0,108.088234,61.0
48,85,2,110.58437,60.0
48,86,0,104.284256,59.0
48,87,3,101.127525,58.0
48,88,4,93.93838,57.0
48,89,2,94.87214,56.0
48,90,3,79.570595,55.0
48,91,3,58.036964,54.0
48,92,3,49.796112,53.0
48,93,3,55.651237,52.0
48,94,0,68.878654,51.0
48,95,3,75.56567,50.0
48,96,0,72.92122,49.0
48,97,1,78.20153,48.0
48,98,0,57.550613,47.0
48,99,0,72.48317,46.0
48,100,5,47.878334,45.0
48,101,1,38.64258,44.0
48,102,2,45.86003,43.0
48,103,2,73.45871,42.0
48,104,0,69.4004,41.0
48,105,0,54.334946,40.0
48,106,0,37.590454,39.0
48,107,5,37.043358,38.0
48,108,3,32.990234,37.0
48,109,0,18.537523,36.0
48,110,2,32.11516,35.0
48,111,3,34.826935,34.0
48,112,2,38.68067,33.0
48,113,4,32.019905,32.0
48,114,1,37.494267,31.0
48,115,2,33.23744,30.0
48,116,3,32.85228,29.0
48,117,1,30.766918,28.0
48,118,0,27.819733,27.0
48,119,4,21.914143,26.0
48,120,4,18.712505,25.0
48,121,0,24.68125,24.0
48,122,2,21.12391,23.0
48,123,3,28.097786,22.0
48,124,3,32.511284,21.0
48,125,5,27.143026,20.0
48,126,2,27.942207,19.0
48,127,0,30.300419,18.0
48,128,1,19.56616,17.0
48,129,5,19.111404,16.0
48,130,5,15.780055,15.0
48,131,0,15.881505,14.0
48,132,3,18.939034,13.0
49,36,0,97.88741,125.0
49,37,2,94.47474,125.0
49,38,2,86.68105,125.0
49,39,2,97.26505,125.0
49,40,5,109.795296,125.0
49,41,3,102.102936,125.0
49,42,3,113.515045,125.0
49,43,0,91.85973,125.0
49,44,3,96.54611,125.0
49,45,0,100.42564,125.0
49,46,3,87.99047,125.0
49,47,0,67.69701,125.0
49,48,4,93.10526,125.0
49,49,1,113.23924,125.0
49,50,3,100.60901,125.0
49,51,5,82.387215,125.0
49,52,1,82.518715,125.0
49,53,2,108.53489,125.0
49,54,0,106.28656,125.0
49,55,2,103.58199,125.0
49,56,3,110.77256,125.0
49,57,5,113.39046,125.0
49,58,1,107.6368,125.0
49,59,2,110.56763,125.0
49,60,4,109.26901,125.0
49,61,0,105.93874,125.0
49,62,1,105.26711,125.0
49,63,1,90.92636,124.0
49,64,3,90.42545,123.0
49,65,2,104.36736,122.0
50,36,0,92.31165,125.0
50,37,3,99.6142,125.0
50,38,3,85.96169,125.0
50,39,2,90.88398,125.0
50,40,4,98.69667,125.0
50,41,0,102.93236,125.0
50,42,1,104.5765,125.0
50,43,0,115.63935,125.0
50,44,4,109.581505,125.0
50,45,2,123.99807,125.0
50,46,4,112.37339,125.0
50,47,0,115.47524,125.0
50,48,2,103.35162,125.0
50,49,4,104.66278,125.0
50,50,1,107.39182,125.0
50,51,2,103.176735,125.0
50,52,0,104.481514,125.0
50,53,2,101.16996,124.0
50,54,5,114.52931,123.0
50,55,1,109.42004,122.0
50,56,1,108.700356,121.0
50,57,2,91.62556,120.0
50,58,3,98.24285,119.0
50,59,0,87.621346,118.0
50,60,3,95.777885,117.0
50,61,0,92.27093,116.0
50,62,2,97.46361,115.0
50,63,3,96.11497,114.0
50,64,0,112.961845,113.0
50,65,0,114.11745,112.0
50,66,3,104.19976,111.0
50,67,0,100.66999,110.0
50,68,0,91.191505,109.0
50,69,4,93.573296,108.0
50,70,5,99.76337,107.0
50,71,4,92.97811,106.0
50,72,5,94.8188,105.0
50,73,5,91.609795,104.0
50,74,0,82.01364,103.0
50,75,1,78.96517,102.0
50,76,3,92.08031,101.0
50,77,2,108.04911,100.0
50,78,3,100.90041,99.0
50,79,4,93.52831,98.0
50,80,0,86.82418,97.0
50,81,5,84.483635,96.0
50,82,0,90.22278,95.0
50,83,0,104.8962,94.0
50,84,3,96.46,93.0
50,85,1,107.118645,92.0
50,86,4,99.5142,91.0
50,87,0,107.65098,90.0
50,88,0,113.46101,89.0
50,89,0,101.0003,88.0
50,90,4,103.45106,87.0
50,91,3,111.16787,86.0
50,92,0,105.77532,85.0
50,93,4,91.81686,84.0
50,94,0,105.34483,83.0
50,95,5,98.23801,82.0
50,96,5,109.094,81.0
50,97,3,110.25055,80.0
50,98,4,106.06466,79.0
50,99,5,119.48096,78.0
50,100,1,118.79044,77.0
50,101,4,114.64893,76.0
50,102,1,114.202644,75.0
50,103,1,115.95451,74.0
50,104,3,120.46253,73.0
50,105,5,119.53737,72.0
50,106,4,110.36178,71.0
50,107,2,94.53329,70.0
50,108,2,82.98354,69.0
50,109,1,79.411446,68.0
50,110,4,75.00833,67.0
50,111,0,88.54868,66.0
50,112,1,89.71911,65.0
50,113,4,76.47977,64.0
50,114,5,75.9069,63.0
50,115,1,54.081177,62.0
50,116,5,66.574165,61.0
50,117,3,72.045525,60.0
50,118,3,59.75237,59.0
50,119,0,65.008705,58.0
50,120,5,60.805466,57.0
50,121,3,47.199585,56.0
50,122,1,45.840652,55.0
50,123,0,55.80194,54.0
50,124,4,51.57065,53.0
50,125,1,53.09859,52.0
50,126,4,44.931503,51.0
50,127,5,41.765465,50.0
50,128,0,40.09906,49.0
50,129,3,51.894684,48.0
50,130,3,48.580765,47.0
50,131,0,41.740074,46.0
50,132,0,46.270134,45.0
50,133,0,34.621834,44.0
50,134,1,50.12941,43.0
50,135,5,45.46582,42.0
50,136,4,63.56337,41.0
50,137,0,68.68101,40.0
50,138,3,63.65905,39.0
50,139,1,60.829674,38.0
50,140,5,63.445477,37.0
50,141,5,53.23003,36.0
50,142,3,58.203247,35.0
50,143,3,59.861107,34.0
50,144,5,58.656906,33.0
50,145,2,57.04448,32.0
50,146,1,38.260353,31.0
50,147,0,35.76894,30.0
50,148,5,33.453938,29.0
50,149,1,32.953136,28.0
50,150,1,34.533054,27.0
50,151,0,28.508003,26.0
50,152,3,22.924616,25.0
50,153,3,22.612637,24.0
50,154,1,22.74239,23.0
50,155,0,14.861277,22.0
50,156,4,16.280201,21.0
50,157,1,14.760705,20.0
50,158,2,12.276131,19.0
50,159,5,14.607755,18.0
50,160,0,12.680775,17.0
50,161,5,15.136067,16.0
50,162,4,11.360433,15.0
50,163,5,10.1205435,14.0
50,164,0,11.400103,13.0
51,36,0,105.58636,99.0
51,37,4,117.287315,98.0
52,36,5,116.83803,125.0
52,37,0,117.64453,125.0
52,38,2,115.903435,125.0
52,39,1,109.71523,125.0
52,40,3,113.87769,125.0
52,41,0,103.51609,125.0
52,42,1,111.17531,125.0
52,43,2,110.89892,125.0
52,44,0,107.55028,125.0
52,45,5,101.392876,125.0
52,46,2,102.16446,125.0
52,47,5,91.57952,125.0
52,48,2,119.375496,125.0
52,49,1,110.242226,125.0
52,50,0,111.45487,125.0
52,51,1,113.67709,125.0
52,52,2,117.23522,125.0
52,53,5,120.80544,125.0
52,54,0,112.235306,125.0
52,55,1,115.15319,125.0
52,56,0,108.16842,125.0
52,57,4,120.35067,125.0
52,58,3,128.37697,125.0
52,59,0,126.86344,125.0
52,60,0,123.825035,125.0
52,61,5,123.532555,125.0
52,62,0,119.151184,125.0
52,63,2,120.96604,125.0
52,64,3,123.05184,125.0
52,65,5,113.82452,125.0
52,66,2,115.337425,125.0
52,67,4,119.25936,125.0
52,68,4,105.55614,125.0
52,69,4,107.02343,125.0
52,70,5,114.67069,125.0
52,71,2,110.44044,125.0
52,72,1,105.74378,125.0
52,73,3,115.532585,125.0
52,74,3,111.36899,125.0
52,75,0,112.26714,125.0
52,76,5,108.31789,125.0
52,77,1,119.83333,125.0
52,78,0,125.00681,125.0
52,79,2,124.14986,125.0
52,80,4,125.08239,125.0
52,81,0,118.46241,125.0
52,82,5,112.16842,125.0
52,83,4,108.19758,125.0
52,84,4,110.875305,125.0
52,85,0,116.54163,125.0
52,86,5,118.041985,125.0
52,87,1,117.239784,125.0
52,88,3,113.17423,125.0
52,89,0,115.25222,125.0
52,90,2,115.81804,125.0
52,91,5,116.105125,125.0
52,92,5,117.196976,125.0
52,93,0,122.76852,125.0
52,94,2,126.16871,124.0
52,95,2,124.00956,123.0
52,96,1,124.272545,122.0
52,97,5,119.18904,121.0
52,98,4,118.06059,120.0
52,99,1,118.296776,119.0
52,100,0,125.34832,118.0
52,101,2,118.69175,117.0
52,102,0,113.35238,116.0
52,103,5,109.66413,115.0
52,104,0,122.42477,114.0
52,105,0,110.21395,113.0
52,106,0,113.38781,112.0
52,107,0,109.02918,111.0
52,108,2,94.33852,110.0
52,109,3,105.91781,109.0
52,110,0,95.64795,108.0
52,111,4,80.68808,107.0
52,112,4,94.281944,106.0
52,113,1,87.73086,105.0
52,114,4,79.615654,104.0
52,115,0,91.9688,103.0
52,116,3,92.893074,102.0
52,117,1,101.416824,101.0
52,118,0,108.502754,100.0
52,119,5,92.16903,99.0
52,120,3,81.563225,98.0
52,121,3,70.64432,97.0
52,122,4,76.694725,96.0
52,123,5,68.85947,95.0
52,124,0,77.86448,94.0
52,125,5,86.91397,93.0
52,126,1,111.75741,92.0
52,127,2,96.44906,91.0
52,128,4,98.4253,90.0
52,129,3,85.853264,89.0
52,130,3,86.83035,88.0
52,131,4,68.64746,87.0
52,132,0,80.43057,86.0
52,133,0,102.19666,85.0
52,134,0,110.50088,84.0
52,135,3,109.53046,83.0
52,136,0,108.983955,82.0
52,137,1,113.571846,81.0
52,138,2,114.798294,80.0
52,139,0,115.64771,79.0
52,140,4,115.69348,78.0
52,141,2,110.58749,77.0
52,142,4,109.682,76.0
52,143,2,115.063515,75.0
52,144,2,87.69401,74.0
52,145,0,98.7402,73.0
52,146,4,95.63908,72.0
52,147,4,72.98173,71.0
52,148,0,74.2434,70.0
52,149,3,91.93133,69.0
52,150,0,80.783295,68.0
52,151,5,86.37182,67.0
52,152,0,92.318825,66.0
52,153,1,82.992195,65.0
52,154,2,76.58144,64.0
52,155,4,70.265755,63.0
52,156,2,71.48431,62.0
52,157,3,83.83133,61.0
52,158,2,71.63161,60.0
52,159,3,74.42497,59.0
52,160,5,71.82743,58.0
52,161,0,71.50591,57.0
52,162,0,69.91323,56.0
52,163,0,54.125305,55.0
52,164,3,47.73909,54.0
52,165,2,44.06077,53.0
53,36,1,121.28278,125.0
53,37,2,118.2373,125.0
53,38,0,117.632774,125.0
53,39,2,112.96952,125.0
53,40,0,121.14606,125.0
53,41,2,101.95449,125.0
53,42,2,103.08988,125.0
53,43,1,109.813255,125.0
53,44,0,117.8583,125.0
53,45,0,116.27277,125.0
53,46,3,117.10509,125.0
53,47,0,116.81544,125.0
53,48,1,118.45719,125.0
53,49,3,109.92344,125.0
53,50,4,101.76882,125.0
53,51,1,104.99905,125.0
53,52,5,110.84118,125.0
53,53,0,108.86817,125.0
53,54,0,104.93569,125.0
53,55,0,100.43513,125.0
53,56,0,98.43363,125.0
53,57,2,112.272835,125.0
53,58,4,108.98817,125.0
53,59,5,116.06895,125.0
53,60,4,102.3977,125.0
53,61,1,104.80911,125.0
53,62,3,105.29094,125.0
53,63,1,118.704094,125.0
53,64,1,106.20171,125.0
53,65,2,122.68933,125.0
53,66,5,123.21317,125.0
53,67,0,124.78573,125.0
53,68,3,112.59626,125.0
53,69,5,115.772316,125.0
53,70,4,107.01873,125.0
53,71,0,119.68874,125.0
53,72,3,103.81728,125.0
53,73,2,106.06759,125.0
53,74,2,95.275764,125.0
53,75,2,102.05759,125.0
53,76,1,107.15514,125.0
53,77,3,111.66276,124.0
53,78,2,97.82754,123.0
53,79,0,108.132744,122.0
53,80,4,105.3902,121.0
53,81,1,116.622055,120.0
53,82,2,114.050705,119.0
53,83,1,118.31244,118.0
53,84,5,109.55323,117.0
53,85,3,111.92164,116.0
53,86,5,95.56208,115.0
53,87,0,111.07532,114.0
53,88,1,118.42614,113.0
53,89,4,116.99122,112.0
53,90,3,122.00713,111.0
53,91,0,125.16911,110.0
53,92,5,119.55795,109.0
53,93,4,115.68016,108.0
53,94,0,113.56233,107.0
53,95,0,102.09131,106.0
53,96,5,105.58691,105.0
53,97,0,105.642525,104.0
53,98,5,103.25639,103.0
53,99,0,93.83275,102.0
53,100,0,85.3182,101.0
53,101,3,92.95542,100.0
53,102,4,90.26293,99.0
53,103,0,90.74529,98.0
53,104,5,82.376854,97.0
53,105,3,62.783043,96.0
53,106,0,68.02074,95.0
53,107,0,58.55616,94.0
53,108,2,67.897804,93.0
53,109,5,79.522484,92.0
53,110,2,91.76824,91.0
53,111,3,94.224304,90.0
53,112,4,86.09483,89.0
53,113,3,87.57093,88.0
53,114,1,96.34505,87.0
53,115,1,90.36227,86.0
53,116,3,91.14184,85.0
53,117,0,98.32573,84.0
53,118,4,87.102104,83.0
53,119,4,93.85663,82.0
53,120,2,81.343346,81.0
53,121,3,92.2295,80.0
53,122,0,80.86851,79.0
53,123,5,69.3434,78.0
53,124,0,85.67724,77.0
53,125,1,86.546074,76.0
53,126,0,73.1536,75.0
53,127,5,65.73037,74.0
53,128,1,66.093544,73.0
53,129,3,65.69882,72.0
53,130,0,59.634388,71.0
53,131,0,65.44761,70.0
53,132,5,61.34909,69.0
53,133,5,65.93212,68.0
53,134,0,64.02619,67.0
53,135,2,55.45422,66.0
53,136,0,47.141228,65.0
53,137,0,31.561298,64.0
53,138,2,38.70026,63.0
53,139,2,32.612293,62.0
53,140,5,29.627045,61.0
53,141,4,29.93401,60.0
53,142,3,34.298668,59.0
53,143,2,34.765,58.0
53,144,2,37.737087,57.0
53,145,5,39.36818,56.0
53,146,4,44.543324,55.0
53,147,2,43.61071,54.0
53,148,5,48.32272,53.0
53,149,0,53.91485,52.0
54,36,2,117.65622,125.0
54,37,5,112.03484,125.0
54,38,5,121.11992,125.0
54,39,3,118.81614,125.0
54,40,0,116.095505,125.0
54,41,1,115.35341,125.0
54,42,2,120.05883,125.0
54,43,0,105.4699,125.0
54,44,4,118.00924,125.0
54,45,3,105.2736,125.0
54,46,4,106.701904,125.0
54,47,1,105.7188,125.0
54,48,0,111.69658,125.0
54,49,0,111.9632,125.0
54,50,3,111.69665,125.0
54,51,0,109.805565,125.0
54,52,3,96.83172,125.0
54,53,1,107.203064,125.0
54,54,4,76.7759,125.0
54,55,4,61.964447,125.0
54,56,4,53.249866,124.0
54,57,2,68.66068,123.0
54,58,5,71.37019,122.0
54,59,3,84.52271,121.0
54,60,1,78.3337,120.0
54,61,3,100.32699,119.0
54,62,1,100.85497,118.0
54,63,0,87.79583,117.0
54,64,0,104.19652,116.0
54,65,1,101.88079,115.0
54,66,2,107.68629,114.0
54,67,4,97.57922,113.0
54,68,3,99.81801,112.0
54,69,1,109.89573,111.0
54,70,1,121.27451,110.0
54,71,4,119.64942,109.0
54,72,5,115.58483,108.0
54,73,0,123.48832,107.0
54,74,0,115.874,106.0
55,36,2,114.536,125.0
55,37,3,112.62695,125.0
55,38,2,115.80802,125.0
55,39,4,116.095146,125.0
55,40,1,105.47886,125.0
55,41,3,106.50584,125.0
55,42,2,111.18572,125.0
55,43,0,115.03527,125.0
55,44,4,120.90316,125.0
55,45,1,118.61298,125.0
55,46,5,115.79304,125.0
55,47,1,123.571686,125.0
55,48,4,122.55026,125.0
55,49,4,116.662926,125.0
55,50,0,124.80331,125.0
55,51,0,121.18325,125.0
55,52,2,125.988655,125.0
55,53,5,127.70365,125.0
55,54,2,125.787834,125.0
55,55,2,123.05385,125.0
55,56,0,120.00435,125.0
55,57,0,121.91206,125.0
55,58,5,125.20809,125.0
55,59,5,124.949776,125.0
55,60,5,118.84496,125.0
55,61,5,116.41195,125.0
55,62,1,119.85436,125.0
55,63,3,116.435585,125.0
55,64,1,109.727844,125.0
55,65,5,112.1937,125.0
55,66,0,105.89927,125.0
55,67,0,106.97601,125.0
55,68,3,102.10108,125.0
55,69,5,98.59541,125.0
55,70,1,94.09406,125.0
55,71,0,75.344154,125.0
55,72,4,110.79525,125.0
55,73,2,118.33759,125.0
55,74,0,112.836426,125.0
55,75,0,116.00436,125.0
55,76,4,113.14493,125.0
55,77,3,107.259636,125.0
55,78,1,111.743126,125.0
55,79,4,109.557304,125.0
55,80,3,109.06609,125.0
55,81,2,106.13894,125.0
55,82,0,101.06719,125.0
55,83,1,108.21811,125.0
55,84,1,106.48815,125.0
55,85,2,91.68334,125.0
55,86,0,111.455864,125.0
55,87,3,109.87107,125.0
55,88,3,101.92454,125.0
55,89,1,102.312454,125.0
55,90,2,95.40378,125.0
55,91,3,70.44032,125.0
55,92,4,71.06169,125.0
55,93,3,76.1614,125.0
55,94,1,80.37139,125.0
55,95,1,93.12708,125.0
55,96,2,64.5684,125.0
55,97,0,97.2217,125.0
55,98,0,87.86384,125.0
55,99,0,80.74383,125.0
55,100,0,80.50898,125.0
55,101,1,82.077034,125.0
55,102,0,96.19089,124.0
55,103,0,71.51917,123.0
55,104,5,66.44061,122.0
55,105,3,50.244904,121.0
55,106,0,62.835953,120.0
55,107,2,62.222363,119.0
55,108,2,78.04496,118.0
55,109,3,67.39357,117.0
55,110,2,76.922966,116.0
55,111,2,73.29739,115.0
55,112,4,83.082664,114.0
55,113,3,85.92551,113.0
55,114,2,83.4214,112.0
55,115,5,94.86422,111.0
55,116,4,95.693886,110.0
55,117,1,90.76903,109.0
55,118,1,97.84536,108.0
55,119,3,95.91987,107.0
55,120,5,97.30395,106.0
55,121,5,115.83747,105.0
55,122,5,115.09598,104.0
55,123,2,109.2409,103.0
56,36,5,124.263535,125.0
56,37,0,116.804756,125.0
56,38,5,120.27296,125.0
56,39,5,119.89008,125.0
56,40,5,106.0785,125.0
56,41,5,110.73607,125.0
56,42,4,111.5687,125.0
56,43,4,113.37174,125.0
56,44,0,109.33904,125.0
56,45,4,112.07641,125.0
56,46,1,103.62503,125.0
56,47,5,108.33329,125.0
56,48,1,106.49265,125.0
56,49,1,109.294495,125.0
56,50,1,106.082466,125.0
56,51,0,112.83579,125.0
56,52,2,92.49578,125.0
56,53,5,103.39126,125.0
56,54,5,102.21618,125.0
56,55,3,103.37177,125.0
56,56,5,93.01199,125.0
56,57,0,99.2324,125.0
56,58,0,90.69602,125.0
56,59,1,96.61008,125.0
56,60,3,94.542915,125.0
56,61,2,123.04518,125.0
56,62,0,118.16656,125.0
56,63,5,110.559395,125.0
56,64,5,113.80569,125.0
56,65,1,123.42374,125.0
56,66,4,117.991714,125.0
56,67,3,118.96262,125.0
56,68,4,121.929695,125.0
56,69,2,118.33289,125.0
56,70,0,112.00494,125.0
56,71,0,101.559586,125.0
56,72,4,104.951164,125.0
56,73,0,97.62788,125.0
57,36,4,117.75685,125.0
57,37,3,117.01179,125.0
57,38,2,119.98444,125.0
57,39,2,113.169655,125.0
57,40,4,122.51197,125.0
57,41,0,114.673134,125.0
57,42,0,114.51125,125.0
57,43,1,108.15894,125.0
57,44,5,113.92956,125.0
57,45,2,117.34031,125.0
57,46,0,120.28728,125.0
57,47,0,122.13991,125.0
57,48,5,116.83753,125.0
57,49,0,114.44207,125.0
57,50,0,103.280365,125.0
57,51,3,94.6312,125.0
57,52,2,119.47347,125.0
57,53,0,114.9279,125.0
57,54,4,114.97139,125.0
57,55,2,123.09182,125.0
57,56,4,121.929344,125.0
57,57,3,126.82256,125.0
57,58,0,121.736084,125.0
57,59,2,112.363335,125.0
57,60,3,119.963844,125.0
57,61,5,120.050316,125.0
57,62,0,108.86133,125.0
57,63,1,106.41692,125.0
57,64,1,124.12354,125.0
57,65,2,122.65806,125.0
57,66,3,126.78514,125.0
57,67,4,122.82713,125.0
57,68,3,116.93168,125.0
57,69,3,114.879814,125.0
57,70,0,108.93763,125.0
57,71,0,106.76244,125.0
57,72,1,119.093445,125.0
57,73,5,107.414024,125.0
57,74,0,105.94803,125.0
57,75,3,106.60457,124.0
57,76,5,110.94177,123.0
58,36,3,115.66967,125.0
58,37,5,116.74821,125.0
58,38,0,119.3335,125.0
58,39,5,115.749565,125.0
58,40,1,112.43534,125.0
58,41,4,114.31018,125.0
58,42,5,116.01738,125.0
58,43,1,122.61992,125.0
58,44,1,120.18813,125.0
58,45,3,119.62746,125.0
58,46,2,125.37943,125.0
58,47,3,119.116066,125.0
58,48,2,116.10011,125.0
58,49,5,118.67695,125.0
58,50,5,118.20147,125.0
58,51,0,128.87712,125.0
58,52,1,124.05722,125.0
58,53,3,124.47413,125.0
58,54,2,124.43901,125.0
58,55,4,121.452675,125.0
58,56,4,112.55789,125.0
58,57,0,123.31699,125.0
58,58,0,124.208015,125.0
58,59,1,121.03702,125.0
58,60,0,108.956154,125.0
58,61,3,122.62566,125.0
58,62,4,119.804474,125.0
58,63,2,120.8797,125.0
58,64,0,123.0779,125.0
58,65,2,126.60074,125.0
58,66,0,125.78571,125.0
58,67,2,119.05467,125.0
58,68,3,121.51809,125.0
58,69,0,115.6736,125.0
58,70,0,115.49551,125.0
58,71,2,111.0471,125.0
58,72,4,109.81382,125.0
58,73,5,119.44251,125.0
58,74,1,121.22399,125.0
58,75,0,127.833015,125.0
58,76,0,119.332344,125.0
58,77,1,114.087234,125.0
58,78,2,103.71192,125.0
58,79,0,99.58953,125.0
58,80,3,105.622284,125.0
58,81,1,111.678375,125.0
58,82,2,117.794136,125.0
58,83,4,122.4986,125.0
58,84,5,119.777306,125.0
58,85,0,121.24772,125.0
58,86,5,124.09711,125.0
58,87,0,113.791885,125.0
58,88,4,114.67011,125.0
58,89,2,115.81814,125.0
58,90,0,107.457054,125.0
58,91,3,103.61639,125.0
58,92,1,99.67814,125.0
58,93,2,100.81993,125.0
58,94,2,114.32235,125.0
58,95,4,114.12781,125.0
58,96,5,117.46741,125.0
58,97,0,122.11805,125.0
58,98,0,116.48412,125.0
58,99,0,116.35499,125.0
58,100,4,115.34398,125.0
58,101,2,121.86053,125.0
58,102,5,114.43961,125.0
58,103,2,108.8845,125.0
58,104,3,105.62118,125.0
58,105,0,107.67955,125.0
58,106,0,117.36506,125.0
58,107,2,113.26739,125.0
58,108,0,116.43852,125.0
58,109,0,117.550285,125.0
58,110,1,115.23835,125.0
58,111,1,105.27006,125.0
58,112,5,114.26868,125.0
58,113,0,115.135735,125.0
58,114,0,105.02616,125.0
58,115,1,109.04175,125.0
58,116,3,114.777596,125.0
58,117,3,98.63968,125.0
58,118,4,100.855446,125.0
58,119,2,103.691864,125.0
58,120,0,89.73002,125.0
58,121,5,86.01577,125.0
58,122,0,97.76857,125.0
58,123,0,96.283035,125.0
58,124,2,96.646935,125.0
58,125,4,81.032234,125.0
58,126,1,89.381096,125.0
58,127,5,94.12821,125.0
58,128,0,97.216576,125.0
58,129,3,91.176216,125.0
58,130,2,83.664406,125.0
58,131,0,73.472176,125.0
58,132,0,72.72187,125.0
58,133,0,84.164345,125.0
58,134,0,92.1271,125.0
58,135,4,105.060295,125.0
58,136,1,103.19636,125.0
58,137,2,99.69178,125.0
58,138,4,94.14236,125.0
58,139,5,97.10944,125.0
58,140,4,92.31383,125.0
58,141,0,111.53251,125.0
58,142,1,106.578545,125.0
58,143,3,112.645,125.0
58,144,0,111.92958,125.0
58,145,1,117.310234,125.0
58,146,2,105.93919,125.0
58,147,2,111.54395,125.0
58,148,0,109.2934,125.0
58,149,4,123.1834,124.0
58,150,1,123.83962,123.0
58,151,1,117.177414,122.0
58,152,3,113.69068,121.0
58,153,4,105.799995,120.0
58,154,1,101.94575,119.0
58,155,5,118.46923,118.0
58,156,1,108.74997,117.0
58,157,0,111.122986,116.0
58,158,2,107.0615,115.0
58,159,4,115.884026,114.0
58,160,2,98.198456,113.0
58,161,5,98.25522,112.0
58,162,0,104.182365,111.0
58,163,3,118.397865,110.0
58,164,1,110.9876,109.0
58,165,0,113.84999,108.0
58,166,4,104.34286,107.0
58,167,0,96.57112,106.0
58,168,0,76.06086,105.0
58,169,3,83.11401,104.0
58,170,0,68.16096,103.0
58,171,0,64.23305,102.0
58,172,2,63.185257,101.0
58,173,2,67.064514,100.0
58,174,1,74.50621,99.0
58,175,4,93.97352,98.0
58,176,2,91.25618,97.0
58,177,1,92.05346,96.0
58,178,0,104.6342,95.0
58,179,4,92.16267,94.0
58,180,4,81.65293,93.0
58,181,3,82.00559,92.0
58,182,0,81.10198,91.0
58,183,0,80.62026,90.0
58,184,4,70.000885,89.0
58,185,5,91.14435,88.0
58,186,4,89.406746,87.0
58,187,0,78.35769,86.0
58,188,0,73.72874,85.0
58,189,1,67.07534,84.0
58,190,5,52.40209,83.0
58,191,2,61.566776,82.0
58,192,0,66.25314,81.0
58,193,5,58.366653,80.0
58,194,1,45.405365,79.0
58,195,0,43.22962,78.0
58,196,0,38.20656,77.0
58,197,3,34.207573,76.0
58,198,2,43.34958,75.0
58,199,0,41.294655,74.0
58,200,3,32.23776,73.0
58,201,0,33.53195,72.0
58,202,5,32.11992,71.0
58,203,3,27.270037,70.0
58,204,0,27.691795,69.0
58,205,0,27.37401,68.0
58,206,5,23.13571,67.0
58,207,4,35.435883,66.0
58,208,5,32.88068,65.0
58,209,5,34.588318,64.0
58,210,4,31.36243,63.0
58,211,3,26.897472,62.0
58,212,4,31.415506,61.0
58,213,0,31.46141,60.0
58,214,0,30.735754,59.0
58,215,4,30.053589,58.0
58,216,5,25.274765,57.0
58,217,3,20.66579,56.0
58,218,3,20.577667,55.0
58,219,0,23.492256,54.0
58,220,0,29.093102,53.0
58,221,2,30.249016,52.0
58,222,2,32.663467,51.0
58,223,4,32.61544,50.0
58,224,5,30.943562,49.0
58,225,4,35.76905,48.0
58,226,0,42.22254,47.0
58,227,2,40.30773,46.0
58,228,5,44.028404,45.0
58,229,2,38.546543,44.0
58,230,0,48.821808,43.0
58,231,5,44.65143,42.0
58,232,3,47.646187,41.0
58,233,2,49.798477,40.0
58,234,4,42.9899,39.0
58,235,0,45.87629,38.0
58,236,0,42.278748,37.0
58,237,5,44.998726,36.0
58,238,5,45.96977,35.0
58,239,5,43.58487,34.0
58,240,2,53.259964,33.0
58,241,4,50.563725,32.0
58,242,0,43.00192,31.0
58,243,0,41.513805,30.0
58,244,5,41.303707,29.0
58,245,0,36.728363,28.0
58,246,4,36.704346,27.0
58,247,1,35.1549,26.0
60,36,1,122.15826,125.0
60,37,3,117.77166,125.0
60,38,0,116.23582,125.0
60,39,4,109.35502,125.0
60,40,5,104.02134,125.0
60,41,2,106.17279,125.0
60,42,1,109.79319,125.0
60,43,1,103.62176,125.0
60,44,4,108.03539,125.0
60,45,0,118.2546,125.0
60,46,2,119.48064,125.0
60,47,5,121.91463,125.0
60,48,0,122.92339,125.0
60,49,3,120.176506,125.0
60,50,1,123.718956,125.0
60,51,0,115.56492,125.0
60,52,0,113.46494,125.0
60,53,2,109.38288,125.0
60,54,5,98.89959,125.0
60,55,3,106.48832,125.0
60,56,3,97.974976,125.0
60,57,5,105.48572,125.0
60,58,5,101.98191,125.0
60,59,4,93.48218,125.0
60,60,4,105.74587,125.0
60,61,2,83.23846,125.0
60,62,1,99.44256,125.0
60,63,5,109.63889,125.0
60,64,0,117.7661,125.0
60,65,5,111.24309,125.0
60,66,1,120.53621,125.0
60,67,3,118.61383,125.0
60,68,3,122.36978,125.0
60,69,2,121.298515,125.0
60,70,4,126.18482,125.0
60,71,3,118.920074,125.0
60,72,3,118.05399,125.0
60,73,0,123.76711,125.0
60,74,0,119.44518,125.0
60,75,3,119.86642,125.0
60,76,4,115.43976,125.0
60,77,1,108.8538,125.0
60,78,0,117.04015,125.0
60,79,5,127.142204,125.0
60,80,4,119.54565,125.0
60,81,0,122.17365,125.0
60,82,4,117.267296,125.0
60,83,3,122.736115,125.0
60,84,0,118.83313,125.0
60,85,0,118.60178,125.0
60,86,2,116.95028,125.0
60,87,0,108.671974,125.0
60,88,2,103.85279,125.0
60,89,2,104.56229,125.0
60,90,3,96.21259,125.0
60,91,0,92.16679,125.0
60,92,4,99.78516,125.0
60,93,0,95.283516,124.0
60,94,5,105.96859,123.0
60,95,1,106.71839,122.0
60,96,4,106.43375,121.0
60,97,4,97.09992,120.0
60,98,4,90.42716,119.0
60,99,5,93.926796,118.0
60,100,1,96.58474,117.0
60,101,3,114.31593,116.0
60,102,4,111.814125,115.0
60,103,1,101.83113,114.0
60,104,5,106.35661,113.0
60,105,5,105.14109,112.0
60,106,5,99.7818,111.0
60,107,4,104.85289,110.0
60,108,3,100.54721,109.0
60,109,3,97.1227,108.0
60,110,2,107.08696,107.0
60,111,2,100.82901,106.0
60,112,5,92.11812,105.0
60,113,3,93.57708,104.0
60,114,2,101.20808,103.0
60,115,2,104.9286,102.0
60,116,5,101.97044,101.0
60,117,1,112.303986,100.0
60,118,5,113.424164,99.0
60,119,4,106.96738,98.0
60,120,2,114.20951,97.0
60,121,0,118.24676,96.0
60,122,3,114.40273,95.0
60,123,5,106.83003,94.0
60,124,4,110.44326,93.0
60,125,2,107.71784,92.0
60,126,0,104.11857,91.0
60,127,0,107.787224,90.0
60,128,3,111.07981,89.0
60,129,3,93.396355,88.0
60,130,0,90.716835,87.0
60,131,1,77.97923,86.0
60,132,1,83.27511,85.0
60,133,4,79.30479,84.0
60,134,5,76.8359,83.0
60,135,1,90.03684,82.0
60,136,2,82.017136,81.0
60,137,1,87.86939,80.0
60,138,0,94.24883,79.0
60,139,4,80.95411,78.0
60,140,2,96.36463,77.0
60,141,1,89.19247,76.0
60,142,4,100.159294,75.0
60,143,3,99.28007,74.0
60,144,0,102.51244,73.0
61,36,4,119.78651,125.0
61,37,4,108.59516,125.0
61,38,5,113.75838,125.0
61,39,4,119.72802,125.0
61,40,0,119.837456,125.0
61,41,0,122.751045,125.0
61,42,5,109.41684,125.0
61,43,4,112.3962,125.0
61,44,3,118.59666,125.0
61,45,3,104.683586,125.0
61,46,0,114.101906,125.0
61,47,3,114.44049,125.0
61,48,2,110.109795,125.0
61,49,4,103.389275,125.0
61,50,0,110.43757,125.0
61,51,5,100.2727,125.0
61,52,1,117.597984,125.0
61,53,4,106.44009,125.0
61,54,1,117.484436,125.0
61,55,4,109.788124,125.0
61,56,3,113.271126,125.0
61,57,0,116.86679,125.0
61,58,2,111.30454,125.0
61,59,4,103.624344,125.0
61,60,5,97.95607,125.0
61,61,3,91.249306,125.0
61,62,1,104.02123,125.0
61,63,1,105.201485,125.0
61,64,1,107.390205,125.0
61,65,5,107.60284,125.0
61,66,2,108.81707,125.0
61,67,1,117.19099,125.0
61,68,2,116.3991,125.0
61,69,0,114.10137,125.0
61,70,2,115.406395,125.0
62,36,0,113.41262,125.0
62,37,1,105.580696,125.0
62,38,0,104.74969,125.0
62,39,5,108.54615,125.0
62,40,0,88.00819,125.0
62,41,2,115.82076,125.0
62,42,0,115.94114,125.0
62,43,0,98.05561,125.0
62,44,4,102.76188,125.0
62,45,3,108.93945,125.0
62,46,5,114.25788,125.0
62,47,4,112.1117,125.0
62,48,4,112.845116,125.0
62,49,0,105.74488,125.0
62,50,0,109.555275,125.0
62,51,0,110.141365,125.0
62,52,0,113.210434,125.0
62,53,0,109.9466,125.0
62,54,3,105.29363,125.0
62,55,2,100.51588,125.0
62,56,2,97.09901,125.0
62,57,1,101.78846,125.0
62,58,2,113.47534,125.0
62,59,2,111.38879,125.0
62,60,1,112.700676,125.0
62,61,2,99.65807,125.0
62,62,0,85.732,125.0
62,63,2,94.930824,125.0
62,64,5,108.35032,125.0
62,65,3,101.52422,125.0
62,66,2,101.94804,125.0
62,67,5,104.94091,125.0
62,68,4,104.22651,125.0
62,69,4,80.52884,125.0
62,70,4,51.286423,125.0
62,71,3,65.268036,125.0
62,72,5,98.63068,125.0
62,73,0,98.37757,125.0
62,74,1,108.6202,125.0
62,75,5,115.64167,125.0
62,76,5,113.76932,125.0
62,77,0,120.161385,125.0
62,78,5,105.734245,125.0
62,79,0,103.71252,125.0
62,80,0,112.38444,125.0
62,81,4,121.44299,125.0
62,82,0,117.152565,125.0
62,83,0,112.792915,125.0
62,84,0,110.59272,125.0
62,85,0,107.51564,125.0
62,86,3,100.26146,125.0
62,87,4,104.8773,125.0
62,88,2,111.526505,125.0
62,89,4,110.810616,125.0
62,90,5,106.87112,125.0
62,91,4,105.90477,125.0
62,92,2,108.47175,125.0
62,93,0,113.61553,125.0
62,94,1,93.69315,125.0
62,95,2,116.900276,125.0
62,96,5,111.90334,125.0
62,97,0,116.31965,125.0
62,98,3,111.58825,125.0
62,99,5,120.12933,125.0
62,100,4,119.18217,125.0
62,101,0,107.47077,125.0
62,102,2,110.34691,125.0
62,103,0,107.26585,125.0
62,104,0,113.99604,125.0
62,105,3,109.3986,125.0
62,106,1,101.2658,125.0
62,107,4,109.67909,125.0
62,108,1,99.87907,125.0
62,109,1,99.91809,125.0
62,110,5,113.90146,125.0
62,111,3,98.18364,125.0
62,112,5,106.71894,125.0
62,113,5,108.66274,125.0
62,114,2,100.76183,125.0
62,115,0,110.41416,125.0
62,116,4,104.01768,125.0
62,117,4,111.09261,125.0
62,118,1,107.26392,125.0
62,119,2,110.78413,125.0
62,120,4,102.10554,124.0
62,121,1,95.202965,123.0
62,122,1,103.03282,122.0
62,123,4,102.136246,121.0
62,124,4,104.63908,120.0
62,125,4,97.19178,119.0
62,126,0,110.74047,118.0
62,127,1,106.46891,117.0
62,128,2,102.01699,116.0
62,129,5,105.413795,115.0
62,130,5,114.694,114.0
62,131,1,103.07613,113.0
62,132,0,116.11524,112.0
62,133,5,111.76052,111.0
62,134,2,111.37844,110.0
62,135,3,105.969696,109.0
62,136,0,107.72264,108.0
62,137,5,113.115036,107.0
62,138,0,115.25977,106.0
62,139,0,109.299034,105.0
62,140,0,106.74829,104.0
62,141,0,87.3657,103.0
62,142,4,106.55507,102.0
62,143,4,115.666435,101.0
62,144,5,101.28105,100.0
62,145,2,90.79339,99.0
62,146,3,96.07156,98.0
62,147,5,87.02433,97.0
62,148,2,80.90769,96.0
62,149,2,49.738678,95.0
62,150,0,65.36117,94.0
62,151,3,73.845924,93.0
62,152,4,85.299995,92.0
62,153,3,88.879036,91.0
62,154,1,90.61234,90.0
62,155,0,77.58073,89.0
62,156,4,96.77177,88.0
62,157,2,81.2573,87.0
62,158,3,77.45258,86.0
62,159,0,92.13074,85.0
62,160,5,83.11484,84.0
62,161,0,92.27672,83.0
62,162,1,86.11134,82.0
62,163,4,92.03193,81.0
62,164,5,72.19344,80.0
62,165,0,76.91395,79.0
62,166,0,70.20345,78.0
62,167,0,72.09924,77.0
62,168,2,67.50707,76.0
62,169,5,79.38357,75.0
62,170,2,73.96545,74.0
62,171,0,80.9604,73.0
62,172,0,89.43801,72.0
62,173,1,80.38798,71.0
62,174,1,88.12426,70.0
62,175,1,72.01203,69.0
62,176,5,59.5694,68.0
62,177,0,63.394913,67.0
62,178,1,58.74176,66.0
62,179,0,43.581657,65.0
62,180,3,58.50202,64.0
62,181,0,54.163486,63.0
62,182,4,64.665,62.0
62,183,4,62.066933,61.0
62,184,2,57.65132,60.0
62,185,1,46.35337,59.0
62,186,1,47.79039,58.0
62,187,2,44.06431,57.0
62,188,0,41.161896,56.0
62,189,0,40.15705,55.0
62,190,3,38.674297,54.0
62,191,1,38.76201,53.0
62,192,2,35.297268,52.0
62,193,3,26.868515,51.0
62,194,3,22.14496,50.0
62,195,1,24.912457,49.0
62,196,2,24.106377,48.0
62,197,1,20.402712,47.0
62,198,3,18.808285,46.0
62,199,4,19.374796,45.0
62,200,5,29.454407,44.0
62,201,1,33.24846,43.0
62,202,0,30.877289,42.0
62,203,2,22.607498,41.0
62,204,2,30.05198,40.0
62,205,4,23.645012,39.0
63,36,0,115.971794,125.0
63,37,2,112.53188,125.0
63,38,2,114.70104,125.0
63,39,2,115.50852,125.0
63,40,5,121.13334,125.0
63,41,5,114.80475,125.0
63,42,0,112.557274,125.0
63,43,2,109.81048,125.0
63,44,2,97.232124,125.0
63,45,3,112.65716,125.0
63,46,4,102.40015,125.0
63,47,0,108.14812,125.0
63,48,0,112.756645,125.0
63,49,3,114.21903,125.0
63,50,4,119.355034,125.0
63,51,3,113.13711,125.0
63,52,0,111.45699,125.0
63,53,1,103.62048,125.0
63,54,4,108.16054,125.0
63,55,5,110.33932,125.0
63,56,2,103.141365,125.0
63,57,4,86.01957,125.0
63,58,1,113.0926,125.0
63,59,2,116.87423,125.0
63,60,1,118.21697,125.0
63,61,4,113.034096,125.0
63,62,3,113.26843,125.0
63,63,2,114.91021,125.0
63,64,3,119.46214,125.0
63,65,2,119.29719,125.0
63,66,0,123.55742,125.0
63,67,3,118.29149,125.0
63,68,4,118.02504,125.0
63,69,4,120.67573,125.0
63,70,5,117.02621,125.0
63,71,4,119.53482,125.0
63,72,4,117.59209,125.0
63,73,3,100.3007,125.0
63,74,5,117.13947,125.0
63,75,4,113.25956,125.0
63,76,2,123.01089,125.0
63,77,4,116.00065,125.0
63,78,1,120.22414,125.0
63,79,0,123.17852,125.0
63,80,5,121.79576,125.0
63,81,0,119.412056,125.0
63,82,2,117.08967,125.0
63,83,4,124.03108,125.0
63,84,2,116.889885,125.0
63,85,2,114.84538,125.0
63,86,3,115.98058,125.0
63,87,5,110.58405,125.0
63,88,5,83.02314,125.0
63,89,2,94.834114,124.0
63,90,0,93.909325,123.0
63,91,3,101.147484,122.0
63,92,2,101.641426,121.0
63,93,1,108.77067,120.0
63,94,2,107.93474,119.0
63,95,4,113.430016,118.0
63,96,1,119.58866,117.0
63,97,1,105.35926,116.0
63,98,3,112.559105,115.0
63,99,1,107.47154,114.0
63,100,0,115.076836,113.0
63,101,0,108.44137,112.0
63,102,1,96.340805,111.0
63,103,2,103.61065,110.0
63,104,4,113.07891,109.0
63,105,5,111.51653,108.0
63,106,5,116.91487,107.0
63,107,5,107.07018,106.0
63,108,4,116.370186,105.0
63,109,0,115.60742,104.0
63,110,2,116.63496,103.0
63,111,0,116.73166,102.0
63,112,0,122.773575,101.0
63,113,0,118.2997,100.0
63,114,0,124.93859,99.0
63,115,3,106.52105,98.0
63,116,3,109.14659,97.0
63,117,2,104.5933,96.0
63,118,1,105.30562,95.0
63,119,0,105.42688,94.0
63,120,3,113.22433,93.0
63,121,2,120.6968,92.0
63,122,1,118.72305,91.0
63,123,5,118.55044,90.0
63,124,0,118.47595,89.0
63,125,2,115.026,88.0
63,126,3,103.23317,87.0
63,127,5,103.08843,86.0
63,128,1,92.55895,85.0
63,129,5,113.1867,84.0
63,130,5,101.54904,83.0
63,131,0,110.80636,82.0
63,132,1,99.93235,81.0
63,133,0,98.81141,80.0
63,134,5,86.18116,79.0
63,135,4,92.19042,78.0
63,136,5,97.219475,77.0
63,137,0,81.28935,76.0
63,138,3,75.21857,75.0
63,139,4,84.82886,74.0
63,140,2,73.09229,73.0
63,141,1,83.5039,72.0
63,142,1,90.985344,71.0
63,143,5,94.27144,70.0
63,144,2,88.8799,69.0
63,145,3,99.783745,68.0
63,146,4,95.34795,67.0
63,147,5,84.68514,66.0
63,148,2,77.882935,65.0
63,149,5,83.03119,64.0
63,150,0,74.273094,63.0
63,151,5,74.843994,62.0
63,152,5,73.71522,61.0
63,153,0,73.969475,60.0
63,154,3,75.81671,59.0
63,155,1,73.00612,58.0
63,156,4,88.8156,57.0
63,157,2,107.72963,56.0
63,158,0,100.12148,55.0
63,159,0,109.85816,54.0
63,160,5,101.307076,53.0
63,161,4,99.22459,52.0
63,162,4,92.521706,51.0
63,163,0,88.76939,50.0
63,164,3,97.37495,49.0
63,165,2,70.44966,48.0
63,166,4,71.86898,47.0
63,167,5,63.480183,46.0
63,168,0,58.297226,45.0
63,169,0,69.96382,44.0
63,170,0,69.356186,43.0
63,171,3,59.17461,42.0
63,172,1,50.1675,41.0
63,173,3,64.471,40.0
63,174,4,39.311005,39.0
64,36,2,107.09513,125.0
64,37,2,100.943344,125.0
64,38,4,89.18389,125.0
64,39,3,82.36078,125.0
64,40,2,101.374916,125.0
64,41,2,82.113686,125.0
64,42,4,50.969307,125.0
64,43,0,76.513405,125.0
64,44,4,73.61885,125.0
64,45,1,95.68809,125.0
64,46,2,77.244576,125.0
64,47,0,102.285164,125.0
64,48,5,112.24293,125.0
64,49,4,103.060104,125.0
64,50,3,100.71112,125.0
64,51,0,117.526146,125.0
64,52,2,114.50199,125.0
64,53,2,111.18151,125.0
64,54,5,109.31705,125.0
64,55,0,123.00715,125.0
64,56,0,121.09768,125.0
64,57,2,118.72021,125.0
64,58,0,119.46453,125.0
64,59,3,114.6829,125.0
64,60,4,117.57789,125.0
64,61,0,126.47918,125.0
64,62,0,114.15114,125.0
64,63,1,120.73397,125.0
64,64,2,124.09874,125.0
64,65,2,124.13535,125.0
64,66,1,118.16836,125.0
64,67,0,100.945564,125.0
64,68,3,109.399376,125.0
64,69,5,106.62746,125.0
64,70,0,97.269615,125.0
64,71,5,92.29683,125.0
64,72,2,110.98489,125.0
64,73,4,117.725716,125.0
64,74,5,121.136665,125.0
64,75,1,112.93069,125.0
64,76,0,118.537025,125.0
64,77,4,120.0266,125.0
64,78,5,119.805725,125.0
64,79,5,121.18082,125.0
64,80,4,118.70395,125.0
64,81,3,117.15646,125.0
64,82,3,114.19211,125.0
64,83,0,118.183655,125.0
64,84,0,120.491455,125.0
64,85,0,121.90076,125.0
64,86,2,122.208565,125.0
64,87,1,124.058624,125.0
64,88,2,125.12071,125.0
64,89,0,125.53971,125.0
64,90,1,124.86269,125.0
64,91,2,125.36002,125.0
64,92,5,125.42112,125.0
64,93,4,122.92646,125.0
64,94,4,121.61812,125.0
64,95,0,121.48209,125.0
64,96,0,125.13038,125.0
64,97,2,125.63687,125.0
64,98,3,125.3427,125.0
64,99,0,122.47142,125.0
64,100,3,122.41256,125.0
64,101,3,111.56668,125.0
64,102,2,117.51539,125.0
64,103,4,122.98554,125.0
64,104,1,118.73391,125.0
64,105,4,123.351265,125.0
64,106,5,125.77615,125.0
64,107,4,120.18453,125.0
64,108,3,122.46183,125.0
64,109,0,123.31314,125.0
64,110,0,122.70958,125.0
64,111,0,124.77346,125.0
64,112,4,126.68924,125.0
64,113,1,123.4043,125.0
64,114,5,123.7788,125.0
64,115,1,120.95005,125.0
64,116,5,116.37612,125.0
64,117,1,108.40563,125.0
64,118,3,111.24104,125.0
64,119,5,107.37983,125.0
64,120,4,105.95359,125.0
64,121,1,112.794136,125.0
64,122,0,113.39416,125.0
64,123,0,105.193535,124.0
64,124,1,95.98367,123.0
64,125,0,96.93383,122.0
64,126,4,109.13924,121.0
64,127,2,95.51334,120.0
64,128,1,100.561134,119.0
64,129,0,104.23233,118.0
64,130,4,99.84336,117.0
64,131,2,98.92593,116.0
64,132,4,99.65784,115.0
64,133,1,74.052536,114.0
64,134,3,102.41946,113.0
64,135,3,90.159615,112.0
64,136,2,105.88616,111.0
64,137,0,95.781166,110.0
64,138,3,104.04889,109.0
64,139,3,89.97631,108.0
64,140,4,88.29888,107.0
64,141,0,98.48253,106.0
64,142,1,100.68013,105.0
64,143,3,108.08366,104.0
64,144,0,101.28788,103.0
64,145,3,86.202805,102.0
64,146,1,95.140175,101.0
64,147,4,94.16842,100.0
64,148,0,96.721504,99.0
64,149,0,94.823326,98.0
64,150,5,81.64162,97.0
64,151,1,95.90276,96.0
64,152,0,91.22646,95.0
64,153,4,86.93175,94.0
64,154,1,80.81826,93.0
64,155,3,81.14305,92.0
64,156,2,113.13804,91.0
64,157,5,108.80085,90.0
64,158,2,103.3575,89.0
64,159,0,102.84983,88.0
64,160,5,92.74982,87.0
64,161,4,87.8242,86.0
64,162,2,80.815926,85.0
64,163,0,77.14321,84.0
64,164,1,73.71461,83.0
64,165,2,73.29072,82.0
64,166,4,82.95065,81.0
64,167,1,66.48634,80.0
64,168,5,67.25183,79.0
64,169,2,52.650036,78.0
64,170,1,55.753616,77.0
64,171,5,60.747833,76.0
64,172,0,57.136753,75.0
64,173,4,66.96051,74.0
64,174,4,73.41458,73.0
64,175,4,69.11462,72.0
64,176,4,31.796204,71.0
64,177,4,37.597153,70.0
64,178,3,49.952393,69.0
64,179,5,69.43987,68.0
64,180,5,92.1822,67.0
64,181,1,89.201164,66.0
64,182,1,86.62471,65.0
64,183,1,78.54368,64.0
64,184,0,81.17077,63.0
64,185,3,70.87498,62.0
64,186,3,78.05262,61.0
64,187,4,83.85851,60.0
64,188,4,87.62287,59.0
64,189,3,68.81168,58.0
64,190,0,79.557106,57.0
64,191,3,84.59502,56.0
64,192,0,88.72475,55.0
64,193,4,67.21675,54.0
64,194,1,77.78722,53.0
64,195,5,80.55643,52.0
64,196,3,77.344765,51.0
64,197,0,89.492546,50.0
64,198,0,68.52183,49.0
64,199,5,73.04801,48.0
64,200,1,69.816154,47.0
64,201,4,70.130875,46.0
64,202,0,69.8733,45.0
64,203,3,53.97076,44.0
64,204,3,40.967255,43.0
64,205,1,37.8876,42.0
64,206,2,47.44265,41.0
64,207,2,48.68924,40.0
64,208,3,42.344597,39.0
64,209,2,40.181763,38.0
64,210,5,38.37655,37.0
64,211,1,48.028175,36.0
64,212,0,43.95131,35.0
64,213,5,36.86506,34.0
64,214,5,40.49621,33.0
64,215,4,37.380592,32.0
64,216,4,35.91469,31.0
64,217,0,36.699986,30.0
64,218,0,30.230038,29.0
64,219,2,33.503033,28.0
64,220,1,40.12345,27.0
64,221,0,36.716038,26.0
64,222,0,31.44792,25.0
64,223,0,38.855892,24.0
64,224,4,39.201214,23.0
64,225,5,36.90429,22.0
64,226,5,37.707672,21.0
64,227,3,36.753662,20.0
64,228,3,39.411232,19.0
64,229,0,33.971375,18.0
64,230,1,30.924364,17.0
64,231,0,39.749664,16.0
64,232,0,39.944008,15.0
64,233,0,30.91391,14.0
65,36,0,121.15815,125.0
65,37,0,118.768196,125.0
65,38,0,119.736626,125.0
65,39,0,115.7631,125.0
65,40,5,110.05985,125.0
65,41,4,113.572876,125.0
65,42,4,121.37684,125.0
65,43,5,125.37002,125.0
65,44,3,125.87819,125.0
65,45,0,122.6352,125.0
65,46,0,119.230446,125.0
65,47,4,111.746216,125.0
65,48,5,116.31733,125.0
65,49,0,101.26829,125.0
65,50,1,115.16915,125.0
65,51,3,113.29276,125.0
65,52,0,109.041504,125.0
65,53,2,120.90528,125.0
65,54,4,110.37977,125.0
65,55,0,122.975975,125.0
65,56,2,124.25111,125.0
65,57,1,124.03648,125.0
65,58,0,130.11086,125.0
65,59,0,122.15305,125.0
65,60,0,122.268906,125.0
65,61,1,116.21096,125.0
65,62,1,121.34298,125.0
65,63,2,125.09896,125.0
65,64,4,125.34586,125.0
65,65,1,122.263336,125.0
65,66,5,117.30009,125.0
65,67,0,111.920876,125.0
65,68,5,112.32363,125.0
65,69,2,115.46489,125.0
65,70,3,112.146385,125.0
65,71,5,116.09496,125.0
65,72,1,113.29105,125.0
65,73,2,100.88991,125.0
65,74,0,114.9537,125.0
65,75,5,118.57746,125.0
65,76,5,125.71609,125.0
65,77,5,109.79618,125.0
65,78,0,118.70099,125.0
65,79,3,115.96339,125.0
65,80,0,110.08082,125.0
65,81,5,103.72511,125.0
65,82,1,94.45525,125.0
65,83,1,99.1842,125.0
65,84,0,81.24497,125.0
65,85,0,78.15491,125.0
65,86,4,103.27137,125.0
65,87,0,99.534584,125.0
65,88,4,109.63743,125.0
65,89,5,93.1679,125.0
65,90,2,109.533966,125.0
65,91,5,107.30898,125.0
65,92,2,90.40125,125.0
65,93,0,91.85201,125.0
65,94,5,103.810394,125.0
65,95,2,107.72085,125.0
65,96,0,98.32743,125.0
65,97,4,86.373314,125.0
65,98,1,77.995834,125.0
65,99,5,108.706024,125.0
65,100,2,98.79804,125.0
65,101,0,109.12614,125.0
65,102,1,110.77981,125.0
65,103,5,112.65074,125.0
65,104,0,105.039024,125.0
65,105,1,104.055565,125.0
65,106,0,103.88938,125.0
65,107,0,119.638535,125.0
65,108,4,109.4427,125.0
65,109,1,94.37865,125.0
65,110,1,105.28748,125.0
65,111,2,106.87888,125.0
65,112,1,97.602135,125.0
65,113,4,105.24749,125.0
65,114,3,116.259735,125.0
65,115,5,116.0505,125.0
65,116,4,121.84199,125.0
65,117,3,122.94018,125.0
65,118,3,124.793236,125.0
65,119,4,119.1567,125.0
65,120,0,106.290306,125.0
65,121,3,114.50077,125.0
65,122,1,93.71963,125.0
65,123,2,81.67075,125.0
65,124,1,85.569954,125.0
65,125,5,104.37717,125.0
65,126,5,110.26421,125.0
65,127,0,110.83734,125.0
65,128,0,99.58614,125.0
65,129,1,119.53442,125.0
65,130,0,107.840675,125.0
65,131,5,95.720924,125.0
65,132,0,81.97257,125.0
65,133,2,88.499794,125.0
65,134,5,84.90846,125.0
65,135,1,82.87902,125.0
65,136,3,100.364105,125.0
65,137,2,102.98937,125.0
65,138,4,112.92084,125.0
65,139,4,107.210655,125.0
65,140,2,97.928444,125.0
65,141,2,110.58672,125.0
65,142,2,109.49708,125.0
65,143,5,114.58295,125.0
65,144,1,118.71291,125.0
65,145,5,120.798195,125.0
65,146,4,116.42597,125.0
65,147,2,104.823845,125.0
65,148,2,108.36407,125.0
65,149,5,88.806145,125.0
65,150,2,109.83958,125.0
65,151,2,100.411736,125.0
65,152,4,69.83097,125.0
65,153,5,91.21598,125.0
65,154,3,92.49725,125.0
65,155,0,95.970795,125.0
65,156,1,97.37263,125.0
65,157,0,110.187325,125.0
65,158,0,108.77744,125.0
65,159,1,96.25852,125.0
65,160,1,74.31156,125.0
65,161,5,94.078316,125.0
65,162,2,100.257675,125.0
65,163,5,105.465645,125.0
65,164,4,104.71511,125.0
65,165,1,114.926216,125.0
65,166,4,117.238396,125.0
65,167,4,104.211075,125.0
65,168,4,105.48667,125.0
65,169,3,107.41995,125.0
65,170,0,92.21809,125.0
65,171,0,91.59145,125.0
65,172,3,76.57917,125.0
65,173,5,82.887276,125.0
65,174,2,107.330574,125.0
65,175,0,105.85411,125.0
65,176,3,113.342354,125.0
65,177,3,104.645096,125.0
65,178,1,111.33699,125.0
65,179,4,111.17475,125.0
65,180,0,107.50167,125.0
65,181,5,101.20913,125.0
65,182,1,119.33289,125.0
65,183,0,117.3393,125.0
65,184,0,118.30662,125.0
65,185,3,118.40937,125.0
65,186,5,115.35766,125.0
65,187,2,114.29742,125.0
65,188,5,100.3158,125.0
65,189,3,98.3667,125.0
65,190,4,91.94468,125.0
65,191,0,98.04452,125.0
65,192,1,97.8807,125.0
65,193,2,100.83219,125.0
65,194,1,101.46217,125.0
65,195,4,110.4152,125.0
65,196,1,110.44753,125.0
65,197,2,119.39717,125.0
65,198,0,122.41039,125.0
65,199,5,117.73827,125.0
65,200,3,119.8384,125.0
65,201,4,119.8747,125.0
65,202,0,118.2407,125.0
65,203,0,115.534676,125.0
65,204,4,105.913414,125.0
65,205,5,110.6166,125.0
65,206,0,113.16526,125.0
65,207,0,100.89132,125.0
65,208,1,106.63076,125.0
65,209,4,98.18009,125.0
65,210,0,105.076454,125.0
65,211,3,99.61511,125.0
65,212,3,97.13657,125.0
65,213,1,110.43572,125.0
65,214,0,111.55279,125.0
65,215,3,100.59585,125.0
65,216,1,100.940506,125.0
65,217,2,109.34538,125.0
65,218,0,114.25911,125.0
65,219,5,112.37692,125.0
65,220,3,113.47526,125.0
65,221,2,115.68444,125.0
65,222,1,108.54014,125.0
65,223,2,109.265175,125.0
65,224,5,109.90569,125.0
65,225,5,104.24918,125.0
65,226,1,117.55343,125.0
65,227,0,111.94485,125.0
65,228,3,102.91207,125.0
65,229,1,119.836044,125.0
65,230,3,115.29722,125.0
65,231,3,108.42533,125.0
65,232,4,110.26077,125.0
65,233,0,106.74286,125.0
65,234,0,110.13512,125.0
65,235,0,115.99234,125.0
65,236,3,118.02828,125.0
65,237,3,105.569786,125.0
65,238,2,98.4735,125.0
65,239,0,96.395744,125.0
65,240,4,98.061195,125.0
65,241,1,94.53283,125.0
65,242,2,99.306564,125.0
65,243,4,109.99569,125.0
65,244,2,104.405556,125.0
65,245,0,115.522316,125.0
65,246,3,105.90857,125.0
65,247,4,101.7506,125.0
65,248,2,101.33916,125.0
65,249,5,94.15521,125.0
65,250,0,103.52945,125.0
65,251,5,98.76255,125.0
65,252,4,75.04821,125.0
65,253,5,79.59846,125.0
65,254,3,99.764854,124.0
65,255,3,90.59994,123.0
65,256,3,84.484795,122.0
65,257,0,75.574715,121.0
65,258,5,91.75456,120.0
65,259,1,108.392265,119.0
65,260,0,109.88209,118.0
65,261,4,111.906845,117.0
65,262,5,106.97287,116.0
65,263,4,109.865585,115.0
65,264,4,110.07929,114.0
65,265,3,114.25475,113.0
65,266,4,114.93203,112.0
65,267,0,128.68779,111.0
65,268,4,106.7822,110.0
65,269,2,115.18289,109.0
65,270,5,110.1094,108.0
65,271,0,115.16569,107.0
65,272,4,112.36048,106.0
65,273,3,104.63842,105.0
65,274,5,118.71076,104.0
65,275,2,116.891624,103.0
65,276,0,116.9927,102.0
65,277,0,116.146866,101.0
65,278,5,115.72135,100.0
65,279,2,117.39173,99.0
65,280,3,121.8033,98.0
65,281,3,110.19778,97.0
65,282,2,93.6179,96.0
65,283,0,80.35073,95.0
65,284,5,86.2525,94.0
65,285,4,66.927666,93.0
65,286,2,90.8223,92.0
65,287,0,92.99397,91.0
65,288,3,97.13518,90.0
65,289,2,75.96322,89.0
65,290,2,59.211884,88.0
65,291,2,49.390327,87.0
65,292,2,47.5067,86.0
65,293,4,53.31224,85.0
65,294,0,74.33561,84.0
65,295,4,77.85024,83.0
65,296,0,67.45956,82.0
65,297,0,78.122215,81.0
65,298,2,87.349335,80.0
65,299,1,88.06289,79.0
65,300,0,87.72363,78.0
65,301,4,78.505775,77.0
65,302,3,86.48301,76.0
65,303,5,94.874825,75.0
65,304,2,95.75815,74.0
65,305,5,86.57354,73.0
65,306,3,74.721825,72.0
65,307,3,81.05401,71.0
65,308,3,94.842155,70.0
65,309,2,94.24235,69.0
65,310,4,90.95017,68.0
65,311,2,95.69674,67.0
65,312,1,81.47924,66.0
65,313,0,78.63961,65.0
65,314,1,62.601368,64.0
65,315,1,75.16558,63.0
65,316,0,55.771984,62.0
65,317,1,42.892178,61.0
65,318,5,51.88083,60.0
65,319,0,45.483837,59.0
65,320,1,38.78384,58.0
65,321,1,32.204414,57.0
65,322,2,45.3406,56.0
65,323,2,49.37189,55.0
65,324,3,37.427223,54.0
65,325,0,43.925125,53.0
65,326,0,47.098526,52.0
65,327,2,47.113914,51.0
65,328,2,43.245872,50.0
65,329,2,35.14418,49.0
65,330,3,38.047443,48.0
65,331,2,31.543774,47.0
65,332,4,42.10013,46.0
65,333,0,57.542423,45.0
65,334,0,50.798195,44.0
65,335,3,60.105686,43.0
65,336,2,53.191437,42.0
65,337,4,61.65312,41.0
65,338,5,50.817337,40.0
65,339,0,57.012753,39.0
65,340,3,60.102936,38.0
65,341,0,47.590515,37.0
65,342,3,49.391235,36.0
65,343,1,49.097214,35.0
65,344,5,30.884693,34.0
65,345,3,32.50626,33.0
65,346,3,34.402355,32.0
65,347,0,29.47968,31.0
65,348,1,33.330708,30.0
65,349,3,21.544325,29.0
65,350,0,26.60154,28.0
65,351,2,22.28438,27.0
65,352,2,26.323334,26.0
65,353,2,24.449728,25.0
65,354,0,27.50656,24.0
65,355,5,25.544611,23.0
65,356,5,25.067608,22.0
65,357,3,18.328081,21.0
65,358,3,19.259323,20.0
65,359,3,18.029863,19.0
65,360,2,17.931046,18.0
65,361,2,17.010017,17.0
65,362,4,32.082394,16.0
65,363,2,35.70667,15.0
65,364,5,41.83354,14.0
65,365,0,46.289745,13.0
65,366,2,39.757812,12.0
65,367,3,37.990093,11.0
66,36,0,64.78258,125.0
66,37,1,78.604904,125.0
66,38,0,76.87226,125.0
66,39,5,79.888725,125.0
66,40,5,83.517784,125.0
66,41,5,82.646835,125.0
66,42,5,91.12755,125.0
66,43,5,100.06729,125.0
66,44,1,96.71884,125.0
66,45,0,86.490486,125.0
66,46,3,88.243065,125.0
66,47,1,112.70511,125.0
66,48,2,111.675255,125.0
66,49,4,120.1021,125.0
66,50,0,116.52789,125.0
66,51,4,124.29804,125.0
66,52,2,122.460236,125.0
66,53,0,113.890976,125.0
66,54,1,122.48508,125.0
66,55,0,120.3844,125.0
66,56,0,118.94231,125.0
66,57,0,122.616066,125.0
66,58,2,121.30024,125.0
66,59,0,122.42073,125.0
66,60,4,112.003235,124.0
66,61,4,111.66584,123.0
66,62,0,103.679825,122.0
66,63,3,106.28339,121.0
67,36,0,111.36945,125.0
67,37,0,105.10815,125.0
67,38,4,115.8104,125.0
67,39,3,101.71154,125.0
67,40,1,106.36888,125.0
67,41,0,103.51104,125.0
67,42,1,113.331985,125.0
67,43,2,119.2218,125.0
67,44,1,125.22522,125.0
67,45,1,120.35756,125.0
67,46,1,125.6359,125.0
67,47,3,119.13859,125.0
67,48,5,113.19367,125.0
67,49,2,121.05497,125.0
67,50,3,114.88274,125.0
67,51,3,115.05319,125.0
67,52,4,121.942375,125.0
67,53,3,111.05178,125.0
67,54,0,109.04926,125.0
67,55,1,112.09709,125.0
67,56,1,114.17402,125.0
67,57,3,120.89256,125.0
67,58,1,122.39452,125.0
67,59,1,117.93522,125.0
67,60,5,122.66374,125.0
67,61,1,114.41796,125.0
67,62,2,118.84179,125.0
67,63,2,113.95469,125.0
67,64,0,120.60531,125.0
67,65,5,116.50325,125.0
67,66,4,107.644,125.0
67,67,2,103.42717,125.0
67,68,3,120.162285,125.0
67,69,5,108.9407,125.0
67,70,0,108.92539,125.0
67,71,2,109.21271,125.0
67,72,1,110.25801,125.0
67,73,0,118.28713,125.0
67,74,2,119.38914,125.0
67,75,1,118.85261,125.0
67,76,0,117.76855,125.0
67,77,5,111.23042,125.0
67,78,5,111.11394,125.0
67,79,0,108.37743,125.0
67,80,3,110.949684,125.0
67,81,5,114.585396,125.0
67,82,0,101.152756,125.0
67,83,0,94.97276,125.0
67,84,5,85.200615,125.0
67,85,2,107.44788,125.0
67,86,1,109.93519,125.0
67,87,5,98.18873,125.0
67,88,1,114.074394,125.0
67,89,1,121.947716,125.0
67,90,3,114.35572,125.0
67,91,3,109.13157,125.0
67,92,0,100.00733,125.0
67,93,1,102.416145,125.0
67,94,3,88.486824,125.0
67,95,0,89.65912,125.0
67,96,4,96.02751,125.0
67,97,4,106.57105,125.0
67,98,2,98.17043,125.0
67,99,0,93.2873,125.0
67,100,1,92.19584,125.0
67,101,0,96.68474,125.0
67,102,4,111.251305,125.0
67,103,4,98.4937,125.0
67,104,2,90.39034,125.0
67,105,2,85.72322,125.0
67,106,0,103.82864,125.0
67,107,0,87.03855,125.0
67,108,3,99.630196,124.0
67,109,3,103.861595,123.0
67,110,5,92.49039,122.0
67,111,2,68.94061,121.0
67,112,0,92.861046,120.0
67,113,0,97.11082,119.0
67,114,2,92.637245,118.0
67,115,5,96.41633,117.0
67,116,5,99.52512,116.0
67,117,0,98.601456,115.0
67,118,5,102.89472,114.0
67,119,4,107.06108,113.0
67,120,1,100.5216,112.0
67,121,3,101.585434,111.0
67,122,0,89.83572,110.0
67,123,5,87.47723,109.0
67,124,4,91.587715,108.0
67,125,0,76.68437,107.0
67,126,5,71.12292,106.0
67,127,0,69.421486,105.0
67,128,1,58.38242,104.0
67,129,0,53.794266,103.0
67,130,1,51.328423,102.0
67,131,2,44.32704,101.0
67,132,3,55.04737,100.0
67,133,1,46.32644,99.0
67,134,4,65.01145,98.0
67,135,3,53.966293,97.0
67,136,2,60.523457,96.0
67,137,3,53.03835,95.0
67,138,1,60.975525,94.0
67,139,5,56.57752,93.0
67,140,2,57.843513,92.0
67,141,5,76.89935,91.0
67,142,5,69.128685,90.0
67,143,1,60.861645,89.0
67,144,2,61.28064,88.0
67,145,4,56.303734,87.0
67,146,3,55.130615,86.0
68,36,2,109.42022,125.0
68,37,5,101.856346,125.0
68,38,1,114.48066,125.0
68,39,5,107.823944,125.0
68,40,1,103.86168,125.0
68,41,3,105.80334,125.0
68,42,5,110.32246,125.0
68,43,3,110.91643,125.0
68,44,1,120.360344,125.0
68,45,2,117.91011,125.0
68,46,0,117.065605,125.0
68,47,0,123.201546,125.0
68,48,4,121.94043,125.0
68,49,2,121.2376,125.0
68,50,1,123.2319,125.0
68,51,1,117.19973,125.0
68,52,2,115.17148,125.0
68,53,4,120.4775,125.0
68,54,0,117.70389,125.0
68,55,0,120.98668,125.0
68,56,2,115.98475,125.0
68,57,1,109.38592,125.0
68,58,1,111.22469,125.0
68,59,3,111.43951,125.0
68,60,4,110.3686,125.0
68,61,0,109.613655,125.0
68,62,1,112.070816,125.0
68,63,3,113.642525,125.0
68,64,4,112.78689,125.0
68,65,1,115.57501,125.0
68,66,5,112.90334,125.0
68,67,0,115.18409,125.0
68,68,2,116.95106,125.0
68,69,2,128.90031,125.0
68,70,4,122.230865,125.0
68,71,0,126.86998,125.0
68,72,4,113.74704,125.0
68,73,2,119.18694,125.0
68,74,5,109.879234,125.0
68,75,0,125.24888,125.0
68,76,3,119.296585,125.0
68,77,3,119.96037,125.0
68,78,0,115.765114,125.0
68,79,0,118.88317,125.0
68,80,3,110.16889,125.0
68,81,0,120.10213,125.0
68,82,4,122.58514,125.0
68,83,1,113.71441,125.0
68,84,3,121.54925,125.0
68,85,5,118.00518,125.0
68,86,3,120.0633,125.0
68,87,3,109.284065,125.0
68,88,0,95.258705,125.0
68,89,1,110.70338,125.0
68,90,4,114.4078,125.0
68,91,0,115.63063,125.0
68,92,5,117.6111,125.0
68,93,3,114.87147,125.0
68,94,3,105.49027,125.0
68,95,5,98.235695,125.0
68,96,3,89.86407,125.0
68,97,0,91.15893,125.0
68,98,2,103.95013,125.0
68,99,2,106.28216,125.0
68,100,5,108.797844,125.0
68,101,1,114.78387,125.0
68,102,0,121.494286,125.0
68,103,2,116.58189,125.0
68,104,1,114.83523,125.0
68,105,5,117.243744,125.0
68,106,4,121.32653,125.0
68,107,1,119.92123,125.0
68,108,4,104.18717,125.0
68,109,0,109.584984,125.0
68,110,0,99.63174,125.0
68,111,4,104.179214,125.0
68,112,4,80.76891,125.0
68,113,2,66.05947,125.0
68,114,4,71.18599,125.0
68,115,3,97.408195,125.0
68,116,1,99.6846,125.0
68,117,0,97.72913,125.0
68,118,0,99.632774,125.0
68,119,2,91.77517,125.0
68,120,5,107.390366,125.0
68,121,1,89.651535,125.0
68,122,3,115.22513,125.0
68,123,2,91.47372,125.0
68,124,0,95.91781,125.0
68,125,3,81.42692,125.0
68,126,0,78.694984,125.0
68,127,0,77.02921,125.0
68,128,0,63.04437,125.0
68,129,3,53.55027,125.0
68,130,0,58.942253,125.0
68,131,0,52.706196,125.0
68,132,0,48.77768,125.0
68,133,0,49.948177,125.0
68,134,3,47.991104,125.0
68,135,2,52.14631,125.0
68,136,3,51.693336,125.0
68,137,0,60.072166,125.0
68,138,4,66.36862,125.0
68,139,0,62.264744,125.0
68,140,3,70.2408,125.0
68,141,4,68.90103,125.0
68,142,5,66.67495,125.0
68,143,4,79.63418,125.0
68,144,5,64.213974,125.0
68,145,3,77.27651,125.0
68,146,2,79.77065,125.0
68,147,5,91.79858,125.0
68,148,0,80.26934,125.0
68,149,3,88.39469,125.0
68,150,5,87.95386,124.0
68,151,0,86.73351,123.0
68,152,0,103.555145,122.0
68,153,2,102.80721,121.0
68,154,0,117.69107,120.0
68,155,5,119.28101,119.0
68,156,3,111.179825,118.0
68,157,5,101.28713,117.0
68,158,5,104.14471,116.0
68,159,0,88.45835,115.0
68,160,2,90.953514,114.0
68,161,5,77.98166,113.0
68,162,1,96.90264,112.0
68,163,4,86.173775,111.0
68,164,3,85.935905,110.0
68,165,5,82.37093,109.0
68,166,0,88.20029,108.0
68,167,2,81.00193,107.0
68,168,1,71.015366,106.0
68,169,2,78.41183,105.0
68,170,0,68.73733,104.0
68,171,1,72.89374,103.0
68,172,2,84.311584,102.0
68,173,0,81.18455,101.0
68,174,3,81.15659,100.0
68,175,1,66.415405,99.0
68,176,5,76.48141,98.0
68,177,0,66.42819,97.0
68,178,2,65.678825,96.0
68,179,3,63.61177,95.0
68,180,0,80.192986,94.0
68,181,0,64.43399,93.0
68,182,3,52.38984,92.0
68,183,1,49.27947,91.0
68,184,5,47.240433,90.0
68,185,5,42.607605,89.0
68,186,0,46.522064,88.0
68,187,5,39.16062,87.0
68,188,0,38.471054,86.0
68,189,0,32.57254,85.0
68,190,5,36.53901,84.0
68,191,5,32.67209,83.0
68,192,3,35.185837,82.0
68,193,3,40.56401,81.0
68,194,1,36.448418,80.0
68,195,2,47.1745,79.0
68,196,4,68.325325,78.0
68,197,2,53.820095,77.0
68,198,0,61.464184,76.0
68,199,1,66.056755,75.0
68,200,0,63.258373,74.0
68,201,0,70.97153,73.0
68,202,2,70.54869,72.0
68,203,3,70.85534,71.0
68,204,0,54.858284,70.0
68,205,3,45.852463,69.0
68,206,4,54.85849,68.0
68,207,1,47.24163,67.0
68,208,5,48.63742,66.0
68,209,4,45.079514,65.0
68,210,4,38.60575,64.0
68,211,5,32.619274,63.0
68,212,5,40.99986,62.0
68,213,3,36.247524,61.0
68,214,4,38.598724,60.0
68,215,5,37.42189,59.0
68,216,0,48.96521,58.0
68,217,5,48.562565,57.0
68,218,0,37.390682,56.0
69,36,0,89.78182,125.0
69,37,1,77.59231,125.0
69,38,4,83.32064,125.0
69,39,3,104.71244,125.0
69,40,2,96.81483,125.0
69,41,1,93.5407,125.0
69,42,2,70.14649,125.0
69,43,4,88.41634,125.0
69,44,3,85.17935,125.0
69,45,4,101.20887,125.0
69,46,3,95.01293,125.0
69,47,5,94.899475,125.0
69,48,0,95.90621,125.0
69,49,1,94.90017,125.0
69,50,0,117.53924,125.0
69,51,1,119.74355,125.0
69,52,2,109.172226,125.0
69,53,2,119.97964,125.0
69,54,1,105.144104,125.0
69,55,4,110.36534,125.0
69,56,0,116.411446,125.0
69,57,1,114.56585,125.0
69,58,3,114.88255,125.0
69,59,3,115.30108,125.0
69,60,1,111.4818,125.0
69,61,5,115.62432,125.0
69,62,1,95.74729,125.0
69,63,3,102.45966,125.0
69,64,0,110.668846,125.0
69,65,4,107.288704,125.0
69,66,4,106.483284,125.0
69,67,1,110.39954,125.0
69,68,5,98.76226,125.0
69,69,0,97.42838,125.0
69,70,1,104.06153,125.0
69,71,4,121.10119,125.0
69,72,5,113.96029,125.0
69,73,2,117.40169,125.0
69,74,0,116.06905,125.0
69,75,2,117.88657,125.0
69,76,2,126.42111,125.0
69,77,0,129.32513,125.0
69,78,0,124.133415,125.0
69,79,0,123.15566,125.0
69,80,2,119.34929,125.0
69,81,1,125.118515,125.0
69,82,4,118.5428,125.0
69,83,1,115.93604,125.0
69,84,5,114.650734,125.0
69,85,2,117.58888,125.0
69,86,2,120.61321,125.0
69,87,2,113.45457,125.0
69,88,3,101.04992,125.0
69,89,2,80.5335,125.0
69,90,0,96.70478,125.0
69,91,1,107.59679,125.0
69,92,1,109.06401,125.0
69,93,2,90.67212,125.0
69,94,3,91.594696,125.0
69,95,0,106.03611,125.0
69,96,4,101.27964,125.0
69,97,4,104.4614,125.0
69,98,1,102.858795,125.0
69,99,3,99.46029,125.0
69,100,1,95.19378,125.0
69,101,2,102.67699,125.0
69,102,1,105.385376,125.0
69,103,3,104.63737,125.0
69,104,3,104.01093,125.0
69,105,4,94.39984,125.0
69,106,5,95.59078,125.0
69,107,1,103.28043,125.0
69,108,2,101.85838,125.0
69,109,5,110.15022,125.0
69,110,3,115.46892,125.0
69,111,4,121.59601,125.0
69,112,4,118.390755,125.0
69,113,2,113.38339,125.0
69,114,0,117.17861,125.0
69,115,2,113.34643,125.0
69,116,0,120.6522,125.0
69,117,5,122.23921,125.0
69,118,0,120.527084,125.0
69,119,0,121.93632,125.0
69,120,0,99.7505,125.0
69,121,5,103.93894,125.0
69,122,0,110.15868,125.0
69,123,4,117.35519,125.0
69,124,3,97.30146,125.0
69,125,3,98.7641,125.0
69,126,0,89.83491,125.0
69,127,2,105.7244,125.0
69,128,5,108.9658,125.0
69,129,4,109.40534,125.0
69,130,0,107.00414,125.0
69,131,5,107.05427,125.0
69,132,5,98.36446,125.0
69,133,1,116.12063,125.0
69,134,3,105.11828,125.0
69,135,0,100.87085,125.0
69,136,1,98.85828,125.0
69,137,0,82.601234,125.0
69,138,2,103.432945,125.0
69,139,0,109.741005,125.0
69,140,5,94.450226,125.0
69,141,3,96.873566,125.0
69,142,3,96.68438,125.0
69,143,4,102.88765,125.0
69,144,5,111.77498,125.0
69,145,1,112.17182,125.0
69,146,0,114.792206,125.0
69,147,4,118.616325,125.0
69,148,4,115.63351,125.0
69,149,2,107.01891,124.0
69,150,5,118.16854,123.0
69,151,0,111.6011,122.0
69,152,3,116.80201,121.0
69,153,4,117.24334,120.0
69,154,0,118.70591,119.0
69,155,0,119.07755,118.0
69,156,3,119.70594,117.0
69,157,3,122.96369,116.0
69,158,3,118.94093,115.0
70,36,5,109.88972,125.0
70,37,0,116.2848,125.0
70,38,2,108.53579,125.0
70,39,4,113.28234,125.0
70,40,3,104.14886,125.0
70,41,0,106.606895,125.0
70,42,5,114.54127,125.0
70,43,2,107.799904,125.0
70,44,0,108.34939,125.0
70,45,2,102.91364,125.0
70,46,0,98.357506,125.0
70,47,3,101.29849,125.0
70,48,1,92.345314,125.0
70,49,0,106.034584,125.0
70,50,3,95.248,125.0
70,51,5,92.50672,125.0
70,52,0,89.90361,125.0
70,53,2,102.2337,125.0
70,54,3,97.83297,125.0
70,55,1,93.47084,125.0
70,56,1,79.489456,125.0
70,57,3,93.72306,125.0
70,58,4,108.31042,125.0
70,59,0,111.48631,125.0
70,60,0,100.59174,125.0
70,61,3,90.71152,125.0
70,62,4,112.9367,125.0
70,63,3,111.4672,125.0
70,64,2,121.64625,125.0
70,65,5,119.20111,125.0
70,66,2,110.54592,125.0
70,67,2,113.39835,125.0
70,68,0,115.644875,125.0
70,69,1,117.45141,125.0
70,70,0,118.306816,125.0
70,71,4,105.126945,125.0
70,72,4,104.341995,125.0
70,73,4,114.385506,125.0
70,74,3,112.338875,125.0
70,75,2,90.01163,125.0
70,76,1,97.63188,125.0
70,77,5,108.45685,125.0
70,78,5,111.273415,125.0
70,79,0,108.29777,125.0
70,80,0,111.50997,125.0
70,81,0,99.962364,125.0
70,82,4,91.949196,125.0
70,83,5,100.01147,125.0
70,84,1,88.914215,125.0
70,85,0,98.000046,125.0
70,86,3,111.44979,125.0
70,87,0,109.63169,125.0
70,88,1,102.004814,125.0
70,89,3,107.97462,125.0
70,90,4,110.92455,125.0
70,91,2,119.92597,125.0
70,92,3,116.56686,125.0
70,93,4,108.00463,125.0
70,94,2,105.35372,125.0
70,95,0,115.42362,125.0
70,96,0,119.36669,125.0
70,97,4,98.40937,125.0
70,98,2,106.68303,125.0
70,99,0,87.994095,125.0
70,100,4,81.8493,125.0
70,101,5,75.58703,125.0
70,102,2,84.20877,125.0
70,103,5,93.451744,125.0
70,104,2,101.85746,125.0
70,105,1,94.59211,125.0
70,106,4,112.23363,125.0
70,107,5,107.651245,125.0
70,108,0,104.278175,125.0
70,109,0,105.965546,125.0
70,110,3,104.573685,125.0
70,111,2,102.44721,125.0
70,112,2,99.5629,125.0
70,113,0,109.43577,125.0
70,114,2,112.69216,125.0
70,115,4,122.092415,125.0
70,116,5,123.338974,125.0
70,117,3,125.16326,125.0
70,118,5,124.0007,125.0
70,119,3,122.15212,125.0
70,120,3,117.73182,125.0
70,121,4,117.593605,125.0
70,122,0,121.73737,125.0
70,123,5,124.67209,125.0
70,124,0,126.52564,125.0
70,125,5,113.42368,125.0
70,126,3,109.61234,125.0
70,127,1,115.644615,125.0
70,128,1,118.28521,125.0
70,129,1,114.82279,125.0
70,130,0,115.57325,125.0
70,131,1,102.62292,125.0
70,132,4,109.5498,125.0
70,133,0,116.43469,125.0
70,134,1,111.52976,125.0
70,135,4,100.64511,125.0
70,136,1,97.067665,125.0
70,137,1,92.61971,125.0
70,138,1,96.51806,125.0
70,139,0,79.39503,125.0
70,140,1,95.05732,125.0
70,141,2,105.74685,125.0
70,142,0,111.05267,125.0
70,143,0,100.32772,125.0
70,144,3,106.095055,125.0
70,145,4,94.61477,125.0
70,146,2,94.42557,125.0
70,147,2,81.028206,125.0
70,148,1,71.869965,125.0
70,149,4,73.79546,125.0
70,150,2,68.62055,125.0
70,151,5,46.07687,125.0
70,152,3,82.74655,125.0
70,153,4,51.95275,125.0
70,154,1,67.008286,125.0
70,155,2,53.44266,125.0
70,156,2,48.472816,125.0
70,157,0,54.91903,124.0
70,158,0,67.40767,123.0
70,159,1,90.3088,122.0
70,160,3,88.12801,121.0
70,161,2,87.3099,120.0
70,162,4,71.45115,119.0
70,163,2,66.924965,118.0
70,164,0,76.74679,117.0
70,165,3,61.10052,116.0
70,166,0,63.088356,115.0
70,167,3,58.146957,114.0
70,168,2,78.78333,113.0
70,169,2,74.49087,112.0
70,170,5,89.6612,111.0
70,171,0,90.40557,110.0
70,172,4,86.60787,109.0
70,173,1,94.165825,108.0
70,174,5,114.728874,107.0
70,175,2,108.637825,106.0
70,176,5,102.162575,105.0
70,177,5,102.80756,104.0
70,178,1,103.67956,103.0
70,179,0,101.356834,102.0
70,180,0,77.15319,101.0
70,181,3,76.548386,100.0
70,182,0,69.922264,99.0
70,183,0,82.075905,98.0
70,184,0,72.59363,97.0
70,185,4,107.12847,96.0
70,186,2,119.18262,95.0
70,187,0,111.81834,94.0
70,188,5,111.59134,93.0
70,189,3,106.17541,92.0
70,190,3,111.51696,91.0
70,191,0,117.51983,90.0
70,192,1,120.250595,89.0
70,193,1,114.31362,88.0
70,194,4,125.02016,87.0
70,195,5,121.04399,86.0
70,196,0,105.899796,85.0
70,197,2,110.47112,84.0
70,198,5,103.39378,83.0
70,199,4,97.11067,82.0
70,200,4,84.45602,81.0
70,201,0,78.64214,80.0
70,202,3,65.9414,79.0
70,203,2,67.40447,78.0
70,204,1,57.177467,77.0
70,205,3,68.378006,76.0
70,206,4,49.923428,75.0
70,207,0,77.34007,74.0
70,208,3,53.957203,73.0
70,209,2,49.650055,72.0
70,210,5,68.625656,71.0
70,211,0,66.62969,70.0
70,212,1,57.506077,69.0
70,213,0,68.38898,68.0
70,214,1,57.637787,67.0
70,215,2,60.140682,66.0
70,216,3,73.122475,65.0
70,217,2,66.26936,64.0
70,218,0,76.31089,63.0
70,219,1,70.12228,62.0
70,220,0,72.612274,61.0
70,221,2,68.51812,60.0
70,222,1,67.39225,59.0
70,223,2,64.876076,58.0
70,224,2,52.951485,57.0
70,225,3,52.079716,56.0
70,226,1,39.022354,55.0
70,227,0,49.477196,54.0
70,228,5,51.625977,53.0
70,229,0,47.09411,52.0
70,230,0,49.298416,51.0
70,231,2,52.27109,50.0
70,232,0,55.269596,49.0
70,233,4,63.163956,48.0
70,234,0,58.931267,47.0
70,235,4,43.5894,46.0
70,236,3,33.71312,45.0
70,237,0,37.39892,44.0
70,238,5,57.931065,43.0
70,239,5,57.395237,42.0
70,240,1,54.781048,41.0
70,241,3,73.64556,40.0
70,242,0,48.47536,39.0
70,243,4,54.00592,38.0
70,244,3,49.741417,37.0
70,245,2,51.118713,36.0
70,246,0,60.41982,35.0
70,247,1,75.70692,34.0
70,248,0,53.162308,33.0
70,249,5,51.55416,32.0
70,250,2,45.69105,31.0
70,251,5,46.259125,30.0
70,252,1,38.68318,29.0
70,253,0,45.054546,28.0
70,254,4,52.633553,27.0
70,255,1,57.010517,26.0
70,256,1,64.343895,25.0
70,257,0,56.530113,24.0
70,258,0,53.38698,23.0
70,259,4,58.695053,22.0
70,260,3,41.77346,21.0
70,261,4,36.207336,20.0
70,262,0,37.22077,19.0
70,263,0,36.34006,18.0
70,264,4,31.664312,17.0
71,36,2,121.92281,125.0
71,37,2,113.77129,125.0
71,38,0,119.46481,125.0
71,39,5,121.439095,125.0
71,40,1,117.93506,125.0
71,41,3,126.13383,125.0
71,42,3,118.77479,125.0
71,43,1,122.13151,125.0
71,44,1,119.55686,125.0
71,45,0,122.51092,125.0
71,46,1,116.40747,125.0
71,47,0,114.227516,125.0
71,48,2,120.70659,125.0
71,49,0,116.46144,125.0
71,50,2,122.05216,125.0
71,51,0,118.54532,125.0
71,52,0,106.06427,125.0
71,53,2,119.718124,125.0
71,54,1,125.60843,125.0
71,55,0,112.972404,125.0
71,56,4,118.306465,125.0
71,57,5,122.567406,125.0
71,58,0,114.513374,125.0
71,59,4,116.10337,125.0
71,60,0,116.542564,125.0
71,61,1,117.57276,125.0
71,62,0,126.29604,125.0
71,63,2,114.72738,125.0
71,64,3,121.79882,125.0
71,65,3,122.061745,125.0
72,36,1,116.43635,125.0
72,37,3,118.73444,125.0
72,38,2,117.91208,125.0
72,39,0,118.89808,125.0
72,40,1,122.53637,125.0
72,41,0,112.72808,125.0
72,42,2,111.683846,125.0
72,43,1,111.35017,125.0
72,44,0,121.93839,125.0
72,45,0,117.815025,125.0
72,46,3,120.48916,125.0
72,47,2,118.22362,125.0
72,48,2,120.369064,125.0
72,49,4,121.49838,125.0
72,50,3,113.93096,125.0
72,51,4,115.59481,125.0
72,52,0,118.75697,125.0
72,53,1,119.96035,125.0
72,54,5,123.03253,125.0
72,55,5,125.90327,125.0
72,56,0,126.113106,125.0
72,57,1,124.42983,125.0
72,58,0,120.41987,125.0
72,59,4,121.6733,125.0
72,60,4,115.7561,125.0
72,61,2,106.36903,125.0
72,62,0,101.1417,125.0
72,63,2,108.95092,125.0
72,64,5,110.69971,125.0
72,65,0,118.78643,125.0
72,66,5,120.52851,125.0
72,67,2,114.23888,125.0
72,68,5,114.85346,125.0
72,69,2,107.46491,125.0
72,70,0,102.00582,125.0
72,71,4,103.7589,125.0
72,72,4,94.47594,125.0
72,73,4,102.188255,125.0
72,74,0,107.33277,125.0
72,75,0,108.98615,125.0
72,76,4,104.0998,125.0
72,77,1,109.343994,125.0
72,78,4,94.3089,125.0
72,79,5,106.82016,125.0
72,80,2,114.348854,125.0
72,81,0,116.59858,125.0
72,82,4,110.90673,125.0
72,83,0,109.507706,125.0
72,84,1,114.45586,125.0
72,85,4,85.95315,125.0
72,86,5,75.11316,125.0
72,87,5,86.12236,125.0
72,88,0,89.11947,125.0
72,89,1,88.94729,125.0
72,90,3,71.67592,125.0
72,91,4,101.59226,125.0
72,92,2,104.84861,125.0
72,93,3,110.93136,125.0
72,94,3,108.91494,125.0
72,95,0,101.86532,125.0
72,96,2,106.25507,125.0
72,97,4,112.69243,125.0
72,98,0,114.025215,125.0
72,99,5,122.407684,125.0
72,100,3,118.175514,125.0
72,101,5,118.12521,125.0
72,102,0,111.20215,125.0
72,103,1,119.10577,125.0
72,104,1,109.23964,125.0
72,105,4,114.69964,125.0
72,106,3,108.84327,125.0
72,107,2,122.88039,125.0
72,108,5,117.900154,125.0
72,109,3,112.273506,125.0
72,110,2,119.43306,125.0
72,111,1,122.12884,125.0
72,112,2,116.656364,125.0
72,113,2,113.58405,125.0
72,114,1,107.874596,125.0
72,115,3,102.130844,125.0
72,116,1,102.52393,125.0
72,117,5,107.68544,125.0
72,118,5,114.94714,125.0
72,119,3,114.5218,125.0
72,120,0,111.37287,125.0
72,121,5,104.30392,125.0
72,122,2,105.11463,125.0
72,123,3,118.41627,124.0
72,124,5,103.33707,123.0
72,125,2,105.12173,122.0
72,126,0,104.541374,121.0
72,127,0,96.32867,120.0
72,128,2,109.73637,119.0
72,129,0,111.255486,118.0
72,130,5,110.9019,117.0
72,131,4,105.85525,116.0
72,132,2,122.99238,115.0
72,133,5,116.76215,114.0
72,134,1,119.59869,113.0
72,135,1,119.10789,112.0
72,136,1,110.820496,111.0
72,137,5,123.1307,110.0
72,138,3,119.21372,109.0
72,139,3,118.12388,108.0
72,140,2,110.0796,107.0
72,141,5,101.20135,106.0
72,142,4,105.45931,105.0
72,143,3,104.93425,104.0
73,36,4,107.22883,125.0
73,37,4,110.28878,125.0
73,38,5,118.046745,125.0
73,39,0,113.318985,125.0
73,40,4,108.74534,125.0
73,41,5,115.462135,125.0
73,42,3,114.14439,125.0
73,43,0,122.20768,125.0
73,44,0,120.85047,125.0
73,45,0,117.87957,125.0
73,46,5,123.53176,125.0
73,47,4,117.075874,125.0
73,48,3,118.65812,125.0
73,49,4,109.805214,125.0
73,50,2,95.38475,125.0
73,51,5,109.044426,125.0
73,52,4,100.60917,125.0
73,53,3,81.76111,125.0
73,54,1,83.26651,125.0
73,55,2,84.71169,125.0
73,56,4,63.652027,125.0
73,57,4,62.204716,125.0
73,58,5,53.561863,125.0
73,59,5,88.09659,125.0
73,60,3,82.21996,125.0
73,61,3,89.442024,125.0
73,62,1,103.17868,125.0
73,63,3,95.52168,125.0
73,64,2,96.2435,125.0
73,65,0,98.62859,125.0
73,66,0,104.26673,125.0
73,67,0,108.34585,125.0
73,68,3,113.677055,125.0
73,69,0,110.39037,125.0
73,70,1,115.623665,125.0
73,71,0,112.78304,125.0
73,72,5,114.216064,125.0
73,73,0,118.302055,125.0
73,74,2,111.92863,125.0
73,75,0,119.78567,125.0
73,76,5,115.91946,125.0
73,77,4,118.135475,125.0
73,78,0,119.58091,125.0
73,79,4,89.6802,125.0
73,80,0,99.24488,125.0
73,81,1,90.911446,125.0
73,82,2,101.22016,125.0
73,83,3,116.299065,125.0
73,84,5,116.87647,125.0
73,85,0,119.20466,125.0
73,86,2,118.76954,125.0
73,87,1,109.34903,125.0
73,88,1,109.39937,125.0
73,89,1,115.2254,125.0
73,90,5,119.00061,125.0
73,91,1,119.82679,125.0
73,92,1,105.82432,125.0
73,93,2,89.92852,125.0
73,94,0,89.211266,125.0
73,95,1,79.569084,125.0
73,96,2,78.925835,125.0
73,97,3,91.61953,125.0
73,98,0,95.380264,125.0
73,99,0,99.68366,125.0
73,100,3,89.68188,125.0
73,101,4,90.31904,125.0
73,102,0,110.330925,125.0
73,103,0,118.372826,125.0
73,104,5,109.10402,125.0
73,105,4,111.13923,124.0
73,106,2,120.80964,123.0
73,107,5,114.032906,122.0
73,108,4,123.019295,121.0
73,109,1,124.58569,120.0
73,110,0,116.693184,119.0
73,111,2,119.79366,118.0
73,112,5,121.720474,117.0
73,113,2,120.972275,116.0
73,114,5,120.84662,115.0
73,115,2,116.98237,114.0
73,116,1,113.23943,113.0
73,117,0,118.93985,112.0
73,118,5,101.60854,111.0
73,119,3,104.82422,110.0
73,120,4,100.33605,109.0
73,121,2,108.17135,108.0
73,122,0,104.13113,107.0
73,123,5,102.45791,106.0
73,124,3,102.63083,105.0
73,125,2,92.79974,104.0
73,126,3,112.23947,103.0
73,127,4,103.817215,102.0
73,128,1,115.60989,101.0
73,129,4,108.55865,100.0
73,130,0,111.75791,99.0
73,131,5,106.63786,98.0
73,132,3,99.331856,97.0
73,133,0,103.37553,96.0
73,134,5,95.88859,95.0
73,135,1,108.474174,94.0
73,136,2,105.12255,93.0
73,137,2,94.055916,92.0
73,138,0,86.35382,91.0
73,139,0,92.82986,90.0
73,140,0,84.03366,89.0
73,141,4,75.91767,88.0
73,142,0,76.70571,87.0
73,143,2,74.236664,86.0
73,144,0,90.559906,85.0
73,145,4,103.00461,84.0
73,146,0,94.658226,83.0
73,147,1,107.454475,82.0
73,148,4,99.76273,81.0
73,149,4,92.89207,80.0
73,150,0,78.97022,79.0
73,151,2,98.11411,78.0
74,36,4,91.20954,125.0
74,37,1,99.76927,125.0
74,38,3,89.96786,125.0
74,39,5,84.70955,125.0
74,40,5,92.23083,125.0
74,41,3,77.0292,125.0
74,42,0,48.620033,125.0
74,43,2,86.70635,125.0
74,44,5,76.1883,125.0
74,45,0,87.51206,125.0
74,46,0,73.15809,125.0
74,47,0,75.83358,125.0
74,48,5,71.508995,125.0
74,49,1,93.62318,125.0
74,50,4,104.98667,125.0
74,51,3,115.60351,125.0
74,52,4,108.75511,125.0
74,53,3,114.01016,125.0
74,54,0,105.41976,125.0
74,55,0,123.49116,125.0
74,56,5,120.682396,125.0
74,57,3,111.89259,125.0
74,58,5,110.19817,125.0
74,59,0,111.1343,125.0
74,60,5,109.442375,125.0
74,61,0,118.124115,125.0
74,62,0,118.77514,125.0
74,63,1,110.82777,125.0
74,64,0,116.43537,125.0
74,65,4,114.845436,124.0
74,66,2,111.25301,123.0
74,67,2,117.56606,122.0
74,68,3,116.59528,121.0
74,69,1,120.8449,120.0
74,70,4,116.0528,119.0
74,71,1,121.32061,118.0
74,72,0,133.679,117.0
74,73,3,119.52125,116.0
74,74,1,115.087395,115.0
74,75,0,111.703545,114.0
74,76,0,99.51717,113.0
74,77,2,106.74047,112.0
74,78,2,96.81841,111.0
74,79,1,102.07592,110.0
74,80,5,99.30262,109.0
74,81,0,103.14815,108.0
74,82,3,97.5077,107.0
74,83,0,96.57184,106.0
74,84,5,104.4856,105.0
74,85,4,109.6096,104.0
74,86,3,118.50321,103.0
74,87,3,113.61016,102.0
74,88,4,122.260284,101.0
74,89,1,104.59051,100.0
74,90,2,110.16208,99.0
74,91,1,108.10333,98.0
74,92,0,113.7299,97.0
74,93,4,105.701805,96.0
74,94,4,107.26585,95.0
74,95,4,102.79897,94.0
74,96,3,107.634605,93.0
74,97,3,102.752075,92.0
74,98,5,101.9022,91.0
74,99,4,99.494606,90.0
74,100,0,93.31636,89.0
74,101,4,79.44009,88.0
74,102,3,74.98699,87.0
74,103,5,59.636303,86.0
75,36,0,116.57015,125.0
75,37,1,120.69138,125.0
75,38,5,122.30256,125.0
75,39,2,118.266205,125.0
75,40,2,123.59121,125.0
75,41,5,121.10366,125.0
75,42,2,118.50651,125.0
75,43,2,117.12053,125.0
75,44,1,112.15328,125.0
75,45,0,124.8534,125.0
75,46,4,103.293884,125.0
75,47,4,108.473366,125.0
75,48,0,120.26063,125.0
75,49,4,118.16057,125.0
75,50,0,115.713745,125.0
75,51,0,106.4244,125.0
75,52,0,116.35438,125.0
75,53,3,113.53119,125.0
75,54,0,116.95303,125.0
75,55,4,106.82957,125.0
75,56,3,109.19642,125.0
75,57,1,106.408745,125.0
75,58,0,114.81376,125.0
75,59,4,107.045845,125.0
75,60,5,115.74879,125.0
75,61,1,118.118416,125.0
75,62,5,120.33697,125.0
75,63,5,109.45595,125.0
75,64,2,116.48622,125.0
75,65,1,106.62787,125.0
75,66,3,114.82828,125.0
75,67,5,104.82614,125.0
75,68,5,110.979965,125.0
75,69,1,111.86562,125.0
75,70,0,108.74128,125.0
75,71,0,103.04698,125.0
75,72,1,104.83043,125.0
75,73,2,114.09711,125.0
75,74,0,106.970825,125.0
75,75,5,103.29218,125.0
75,76,0,118.270424,125.0
75,77,0,114.4351,125.0
75,78,1,116.102974,125.0
75,79,3,118.30541,125.0
75,80,0,119.522316,125.0
75,81,0,95.12408,125.0
75,82,1,96.86546,125.0
75,83,1,109.71664,125.0
75,84,5,97.20132,125.0
75,85,1,103.11814,125.0
75,86,3,112.09873,125.0
75,87,4,114.32189,125.0
75,88,5,121.9084,125.0
75,89,0,114.18146,125.0
75,90,0,106.92899,125.0
75,91,4,114.872505,125.0
75,92,1,116.058205,125.0
75,93,2,105.891396,125.0
75,94,0,109.993256,125.0
75,95,1,98.004814,125.0
75,96,2,99.89976,125.0
75,97,4,90.02538,125.0
75,98,0,88.33146,125.0
75,99,0,96.68129,125.0
75,100,0,91.04991,125.0
75,101,0,97.51521,125.0
75,102,4,100.27537,125.0
75,103,1,104.83081,125.0
75,104,5,112.398415,125.0
75,105,4,102.96453,125.0
75,106,0,112.121086,125.0
75,107,3,110.65945,125.0
75,108,0,115.34359,125.0
75,109,1,116.01353,125.0
75,110,1,117.80914,125.0
75,111,2,110.57238,125.0
75,112,2,115.9334,125.0
75,113,0,111.75796,125.0
75,114,0,123.249825,125.0
75,115,0,116.012184,125.0
75,116,0,113.15778,125.0
75,117,1,102.32001,125.0
75,118,4,102.61729,125.0
75,119,4,98.54563,125.0
75,120,3,110.2391,125.0
75,121,2,91.87395,125.0
75,122,4,103.31394,125.0
75,123,3,97.18632,125.0
75,124,1,99.80213,125.0
75,125,5,105.669975,125.0
75,126,5,103.82074,125.0
75,127,2,104.23312,125.0
75,128,0,113.26921,125.0
75,129,3,111.91128,125.0
75,130,2,103.63485,125.0
75,131,0,107.27772,125.0
75,132,0,113.87716,125.0
75,133,1,112.838036,125.0
75,134,1,121.32949,125.0
75,135,3,117.54208,125.0
75,136,2,122.51084,125.0
75,137,5,118.273285,125.0
75,138,0,104.804665,125.0
75,139,2,97.58204,125.0
75,140,4,104.90235,125.0
75,141,0,99.03371,125.0
75,142,0,105.56723,125.0
75,143,4,84.934265,125.0
75,144,2,114.76476,125.0
75,145,5,96.98794,125.0
75,146,5,100.97854,125.0
75,147,1,106.551765,125.0
75,148,5,101.424736,125.0
75,149,1,111.29683,125.0
75,150,0,102.75028,125.0
75,151,3,88.64628,125.0
75,152,1,108.98559,125.0
75,153,4,104.50039,125.0
75,154,5,103.84951,125.0
75,155,0,96.112015,125.0
75,156,0,86.56484,125.0
75,157,3,95.02755,125.0
75,158,5,82.666664,125.0
75,159,5,74.35983,125.0
75,160,3,57.62702,125.0
75,161,3,59.40944,125.0
75,162,4,76.2638,125.0
75,163,3,85.66413,125.0
75,164,2,92.42594,125.0
75,165,2,72.10734,125.0
75,166,5,68.80967,124.0
75,167,1,62.255573,123.0
75,168,5,65.79974,122.0
75,169,0,68.20032,121.0
75,170,0,77.0252,120.0
75,171,5,67.945045,119.0
75,172,2,74.237854,118.0
75,173,1,71.21702,117.0
75,174,0,73.256714,116.0
75,175,1,53.820816,115.0
75,176,3,82.001854,114.0
75,177,0,50.931324,113.0
75,178,0,60.94245,112.0
75,179,0,62.02874,111.0
75,180,5,70.63839,110.0
75,181,3,62.028404,109.0
75,182,2,61.811897,108.0
75,183,2,66.08236,107.0
75,184,3,68.94002,106.0
75,185,4,60.250145,105.0
75,186,3,63.00983,104.0
75,187,3,48.49656,103.0
75,188,0,49.164196,102.0
75,189,3,42.56681,101.0
75,190,5,45.89454,100.0
75,191,1,45.10946,99.0
75,192,1,46.11958,98.0
76,36,4,114.51369,125.0
76,37,4,119.42815,125.0
76,38,5,115.53423,125.0
76,39,0,122.869026,125.0
76,40,4,118.64893,125.0
76,41,1,119.370995,125.0
76,42,4,120.77808,125.0
76,43,0,124.24912,125.0
76,44,2,119.22687,125.0
76,45,3,122.681725,125.0
76,46,0,113.23949,125.0
76,47,5,121.057076,125.0
76,48,5,115.52803,125.0
76,49,1,112.27084,125.0
76,50,3,119.04646,125.0
76,51,1,117.882744,125.0
76,52,1,122.11093,125.0
76,53,5,119.92765,125.0
76,54,1,118.63514,125.0
76,55,0,113.03083,125.0
76,56,1,107.19167,125.0
76,57,5,103.94729,125.0
76,58,2,117.615486,125.0
76,59,2,117.02097,125.0
76,60,0,104.43074,125.0
76,61,4,110.73946,125.0
76,62,1,105.9266,125.0
76,63,0,116.27447,125.0
76,64,0,119.783226,125.0
76,65,0,111.81684,125.0
76,66,4,108.16272,125.0
76,67,1,110.94405,125.0
76,68,0,110.48972,125.0
76,69,3,104.31357,125.0
76,70,0,102.8201,125.0
76,71,0,92.55219,125.0
76,72,2,106.15673,125.0
76,73,4,107.63254,125.0
76,74,2,109.20889,125.0
76,75,2,103.37359,125.0
76,76,5,113.098404,125.0
76,77,5,110.97223,125.0
76,78,2,106.71543,125.0
76,79,2,107.79715,125.0
76,80,0,105.34695,125.0
76,81,5,110.27488,125.0
76,82,3,117.01379,125.0
76,83,2,115.72433,125.0
76,84,3,96.10438,125.0
76,85,1,117.264915,125.0
76,86,1,105.4672,125.0
76,87,2,111.285805,125.0
76,88,0,122.188545,125.0
76,89,2,121.94261,125.0
76,90,4,120.04461,125.0
76,91,2,122.41756,125.0
76,92,3,118.39952,125.0
76,93,0,117.277275,125.0
76,94,3,99.12162,125.0
76,95,0,86.92411,125.0
76,96,4,88.748886,125.0
76,97,3,96.72685,125.0
76,98,0,86.038414,125.0
76,99,4,84.4181,125.0
76,100,5,90.8473,125.0
76,101,2,91.85473,125.0
76,102,3,102.65549,125.0
76,103,3,101.93246,125.0
76,104,1,109.09339,125.0
76,105,0,108.134224,125.0
76,106,0,82.76588,125.0
76,107,0,68.34073,125.0
76,108,1,71.62887,125.0
76,109,4,102.10888,125.0
76,110,1,103.57032,125.0
76,111,5,87.53037,125.0
76,112,0,92.98845,125.0
76,113,1,100.05666,125.0
76,114,4,93.525566,125.0
76,115,2,104.35289,125.0
76,116,3,108.43205,125.0
76,117,5,98.49716,125.0
76,118,3,112.5839,125.0
76,119,4,114.38698,125.0
76,120,4,106.766556,125.0
76,121,5,104.50314,125.0
76,122,0,99.86621,125.0
76,123,2,115.50495,125.0
76,124,0,120.62626,125.0
76,125,0,113.52161,125.0
76,126,3,119.189644,125.0
76,127,0,113.46299,125.0
76,128,3,112.1285,125.0
76,129,4,102.82931,125.0
76,130,4,103.96145,125.0
76,131,2,116.01891,125.0
76,132,1,103.440346,125.0
76,133,0,107.55993,125.0
76,134,3,117.02961,124.0
76,135,1,115.56155,123.0
76,136,1,111.6471,122.0
76,137,0,111.230705,121.0
76,138,3,108.75558,120.0
76,139,4,115.89931,119.0
76,140,3,111.691,118.0
76,141,1,118.815926,117.0
76,142,1,114.559616,116.0
76,143,0,114.991936,115.0
76,144,3,114.41673,114.0
76,145,0,114.46897,113.0
76,146,3,110.10903,112.0
76,147,0,92.78184,111.0
76,148,5,99.61553,110.0
76,149,2,92.70545,109.0
76,150,3,92.04854,108.0
76,151,5,97.0663,107.0
76,152,3,107.57807,106.0
76,153,5,93.137566,105.0
76,154,5,94.87524,104.0
76,155,1,103.30763,103.0
76,156,2,108.74598,102.0
76,157,3,89.62051,101.0
76,158,3,92.910194,100.0
76,159,4,84.17066,99.0
76,160,2,80.51946,98.0
76,161,4,78.647316,97.0
76,162,0,66.79058,96.0
76,163,1,58.032425,95.0
76,164,0,56.65242,94.0
76,165,3,72.05555,93.0
76,166,5,75.21818,92.0
76,167,4,60.03206,91.0
76,168,0,72.34951,90.0
76,169,3,74.2146,89.0
76,170,0,68.24004,88.0
76,171,2,57.863827,87.0
76,172,2,50.39084,86.0
76,173,3,50.89952,85.0
76,174,1,50.276596,84.0
76,175,0,49.624084,83.0
76,176,1,52.653984,82.0
76,177,3,36.528984,81.0
76,178,0,51.420708,80.0
76,179,3,44.75477,79.0
76,180,1,56.92729,78.0
76,181,2,58.91575,77.0
76,182,5,50.338722,76.0
76,183,0,49.647972,75.0
76,184,3,43.9703,74.0
76,185,0,47.32992,73.0
76,186,5,51.95835,72.0
76,187,0,41.21421,71.0
76,188,3,41.34027,70.0
76,189,0,47.380653,69.0
76,190,2,36.730324,68.0
76,191,4,40.542805,67.0
76,192,1,45.397335,66.0
76,193,1,47.590687,65.0
76,194,0,44.906776,64.0
76,195,2,51.593647,63.0
76,196,0,44.135967,62.0
76,197,2,48.80765,61.0
76,198,0,45.14095,60.0
76,199,1,50.12951,59.0
76,200,2,46.214355,58.0
76,201,4,41.67386,57.0
76,202,2,35.971024,56.0
76,203,0,34.35813,55.0
76,204,4,40.35127,54.0
76,205,1,31.183857,53.0
76,206,1,43.72917,52.0
76,207,1,30.274479,51.0
76,208,4,29.04914,50.0
76,209,2,32.558464,49.0
76,210,3,43.385517,48.0
76,211,4,28.991877,47.0
76,212,5,33.12948,46.0
76,213,0,38.948776,45.0
76,214,1,42.04243,44.0
76,215,3,40.766148,43.0
76,216,5,43.36555,42.0
76,217,1,45.85864,41.0
76,218,0,39.73848,40.0
76,219,1,57.58643,39.0
76,220,0,40.600178,38.0
76,221,1,37.956524,37.0
76,222,4,33.84577,36.0
77,36,0,120.133385,125.0
77,37,2,119.77912,124.0
77,38,2,109.22109,123.0
77,39,2,114.81104,122.0
77,40,3,108.163216,121.0
77,41,5,122.5445,120.0
77,42,5,119.625015,119.0
77,43,5,116.483185,118.0
77,44,0,119.798706,117.0
77,45,1,116.84313,116.0
77,46,3,113.81992,115.0
77,47,0,105.47329,114.0
77,48,3,102.28919,113.0
77,49,0,107.57415,112.0
77,50,4,110.38876,111.0
77,51,3,113.734886,110.0
77,52,5,113.46659,109.0
77,53,4,111.66677,108.0
77,54,3,107.59734,107.0
77,55,0,104.77325,106.0
77,56,0,115.669044,105.0
77,57,1,89.19665,104.0
77,58,4,96.45371,103.0
77,59,0,101.769424,102.0
77,60,0,104.9229,101.0
77,61,2,98.90017,100.0
77,62,3,78.35366,99.0
77,63,2,103.85152,98.0
77,64,1,94.371475,97.0
77,65,3,87.17373,96.0
77,66,4,92.405334,95.0
77,67,2,82.21393,94.0
78,36,3,117.97755,125.0
78,37,0,121.3619,125.0
78,38,2,119.650604,125.0
78,39,2,118.39056,125.0
78,40,0,120.39526,125.0
78,41,0,122.63807,125.0
78,42,5,120.068924,125.0
78,43,1,122.453926,125.0
78,44,0,114.80326,125.0
78,45,0,116.88421,125.0
78,46,0,113.43986,125.0
78,47,1,97.733475,125.0
78,48,5,103.24178,125.0
78,49,2,101.94131,125.0
78,50,0,106.65348,125.0
78,51,5,95.393486,125.0
78,52,5,85.01357,125.0
78,53,5,87.313225,125.0
78,54,2,97.72988,125.0
78,55,5,79.12823,125.0
78,56,2,84.31359,124.0
78,57,3,96.530464,123.0
78,58,3,99.50793,122.0
78,59,4,92.8415,121.0
78,60,0,101.41102,120.0
78,61,1,102.92683,119.0
78,62,5,115.67796,118.0
78,63,2,108.02695,117.0
78,64,4,109.77069,116.0
78,65,2,109.6963,115.0
78,66,0,88.54851,114.0
78,67,3,98.217224,113.0
78,68,0,111.39924,112.0
78,69,4,108.93081,111.0
78,70,4,105.799644,110.0
78,71,0,100.536804,109.0
78,72,3,118.3512,108.0
78,73,2,108.103966,107.0
78,74,4,90.33631,106.0
78,75,3,82.92828,105.0
78,76,2,80.853355,104.0
78,77,0,109.81248,103.0
78,78,3,101.549835,102.0
78,79,4,101.5243,101.0
78,80,4,99.52798,100.0
78,81,2,98.273476,99.0
78,82,0,113.58264,98.0
78,83,1,114.094444,97.0
78,84,2,104.77972,96.0
78,85,1,92.25024,95.0
78,86,5,99.840034,94.0
78,87,1,95.55424,93.0
78,88,2,94.00449,92.0
78,89,0,90.93131,91.0
78,90,4,68.73227,90.0
78,91,5,82.50735,89.0
78,92,4,64.91931,88.0
78,93,0,74.274475,87.0
78,94,4,74.930664,86.0
78,95,5,77.65891,85.0
78,96,4,72.789635,84.0
78,97,2,73.40282,83.0
78,98,3,74.68201,82.0
78,99,2,74.81874,81.0
78,100,3,68.401726,80.0
78,101,0,51.929718,79.0
78,102,4,64.72787,78.0
78,103,3,49.876427,77.0
78,104,1,52.976875,76.0
78,105,3,61.909817,75.0
78,106,2,63.5852,74.0
78,107,3,57.471233,73.0
78,108,3,48.563408,72.0
78,109,0,47.98967,71.0
78,110,1,51.183205,70.0
78,111,3,34.892647,69.0
78,112,0,33.49062,68.0
78,113,2,34.096428,67.0
78,114,1,27.432487,66.0
78,115,5,26.671951,65.0
78,116,1,30.38079,64.0
78,117,3,28.72139,63.0
78,118,5,17.905254,62.0
78,119,4,28.59829,61.0
78,120,0,31.499893,60.0
78,121,0,33.14131,59.0
78,122,4,38.074852,58.0
78,123,0,40.41883,57.0
78,124,1,48.46146,56.0
78,125,4,55.858986,55.0
78,126,3,44.36812,54.0
78,127,1,49.118713,53.0
78,128,4,57.554874,52.0
79,36,0,115.29781,125.0
79,37,3,121.174065,125.0
79,38,2,117.23335,125.0
79,39,1,116.40224,125.0
79,40,1,112.3965,125.0
79,41,2,122.37969,125.0
79,42,2,122.34611,125.0
79,43,2,124.45989,125.0
79,44,1,119.636154,125.0
79,45,0,113.92649,125.0
79,46,0,112.20595,125.0
79,47,0,109.21798,125.0
79,48,2,114.076126,125.0
79,49,0,114.75561,125.0
79,50,2,111.68125,125.0
79,51,5,115.869576,125.0
79,52,5,114.5705,125.0
79,53,3,119.08337,125.0
79,54,3,117.78246,125.0
79,55,2,117.14811,125.0
79,56,1,122.99734,125.0
79,57,2,119.197685,125.0
79,58,0,119.32574,125.0
79,59,0,117.425835,125.0
79,60,1,119.1289,125.0
79,61,3,110.91442,125.0
79,62,4,114.35285,125.0
79,63,0,118.99346,125.0
79,64,0,117.86181,125.0
79,65,1,114.09896,125.0
79,66,1,125.07696,125.0
79,67,1,123.731125,125.0
79,68,5,122.786995,125.0
79,69,4,116.93026,125.0
79,70,4,115.893166,125.0
79,71,0,106.83548,125.0
79,72,4,100.88341,125.0
79,73,3,89.9448,125.0
79,74,1,102.92494,125.0
79,75,3,116.377625,125.0
79,76,2,101.06558,125.0
79,77,4,89.54549,125.0
79,78,1,100.45095,125.0
79,79,4,73.431366,125.0
79,80,3,62.425175,124.0
79,81,1,76.84351,123.0
79,82,0,86.917336,122.0
79,83,0,85.96054,121.0
79,84,5,81.60593,120.0
79,85,3,87.25547,119.0
79,86,2,99.19575,118.0
79,87,3,105.31195,117.0
79,88,5,113.15991,116.0
79,89,0,110.856255,115.0
79,90,5,119.8921,114.0
79,91,0,112.250656,113.0
79,92,0,117.11556,112.0
79,93,5,117.11019,111.0
79,94,3,96.037575,110.0
79,95,2,107.08934,109.0
79,96,1,99.29846,108.0
79,97,5,102.86208,107.0
79,98,2,112.11932,106.0
79,99,0,108.66364,105.0
79,100,3,96.877,104.0
79,101,4,111.68423,103.0
79,102,0,92.70191,102.0
79,103,3,100.32897,101.0
79,104,4,105.7684,100.0
79,105,5,101.88681,99.0
79,106,4,111.57898,98.0
79,107,4,105.10256,97.0
79,108,2,101.36523,96.0
79,109,0,103.56863,95.0
79,110,4,102.06271,94.0
79,111,3,101.301186,93.0
79,112,3,94.840904,92.0
79,113,0,90.836845,91.0
80,36,3,103.38711,125.0
80,37,1,97.95463,125.0
80,38,5,78.875336,125.0
80,39,1,61.452,125.0
80,40,3,88.42293,125.0
80,41,3,82.963844,125.0
80,42,2,100.583984,125.0
80,43,1,106.337524,125.0
80,44,2,106.17736,125.0
80,45,0,108.39831,125.0
80,46,5,98.20728,125.0
80,47,3,106.392525,125.0
80,48,2,95.33881,125.0
80,49,5,105.09217,125.0
80,50,5,111.77291,125.0
80,51,4,106.0635,125.0
80,52,4,97.30342,125.0
80,53,5,99.20611,125.0
80,54,5,88.595726,125.0
80,55,3,103.06232,125.0
80,56,4,89.20294,125.0
80,57,0,109.382286,125.0
80,58,3,109.54191,125.0
80,59,2,100.81017,125.0
80,60,0,110.51765,125.0
80,61,0,120.3066,125.0
80,62,1,113.68381,125.0
80,63,0,117.587296,125.0
80,64,0,119.37171,125.0
80,65,4,104.42328,125.0
80,66,2,109.380516,125.0
80,67,0,106.52853,125.0
80,68,3,111.504555,125.0
80,69,1,109.88717,125.0
80,70,3,114.60761,125.0
80,71,0,115.250084,125.0
80,72,0,126.082954,125.0
80,73,0,113.785515,125.0
80,74,1,117.26624,125.0
80,75,0,106.765785,125.0
80,76,1,100.6977,125.0
80,77,3,106.0479,125.0
80,78,5,120.99007,125.0
80,79,4,121.457115,125.0
80,80,1,127.90504,125.0
80,81,3,120.91468,125.0
80,82,5,121.83776,125.0
80,83,3,115.99971,125.0
80,84,1,123.48032,125.0
80,85,4,127.611694,125.0
80,86,4,119.29072,125.0
80,87,1,112.34861,125.0
80,88,0,106.32569,125.0
80,89,4,103.787926,125.0
80,90,2,106.52366,125.0
80,91,0,113.24709,125.0
80,92,0,118.26751,125.0
80,93,2,107.37933,125.0
80,94,4,112.95968,125.0
80,95,5,85.66668,125.0
80,96,3,88.350334,125.0
80,97,2,81.99273,125.0
80,98,2,74.36893,125.0
80,99,4,61.720127,125.0
80,100,3,93.051254,125.0
80,101,4,55.15801,125.0
80,102,4,44.05845,125.0
80,103,5,47.057526,125.0
80,104,1,67.38416,125.0
80,105,5,100.96641,125.0
80,106,1,105.698204,125.0
80,107,0,119.918236,125.0
80,108,0,116.30468,125.0
80,109,5,119.99848,125.0
80,110,4,121.70771,125.0
80,111,1,119.04607,125.0
80,112,1,121.59417,125.0
80,113,4,125.053154,125.0
80,114,2,122.04444,125.0
80,115,1,123.90116,125.0
80,116,2,121.865685,125.0
80,117,1,122.52744,125.0
80,118,2,126.02796,125.0
80,119,0,123.755424,125.0
80,120,1,126.30244,125.0
80,121,3,122.352516,125.0
80,122,4,120.15383,125.0
80,123,5,124.794846,125.0
80,124,3,119.8813,125.0
80,125,0,117.49407,125.0
80,126,5,112.678535,125.0
80,127,4,112.937836,125.0
80,128,5,108.77415,125.0
80,129,4,116.892784,125.0
80,130,2,122.150764,125.0
80,131,1,123.45195,125.0
80,132,1,122.79331,125.0
80,133,3,126.12012,125.0
80,134,2,116.82042,125.0
80,135,1,106.14147,125.0
80,136,2,90.68455,125.0
80,137,2,87.90398,125.0
80,138,0,89.95565,125.0
80,139,0,98.34813,125.0
80,140,0,104.47503,125.0
80,141,3,103.38521,125.0
80,142,4,103.86405,125.0
80,143,0,102.6833,125.0
80,144,1,114.91143,125.0
80,145,0,111.78193,125.0
80,146,2,114.267044,125.0
80,147,3,111.05663,125.0
80,148,0,114.596886,125.0
80,149,1,109.084076,125.0
80,150,0,113.52164,125.0
80,151,5,113.01962,125.0
80,152,1,118.08604,125.0
80,153,5,114.61367,125.0
80,154,4,119.04171,125.0
80,155,3,117.13744,125.0
80,156,5,120.23707,125.0
80,157,3,111.79442,125.0
80,158,5,116.657845,125.0
80,159,2,119.96094,125.0
80,160,5,117.782,125.0
80,161,5,107.782616,125.0
80,162,4,111.09621,125.0
80,163,3,105.97824,125.0
80,164,3,104.97149,125.0
80,165,0,102.68807,125.0
80,166,4,108.68066,125.0
80,167,0,116.69826,125.0
80,168,1,120.45876,125.0
80,169,1,112.694664,124.0
80,170,0,110.74254,123.0
80,171,1,119.99378,122.0
80,172,4,112.71782,121.0
80,173,0,117.11609,120.0
80,174,4,107.45884,119.0
80,175,1,107.26449,118.0
80,176,0,101.22421,117.0
80,177,0,106.47531,116.0
80,178,1,96.63684,115.0
80,179,0,108.57899,114.0
80,180,0,96.92643,113.0
80,181,4,98.49728,112.0
80,182,1,96.0728,111.0
80,183,0,94.61459,110.0
80,184,0,98.92175,109.0
80,185,2,73.554665,108.0
80,186,5,99.23111,107.0
80,187,4,99.53803,106.0
80,188,0,104.669945,105.0
80,189,1,86.98553,104.0
80,190,0,93.72872,103.0
80,191,1,89.02401,102.0
80,192,5,107.644905,101.0
80,193,0,111.55631,100.0
80,194,0,99.81146,99.0
80,195,0,96.97293,98.0
80,196,4,93.083496,97.0
80,197,3,104.6015,96.0
80,198,5,103.77594,95.0
80,199,4,103.23719,94.0
80,200,0,100.96319,93.0
80,201,1,91.614365,92.0
80,202,2,98.58362,91.0
80,203,5,104.01179,90.0
80,204,1,88.13346,89.0
80,205,3,65.727684,88.0
80,206,3,47.86219,87.0
80,207,4,70.22646,86.0
80,208,0,65.66223,85.0
80,209,0,74.373604,84.0
80,210,0,66.667755,83.0
80,211,1,70.04981,82.0
80,212,5,63.388443,81.0
80,213,0,73.43069,80.0
80,214,3,76.13479,79.0
80,215,5,85.27099,78.0
80,216,1,83.96215,77.0
80,217,2,83.29009,76.0
80,218,0,89.61826,75.0
80,219,1,101.24497,74.0
80,220,1,91.23084,73.0
80,221,4,82.08891,72.0
80,222,0,95.06554,71.0
80,223,5,101.533714,70.0
80,224,2,100.695076,69.0
80,225,1,90.642494,68.0
80,226,5,90.86828,67.0
80,227,3,97.92147,66.0
80,228,5,80.07876,65.0
80,229,3,72.29816,64.0
80,230,2,67.108406,63.0
80,231,5,55.55585,62.0
80,232,0,50.14527,61.0
80,233,5,55.41588,60.0
80,234,2,51.226456,59.0
80,235,1,54.20833,58.0
80,236,5,77.37704,57.0
80,237,0,78.386765,56.0
80,238,2,70.712746,55.0
80,239,0,70.66856,54.0
80,240,0,61.382767,53.0
80,241,0,52.804398,52.0
80,242,0,47.358982,51.0
80,243,5,42.22719,50.0
80,244,4,38.537476,49.0
80,245,3,54.733166,48.0
80,246,2,44.373215,47.0
80,247,4,41.88888,46.0
80,248,0,35.528637,45.0
80,249,1,37.707497,44.0
80,250,5,43.653313,43.0
80,251,2,38.10861,42.0
80,252,0,48.267105,41.0
80,253,3,51.452824,40.0
80,254,4,53.83422,39.0
80,255,0,50.741177,38.0
80,256,1,56.47229,37.0
80,257,0,61.834293,36.0
80,258,1,54.958153,35.0
80,259,3,57.949318,34.0
80,260,0,51.65001,33.0
80,261,1,49.01996,32.0
80,262,4,45.702587,31.0
80,263,0,47.503468,30.0
80,264,1,40.421707,29.0
80,265,0,38.760765,28.0
80,266,5,35.956062,27.0
80,267,3,49.119324,26.0
80,268,1,38.354675,25.0
80,269,1,34.69874,24.0
80,270,4,25.930729,23.0
80,271,4,29.701443,22.0
80,272,2,24.10043,21.0
80,273,0,33.715843,20.0
80,274,1,27.667728,19.0
80,275,0,32.379723,18.0
80,276,0,37.53319,17.0
80,277,2,42.284325,16.0
80,278,5,38.28345,15.0
81,36,4,110.61128,125.0
81,37,0,110.89468,125.0
81,38,3,117.41641,125.0
81,39,0,120.16087,125.0
81,40,3,117.14034,125.0
81,41,5,118.599,125.0
81,42,4,117.367424,125.0
81,43,2,125.116264,125.0
81,44,1,120.19022,125.0
81,45,1,119.54789,125.0
81,46,0,122.71913,125.0
81,47,3,123.10615,125.0
81,48,1,121.234184,125.0
81,49,5,121.0848,125.0
81,50,5,114.90211,125.0
81,51,1,117.57309,125.0
81,52,3,107.189384,125.0
81,53,0,112.146545,125.0
81,54,4,111.9529,125.0
81,55,0,116.89062,125.0
81,56,0,115.57642,125.0
81,57,5,117.71782,125.0
81,58,2,124.00679,125.0
81,59,4,122.6562,125.0
81,60,5,115.36881,125.0
81,61,0,112.719,125.0
81,62,0,109.94497,125.0
81,63,3,95.85371,125.0
81,64,5,91.02495,125.0
81,65,4,101.30014,125.0
81,66,2,119.238754,125.0
81,67,2,119.69132,125.0
81,68,1,118.12794,125.0
81,69,5,123.56286,125.0
81,70,4,116.07122,125.0
81,71,2,112.12801,125.0
81,72,0,108.729324,125.0
81,73,4,113.554695,125.0
81,74,4,105.24612,125.0
81,75,4,110.45456,125.0
81,76,1,104.75403,125.0
82,36,2,123.252846,125.0
82,37,5,123.43033,125.0
82,38,4,113.13711,125.0
82,39,1,117.868385,125.0
82,40,2,111.285484,125.0
82,41,2,116.221275,125.0
82,42,0,106.725075,125.0
82,43,0,115.47689,125.0
82,44,0,115.66007,125.0
82,45,2,114.830956,125.0
82,46,1,108.611755,124.0
82,47,3,79.88361,123.0
82,48,5,75.37412,122.0
82,49,4,97.42748,121.0
82,50,2,112.31197,120.0
82,51,2,109.010155,119.0
82,52,5,117.59231,118.0
82,53,4,108.4051,117.0
82,54,1,111.69509,116.0
82,55,5,115.53059,115.0
82,56,1,119.01037,114.0
82,57,3,118.2501,113.0
82,58,3,115.891815,112.0
82,59,0,111.94816,111.0
82,60,0,119.36737,110.0
82,61,5,118.64175,109.0
82,62,3,112.04521,108.0
82,63,3,107.48066,107.0
82,64,5,73.53547,106.0
82,65,5,50.36998,105.0
82,66,3,31.0943,104.0
82,67,4,59.5763,103.0
82,68,5,43.531384,102.0
82,69,2,93.330185,101.0
82,70,5,96.28805,100.0
82,71,3,90.74069,99.0
82,72,1,93.88482,98.0
82,73,4,97.996994,97.0
82,74,5,91.280205,96.0
82,75,3,95.82005,95.0
82,76,2,97.437065,94.0
82,77,0,96.42003,93.0
82,78,0,100.17397,92.0
82,79,4,103.92272,91.0
82,80,4,102.02661,90.0
82,81,3,105.83981,89.0
82,82,5,108.0539,88.0
82,83,0,98.629234,87.0
82,84,0,82.64206,86.0
82,85,1,83.757545,85.0
82,86,5,92.407715,84.0
82,87,4,94.62468,83.0
82,88,2,92.65652,82.0
82,89,2,78.982086,81.0
82,90,5,70.498634,80.0
82,91,2,66.529366,79.0
82,92,5,76.00203,78.0
82,93,5,89.59331,77.0
82,94,0,90.1398,76.0
82,95,0,75.89657,75.0
82,96,5,66.74955,74.0
84,36,0,108.05529,125.0
84,37,3,108.744415,125.0
84,38,3,100.032936,125.0
84,39,5,106.01392,125.0
84,40,0,114.32883,125.0
84,41,0,107.31562,125.0
84,42,4,109.92252,125.0
84,43,5,119.56327,125.0
84,44,1,115.12986,125.0
84,45,5,107.929115,125.0
84,46,1,116.86274,125.0
84,47,3,118.60736,125.0
84,48,0,120.46023,125.0
84,49,5,125.368034,125.0
84,50,5,121.461975,125.0
84,51,1,117.00063,125.0
84,52,4,124.360664,125.0
84,53,3,120.35752,125.0
84,54,0,121.76874,125.0
84,55,1,124.26361,125.0
84,56,1,120.389305,125.0
84,57,0,120.31952,125.0
84,58,0,117.25196,125.0
84,59,2,115.4638,125.0
84,60,1,113.44218,125.0
84,61,5,110.6807,125.0
84,62,3,120.851494,125.0
84,63,1,118.77708,125.0
84,64,2,119.63033,125.0
84,65,3,120.6276,125.0
84,66,2,118.50269,125.0
84,67,0,109.005066,125.0
84,68,5,106.138885,125.0
84,69,0,112.53359,125.0
84,70,0,114.23446,125.0
84,71,0,116.11214,125.0
84,72,1,117.28376,125.0
84,73,1,114.91634,125.0
84,74,1,116.082756,125.0
84,75,0,112.10981,125.0
84,76,3,111.92818,125.0
84,77,2,106.13685,125.0
84,78,5,112.07903,125.0
84,79,3,106.4371,125.0
84,80,2,110.136955,125.0
84,81,3,98.4497,125.0
84,82,0,102.21421,125.0
84,83,0,109.43745,125.0
84,84,1,108.852264,125.0
84,85,3,107.87018,125.0
84,86,1,112.58767,125.0
84,87,3,116.32261,125.0
84,88,4,109.385216,125.0
84,89,5,112.92913,125.0
84,90,4,100.38915,125.0
84,91,3,108.761345,125.0
84,92,2,120.32186,125.0
84,93,0,126.58716,125.0
84,94,0,116.787964,125.0
84,95,2,113.68676,125.0
84,96,5,112.853134,125.0
84,97,1,125.58472,124.0
84,98,2,118.99709,123.0
84,99,1,125.34221,122.0
84,100,3,131.25072,121.0
84,101,3,122.84087,120.0
84,102,1,112.8958,119.0
84,103,4,98.74851,118.0
84,104,2,93.482285,117.0
84,105,1,116.35427,116.0
84,106,3,114.26525,115.0
84,107,3,113.591545,114.0
84,108,0,113.222664,113.0
84,109,1,110.01829,112.0
84,110,3,103.411804,111.0
84,111,3,106.14549,110.0
84,112,4,91.191475,109.0
84,113,4,91.3587,108.0
84,114,4,95.908165,107.0
84,115,3,84.55803,106.0
84,116,1,81.10251,105.0
84,117,0,97.65163,104.0
84,118,0,97.876144,103.0
84,119,1,92.55969,102.0
84,120,0,86.76723,101.0
84,121,0,89.945786,100.0
84,122,3,86.18966,99.0
84,123,5,90.88994,98.0
84,124,0,95.678474,97.0
84,125,3,106.297516,96.0
84,126,1,101.0767,95.0
84,127,0,92.63232,94.0
84,128,0,103.35855,93.0
84,129,0,85.86206,92.0
84,130,5,55.744476,91.0
84,131,0,47.935406,90.0
84,132,1,77.68552,89.0
84,133,0,47.834084,88.0
84,134,0,36.145176,87.0
84,135,0,31.1782,86.0
84,136,1,36.201675,85.0
84,137,4,76.84354,84.0
84,138,4,79.22391,83.0
84,139,5,50.666298,82.0
84,140,5,61.418472,81.0
84,141,1,47.183784,80.0
84,142,0,41.95469,79.0
84,143,3,56.093067,78.0
84,144,1,48.60533,77.0
84,145,0,80.715836,76.0
84,146,4,82.322105,75.0
84,147,5,81.75879,74.0
84,148,5,74.39764,73.0
84,149,1,96.74128,72.0
84,150,5,85.50597,71.0
84,151,4,66.24688,70.0
84,152,4,36.48983,69.0
84,153,0,58.580242,68.0
84,154,0,74.85798,67.0
84,155,4,65.08889,66.0
84,156,5,76.50672,65.0
84,157,3,87.523964,64.0
84,158,5,80.57812,63.0
84,159,1,76.74336,62.0
84,160,3,74.34391,61.0
84,161,5,79.686134,60.0
84,162,5,86.86794,59.0
84,163,0,91.42889,58.0
84,164,1,98.26618,57.0
84,165,2,86.983154,56.0
84,166,5,91.341576,55.0
84,167,1,87.5105,54.0
84,168,0,90.24825,53.0
84,169,5,100.84377,52.0
84,170,4,94.47774,51.0
84,171,3,116.313835,50.0
84,172,3,99.85162,49.0
84,173,4,111.35787,48.0
84,174,0,100.27893,47.0
84,175,5,95.73339,46.0
84,176,5,97.06872,45.0
84,177,0,89.16338,44.0
84,178,1,74.27749,43.0
84,179,3,81.513565,42.0
84,180,0,60.532715,41.0
84,181,3,64.21197,40.0
84,182,4,73.01026,39.0
84,183,2,49.305504,38.0
84,184,1,56.990112,37.0
84,185,4,46.64413,36.0
84,186,1,78.38189,35.0
84,187,4,49.472145,34.0
84,188,0,49.982643,33.0
84,189,5,54.213737,32.0
84,190,0,47.677116,31.0
84,191,4,39.24717,30.0
84,192,4,35.395256,29.0
84,193,4,31.14479,28.0
84,194,1,46.841763,27.0
84,195,4,22.121237,26.0
84,196,3,31.249393,25.0
84,197,4,25.611622,24.0
84,198,0,52.978683,23.0
84,199,0,50.290104,22.0
84,200,1,43.827984,21.0
84,201,5,44.238617,20.0
84,202,0,30.705412,19.0
84,203,0,31.31426,18.0
84,204,2,33.451443,17.0
85,36,4,97.52891,125.0
85,37,5,114.40497,125.0
85,38,5,105.21804,125.0
85,39,0,104.60053,125.0
85,40,3,100.88171,125.0
85,41,4,94.13767,125.0
85,42,0,95.45412,125.0
85,43,0,103.08288,125.0
85,44,0,116.12935,125.0
85,45,1,121.08661,125.0
85,46,1,118.46873,125.0
85,47,5,118.19042,125.0
85,48,3,114.16646,125.0
85,49,1,106.6549,125.0
85,50,3,106.62705,125.0
85,51,0,115.126114,125.0
85,52,3,127.98847,125.0
85,53,0,116.60435,125.0
85,54,3,109.88255,125.0
85,55,3,114.07826,125.0
85,56,2,112.68507,125.0
85,57,1,114.08084,125.0
85,58,0,122.24531,125.0
85,59,2,117.71728,125.0
85,60,5,128.42511,125.0
85,61,0,129.59276,125.0
85,62,5,121.46809,125.0
85,63,4,119.55356,125.0
85,64,3,116.751396,125.0
85,65,0,118.90235,125.0
85,66,3,118.58924,125.0
85,67,4,123.5778,125.0
85,68,0,115.067024,125.0
85,69,2,118.31411,125.0
85,70,3,115.05991,125.0
85,71,2,117.04998,125.0
85,72,0,108.6695,125.0
85,73,4,109.81457,125.0
85,74,0,123.11823,125.0
85,75,2,112.44308,125.0
85,76,0,127.72022,125.0
85,77,5,104.94658,125.0
85,78,1,120.75709,125.0
85,79,3,120.116905,125.0
85,80,5,118.35082,125.0
85,81,5,118.8874,125.0
85,82,5,122.80758,125.0
85,83,1,110.27094,125.0
85,84,3,115.86917,125.0
85,85,5,114.18694,125.0
85,86,3,114.6796,125.0
85,87,4,111.232765,125.0
85,88,4,114.55546,125.0
85,89,5,111.02512,125.0
85,90,0,124.82383,125.0
85,91,4,113.6977,125.0
85,92,1,117.029625,125.0
85,93,4,105.70294,125.0
85,94,2,104.93214,125.0
85,95,3,96.92928,125.0
85,96,3,110.31502,125.0
85,97,2,106.94022,125.0
85,98,2,97.57868,125.0
85,99,0,99.40139,125.0
85,100,1,100.05375,125.0
85,101,3,106.49272,125.0
85,102,0,109.21445,125.0
85,103,3,109.164375,125.0
85,104,5,107.6987,125.0
85,105,4,110.41342,125.0
85,106,4,103.65392,124.0
85,107,0,108.694435,123.0
85,108,3,122.44595,122.0
85,109,4,102.668846,121.0
85,110,0,103.39657,120.0
85,111,5,112.076195,119.0
85,112,0,121.305954,118.0
85,113,3,119.19851,117.0
85,114,2,106.47437,116.0
85,115,5,109.476814,115.0
85,116,4,110.807304,114.0
85,117,5,112.18564,113.0
85,118,2,107.52553,112.0
85,119,1,110.36085,111.0
85,120,3,96.39415,110.0
85,121,5,86.84416,109.0
85,122,1,92.702896,108.0
85,123,3,105.00513,107.0
85,124,4,102.23699,106.0
85,125,3,98.56484,105.0
85,126,2,109.03435,104.0
85,127,4,98.346695,103.0
85,128,0,113.41564,102.0
85,129,5,113.6409,101.0
85,130,0,113.52215,100.0
85,131,2,95.66605,99.0
85,132,1,107.37077,98.0
85,133,5,102.65975,97.0
85,134,4,109.425156,96.0
85,135,0,103.75562,95.0
85,136,5,120.37589,94.0
85,137,2,111.25817,93.0
85,138,2,111.4911,92.0
85,139,2,96.60917,91.0
85,140,2,114.47527,90.0
85,141,5,111.94265,89.0
85,142,3,115.70928,88.0
85,143,4,119.57609,87.0
85,144,0,115.06709,86.0
85,145,2,101.06608,85.0
85,146,0,101.80673,84.0
85,147,1,90.694115,83.0
85,148,0,100.85543,82.0
85,149,5,82.07429,81.0
85,150,4,78.19915,80.0
85,151,3,78.784096,79.0
85,152,5,95.28576,78.0
85,153,0,82.800255,77.0
85,154,2,81.08355,76.0
85,155,1,72.26574,75.0
85,156,3,64.070274,74.0
85,157,0,65.54667,73.0
85,158,5,70.5969,72.0
85,159,3,63.85383,71.0
85,160,0,62.096092,70.0
85,161,0,61.79709,69.0
85,162,2,52.052162,68.0
85,163,1,54.033455,67.0
85,164,2,54.57276,66.0
85,165,0,54.725685,65.0
85,166,3,55.612354,64.0
85,167,4,43.502316,63.0
85,168,1,44.956215,62.0
85,169,0,47.1754,61.0
85,170,0,43.146645,60.0
85,171,3,43.693066,59.0
85,172,0,39.429955,58.0
85,173,1,33.240326,57.0
85,174,5,28.912983,56.0
85,175,2,27.17968,55.0
85,176,4,29.80925,54.0
85,177,1,30.795818,53.0
85,178,1,32.19004,52.0
85,179,0,33.322853,51.0
85,180,5,29.6979,50.0
85,181,4,29.10386,49.0
85,182,0,27.586912,48.0
85,183,3,28.326565,47.0
86,36,1,118.28247,125.0
86,37,0,121.29815,125.0
86,38,3,117.30625,125.0
86,39,4,116.95478,125.0
86,40,0,107.83173,125.0
86,41,5,117.078125,125.0
86,42,1,115.55012,125.0
86,43,2,111.02863,125.0
86,44,3,114.00939,125.0
86,45,0,106.2705,125.0
86,46,0,111.164665,125.0
86,47,0,88.6285,125.0
86,48,4,111.74798,125.0
86,49,0,120.99882,125.0
86,50,1,120.238655,125.0
86,51,2,113.57566,125.0
86,52,4,110.84952,125.0
86,53,5,119.71668,125.0
86,54,3,124.27643,125.0
86,55,2,113.88642,125.0
86,56,5,119.71462,125.0
86,57,3,117.55062,125.0
86,58,1,116.15832,125.0
86,59,0,121.639694,125.0
86,60,1,123.67448,125.0
86,61,1,113.87677,125.0
86,62,4,117.93261,125.0
86,63,0,114.17566,125.0
86,64,5,113.66628,125.0
86,65,0,115.39291,125.0
86,66,3,111.574905,125.0
86,67,5,103.34858,125.0
86,68,4,115.10171,125.0
86,69,3,111.24614,125.0
86,70,4,117.02744,125.0
86,71,3,118.03088,125.0
86,72,4,112.30132,125.0
86,73,5,120.441246,125.0
86,74,5,106.67773,125.0
86,75,2,111.17562,125.0
86,76,0,116.67528,125.0
86,77,4,122.01772,125.0
86,78,1,122.2344,125.0
86,79,2,114.92423,125.0
86,80,0,121.68665,125.0
86,81,1,124.94353,125.0
86,82,2,114.93225,125.0
86,83,4,113.86605,125.0
87,36,3,103.834076,116.0
87,37,1,106.92355,115.0
87,38,3,78.418434,114.0
87,39,3,67.58883,113.0
87,40,0,56.42565,112.0
87,41,2,80.49532,111.0
87,42,5,91.682175,110.0
87,43,1,101.70643,109.0
87,44,3,95.94932,108.0
87,45,3,91.67236,107.0
87,46,0,95.19898,106.0
87,47,2,96.84125,105.0
87,48,2,92.419014,104.0
87,49,0,113.51627,103.0
87,50,5,118.85563,102.0
87,51,5,114.72059,101.0
87,52,2,116.66285,100.0
87,53,1,113.366035,99.0
87,54,1,105.304085,98.0
87,55,2,106.25814,97.0
87,56,4,105.10171,96.0
87,57,3,94.657616,95.0
87,58,5,104.13521,94.0
87,59,1,108.98275,93.0
87,60,5,93.53733,92.0
87,61,1,87.856285,91.0
87,62,4,104.69515,90.0
87,63,2,100.11698,89.0
87,64,1,86.832596,88.0
87,65,0,82.39471,87.0
87,66,1,70.09777,86.0
87,67,3,84.387344,85.0
87,68,2,101.73588,84.0
87,69,2,101.881035,83.0
87,70,5,95.276375,82.0
87,71,1,104.273315,81.0
87,72,5,106.09116,80.0
87,73,4,103.520744,79.0
87,74,3,119.419075,78.0
87,75,2,111.49181,77.0
87,76,5,117.83761,76.0
87,77,3,117.50919,75.0
87,78,0,125.33405,74.0
87,79,0,114.779396,73.0
87,80,1,114.97563,72.0
87,81,3,110.0614,71.0
87,82,0,111.91461,70.0
87,83,4,111.4684,69.0
87,84,4,119.44091,68.0
87,85,3,116.30069,67.0
87,86,0,120.96403,66.0
87,87,0,106.21023,65.0
87,88,3,110.40514,64.0
87,89,3,100.78135,63.0
87,90,4,109.28417,62.0
87,91,2,102.994064,61.0
87,92,3,95.74708,60.0
87,93,3,88.51446,59.0
87,94,0,83.018166,58.0
87,95,5,104.74616,57.0
87,96,1,118.27003,56.0
87,97,3,113.418465,55.0
87,98,0,113.47727,54.0
87,99,4,115.75362,53.0
87,100,4,120.15423,52.0
87,101,3,111.22578,51.0
87,102,3,114.53184,50.0
87,103,0,109.13661,49.0
87,104,5,107.507225,48.0
87,105,0,113.24023,47.0
87,106,0,118.69742,46.0
87,107,1,114.91399,45.0
87,108,5,112.234535,44.0
87,109,2,112.00532,43.0
87,110,3,120.970024,42.0
87,111,3,119.43206,41.0
87,112,0,109.06572,40.0
87,113,4,107.62049,39.0
87,114,0,114.93539,38.0
87,115,5,114.12344,37.0
87,116,0,97.02418,36.0
87,117,0,87.34732,35.0
87,118,5,77.40487,34.0
87,119,2,89.00111,33.0
87,120,5,96.338234,32.0
87,121,1,82.69936,31.0
87,122,2,77.31382,30.0
87,123,1,75.7577,29.0
87,124,1,84.42428,28.0
87,125,0,57.373276,27.0
87,126,0,47.252678,26.0
87,127,0,45.74922,25.0
87,128,5,39.868256,24.0
87,129,0,40.982613,23.0
87,130,4,31.42016,22.0
87,131,2,30.457134,21.0
88,36,5,108.5897,125.0
88,37,4,102.18532,125.0
88,38,4,110.03137,125.0
88,39,5,111.09222,125.0
88,40,4,114.68382,125.0
88,41,4,104.89754,125.0
88,42,4,104.14287,125.0
88,43,3,96.27387,125.0
88,44,3,97.41927,125.0
88,45,5,102.38476,125.0
88,46,4,96.43427,125.0
88,47,4,75.32436,125.0
88,48,1,95.28535,125.0
88,49,5,104.6856,125.0
88,50,0,106.95841,125.0
88,51,1,110.1187,125.0
88,52,1,119.263695,125.0
88,53,5,117.0884,125.0
88,54,2,115.83685,125.0
88,55,0,123.78187,125.0
88,56,3,119.58993,125.0
88,57,4,116.07278,125.0
88,58,2,120.21336,125.0
88,59,4,117.95963,125.0
88,60,2,128.33443,125.0
88,61,0,126.143684,125.0
88,62,1,128.06767,125.0
88,63,4,118.805824,125.0
88,64,1,117.34299,125.0
88,65,4,112.56132,125.0
88,66,5,109.96494,125.0
88,67,0,103.140526,125.0
88,68,1,99.85734,125.0
88,69,0,112.214455,125.0
88,70,0,103.132744,125.0
88,71,3,104.35358,125.0
88,72,4,118.965744,125.0
88,73,1,99.27601,125.0
88,74,3,107.790955,125.0
88,75,4,117.597755,125.0
88,76,4,112.79778,125.0
88,77,2,117.70019,125.0
88,78,5,128.5452,125.0
88,79,3,122.22107,125.0
88,80,5,125.83751,125.0
88,81,4,117.93563,125.0
88,82,4,112.77242,125.0
88,83,4,109.97939,125.0
88,84,1,118.215996,125.0
88,85,3,113.8348,125.0
88,86,5,121.32957,125.0
88,87,4,116.97871,125.0
88,88,0,124.446266,125.0
88,89,1,120.97399,125.0
88,90,0,109.06205,125.0
88,91,4,103.02618,125.0
88,92,2,115.225204,125.0
88,93,4,102.416405,125.0
88,94,2,101.28757,125.0
88,95,2,81.61616,125.0
88,96,1,85.863655,125.0
88,97,1,94.53168,125.0
88,98,5,108.36195,125.0
88,99,0,104.85607,125.0
88,100,2,107.24313,125.0
88,101,4,109.07585,125.0
88,102,3,99.40319,125.0
88,103,3,100.51052,125.0
88,104,3,92.18368,125.0
88,105,5,86.02284,125.0
88,106,4,89.526436,125.0
88,107,5,88.25353,125.0
88,108,0,100.99465,125.0
88,109,5,83.43708,125.0
88,110,0,41.24282,125.0
88,111,1,45.73079,125.0
88,112,1,60.739338,125.0
88,113,4,70.11945,125.0
88,114,2,70.38601,125.0
88,115,0,79.75744,125.0
88,116,1,84.87645,125.0
88,117,2,89.79594,125.0
88,118,0,94.32842,125.0
88,119,2,101.59355,125.0
88,120,3,97.68999,125.0
88,121,0,103.71469,124.0
88,122,4,111.221855,123.0
88,123,1,110.33915,122.0
88,124,0,98.51827,121.0
88,125,3,108.97862,120.0
88,126,0,105.76269,119.0
88,127,2,115.32442,118.0
88,128,3,120.791954,117.0
88,129,3,118.71213,116.0
88,130,5,113.97437,115.0
88,131,1,118.7245,114.0
88,132,0,120.3438,113.0
88,133,3,113.28261,112.0
88,134,3,114.24801,111.0
88,135,5,110.94127,110.0
88,136,1,115.22961,109.0
88,137,4,115.57978,108.0
88,138,2,115.841934,107.0
88,139,1,118.064064,106.0
88,140,3,114.644966,105.0
88,141,2,115.529755,104.0
88,142,1,109.99461,103.0
88,143,0,95.11396,102.0
88,144,0,92.910934,101.0
88,145,0,102.61759,100.0
88,146,3,100.78386,99.0
88,147,4,108.67252,98.0
88,148,5,92.37093,97.0
88,149,5,89.2176,96.0
88,150,3,74.20525,95.0
88,151,3,66.77062,94.0
88,152,0,66.12014,93.0
88,153,1,76.532745,92.0
88,154,2,70.911804,91.0
88,155,4,65.78428,90.0
88,156,5,69.43879,89.0
88,157,5,83.04579,88.0
88,158,3,67.27605,87.0
88,159,0,88.689674,86.0
88,160,4,76.95699,85.0
88,161,5,93.08541,84.0
88,162,1,86.02067,83.0
88,163,4,83.531876,82.0
88,164,3,93.57461,81.0
88,165,5,100.00034,80.0
88,166,0,106.47204,79.0
89,36,3,92.74725,120.0
89,37,1,92.227264,119.0
89,38,3,104.75878,118.0
89,39,1,116.82797,117.0
89,40,2,112.78045,116.0
89,41,1,112.23182,115.0
89,42,1,117.62243,114.0
89,43,3,118.8025,113.0
89,44,3,112.485985,112.0
89,45,5,113.18885,111.0
89,46,1,107.13805,110.0
89,47,3,100.64063,109.0
89,48,3,108.28341,108.0
89,49,2,114.309814,107.0
89,50,4,126.74725,106.0
89,51,5,113.317604,105.0
89,52,2,118.234474,104.0
89,53,1,112.45869,103.0
89,54,5,104.59124,102.0
89,55,0,104.27491,101.0
89,56,3,105.62115,100.0
89,57,1,89.917046,99.0
89,58,2,119.55145,98.0
89,59,2,113.02506,97.0
90,36,3,111.25489,125.0
90,37,1,111.38309,125.0
90,38,2,111.895905,125.0
90,39,1,119.54891,125.0
90,40,5,112.652435,125.0
90,41,2,116.16651,125.0
90,42,1,106.26565,125.0
90,43,5,107.97239,125.0
90,44,5,100.05177,125.0
90,45,4,99.14907,125.0
90,46,0,98.51937,125.0
90,47,2,104.57914,124.0
90,48,2,92.88557,123.0
90,49,2,100.23414,122.0
90,50,5,97.081184,121.0
90,51,5,100.93049,120.0
90,52,2,110.230125,119.0
90,53,0,105.95544,118.0
90,54,4,113.87321,117.0
90,55,1,112.299965,116.0
90,56,0,107.68087,115.0
90,57,2,108.23472,114.0
90,58,2,109.89492,113.0
90,59,0,99.81382,112.0
90,60,1,101.84203,111.0
90,61,0,104.254814,110.0
90,62,0,83.674965,109.0
90,63,3,105.452835,108.0
90,64,4,97.28922,107.0
90,65,3,100.55369,106.0
90,66,3,105.03077,105.0
90,67,3,102.93026,104.0
90,68,0,104.24234,103.0
90,69,1,86.0329,102.0
90,70,5,117.592705,101.0
90,71,3,99.17721,100.0
90,72,0,87.332794,99.0
90,73,3,77.081345,98.0
90,74,0,87.47629,97.0
90,75,0,70.812874,96.0
90,76,2,68.817635,95.0
90,77,1,57.399185,94.0
90,78,0,68.82194,93.0
90,79,1,80.9208,92.0
90,80,5,78.870735,91.0
90,81,5,87.83572,90.0
90,82,5,87.31761,89.0
90,83,2,98.877556,88.0
90,84,2,105.15566,87.0
90,85,2,101.66217,86.0
90,86,3,114.87852,85.0
90,87,2,92.45257,84.0
90,88,3,103.11484,83.0
90,89,2,94.94565,82.0
90,90,4,88.23729,81.0
90,91,5,86.4813,80.0
90,92,4,87.34165,79.0
90,93,5,72.57273,78.0
90,94,4,48.302322,77.0
90,95,0,58.91722,76.0
90,96,0,74.0315,75.0
90,97,0,85.212654,74.0
90,98,4,67.71723,73.0
90,99,3,72.87165,72.0
90,100,3,69.87806,71.0
90,101,0,84.49224,70.0
90,102,5,78.19602,69.0
90,103,2,91.14254,68.0
90,104,0,91.36819,67.0
90,105,2,102.69457,66.0
90,106,5,87.37517,65.0
90,107,4,75.60406,64.0
90,108,4,84.45314,63.0
90,109,0,81.86552,62.0
90,110,5,83.936134,61.0
90,111,1,65.52601,60.0
90,112,1,50.79966,59.0
90,113,1,50.26064,58.0
90,114,4,50.994007,57.0
90,115,5,45.94276,56.0
90,116,3,48.134445,55.0
90,117,3,45.842552,54.0
90,118,3,41.70258,53.0
90,119,1,47.71454,52.0
90,120,3,47.329285,51.0
90,121,4,61.208084,50.0
90,122,4,61.15171,49.0
90,123,2,71.793686,48.0
90,124,5,58.33152,47.0
90,125,0,57.278114,46.0
90,126,2,57.604706,45.0
90,127,2,46.454872,44.0
90,128,3,44.190903,43.0
90,129,2,31.989456,42.0
90,130,5,26.321167,41.0
90,131,5,27.234053,40.0
90,132,1,21.801792,39.0
90,133,0,28.354336,38.0
90,134,3,18.082504,37.0
90,135,3,25.452782,36.0
90,136,3,17.061758,35.0
90,137,1,18.40991,34.0
90,138,1,19.191654,33.0
90,139,4,18.153255,32.0
90,140,0,22.990208,31.0
90,141,1,21.231216,30.0
90,142,0,20.718332,29.0
90,143,1,21.863422,28.0
90,144,1,20.045574,27.0
90,145,1,16.189028,26.0
90,146,2,19.98302,25.0
90,147,0,16.254585,24.0
90,148,0,15.026282,23.0
90,149,3,15.785462,22.0
90,150,5,19.5191,21.0
90,151,2,19.065392,20.0
90,152,0,21.141544,19.0
90,153,0,12.740086,18.0
90,154,4,13.2720785,17.0
90,155,2,14.341738,16.0
90,156,0,14.089926,15.0
90,157,1,13.420177,14.0
90,158,1,12.3934555,13.0
90,159,5,11.132291,12.0
90,160,3,12.472508,11.0
90,161,4,12.353679,10.0
90,162,0,10.303337,9.0
90,163,0,8.682616,8.0
91,36,0,123.17593,125.0
91,37,0,117.150795,125.0
91,38,5,114.33323,125.0
91,39,2,115.30254,125.0
91,40,0,117.602516,125.0
91,41,2,115.66758,125.0
91,42,3,114.909004,125.0
91,43,0,121.46692,125.0
91,44,1,117.571465,125.0
91,45,2,118.1929,125.0
91,46,0,122.958046,125.0
91,47,2,121.76398,125.0
91,48,3,120.2183,125.0
91,49,2,103.73645,125.0
91,50,3,103.54042,125.0
91,51,5,111.808365,125.0
91,52,2,115.362305,125.0
91,53,0,121.40244,125.0
91,54,2,117.34348,125.0
91,55,5,126.121445,125.0
91,56,5,123.93241,125.0
91,57,2,125.68429,125.0
91,58,0,117.289085,125.0
91,59,2,121.18354,125.0
91,60,0,121.29093,125.0
91,61,2,114.95676,125.0
91,62,2,119.126564,125.0
91,63,1,115.33784,125.0
91,64,5,119.672516,125.0
91,65,4,118.856316,125.0
91,66,0,126.48479,125.0
91,67,1,120.85419,125.0
91,68,5,119.532585,125.0
91,69,2,119.33512,125.0
91,70,5,114.320335,125.0
91,71,3,117.918236,125.0
91,72,5,110.251366,125.0
91,73,3,109.31695,125.0
91,74,5,101.53715,125.0
91,75,0,117.6351,125.0
91,76,0,105.21143,125.0
91,77,3,119.64179,125.0
91,78,4,120.56077,125.0
91,79,0,109.64803,125.0
91,80,3,104.7947,125.0
91,81,1,114.01189,125.0
91,82,5,106.71497,125.0
91,83,2,120.90223,125.0
91,84,0,118.107994,125.0
91,85,1,115.336266,125.0
91,86,1,110.719604,125.0
91,87,3,107.9609,125.0
91,88,1,101.55219,125.0
91,89,4,105.15061,125.0
91,90,0,92.47941,125.0
91,91,3,97.55241,125.0
91,92,0,114.143166,125.0
91,93,0,114.46145,125.0
91,94,0,115.48894,125.0
91,95,2,115.482124,125.0
91,96,5,116.57935,125.0
91,97,0,118.08841,125.0
91,98,0,116.67917,125.0
91,99,3,114.18079,125.0
91,100,0,116.07743,125.0
91,101,0,115.54479,125.0
91,102,4,115.25026,125.0
91,103,4,115.77607,125.0
91,104,2,119.57176,125.0
91,105,1,115.090515,125.0
91,106,0,110.69621,125.0
91,107,2,116.82108,125.0
91,108,4,104.54177,125.0
91,109,0,115.46809,125.0
91,110,3,119.301865,125.0
91,111,2,112.90125,125.0
91,112,0,121.205124,125.0
91,113,0,127.194,125.0
91,114,5,119.61671,125.0
91,115,0,120.43508,125.0
91,116,0,115.10139,125.0
91,117,3,120.66047,125.0
91,118,4,122.08764,125.0
91,119,0,115.938194,125.0
91,120,1,122.24949,125.0
91,121,5,113.17315,125.0
91,122,1,115.20076,125.0
91,123,0,113.8808,125.0
91,124,4,105.17868,125.0
91,125,2,111.6166,125.0
91,126,2,110.3151,125.0
91,127,1,101.97219,125.0
91,128,3,104.82327,125.0
91,129,5,104.5512,125.0
91,130,4,114.38864,125.0
91,131,3,109.3153,125.0
91,132,5,108.74124,125.0
91,133,3,92.660515,125.0
91,134,4,100.94956,125.0
91,135,0,109.34109,125.0
91,136,0,112.083755,125.0
91,137,5,115.86384,125.0
91,138,4,109.65239,125.0
91,139,4,115.20835,125.0
91,140,4,108.40377,125.0
91,141,5,112.62255,125.0
91,142,1,104.28397,125.0
91,143,2,105.584435,125.0
91,144,4,95.83141,125.0
91,145,0,107.32696,125.0
91,146,0,110.93364,125.0
91,147,4,96.64948,125.0
91,148,5,101.8243,125.0
91,149,5,108.33331,125.0
91,150,1,102.9537,125.0
91,151,5,98.961075,125.0
91,152,1,91.78802,125.0
91,153,0,96.97442,125.0
91,154,1,101.22739,125.0
91,155,2,113.34274,125.0
91,156,3,103.710655,125.0
91,157,5,108.522896,125.0
91,158,1,115.29717,125.0
91,159,3,109.22586,125.0
91,160,3,103.9871,125.0
91,161,5,114.157616,125.0
91,162,2,111.48968,125.0
91,163,0,118.43091,124.0
91,164,0,118.71945,123.0
91,165,5,112.520195,122.0
91,166,1,114.890686,121.0
91,167,2,117.9152,120.0
91,168,0,112.30567,119.0
91,169,2,102.29694,118.0
91,170,1,108.32731,117.0
91,171,5,114.02212,116.0
91,172,4,122.48005,115.0
91,173,3,101.51851,114.0
91,174,5,109.86269,113.0
91,175,0,104.325554,112.0
91,176,3,93.995476,111.0
91,177,1,108.94311,110.0
91,178,3,99.53187,109.0
91,179,3,107.84138,108.0
91,180,2,108.35508,107.0
91,181,2,100.33793,106.0
91,182,3,90.78602,105.0
91,183,3,82.24098,104.0
91,184,0,106.15526,103.0
91,185,4,99.35906,102.0
91,186,4,90.11138,101.0
91,187,4,81.43343,100.0
91,188,2,94.776115,99.0
91,189,3,89.7086,98.0
91,190,0,111.770775,97.0
91,191,2,92.2219,96.0
91,192,4,77.09565,95.0
91,193,4,66.14525,94.0
91,194,3,86.0218,93.0
91,195,4,52.124454,92.0
91,196,5,85.45102,91.0
91,197,2,72.23062,90.0
91,198,5,87.31611,89.0
91,199,2,81.28701,88.0
91,200,2,79.40724,87.0
91,201,0,95.585556,86.0
91,202,4,98.79737,85.0
91,203,2,80.49982,84.0
91,204,0,94.413734,83.0
91,205,1,83.65023,82.0
91,206,3,102.92753,81.0
91,207,0,104.60193,80.0
91,208,1,103.94311,79.0
91,209,1,97.83828,78.0
91,210,2,108.18464,77.0
91,211,2,105.18926,76.0
91,212,0,111.23582,75.0
91,213,0,99.08591,74.0
91,214,4,105.96258,73.0
91,215,0,110.3052,72.0
91,216,4,105.67348,71.0
91,217,1,111.88296,70.0
91,218,1,93.98557,69.0
91,219,0,78.7028,68.0
91,220,5,78.04764,67.0
91,221,3,69.39904,66.0
91,222,5,88.446465,65.0
91,223,4,105.78198,64.0
91,224,0,94.40296,63.0
91,225,4,102.551544,62.0
91,226,0,100.44823,61.0
91,227,4,93.13393,60.0
91,228,0,106.02986,59.0
91,229,5,116.82467,58.0
91,230,0,112.514015,57.0
91,231,0,108.897606,56.0
91,232,5,104.27715,55.0
91,233,0,102.1533,54.0
91,234,5,99.97653,53.0
91,235,2,107.6782,52.0
91,236,2,111.80735,51.0
91,237,1,109.8608,50.0
91,238,0,106.5577,49.0
91,239,3,105.074356,48.0
91,240,0,98.62566,47.0
91,241,0,94.983894,46.0
91,242,2,94.138145,45.0
91,243,5,96.85443,44.0
91,244,1,71.4007,43.0
91,245,0,71.198906,42.0
91,246,3,78.84628,41.0
91,247,2,64.217766,40.0
91,248,4,75.90844,39.0
91,249,3,52.382515,38.0
91,250,5,67.440056,37.0
91,251,1,68.432976,36.0
91,252,0,65.25762,35.0
91,253,3,69.80198,34.0
91,254,3,53.56702,33.0
91,255,3,51.797783,32.0
91,256,1,58.449852,31.0
91,257,5,42.866783,30.0
91,258,5,58.83023,29.0
91,259,3,58.830425,28.0
91,260,0,82.54116,27.0
91,261,0,93.83058,26.0
91,262,5,88.865814,25.0
91,263,4,89.96366,24.0
91,264,4,78.77369,23.0
91,265,2,70.38085,22.0
91,266,0,66.4999,21.0
91,267,5,85.48852,20.0
91,268,0,81.46142,19.0
91,269,4,96.337975,18.0
91,270,5,95.4977,17.0
91,271,3,74.19849,16.0
91,272,0,84.352425,15.0
91,273,0,100.349846,14.0
91,274,1,92.400215,13.0
91,275,0,100.77819,12.0
91,276,4,84.24534,11.0
91,277,5,63.249615,10.0
91,278,3,84.21772,9.0
92,36,3,122.54308,125.0
92,37,5,119.85854,125.0
92,38,0,123.36855,125.0
92,39,3,120.76504,125.0
92,40,3,107.94434,125.0
92,41,0,108.93378,125.0
92,42,5,103.16691,125.0
92,43,0,96.85946,125.0
92,44,3,106.42634,125.0
92,45,4,108.22543,125.0
92,46,0,109.9593,125.0
92,47,2,98.459236,125.0
92,48,5,118.41021,125.0
92,49,1,125.41544,125.0
92,50,3,123.72405,125.0
92,51,5,125.71467,125.0
92,52,0,114.693596,125.0
92,53,0,121.528404,125.0
92,54,5,110.37334,125.0
92,55,0,108.934746,125.0
92,56,0,89.75348,125.0
92,57,2,110.862976,125.0
92,58,4,116.45408,125.0
92,59,3,113.70371,125.0
92,60,1,109.613686,125.0
92,61,2,113.650314,125.0
92,62,1,119.59279,125.0
92,63,5,120.96603,125.0
92,64,4,118.46335,125.0
92,65,5,125.28216,125.0
92,66,5,118.990036,125.0
92,67,2,118.89283,125.0
92,68,2,115.755104,125.0
92,69,1,115.19694,125.0
92,70,3,119.75465,125.0
92,71,2,102.2678,125.0
92,72,4,95.76502,124.0
92,73,3,95.69381,123.0
92,74,3,118.936226,122.0
92,75,4,101.83224,121.0
92,76,3,96.59313,120.0
92,77,5,114.439125,119.0
92,78,2,103.94745,118.0
92,79,2,113.08448,117.0
92,80,1,117.27332,116.0
92,81,0,112.722084,115.0
92,82,0,118.45899,114.0
92,83,1,109.738075,113.0
92,84,4,106.059166,112.0
92,85,1,107.96523,111.0
92,86,0,108.803154,110.0
92,87,0,120.835335,109.0
92,88,3,119.43662,108.0
92,89,1,112.62002,107.0
92,90,0,119.58802,106.0
92,91,5,105.06304,105.0
92,92,0,92.70155,104.0
92,93,4,110.72251,103.0
92,94,2,120.34692,102.0
92,95,3,101.58045,101.0
92,96,0,107.727,100.0
92,97,0,100.645515,99.0
92,98,2,105.7297,98.0
92,99,4,102.78948,97.0
92,100,0,90.82229,96.0
92,101,0,85.477104,95.0
92,102,4,81.70265,94.0
92,103,4,77.80583,93.0
92,104,1,76.86837,92.0
92,105,5,69.8351,91.0
92,106,4,79.78153,90.0
92,107,5,79.20948,89.0
92,108,1,84.75716,88.0
92,109,0,82.350975,87.0
92,110,1,101.83006,86.0
92,111,0,93.103874,85.0
92,112,2,99.25633,84.0
92,113,1,113.51765,83.0
92,114,0,113.15779,82.0
92,115,1,105.33018,81.0
92,116,0,104.36444,80.0
92,117,5,101.47182,79.0
92,118,3,105.68583,78.0
92,119,2,111.23852,77.0
92,120,5,109.57483,76.0
92,121,0,112.1384,75.0
92,122,5,115.72799,74.0
92,123,0,113.86934,73.0
93,36,4,105.72511,125.0
93,37,3,104.193275,125.0
93,38,2,113.55529,125.0
93,39,0,119.29866,125.0
93,40,0,115.71939,125.0
93,41,5,111.59363,125.0
93,42,0,96.53979,125.0
93,43,3,112.25707,125.0
93,44,4,118.73894,125.0
93,45,3,108.085205,125.0
93,46,5,115.351036,125.0
93,47,5,114.875824,125.0
93,48,2,119.34092,125.0
93,49,0,120.71999,125.0
93,50,2,116.60161,125.0
93,51,1,125.846085,125.0
93,52,5,126.44994,125.0
93,53,1,124.91276,125.0
93,54,1,122.0776,125.0
93,55,1,124.64928,125.0
93,56,0,124.52571,125.0
93,57,0,126.17429,125.0
93,58,3,110.83642,125.0
93,59,0,127.78259,125.0
93,60,0,115.15586,125.0
93,61,5,106.09287,125.0
93,62,5,110.27383,125.0
93,63,1,111.96808,125.0
93,64,0,109.37634,125.0
93,65,0,102.859505,125.0
93,66,0,106.27662,125.0
93,67,1,112.8967,125.0
93,68,3,105.130775,125.0
93,69,5,92.367226,125.0
93,70,3,104.94166,125.0
93,71,5,102.544815,125.0
93,72,0,116.69147,125.0
93,73,5,110.04927,125.0
93,74,2,109.682755,125.0
93,75,3,112.8641,125.0
93,76,4,117.59174,125.0
94,36,5,110.400734,125.0
94,37,4,105.745125,125.0
94,38,2,106.67979,125.0
94,39,4,105.71406,125.0
94,40,4,88.59995,125.0
94,41,0,112.04108,125.0
94,42,0,105.54592,125.0
94,43,1,118.75995,125.0
94,44,4,100.40438,125.0
94,45,1,112.50529,125.0
94,46,5,110.46527,125.0
94,47,0,127.01776,125.0
94,48,5,116.05412,125.0
94,49,5,114.01673,125.0
94,50,5,115.80654,125.0
94,51,4,115.635284,125.0
94,52,1,110.44126,125.0
94,53,3,118.51801,125.0
94,54,0,101.19369,125.0
94,55,2,108.2716,125.0
94,56,1,108.49912,125.0
94,57,2,111.451546,125.0
94,58,0,113.310005,125.0
94,59,3,88.657906,125.0
94,60,3,78.34324,125.0
94,61,3,74.70872,125.0
94,62,5,75.59665,125.0
94,63,0,86.76565,125.0
94,64,4,92.02153,125.0
94,65,1,117.503334,125.0
94,66,0,119.23701,125.0
94,67,4,115.817535,125.0
94,68,0,115.984566,125.0
94,69,0,121.046745,125.0
94,70,0,115.33652,125.0
94,71,0,115.394035,125.0
94,72,1,109.316086,125.0
94,73,4,120.875786,125.0
94,74,2,121.38351,125.0
94,75,3,122.250656,125.0
94,76,3,124.02517,125.0
94,77,1,124.21575,125.0
94,78,3,127.72982,125.0
94,79,0,126.68357,125.0
94,80,0,128.96152,125.0
94,81,2,122.91282,125.0
94,82,4,124.72253,125.0
94,83,5,117.08905,125.0
94,84,5,123.48824,125.0
94,85,1,119.03365,125.0
94,86,0,121.609795,125.0
94,87,4,117.78444,125.0
94,88,3,117.41486,125.0
94,89,4,117.74786,125.0
94,90,3,120.47553,124.0
94,91,2,118.1581,123.0
94,92,4,113.82348,122.0
94,93,1,109.07594,121.0
94,94,5,112.712364,120.0
94,95,1,106.44848,119.0
94,96,1,108.58831,118.0
94,97,4,101.93078,117.0
94,98,0,121.08706,116.0
94,99,3,120.76097,115.0
94,100,4,110.72928,114.0
94,101,0,127.54287,113.0
94,102,2,121.9851,112.0
94,103,3,112.711205,111.0
94,104,0,121.826744,110.0
94,105,5,122.928825,109.0
94,106,2,122.49327,108.0
94,107,4,121.082924,107.0
94,108,4,115.10877,106.0
94,109,5,102.75736,105.0
94,110,2,108.69962,104.0
94,111,0,111.00407,103.0
94,112,0,116.36422,102.0
94,113,2,110.03997,101.0
94,114,5,122.444466,100.0
94,115,2,123.86625,99.0
94,116,0,126.87209,98.0
94,117,2,121.57055,97.0
95,36,2,106.249,115.0
95,37,0,123.25936,114.0
95,38,1,121.163506,113.0
95,39,3,115.30818,112.0
95,40,5,117.46601,111.0
95,41,3,124.10609,110.0
95,42,3,108.70974,109.0
95,43,3,115.86797,108.0
95,44,3,104.45414,107.0
95,45,5,114.681526,106.0
95,46,0,118.742294,105.0
95,47,0,109.17983,104.0
95,48,1,123.8688,103.0
95,49,3,120.83511,102.0
95,50,3,118.518776,101.0
95,51,5,125.430695,100.0
95,52,0,125.17733,99.0
95,53,1,121.88683,98.0
95,54,1,128.52654,97.0
95,55,3,123.92759,96.0
95,56,2,124.245705,95.0
95,57,5,120.60337,94.0
95,58,0,103.70901,93.0
95,59,3,105.28285,92.0
95,60,2,109.02645,91.0
95,61,0,105.51146,90.0
95,62,4,115.4545,89.0
95,63,4,108.67809,88.0
95,64,0,93.851524,87.0
95,65,0,98.60143,86.0
95,66,5,97.77241,85.0
95,67,3,100.79767,84.0
95,68,2,104.14558,83.0
95,69,4,107.87736,82.0
95,70,0,85.71544,81.0
95,71,4,65.80535,80.0
95,72,4,53.325302,79.0
95,73,0,57.31731,78.0
95,74,0,68.85276,77.0
95,75,1,87.33543,76.0
95,76,0,72.197556,75.0
95,77,5,82.413246,74.0
95,78,5,101.32546,73.0
96,36,1,108.35157,125.0
96,37,4,124.43258,125.0
96,38,3,115.65722,125.0
96,39,5,121.80862,125.0
96,40,5,119.69,125.0
96,41,5,121.60528,125.0
96,42,4,121.03878,125.0
96,43,0,118.7709,125.0
96,44,0,113.308205,125.0
96,45,5,114.38452,125.0
96,46,3,104.68642,125.0
96,47,5,104.95506,125.0
96,48,5,89.50924,125.0
96,49,5,83.11384,125.0
96,50,1,80.91547,125.0
96,51,1,74.754875,125.0
96,52,1,73.84011,125.0
96,53,0,88.245155,125.0
96,54,0,86.3231,125.0
96,55,3,76.53033,125.0
96,56,0,74.65084,125.0
96,57,0,88.29877,125.0
96,58,1,80.957085,125.0
96,59,2,105.87564,125.0
96,60,3,103.55503,125.0
96,61,1,103.87373,125.0
96,62,2,121.614174,125.0
96,63,4,116.78835,125.0
96,64,0,107.00504,125.0
96,65,0,116.41091,124.0
96,66,0,111.190895,123.0
96,67,2,112.14709,122.0
96,68,4,113.26984,121.0
96,69,5,114.11802,120.0
96,70,3,112.327995,119.0
96,71,5,122.64847,118.0
96,72,4,108.495476,117.0
96,73,0,106.955154,116.0
96,74,5,109.78004,115.0
96,75,0,120.67765,114.0
96,76,4,111.9009,113.0
96,77,3,110.05247,112.0
96,78,5,105.647675,111.0
96,79,0,116.424675,110.0
96,80,0,111.908875,109.0
96,81,1,118.79392,108.0
96,82,5,118.76199,107.0
96,83,4,112.62223,106.0
96,84,1,116.10467,105.0
96,85,1,118.13882,104.0
96,86,2,112.65158,103.0
96,87,0,100.286896,102.0
96,88,5,95.7129,101.0
96,89,4,108.94979,100.0
96,90,5,81.02521,99.0
96,91,4,86.31932,98.0
96,92,1,92.75037,97.0
96,93,2,109.381935,96.0
96,94,2,107.50959,95.0
96,95,2,101.520256,94.0
96,96,0,107.033356,93.0
96,97,0,92.98934,92.0
96,98,5,87.5613,91.0
96,99,4,94.662224,90.0
96,100,0,90.811134,89.0
96,101,3,102.43903,88.0
96,102,2,93.44645,87.0
96,103,3,95.42147,86.0
96,104,1,97.67454,85.0
96,105,2,106.49106,84.0
96,106,3,101.29581,83.0
96,107,5,104.78022,82.0
96,108,0,107.39966,81.0
96,109,5,106.4692,80.0
96,110,2,106.299965,79.0
96,111,5,113.820305,78.0
96,112,2,108.59466,77.0
96,113,2,112.408394,76.0
96,114,0,106.060616,75.0
96,115,3,84.60634,74.0
96,116,3,89.39106,73.0
96,117,2,96.54282,72.0
96,118,3,82.56278,71.0
96,119,4,110.30369,70.0
96,120,1,105.91573,69.0
96,121,0,118.33808,68.0
96,122,2,109.993706,67.0
96,123,2,110.272,66.0
96,124,5,96.021454,65.0
96,125,3,101.36089,64.0
96,126,1,88.41828,63.0
96,127,0,94.94324,62.0
96,128,2,112.00556,61.0
96,129,5,104.281845,60.0
96,130,3,105.90882,59.0
96,131,5,113.86546,58.0
96,132,2,106.06601,57.0
96,133,4,108.32001,56.0
96,134,5,107.93217,55.0
96,135,5,103.53741,54.0
96,136,5,96.30005,53.0
96,137,2,82.325966,52.0
96,138,0,76.51005,51.0
96,139,0,86.545105,50.0
96,140,5,84.177376,49.0
97,36,3,90.42588,125.0
97,37,3,80.03732,125.0
97,38,4,100.862144,125.0
97,39,2,107.885376,125.0
97,40,2,103.0,125.0
97,41,3,98.575264,125.0
97,42,0,110.600494,125.0
97,43,3,110.180115,125.0
97,44,3,89.56763,125.0
97,45,1,90.32169,125.0
97,46,4,99.04655,125.0
97,47,4,106.41262,125.0
97,48,5,113.74066,125.0
97,49,5,105.93413,125.0
97,50,2,117.36056,125.0
97,51,0,122.79359,125.0
97,52,0,121.07769,125.0
97,53,0,113.95002,125.0
97,54,1,122.787476,125.0
97,55,5,107.786896,125.0
97,56,1,107.97164,125.0
97,57,0,96.29476,125.0
97,58,1,98.26206,125.0
97,59,4,92.340225,125.0
97,60,5,82.75257,125.0
97,61,5,66.36577,125.0
97,62,2,59.635593,125.0
97,63,0,66.42844,125.0
97,64,1,44.02187,125.0
97,65,4,50.9519,125.0
97,66,0,56.776848,125.0
97,67,0,70.35147,125.0
97,68,0,61.796494,125.0
97,69,5,66.21374,125.0
97,70,4,62.276875,125.0
97,71,2,78.312675,125.0
97,72,0,86.54133,125.0
97,73,2,94.825645,125.0
97,74,3,95.618065,125.0
97,75,1,106.44684,125.0
97,76,5,119.674324,125.0
97,77,2,120.685814,125.0
97,78,1,120.50349,125.0
97,79,5,115.63557,125.0
97,80,0,107.57654,125.0
97,81,3,115.59026,125.0
97,82,0,112.21351,125.0
97,83,0,114.51009,125.0
97,84,1,109.98411,125.0
97,85,2,109.265045,125.0
97,86,0,102.67256,125.0
97,87,3,103.8526,125.0
97,88,5,115.28463,125.0
97,89,2,113.54709,125.0
97,90,5,115.75886,125.0
97,91,2,113.96572,125.0
97,92,0,114.385345,125.0
97,93,3,110.904274,125.0
97,94,0,96.91129,125.0
97,95,0,110.374886,125.0
97,96,0,112.72368,125.0
97,97,4,108.41756,125.0
97,98,0,107.41798,125.0
97,99,3,94.1318,125.0
97,100,1,110.21898,125.0
97,101,0,111.89156,125.0
97,102,5,86.58245,125.0
97,103,2,105.73121,125.0
97,104,4,101.31922,125.0
97,105,0,87.98465,125.0
97,106,1,101.30361,125.0
97,107,0,114.97745,125.0
97,108,2,107.15557,125.0
97,109,0,107.88778,125.0
97,110,1,104.845116,125.0
97,111,0,109.78646,125.0
97,112,5,118.28956,125.0
97,113,1,111.27277,125.0
97,114,1,112.72349,125.0
97,115,5,115.50921,125.0
97,116,0,108.45971,125.0
97,117,1,94.165825,125.0
97,118,3,121.25352,125.0
97,119,4,113.19836,125.0
97,120,5,120.16739,124.0
97,121,5,114.641106,123.0
97,122,3,122.843315,122.0
97,123,0,116.10667,121.0
97,124,1,111.45094,120.0
97,125,0,88.29565,119.0
97,126,0,100.37389,118.0
97,127,1,96.32448,117.0
97,128,0,107.67589,116.0
97,129,5,92.72556,115.0
97,130,3,89.70322,114.0
97,131,3,75.274796,113.0
97,132,3,58.588604,112.0
97,133,0,72.18899,111.0
97,134,4,76.31667,110.0
97,135,3,98.69669,109.0
97,136,1,90.67965,108.0
97,137,4,91.39515,107.0
97,138,2,109.41454,106.0
97,139,0,110.722595,105.0
97,140,0,112.93194,104.0
97,141,2,106.59356,103.0
97,142,2,98.32881,102.0
97,143,0,89.244774,101.0
97,144,0,82.30339,100.0
97,145,0,82.79705,99.0
97,146,0,88.41852,98.0
97,147,3,88.21073,97.0
97,148,0,93.197845,96.0
97,149,0,85.25623,95.0
97,150,5,81.4864,94.0
97,151,0,76.05982,93.0
97,152,1,69.236595,92.0
97,153,2,66.69242,91.0
97,154,2,95.55271,90.0
97,155,3,82.43424,89.0
97,156,4,95.36034,88.0
97,157,0,83.842384,87.0
97,158,4,90.0541,86.0
97,159,3,95.780174,85.0
97,160,0,89.98102,84.0
97,161,4,102.8606,83.0
97,162,5,102.30193,82.0
97,163,1,96.071556,81.0
97,164,3,106.947815,80.0
97,165,0,119.75308,79.0
97,166,4,118.317505,78.0
97,167,4,121.11661,77.0
97,168,0,118.03079,76.0
97,169,0,121.04708,75.0
97,170,5,114.14826,74.0
97,171,1,113.995766,73.0
97,172,4,108.89881,72.0
97,173,0,102.48623,71.0
97,174,1,94.127945,70.0
97,175,5,84.55572,69.0
97,176,0,104.52778,68.0
97,177,0,110.871994,67.0
97,178,3,104.742065,66.0
97,179,1,109.15837,65.0
97,180,4,103.408905,64.0
97,181,4,80.26143,63.0
97,182,5,85.494286,62.0
97,183,0,88.90235,61.0
97,184,3,99.22248,60.0
97,185,1,88.01561,59.0
97,186,5,109.56991,58.0
97,187,3,106.64154,57.0
97,188,4,116.53484,56.0
97,189,2,105.031456,55.0
97,190,1,98.19193,54.0
97,191,0,95.536896,53.0
97,192,4,88.38729,52.0
97,193,0,80.20023,51.0
97,194,1,106.910706,50.0
97,195,5,94.83236,49.0
97,196,3,116.247536,48.0
97,197,0,81.931526,47.0
97,198,4,88.52311,46.0
97,199,2,87.31369,45.0
97,200,1,84.38132,44.0
97,201,1,89.88303,43.0
97,202,4,81.18548,42.0
97,203,4,61.093548,41.0
97,204,0,87.300865,40.0
97,205,0,88.4013,39.0
97,206,5,82.657585,38.0
97,207,4,99.692055,37.0
97,208,1,98.93041,36.0
97,209,5,83.48171,35.0
97,210,4,77.62318,34.0
97,211,1,79.845924,33.0
97,212,1,71.62592,32.0
97,213,0,90.40523,31.0
98,36,4,122.44509,125.0
98,37,3,117.43857,125.0
98,38,2,110.88872,125.0
98,39,3,110.33449,125.0
98,40,0,109.55294,125.0
98,41,2,119.57342,125.0
98,42,0,111.676506,125.0
98,43,0,116.11675,125.0
98,44,5,119.58466,125.0
98,45,3,113.27882,125.0
98,46,0,100.763664,125.0
98,47,0,104.31701,125.0
98,48,0,109.91071,125.0
98,49,1,105.80377,125.0
98,50,0,105.60331,125.0
98,51,0,118.856865,125.0
98,52,3,101.23217,125.0
98,53,2,119.06155,125.0
98,54,5,123.43104,125.0
98,55,3,112.674835,125.0
98,56,5,111.513084,125.0
98,57,2,119.87771,125.0
98,58,0,112.01472,125.0
98,59,0,111.82104,125.0
98,60,0,110.99047,125.0
98,61,5,106.90984,125.0
98,62,0,106.87624,125.0
98,63,3,98.5832,125.0
98,64,3,104.80378,125.0
98,65,0,97.03058,125.0
98,66,1,96.98846,125.0
98,67,1,96.24976,125.0
98,68,0,88.76616,125.0
98,69,0,102.4132,125.0
98,70,0,100.58902,125.0
98,71,0,114.823296,125.0
98,72,2,125.11368,125.0
98,73,2,128.23515,125.0
98,74,1,126.722755,125.0
98,75,0,122.83876,125.0
98,76,4,125.011734,125.0
98,77,3,122.11782,125.0
98,78,5,117.466064,125.0
98,79,4,100.34445,125.0
98,80,2,84.2462,125.0
98,81,1,50.967125,125.0
98,82,0,95.2333,125.0
98,83,1,82.45192,125.0
98,84,3,97.88154,125.0
98,85,1,115.376915,125.0
98,86,5,107.38923,124.0
98,87,5,107.12028,123.0
98,88,0,109.7868,122.0
98,89,1,105.70261,121.0
98,90,5,115.94741,120.0
98,91,4,111.081825,119.0
98,92,1,106.324135,118.0
98,93,5,108.884705,117.0
98,94,4,97.4486,116.0
98,95,0,108.75761,115.0
98,96,0,114.83332,114.0
98,97,3,122.47573,113.0
98,98,5,120.100624,112.0
98,99,4,122.6996,111.0
98,100,2,109.898705,110.0
98,101,1,125.22646,109.0
98,102,1,115.79163,108.0
98,103,0,107.872955,107.0
98,104,0,108.86279,106.0
98,105,0,111.0408,105.0
98,106,4,120.55128,104.0
98,107,1,120.0722,103.0
98,108,4,121.71499,102.0
98,109,1,116.894165,101.0
98,110,4,120.1197,100.0
98,111,2,117.351265,99.0
98,112,0,113.47163,98.0
98,113,3,125.10951,97.0
99,36,3,117.35705,125.0
99,37,3,121.71594,125.0
99,38,3,118.87635,125.0
99,39,3,98.8829,125.0
99,40,0,109.879265,125.0
99,41,3,84.42517,125.0
99,42,4,93.36851,125.0
99,43,2,94.53174,125.0
99,44,0,104.08018,125.0
99,45,0,114.79359,125.0
99,46,1,108.64277,125.0
99,47,1,113.70389,125.0
99,48,1,105.05484,124.0
99,49,5,93.83122,123.0
99,50,0,82.58558,122.0
99,51,1,93.0794,121.0
99,52,5,96.048134,120.0
99,53,5,90.0758,119.0
99,54,1,75.10114,118.0
99,55,3,56.117584,117.0
99,56,4,97.5658,116.0
99,57,5,88.842476,115.0
99,58,2,95.01407,114.0
99,59,0,82.41042,113.0
99,60,2,97.05633,112.0
99,61,4,99.41723,111.0
99,62,5,97.08427,110.0
99,63,5,106.483894,109.0
99,64,4,102.14382,108.0
99,65,4,94.92544,107.0
99,66,5,90.794754,106.0
99,67,2,83.25044,105.0
99,68,1,95.95408,104.0
99,69,4,83.6115,103.0
99,70,5,85.56078,102.0
99,71,2,73.218544,101.0
99,72,4,73.67577,100.0
99,73,2,68.30528,99.0
99,74,0,100.3084,98.0
99,75,3,106.83396,97.0
99,76,3,115.55836,96.0
99,77,3,105.831505,95.0
99,78,4,91.125755,94.0
99,79,2,74.47161,93.0
99,80,1,91.21964,92.0
99,81,0,91.8948,91.0
99,82,1,100.56043,90.0
99,83,3,97.65193,89.0
99,84,5,108.73341,88.0
99,85,3,103.08467,87.0
99,86,0,102.24119,86.0
99,87,2,88.77073,85.0
99,88,1,105.84527,84.0
99,89,1,93.21577,83.0
99,90,4,86.6334,82.0
99,91,0,90.877975,81.0
99,92,4,95.306946,80.0
99,93,5,90.34561,79.0
99,94,1,85.87267,78.0
99,95,5,70.00248,77.0
99,96,0,67.32026,76.0
99,97,2,54.170002,75.0
99,98,2,83.621346,74.0
99,99,0,85.2913,73.0
99,100,5,82.494484,72.0
99,101,0,83.713356,71.0
99,102,5,72.58703,70.0
99,103,2,75.14863,69.0
99,104,2,78.499214,68.0
99,105,3,108.73708,67.0
99,106,3,105.12516,66.0
99,107,0,104.79005,65.0
99,108,0,100.75367,64.0
99,109,0,97.62562,63.0
99,110,3,111.03007,62.0
99,111,1,105.24401,61.0
99,112,5,95.51535,60.0
99,113,0,101.94221,59.0
99,114,2,99.393745,58.0
99,115,0,79.09692,57.0
99,116,1,92.934975,56.0
99,117,4,85.91247,55.0
99,118,5,62.764477,54.0
99,119,0,59.280346,53.0
99,120,3,61.162617,52.0
99,121,0,55.673874,51.0
99,122,5,50.26544,50.0
99,123,0,53.080467,49.0
99,124,4,52.184784,48.0
99,125,1,54.440323,47.0
99,126,1,45.407722,46.0
99,127,0,44.042587,45.0
99,128,1,53.723343,44.0
99,129,3,60.40719,43.0
99,130,3,55.207077,42.0
99,131,4,39.98307,41.0
99,132,2,34.339306,40.0
99,133,3,29.918869,39.0
99,134,0,38.128014,38.0
99,135,2,39.73339,37.0
99,136,5,43.521576,36.0
99,137,2,42.22018,35.0
99,138,0,44.2285,34.0
99,139,0,53.560066,33.0
99,140,3,43.546925,32.0
99,141,4,36.72583,31.0
99,142,1,36.353867,30.0
99,143,0,33.420662,29.0
99,144,1,32.07415,28.0
99,145,5,38.05407,27.0
99,146,5,37.614338,26.0
99,147,0,30.852882,25.0
99,148,0,26.086515,24.0
99,149,0,27.14815,23.0
99,150,0,27.037718,22.0
99,151,0,21.636637,21.0
99,152,2,22.423481,20.0
99,153,1,23.355492,19.0
99,154,5,24.912186,18.0
99,155,3,15.721184,17.0
99,156,1,16.035728,16.0
99,157,3,16.3997,15.0
99,158,3,15.104119,14.0
99,159,1,8.130881,13.0
99,160,0,12.826593,12.0
99,161,2,11.225953,11.0
99,162,5,15.946601,10.0
99,163,3,17.390987,9.0
100,36,1,95.78712,125.0
100,37,0,91.49128,125.0
100,38,0,98.12345,125.0
100,39,3,88.32979,124.0
100,40,3,105.43823,123.0
100,41,0,88.97884,122.0
100,42,5,100.74436,121.0
100,43,5,98.2281,120.0
100,44,1,96.84759,119.0
100,45,0,92.76644,118.0
100,46,0,96.90693,117.0
100,47,5,68.7884,116.0
100,48,0,61.64364,115.0
100,49,0,44.91815,114.0
100,50,0,35.27546,113.0
100,51,3,56.74824,112.0
100,52,5,49.15187,111.0
100,53,4,108.942635,110.0
100,54,2,117.08028,109.0
100,55,3,114.8536,108.0
100,56,4,115.0117,107.0
100,57,0,103.0272,106.0
100,58,4,104.63238,105.0
100,59,0,100.89833,104.0
100,60,5,101.8408,103.0
100,61,4,87.969795,102.0
100,62,2,73.13918,101.0
100,63,0,78.87908,100.0
100,64,5,98.78231,99.0
100,65,1,120.95771,98.0
100,66,4,104.95636,97.0
100,67,0,117.67602,96.0
100,68,5,112.30611,95.0
100,69,3,115.12553,94.0
100,70,0,100.49494,93.0
100,71,0,111.07721,92.0
100,72,1,111.875565,91.0
100,73,2,110.32835,90.0
100,74,3,97.50378,89.0
100,75,1,100.72519,88.0
100,76,4,79.5646,87.0
100,77,2,97.7971,86.0
100,78,2,90.31079,85.0
100,79,4,77.07171,84.0
100,80,2,77.671196,83.0
100,81,4,61.69451,82.0
100,82,0,59.52413,81.0
100,83,4,60.18036,80.0
100,84,0,60.455116,79.0
100,85,3,70.72613,78.0
100,86,4,59.322754,77.0
100,87,3,57.303116,76.0
100,88,5,53.56839,75.0
100,89,5,52.44989,74.0
100,90,1,61.377293,73.0
100,91,2,65.66898,72.0
100,92,3,55.222603,71.0
100,93,5,56.75136,70.0
100,94,5,63.12252,69.0
100,95,4,69.116776,68.0
100,96,4,68.59297,67.0
100,97,5,66.93276,66.0
100,98,4,51.231712,65.0
100,99,5,65.36234,64.0
100,100,1,63.87847,63.0
100,101,0,72.84084,62.0
100,102,3,67.474304,61.0
100,103,1,66.16013,60.0
100,104,2,70.87478,59.0
100,105,2,75.49658,58.0
100,106,3,65.65411,57.0
100,107,1,63.26625,56.0
100,108,3,61.643417,55.0
100,109,1,57.316936,54.0
100,110,5,52.183693,53.0
100,111,0,41.321495,52.0
100,112,1,41.837196,51.0
100,113,4,39.60584,50.0
100,114,3,43.518158,49.0
100,115,4,41.326553,48.0
100,116,2,48.860237,47.0
100,117,3,36.111984,46.0
100,118,4,30.562801,45.0
100,119,1,29.628782,44.0
100,120,4,26.330729,43.0
100,121,0,21.315691,42.0
100,122,0,28.660427,41.0
100,123,5,26.422443,40.0
100,124,5,26.782108,39.0
100,125,4,24.485039,38.0
100,126,0,25.04402,37.0
100,127,1,25.256649,36.0
100,128,1,22.623398,35.0
100,129,1,19.343136,34.0
100,130,4,20.21518,33.0
100,131,5,23.026184,32.0
100,132,2,14.565244,31.0
100,133,1,17.489386,30.0
100,134,2,20.217613,29.0
100,135,1,17.045921,28.0
100,136,5,14.819813,27.0
100,137,2,15.056606,26.0
100,138,4,18.499939,25.0
100,139,5,18.706366,24.0
100,140,5,16.91706,23.0
100,141,1,17.555695,22.0
100,142,1,14.399135,21.0
100,143,0,17.964817,20.0
100,144,5,14.96308,19.0
100,145,2,17.602194,18.0
100,146,1,21.64745,17.0
100,147,5,15.75793,16.0
100,148,3,16.447836,15.0
100,149,1,16.49747,14.0
101,36,0,114.1417,108.0
101,37,2,92.932594,107.0
101,38,0,88.81573,106.0
102,36,0,108.78747,94.0
102,37,0,108.45379,93.0
102,38,2,115.1639,92.0
102,39,1,112.385,91.0
102,40,3,114.50925,90.0
102,41,0,120.47292,89.0
102,42,3,102.400826,88.0
102,43,3,93.49444,87.0
102,44,0,99.93365,86.0
102,45,5,120.35006,85.0
102,46,0,117.300545,84.0
102,47,4,114.92298,83.0
102,48,0,111.71797,82.0
102,49,5,116.701454,81.0
102,50,0,95.67519,80.0
102,51,5,96.26491,79.0
102,52,2,116.315575,78.0
102,53,0,110.2407,77.0
102,54,5,114.464714,76.0
102,55,0,103.731544,75.0
102,56,5,95.19042,74.0
102,57,1,113.87418,73.0
102,58,0,102.02715,72.0
102,59,3,109.4096,71.0
102,60,4,112.64166,70.0
102,61,2,109.33645,69.0
102,62,0,110.12248,68.0
102,63,0,99.710976,67.0
102,64,4,95.98072,66.0
102,65,5,111.463356,65.0
102,66,5,99.07841,64.0
102,67,4,101.200676,63.0
102,68,5,83.713554,62.0
102,69,2,89.53147,61.0
102,70,0,107.031075,60.0
102,71,4,91.1401,59.0
102,72,4,54.398777,58.0
102,73,0,80.65527,57.0
102,74,2,75.2019,56.0
102,75,0,74.24436,55.0
102,76,0,89.646324,54.0
102,77,5,102.74849,53.0
102,78,4,91.532135,52.0
102,79,1,80.39062,51.0
102,80,5,92.67602,50.0
102,81,0,109.62223,49.0
102,82,0,108.87414,48.0
102,83,2,90.50196,47.0
102,84,1,99.9248,46.0
102,85,2,107.417694,45.0
102,86,2,96.79614,44.0
102,87,0,107.240364,43.0
102,88,3,85.78022,42.0
102,89,2,93.748695,41.0
102,90,0,84.62611,40.0
102,91,0,73.437675,39.0
102,92,4,80.4085,38.0
102,93,2,75.57046,37.0
102,94,5,73.53719,36.0
102,95,1,75.632866,35.0
102,96,0,78.53432,34.0
102,97,4,77.295845,33.0
102,98,2,76.48418,32.0
102,99,4,66.71991,31.0
102,100,5,60.81662,30.0
102,101,3,65.896996,29.0
102,102,5,78.56989,28.0
102,103,4,77.11694,27.0
102,104,0,82.41945,26.0
102,105,5,72.75272,25.0
102,106,0,76.386314,24.0
102,107,1,41.096672,23.0
102,108,4,44.9769,22.0
102,109,0,31.471157,21.0
102,110,0,42.29122,20.0
102,111,1,34.229393,19.0
102,112,2,31.412264,18.0
102,113,1,26.370918,17.0
102,114,4,29.413792,16.0
102,115,0,19.794838,15.0
102,116,0,26.411613,14.0
102,117,0,30.570652,13.0
102,118,0,30.495325,12.0
102,119,0,21.238804,11.0
102,120,0,21.729424,10.0
102,121,2,17.810669,9.0
102,122,0,18.091267,8.0
103,36,2,106.63001,125.0
103,37,1,114.41674,125.0
103,38,0,109.62031,125.0
103,39,5,120.22274,125.0
103,40,5,125.93467,125.0
103,41,0,121.15917,125.0
103,42,2,122.05137,125.0
103,43,0,123.80503,125.0
103,44,0,120.97851,125.0
103,45,4,127.99911,125.0
103,46,5,121.958046,125.0
103,47,2,122.2996,125.0
103,48,2,117.692955,125.0
103,49,0,122.723206,125.0
103,50,0,119.07646,125.0
103,51,0,116.5935,125.0
103,52,0,106.47431,125.0
103,53,4,109.15153,125.0
103,54,4,100.641716,125.0
103,55,2,106.19526,125.0
103,56,4,93.02792,125.0
103,57,1,88.2382,125.0
103,58,0,102.67283,125.0
103,59,4,93.32619,125.0
103,60,3,113.45273,125.0
103,61,0,108.23395,125.0
103,62,0,115.75031,125.0
103,63,0,115.96903,125.0
103,64,4,106.92907,125.0
103,65,1,105.62932,125.0
103,66,3,108.96744,125.0
103,67,4,102.73027,125.0
103,68,2,105.99259,125.0
103,69,0,108.29589,125.0
103,70,5,118.93745,124.0
103,71,5,118.11074,123.0
103,72,4,114.373436,122.0
103,73,4,101.67421,121.0
103,74,4,98.92486,120.0
103,75,3,98.52598,119.0
103,76,2,110.63528,118.0
103,77,2,111.9997,117.0
103,78,1,108.157684,116.0
103,79,2,118.48896,115.0
103,80,4,115.00463,114.0
103,81,3,106.14809,113.0
103,82,0,112.28909,112.0
103,83,2,116.120995,111.0
103,84,2,103.10679,110.0
103,85,2,105.21993,109.0
103,86,1,114.35113,108.0
103,87,3,110.99676,107.0
103,88,4,116.76019,106.0
103,89,0,113.5704,105.0
103,90,4,113.7186,104.0
103,91,3,118.31139,103.0
103,92,5,110.51719,102.0
103,93,5,122.21151,101.0
103,94,2,110.20789,100.0
103,95,4,105.89883,99.0
103,96,5,112.50466,98.0
103,97,2,118.49706,97.0
103,98,2,114.0099,96.0
103,99,0,116.169304,95.0
103,100,2,116.87362,94.0
103,101,0,110.27123,93.0
103,102,0,114.52872,92.0
103,103,0,110.00408,91.0
103,104,3,106.019424,90.0
103,105,3,86.721565,89.0
103,106,1,83.35023,88.0
103,107,3,75.462204,87.0
103,108,1,87.17065,86.0
103,109,2,116.78586,85.0
103,110,3,98.176094,84.0
103,111,1,69.83016,83.0
103,112,2,73.56595,82.0
103,113,0,67.032845,81.0
103,114,1,77.659294,80.0
103,115,1,75.53254,79.0
103,116,1,79.07676,78.0
103,117,3,61.89388,77.0
103,118,5,61.522797,76.0
103,119,1,76.540764,75.0
103,120,0,66.93344,74.0
103,121,1,78.983894,73.0
103,122,4,82.54709,72.0
103,123,1,95.317764,71.0
103,124,0,90.305664,70.0
103,125,5,87.31567,69.0
103,126,4,75.598335,68.0
103,127,2,99.859985,67.0
103,128,0,109.23618,66.0
103,129,2,107.991425,65.0
103,130,3,105.39414,64.0
103,131,1,91.82207,63.0
103,132,3,80.09222,62.0
103,133,1,83.49276,61.0
103,134,5,77.64539,60.0
103,135,3,98.549095,59.0
103,136,3,86.35421,58.0
103,137,2,89.08038,57.0
103,138,4,89.6883,56.0
103,139,3,89.4664,55.0
103,140,5,68.84589,54.0
103,141,2,82.379845,53.0
103,142,3,76.46054,52.0
103,143,2,69.08135,51.0
103,144,3,75.36584,50.0
103,145,4,70.03024,49.0
103,146,2,57.09348,48.0
103,147,2,40.5767,47.0
103,148,1,40.263596,46.0
103,149,4,41.310852,45.0
103,150,5,60.006855,44.0
103,151,0,69.701485,43.0
103,152,5,86.89124,42.0
103,153,4,64.25967,41.0
103,154,3,61.921738,40.0
103,155,5,64.221245,39.0
103,156,1,49.651966,38.0
103,157,2,63.061455,37.0
103,158,0,64.238235,36.0
103,159,1,48.38599,35.0
103,160,5,46.891792,34.0
103,161,0,53.42608,33.0
103,162,1,46.73392,32.0
103,163,3,47.59241,31.0
103,164,4,40.953194,30.0
103,165,2,37.19085,29.0
103,166,3,39.52191,28.0
103,167,0,61.531475,27.0
103,168,0,64.438774,26.0
103,169,0,54.362087,25.0
103,170,1,46.181877,24.0
103,171,1,40.082787,23.0
103,172,2,49.204773,22.0
103,173,3,46.450813,21.0
103,174,3,32.818382,20.0
103,175,5,31.039597,19.0
103,176,5,35.685112,18.0
103,177,1,40.12361,17.0
103,178,5,36.781525,16.0
103,179,1,32.87167,15.0
103,180,2,32.690056,14.0
103,181,2,28.801754,13.0
103,182,4,26.800571,12.0
103,183,3,18.726068,11.0
103,184,3,16.744858,10.0
103,185,0,18.814835,9.0
103,186,2,21.13981,8.0
104,36,0,109.32346,125.0
104,37,0,106.366875,125.0
104,38,0,111.16642,125.0
104,39,0,112.415306,125.0
104,40,5,98.43836,125.0
104,41,4,87.98478,125.0
104,42,4,92.42573,125.0
104,43,5,91.932014,125.0
104,44,3,112.93876,125.0
104,45,0,114.03132,125.0
104,46,0,111.852745,125.0
104,47,4,119.84376,125.0
104,48,5,116.94008,125.0
104,49,0,121.45575,125.0
104,50,1,121.98049,125.0
104,51,3,116.594284,125.0
104,52,0,112.12031,125.0
104,53,2,123.81075,125.0
104,54,4,109.77627,125.0
104,55,0,104.02857,125.0
104,56,2,106.84606,125.0
104,57,1,101.8702,125.0
104,58,0,100.79612,125.0
104,59,0,105.0864,125.0
104,60,0,109.34979,125.0
104,61,1,101.16252,125.0
104,62,1,97.91745,125.0
104,63,2,97.78699,125.0
104,64,4,106.775604,125.0
104,65,1,111.4397,125.0
104,66,5,110.30587,125.0
104,67,0,117.52142,125.0
104,68,5,107.494225,125.0
104,69,2,114.04241,125.0
104,70,3,115.48134,125.0
104,71,5,115.133156,125.0
104,72,1,118.759865,125.0
104,73,2,121.21207,125.0
104,74,0,123.729416,125.0
104,75,5,119.84189,125.0
104,76,5,116.20613,125.0
104,77,5,116.07122,125.0
104,78,0,108.84838,125.0
104,79,3,108.55757,125.0
104,80,0,103.41848,125.0
104,81,5,88.867676,125.0
104,82,1,87.064896,125.0
104,83,1,106.4261,125.0
104,84,0,96.08119,125.0
104,85,0,80.75777,125.0
104,86,4,104.06483,125.0
104,87,0,112.34843,125.0
104,88,4,112.45531,125.0
104,89,5,106.8787,125.0
104,90,2,114.57279,125.0
104,91,5,111.77638,125.0
104,92,2,107.65412,125.0
104,93,0,105.770935,125.0
104,94,5,101.33517,125.0
104,95,2,113.11671,125.0
104,96,0,109.00792,125.0
104,97,4,108.445244,125.0
104,98,1,116.59145,125.0
104,99,5,114.451515,125.0
104,100,2,109.7796,125.0
104,101,0,113.167534,125.0
104,102,1,111.93966,125.0
104,103,5,118.93165,125.0
104,104,0,121.46972,125.0
104,105,1,109.528824,125.0
104,106,0,113.38772,125.0
104,107,0,108.38323,125.0
104,108,4,119.10529,125.0
104,109,1,107.20132,125.0
104,110,1,119.17123,125.0
104,111,2,112.56447,125.0
104,112,1,119.96566,125.0
104,113,4,119.78632,125.0
104,114,3,119.82089,125.0
104,115,5,122.06109,125.0
104,116,4,125.61204,125.0
104,117,3,112.910255,125.0
104,118,3,119.43367,125.0
104,119,4,118.34225,125.0
104,120,0,111.6226,125.0
104,121,3,114.18514,125.0
104,122,1,108.42051,125.0
104,123,2,103.34063,124.0
104,124,1,100.9703,123.0
104,125,5,112.529755,122.0
104,126,5,118.77789,121.0
104,127,0,115.88927,120.0
104,128,0,111.66591,119.0
104,129,1,124.19016,118.0
104,130,0,119.38469,117.0
104,131,5,115.172554,116.0
104,132,0,113.3548,115.0
104,133,2,112.834595,114.0
104,134,5,117.35569,113.0
104,135,1,115.043396,112.0
104,136,3,110.76772,111.0
104,137,2,115.05406,110.0
104,138,4,114.38057,109.0
104,139,4,100.76139,108.0
104,140,2,92.98929,107.0
104,141,2,104.83224,106.0
105,36,5,121.140526,125.0
105,37,4,123.521484,125.0
105,38,0,121.81346,125.0
105,39,4,118.12359,125.0
105,40,1,112.90389,125.0
105,41,2,116.05573,125.0
105,42,2,98.17756,125.0
105,43,4,91.95069,125.0
105,44,5,94.62783,125.0
105,45,0,108.782425,125.0
105,46,1,103.90385,125.0
105,47,1,92.26904,125.0
105,48,4,77.88749,125.0
105,49,3,111.40438,125.0
105,50,5,115.834,125.0
105,51,0,120.5823,125.0
105,52,0,111.07637,125.0
105,53,0,114.864235,124.0
105,54,4,115.145966,123.0
105,55,1,120.7194,122.0
105,56,1,121.43105,121.0
105,57,1,120.79716,120.0
105,58,0,122.744194,119.0
105,59,5,114.38375,118.0
105,60,3,119.48345,117.0
105,61,2,118.57792,116.0
106,36,3,100.016594,125.0
106,37,2,114.35396,125.0
106,38,0,105.62733,125.0
106,39,0,95.884995,125.0
106,40,0,82.83391,125.0
106,41,1,66.49004,125.0
106,42,2,81.75217,125.0
106,43,5,94.75648,125.0
106,44,2,98.25593,125.0
106,45,5,98.576225,125.0
106,46,1,110.05158,125.0
106,47,2,112.334015,125.0
106,48,5,108.54682,125.0
106,49,0,115.234276,125.0
106,50,3,118.38679,125.0
106,51,0,122.279915,125.0
106,52,1,118.25409,125.0
106,53,0,111.93144,125.0
106,54,5,121.54913,125.0
106,55,0,109.73668,125.0
106,56,0,96.99709,125.0
106,57,5,96.600174,125.0
106,58,4,117.44437,125.0
106,59,1,112.39889,125.0
106,60,2,112.17802,125.0
106,61,3,101.162636,125.0
106,62,5,105.422295,125.0
106,63,2,101.91622,125.0
106,64,2,115.60851,125.0
106,65,3,99.94037,125.0
106,66,0,99.8198,125.0
106,67,5,92.67754,125.0
106,68,4,105.54003,124.0
106,69,4,115.307594,123.0
106,70,3,102.702385,122.0
106,71,0,101.55061,121.0
106,72,1,100.056404,120.0
107,36,0,110.04191,125.0
107,37,0,111.63494,125.0
107,38,0,119.69032,125.0
107,39,3,115.52408,125.0
107,40,5,106.716125,125.0
107,41,4,110.36911,125.0
107,42,1,120.23468,125.0
107,43,5,114.870285,125.0
107,44,5,117.07232,125.0
107,45,0,120.35711,125.0
107,46,0,111.99358,125.0
107,47,1,98.180534,125.0
107,48,0,106.20078,125.0
107,49,0,94.915985,125.0
107,50,3,105.81957,125.0
107,51,1,102.119835,125.0
107,52,1,107.98632,125.0
107,53,0,116.84838,125.0
107,54,5,116.534706,125.0
107,55,1,121.9356,125.0
107,56,0,116.61049,125.0
107,57,0,105.78445,125.0
107,58,4,114.779274,125.0
107,59,2,115.244804,125.0
107,60,1,114.187325,125.0
107,61,4,109.622444,125.0
107,62,1,117.53945,125.0
107,63,4,108.81396,125.0
107,64,2,99.77191,125.0
107,65,4,76.12487,125.0
107,66,5,55.491203,125.0
107,67,0,56.37329,125.0
107,68,0,100.95271,125.0
107,69,1,70.604836,124.0
107,70,3,93.57023,123.0
107,71,0,107.73568,122.0
107,72,5,106.06,121.0
107,73,0,120.37957,120.0
107,74,5,117.72315,119.0
107,75,5,116.62782,118.0
107,76,0,116.94316,117.0
107,77,4,101.9537,116.0
107,78,5,107.068855,115.0
107,79,5,111.91334,114.0
107,80,2,109.022545,113.0
107,81,0,113.18993,112.0
107,82,0,113.990654,111.0
107,83,4,124.14094,110.0
107,84,4,118.1157,109.0
107,85,2,115.87678,108.0
107,86,0,118.12428,107.0
107,87,1,122.90781,106.0
107,88,2,118.38351,105.0
107,89,5,119.06568,104.0
107,90,0,120.48588,103.0
107,91,2,119.023315,102.0
107,92,4,120.80243,101.0
107,93,1,116.64297,100.0
107,94,3,122.14385,99.0
107,95,3,117.96289,98.0
107,96,2,109.52911,97.0
107,97,4,114.75164,96.0
107,98,0,116.58257,95.0
107,99,0,117.17786,94.0
107,100,2,105.857704,93.0
107,101,0,97.77807,92.0
107,102,1,114.155685,91.0
107,103,0,122.21044,90.0
107,104,2,117.67228,89.0
107,105,3,111.27534,88.0
107,106,2,93.4477,87.0
107,107,1,111.69723,86.0
107,108,4,105.32122,85.0
107,109,0,107.411,84.0
107,110,0,124.21841,83.0
107,111,0,130.62561,82.0
107,112,2,125.00013,81.0
107,113,2,119.521805,80.0
107,114,3,120.72158,79.0
107,115,3,99.6962,78.0
107,116,5,96.36944,77.0
107,117,4,87.58049,76.0
107,118,3,91.175575,75.0
107,119,0,70.90736,74.0
107,120,4,72.12731,73.0
107,121,0,63.072025,72.0
107,122,4,64.33144,71.0
107,123,4,79.417336,70.0
107,124,2,76.100525,69.0
107,125,5,77.30726,68.0
107,126,4,77.94999,67.0
107,127,1,65.48545,66.0
107,128,1,62.13336,65.0
107,129,3,63.362366,64.0
107,130,3,65.31816,63.0
107,131,3,92.901375,62.0
107,132,0,101.19802,61.0
108,36,1,126.20472,125.0
108,37,5,124.166466,125.0
108,38,3,125.94361,125.0
108,39,0,125.25821,125.0
108,40,4,125.84719,125.0
108,41,0,127.29902,125.0
108,42,2,129.4293,125.0
108,43,5,126.9742,125.0
108,44,1,125.02801,125.0
108,45,1,127.49219,125.0
108,46,0,118.34246,125.0
108,47,0,120.21299,125.0
108,48,4,120.51661,125.0
108,49,3,123.74775,125.0
108,50,3,122.05487,125.0
108,51,0,117.013626,125.0
108,52,1,116.91815,125.0
108,53,0,110.57079,125.0
108,54,4,109.16423,125.0
108,55,3,101.10856,125.0
108,56,3,107.667656,125.0
108,57,3,100.73584,125.0
108,58,1,94.30326,125.0
108,59,0,88.301384,125.0
108,60,0,92.58927,125.0
108,61,3,95.67237,125.0
108,62,1,103.4067,125.0
108,63,5,107.76217,125.0
108,64,3,110.08917,125.0
108,65,0,113.25643,125.0
108,66,2,114.784386,125.0
108,67,0,112.11382,125.0
108,68,3,123.02093,125.0
108,69,4,116.30091,125.0
108,70,0,117.26191,125.0
108,71,3,118.38862,125.0
108,72,5,109.149055,125.0
108,73,2,119.96264,125.0
108,74,0,113.45756,125.0
108,75,1,103.77854,125.0
108,76,0,114.37513,125.0
108,77,5,112.56203,125.0
108,78,1,117.19638,125.0
108,79,1,117.04592,125.0
108,80,0,105.14091,125.0
108,81,0,104.5151,125.0
108,82,4,114.99947,125.0
108,83,3,111.99628,125.0
108,84,0,109.27948,125.0
108,85,2,112.37551,125.0
108,86,3,120.95212,125.0
108,87,5,120.157326,125.0
108,88,4,111.06794,125.0
108,89,3,116.28109,125.0
108,90,5,113.65107,125.0
108,91,0,109.69947,125.0
108,92,2,111.53789,125.0
108,93,3,115.15867,125.0
108,94,2,115.88677,125.0
108,95,5,120.19374,125.0
108,96,2,115.68381,125.0
108,97,0,118.6984,125.0
108,98,5,106.20203,125.0
108,99,1,114.36084,125.0
108,100,2,110.398964,125.0
108,101,2,118.33802,125.0
108,102,4,109.07634,125.0
108,103,0,104.31954,125.0
108,104,2,116.14285,125.0
108,105,0,108.439445,125.0
108,106,5,111.37252,125.0
108,107,2,109.84101,125.0
108,108,4,101.18352,125.0
108,109,3,102.456635,125.0
108,110,1,105.70861,125.0
108,111,2,115.75532,125.0
108,112,5,123.416176,125.0
108,113,0,105.68547,125.0
108,114,0,102.841156,125.0
108,115,3,110.13146,125.0
108,116,3,108.19119,125.0
108,117,0,114.36567,125.0
108,118,1,107.513954,125.0
108,119,0,103.94187,125.0
108,120,1,97.57476,125.0
108,121,2,97.8135,125.0
108,122,0,118.25469,125.0
108,123,3,107.49118,125.0
108,124,5,118.98012,125.0
108,125,1,111.69697,125.0
108,126,0,95.571526,125.0
108,127,0,84.21462,125.0
108,128,0,72.45194,125.0
108,129,5,64.33305,125.0
108,130,4,111.29421,125.0
108,131,3,100.35395,125.0
108,132,5,110.8915,125.0
108,133,5,102.03431,125.0
108,134,3,84.67611,125.0
108,135,1,106.31835,125.0
108,136,4,112.132996,125.0
108,137,0,118.1327,125.0
108,138,1,122.714226,125.0
108,139,2,121.461784,125.0
108,140,2,128.78458,125.0
108,141,5,124.58227,125.0
108,142,4,127.80698,125.0
108,143,4,127.72317,125.0
108,144,2,92.32028,125.0
108,145,0,107.41361,125.0
108,146,2,89.1935,125.0
108,147,1,64.88872,125.0
108,148,0,65.94818,125.0
108,149,2,73.37277,125.0
108,150,0,76.66631,125.0
108,151,0,87.321846,125.0
108,152,2,78.47103,125.0
108,153,4,78.16033,125.0
108,154,1,76.76548,125.0
108,155,0,70.573364,125.0
108,156,0,74.083244,125.0
108,157,5,95.83356,125.0
108,158,4,95.40108,125.0
108,159,4,111.010216,125.0
108,160,0,109.01172,125.0
108,161,3,112.940056,125.0
108,162,0,111.74604,125.0
108,163,3,100.55768,125.0
108,164,5,106.70476,125.0
108,165,0,96.418785,125.0
108,166,4,88.135704,125.0
108,167,1,98.230804,125.0
108,168,0,77.27781,125.0
108,169,5,67.42872,125.0
108,170,1,68.91696,125.0
108,171,3,52.912422,125.0
108,172,3,52.919304,125.0
108,173,0,54.60443,125.0
108,174,5,47.593132,125.0
109,36,1,120.890495,125.0
109,37,1,101.96618,125.0
109,38,3,107.245224,125.0
109,39,5,115.27154,125.0
109,40,4,114.15131,125.0
109,41,4,118.71882,125.0
109,42,5,116.74081,125.0
109,43,0,117.70444,125.0
109,44,3,110.75177,125.0
109,45,2,111.78617,125.0
109,46,0,108.905235,125.0
109,47,2,123.68841,125.0
109,48,0,114.06953,125.0
109,49,0,113.83613,125.0
109,50,0,122.80567,125.0
109,51,4,125.886955,125.0
109,52,0,126.87052,125.0
109,53,4,124.89483,125.0
109,54,5,117.68068,125.0
109,55,0,124.74787,124.0
109,56,0,127.556435,123.0
109,57,3,120.57115,122.0
109,58,2,120.917694,121.0
109,59,5,123.67787,120.0
109,60,5,111.395004,119.0
109,61,2,111.67158,118.0
109,62,3,116.18041,117.0
109,63,3,101.8933,116.0
109,64,4,100.98078,115.0
109,65,0,106.64286,114.0
109,66,1,118.88178,113.0
109,67,2,118.91102,112.0
109,68,0,115.25689,111.0
109,69,1,122.53561,110.0
109,70,3,118.434135,109.0
109,71,0,108.49383,108.0
109,72,0,113.949554,107.0
109,73,2,114.74218,106.0
109,74,4,119.69134,105.0
109,75,0,110.16872,104.0
109,76,2,111.08137,103.0
109,77,5,100.575584,102.0
109,78,3,99.79635,101.0
109,79,0,110.64917,100.0
109,80,3,118.51353,99.0
109,81,1,117.67216,98.0
109,82,3,116.99614,97.0
109,83,2,117.480835,96.0
109,84,3,103.67881,95.0
109,85,0,113.93691,94.0
109,86,0,108.64976,93.0
109,87,5,91.265785,92.0
109,88,0,73.805336,91.0
109,89,5,91.566025,90.0
109,90,5,99.7414,89.0
109,91,2,106.517105,88.0
109,92,0,105.00679,87.0
109,93,2,98.44786,86.0
109,94,5,91.51172,85.0
109,95,0,100.61816,84.0
109,96,0,98.23113,83.0
109,97,5,100.90053,82.0
109,98,0,96.27613,81.0
109,99,5,90.45798,80.0
109,100,0,86.30433,79.0
109,101,1,101.296165,78.0
109,102,5,98.45806,77.0
109,103,3,112.55164,76.0
109,104,2,109.29264,75.0
109,105,3,114.59869,74.0
109,106,2,121.078705,73.0
109,107,2,111.731804,72.0
109,108,4,95.05007,71.0
109,109,0,118.50436,70.0
109,110,0,107.35557,69.0
109,111,5,116.9295,68.0
109,112,0,103.75909,67.0
109,113,5,94.96178,66.0
109,114,3,86.70153,65.0
109,115,2,86.756615,64.0
109,116,4,89.97294,63.0
109,117,1,96.20719,62.0
109,118,5,108.701904,61.0
109,119,0,111.19264,60.0
109,120,2,90.57372,59.0
109,121,2,95.061104,58.0
109,122,5,85.50673,57.0
109,123,5,104.03875,56.0
109,124,4,102.31164,55.0
109,125,3,100.59453,54.0
109,126,0,99.0304,53.0
109,127,1,81.884285,52.0
109,128,4,81.5789,51.0
109,129,0,79.989296,50.0
109,130,2,85.44677,49.0
109,131,2,99.08447,48.0
109,132,0,92.21816,47.0
109,133,3,89.64698,46.0
109,134,1,98.04504,45.0
109,135,1,93.97425,44.0
109,136,0,83.957344,43.0
109,137,1,90.303375,42.0
109,138,4,66.7824,41.0
109,139,2,52.23843,40.0
109,140,4,40.208138,39.0
109,141,5,40.969162,38.0
109,142,0,61.565384,37.0
109,143,5,52.274353,36.0
109,144,2,42.43549,35.0
110,36,3,115.7131,125.0
110,37,3,94.73209,125.0
110,38,1,101.786285,125.0
110,39,2,92.617836,125.0
110,40,4,98.01441,125.0
110,41,2,97.70362,125.0
110,42,2,90.29104,125.0
110,43,2,77.928215,125.0
110,44,0,92.63503,125.0
110,45,3,72.75387,125.0
110,46,2,72.783714,125.0
110,47,4,86.41941,125.0
110,48,4,75.751656,125.0
110,49,0,82.57932,125.0
110,50,0,112.377205,125.0
110,51,2,107.95028,125.0
110,52,3,117.96157,125.0
110,53,5,120.45836,125.0
110,54,5,124.56373,125.0
110,55,1,120.29842,125.0
110,56,5,123.56591,125.0
110,57,5,118.67744,125.0
110,58,4,119.78643,125.0
110,59,1,118.3311,125.0
110,60,0,118.73815,125.0
110,61,3,116.852745,125.0
110,62,4,122.864265,125.0
110,63,0,123.77853,125.0
110,64,3,107.34943,125.0
110,65,3,111.208534,125.0
110,66,4,106.325516,125.0
110,67,5,109.41964,125.0
110,68,0,112.96928,125.0
110,69,4,113.46517,125.0
110,70,2,122.21401,125.0
110,71,0,116.65913,125.0
110,72,0,118.44605,125.0
110,73,0,110.64484,125.0
110,74,5,105.63365,125.0
110,75,0,100.45247,125.0
110,76,3,116.29981,125.0
110,77,0,116.09428,125.0
110,78,4,124.87446,125.0
110,79,5,127.34811,125.0
110,80,0,127.84993,125.0
110,81,4,130.27316,125.0
110,82,2,125.43082,125.0
110,83,3,127.878746,125.0
110,84,0,125.25984,125.0
110,85,0,119.369774,125.0
110,86,1,110.98407,125.0
110,87,0,117.635376,125.0
110,88,3,109.94149,125.0
110,89,3,119.21936,125.0
110,90,0,117.83691,125.0
110,91,1,122.72152,125.0
110,92,0,121.31283,125.0
110,93,4,116.75985,125.0
110,94,1,119.08262,125.0
110,95,2,122.23604,125.0
110,96,1,117.69749,125.0
110,97,3,125.77853,125.0
110,98,4,117.09074,125.0
110,99,2,103.48771,125.0
110,100,1,106.481606,125.0
110,101,5,122.01522,125.0
110,102,1,109.767265,125.0
110,103,1,108.04076,125.0
110,104,3,109.520256,125.0
110,105,0,122.99323,125.0
110,106,0,120.73364,125.0
110,107,2,113.37975,125.0
110,108,1,105.82306,125.0
110,109,1,109.750946,125.0
110,110,4,120.89379,125.0
110,111,3,117.35351,125.0
110,112,3,109.64553,125.0
110,113,5,119.72808,125.0
110,114,1,122.4571,125.0
110,115,1,123.18478,125.0
110,116,0,117.769066,125.0
110,117,2,116.32857,125.0
110,118,5,106.09321,125.0
110,119,3,110.329124,125.0
110,120,4,117.25128,125.0
110,121,0,120.7765,125.0
110,122,1,118.38087,125.0
110,123,0,121.9245,125.0
110,124,1,118.02306,125.0
110,125,3,111.720505,125.0
110,126,2,118.552925,125.0
110,127,0,109.54001,125.0
110,128,5,108.70321,125.0
110,129,0,118.25326,125.0
110,130,0,103.42507,125.0
110,131,5,110.43951,125.0
110,132,3,105.719635,125.0
110,133,5,89.436775,125.0
110,134,0,98.15408,125.0
110,135,3,111.376976,125.0
110,136,0,115.51768,125.0
110,137,5,94.53751,125.0
110,138,1,103.813194,125.0
110,139,4,117.60699,125.0
110,140,5,116.12068,125.0
110,141,5,100.95846,125.0
110,142,5,108.65955,125.0
110,143,2,120.1352,125.0
110,144,1,116.107574,125.0
110,145,0,105.44282,125.0
110,146,1,109.798096,125.0
110,147,0,114.63344,125.0
110,148,4,123.48943,125.0
110,149,5,120.526146,125.0
110,150,0,115.99541,125.0
110,151,4,108.63085,125.0
110,152,1,105.666374,125.0
110,153,5,106.9835,125.0
110,154,0,111.54145,125.0
110,155,3,109.93403,125.0
110,156,5,97.31349,125.0
110,157,3,108.921745,125.0
110,158,2,103.47354,125.0
110,159,4,90.2668,125.0
110,160,1,103.695564,125.0
110,161,0,102.48043,125.0
110,162,0,105.85717,125.0
110,163,3,102.858925,125.0
110,164,1,106.27105,125.0
110,165,0,103.22355,125.0
110,166,1,107.662506,125.0
110,167,3,113.77839,125.0
110,168,0,111.62569,125.0
110,169,4,118.07159,125.0
110,170,1,124.50698,125.0
110,171,5,120.455246,125.0
110,172,4,114.484955,125.0
110,173,0,120.42589,125.0
110,174,3,117.54829,125.0
110,175,1,117.587654,124.0
110,176,0,121.99888,123.0
110,177,3,111.74637,122.0
110,178,4,112.73911,121.0
110,179,3,112.90188,120.0
110,180,5,125.04228,119.0
110,181,3,106.44665,118.0
110,182,5,107.34183,117.0
110,183,2,96.37456,116.0
110,184,5,96.190125,115.0
110,185,2,100.27216,114.0
110,186,4,120.594826,113.0
110,187,3,107.65073,112.0
110,188,0,124.62568,111.0
110,189,4,116.33312,110.0
110,190,1,123.07775,109.0
110,191,1,126.94127,108.0
110,192,2,111.48077,107.0
110,193,1,113.78733,106.0
110,194,1,113.20655,105.0
110,195,3,104.129234,104.0
110,196,3,107.80883,103.0
110,197,4,104.376015,102.0
110,198,4,97.74859,101.0
110,199,4,71.955925,100.0
110,200,4,46.5624,99.0
110,201,1,77.36167,98.0
110,202,1,98.78901,97.0
110,203,3,107.51844,96.0
110,204,2,115.018364,95.0
110,205,2,94.91846,94.0
110,206,5,86.427574,93.0
110,207,4,85.43267,92.0
110,208,3,79.332954,91.0
110,209,0,100.5934,90.0
110,210,0,98.970406,89.0
110,211,3,113.33386,88.0
110,212,1,116.941025,87.0
110,213,5,104.820526,86.0
110,214,0,114.14042,85.0
110,215,2,109.40314,84.0
110,216,0,108.77316,83.0
110,217,0,92.274956,82.0
110,218,2,84.38172,81.0
110,219,4,91.72427,80.0
111,36,5,117.60839,104.0
111,37,3,113.59298,103.0
111,38,3,108.87297,102.0
111,39,0,95.048035,101.0
111,40,5,100.86051,100.0
111,41,0,99.05352,99.0
111,42,2,103.11677,98.0
111,43,4,109.01921,97.0
111,44,0,115.73748,96.0
111,45,3,109.82856,95.0
111,46,4,117.34431,94.0
111,47,4,111.581245,93.0
111,48,2,111.63723,92.0
111,49,1,107.57252,91.0
111,50,0,110.62554,90.0
111,51,2,109.09696,89.0
111,52,3,105.0189,88.0
111,53,2,104.88082,87.0
111,54,0,113.66786,86.0
111,55,0,117.03269,85.0
111,56,2,121.05353,84.0
111,57,2,117.87958,83.0
111,58,1,127.9161,82.0
111,59,1,124.75257,81.0
111,60,5,115.37447,80.0
111,61,1,124.22683,79.0
111,62,1,121.2904,78.0
111,63,0,114.88308,77.0
111,64,1,107.561646,76.0
111,65,5,108.801,75.0
111,66,0,93.19602,74.0
111,67,5,105.420265,73.0
111,68,5,92.06629,72.0
111,69,4,85.1658,71.0
111,70,0,95.55281,70.0
111,71,0,100.68013,69.0
111,72,1,94.15475,68.0
111,73,5,109.93943,67.0
111,74,3,105.43775,66.0
111,75,0,99.708466,65.0
111,76,5,74.020325,64.0
111,77,0,63.777103,63.0
111,78,3,65.62516,62.0
111,79,2,87.509575,61.0
111,80,5,71.32215,60.0
111,81,3,58.063805,59.0
111,82,5,60.036446,58.0
111,83,0,38.228207,57.0
111,84,0,33.60682,56.0
111,85,2,59.24765,55.0
111,86,1,62.391006,54.0
111,87,1,77.83639,53.0
111,88,2,64.533035,52.0
111,89,1,75.375404,51.0
111,90,5,77.13376,50.0
111,91,3,85.4674,49.0
111,92,0,81.35131,48.0
111,93,3,72.029594,47.0
111,94,4,74.30703,46.0
111,95,0,94.2107,45.0
111,96,4,75.96429,44.0
111,97,1,70.74697,43.0
111,98,1,60.931026,42.0
111,99,2,49.80681,41.0
111,100,2,39.726162,40.0
111,101,4,39.121964,39.0
111,102,0,38.343155,38.0
111,103,4,29.650673,37.0
111,104,2,32.4001,36.0
111,105,3,21.905363,35.0
111,106,3,44.03867,34.0
111,107,2,31.777761,33.0
111,108,5,39.72342,32.0
111,109,1,31.823605,31.0
111,110,1,28.087736,30.0
111,111,2,38.81961,29.0
111,112,4,39.431664,28.0
111,113,0,44.139442,27.0
111,114,0,39.501045,26.0
111,115,0,29.13588,25.0
111,116,5,22.495565,24.0
111,117,4,16.220333,23.0
111,118,2,15.893918,22.0
111,119,2,7.5040646,21.0
111,120,1,3.7959564,20.0
111,121,2,6.7440147,19.0
111,122,0,4.9957123,18.0
111,123,2,3.294209,17.0
111,124,0,8.427037,16.0
111,125,1,7.321003,15.0
111,126,4,5.0624776,14.0
111,127,5,4.3146505,13.0
111,128,0,4.4354844,12.0
111,129,3,3.294289,11.0
111,130,0,3.3065073,10.0
111,131,4,1.0715089,9.0
112,36,5,117.19224,123.0
112,37,5,105.09701,122.0
112,38,2,107.91021,121.0
112,39,2,100.403046,120.0
112,40,0,99.222855,119.0
112,41,1,113.160324,118.0
112,42,0,111.47796,117.0
112,43,0,101.86298,116.0
112,44,1,114.09127,115.0
112,45,0,115.624016,114.0
112,46,4,110.50533,113.0
112,47,0,114.41657,112.0
112,48,4,107.647194,111.0
112,49,2,112.34347,110.0
112,50,0,103.99868,109.0
112,51,4,119.59525,108.0
112,52,4,112.992134,107.0
112,53,1,108.06638,106.0
112,54,3,120.86115,105.0
112,55,5,116.641,104.0
112,56,4,120.213615,103.0
112,57,1,116.04581,102.0
112,58,1,120.68423,101.0
112,59,0,122.806404,100.0
112,60,2,121.62035,99.0
112,61,3,112.67053,98.0
112,62,0,99.306305,97.0
112,63,3,103.11979,96.0
112,64,0,101.88832,95.0
112,65,4,102.924416,94.0
112,66,1,95.69785,93.0
112,67,0,109.17768,92.0
112,68,0,93.39463,91.0
112,69,3,96.181145,90.0
112,70,2,94.158806,89.0
112,71,0,99.52041,88.0
112,72,4,92.877235,87.0
112,73,1,92.49561,86.0
112,74,5,95.126,85.0
112,75,5,95.80956,84.0
112,76,4,99.03399,83.0
112,77,5,78.78568,82.0
112,78,0,88.18286,81.0
112,79,5,99.03689,80.0
112,80,2,104.750114,79.0
112,81,5,98.19044,78.0
112,82,5,99.05447,77.0
112,83,2,96.519684,76.0
112,84,0,101.64442,75.0
112,85,5,108.53899,74.0
112,86,1,113.85692,73.0
112,87,5,103.01368,72.0
112,88,0,109.63543,71.0
112,89,0,102.14982,70.0
112,90,2,110.49135,69.0
112,91,0,116.68644,68.0
112,92,0,113.39504,67.0
112,93,1,110.50334,66.0
112,94,5,105.32867,65.0
112,95,1,104.604225,64.0
112,96,0,98.47759,63.0
112,97,1,111.35077,62.0
112,98,3,117.955956,61.0
112,99,3,111.46783,60.0
112,100,0,112.050896,59.0
112,101,0,95.422035,58.0
112,102,2,98.516945,57.0
112,103,5,92.52884,56.0
112,104,1,95.98032,55.0
112,105,4,92.92092,54.0
112,106,0,98.90365,53.0
112,107,2,104.97848,52.0
112,108,3,89.81251,51.0
112,109,0,82.94355,50.0
113,36,0,124.90559,125.0
113,37,5,132.1125,125.0
113,38,0,123.28474,125.0
113,39,5,121.67117,125.0
113,40,1,120.798164,125.0
113,41,0,122.81515,125.0
113,42,3,118.948204,125.0
113,43,4,126.17454,125.0
113,44,5,123.770744,125.0
113,45,4,127.46105,125.0
114,36,5,127.590065,125.0
114,37,5,122.015175,125.0
114,38,4,122.92115,125.0
114,39,0,120.62142,125.0
114,40,2,125.24906,125.0
114,41,3,122.66837,125.0
114,42,0,115.4631,125.0
114,43,1,125.01417,125.0
114,44,2,118.82447,125.0
114,45,0,121.016304,125.0
114,46,4,112.3128,125.0
114,47,3,116.075325,125.0
114,48,2,118.29599,125.0
114,49,3,108.14266,125.0
114,50,5,111.477974,125.0
114,51,4,107.71945,125.0
114,52,0,101.62162,125.0
114,53,2,113.65225,125.0
114,54,5,106.59602,125.0
114,55,3,107.48058,125.0
114,56,2,99.56761,125.0
114,57,0,121.26035,125.0
114,58,0,120.82286,125.0
114,59,2,119.66554,125.0
114,60,0,117.210075,125.0
114,61,2,110.014626,125.0
114,62,4,111.47213,125.0
114,63,1,119.02497,125.0
114,64,5,115.012535,125.0
114,65,0,116.54333,125.0
114,66,1,114.97698,125.0
114,67,5,118.58657,125.0
114,68,0,124.2103,125.0
114,69,2,122.72608,125.0
114,70,5,117.84374,125.0
114,71,3,104.33101,125.0
114,72,5,104.50916,125.0
114,73,3,105.30848,125.0
114,74,5,109.919,125.0
114,75,0,116.10897,125.0
114,76,0,113.58357,125.0
114,77,3,109.600975,125.0
114,78,0,85.33109,125.0
114,79,1,80.24074,125.0
114,80,1,92.977974,125.0
114,81,5,94.83959,125.0
114,82,2,98.05658,125.0
114,83,0,108.63825,125.0
114,84,0,96.713326,125.0
114,85,1,113.2129,125.0
114,86,2,108.03673,125.0
114,87,3,113.154594,125.0
114,88,1,96.26803,125.0
114,89,4,90.966095,125.0
114,90,0,92.13694,125.0
114,91,3,102.5826,125.0
114,92,0,101.49458,125.0
114,93,0,109.98268,125.0
114,94,0,113.495186,125.0
114,95,2,119.81489,125.0
114,96,5,123.57132,125.0
114,97,0,117.787704,125.0
114,98,0,119.863014,125.0
114,99,1,113.444954,125.0
114,100,0,116.68173,125.0
114,101,0,113.736916,125.0
114,102,4,101.19571,125.0
114,103,4,95.59297,125.0
114,104,2,93.76068,125.0
114,105,1,92.83227,125.0
114,106,0,96.24488,125.0
114,107,2,92.16045,124.0
114,108,4,92.863144,123.0
114,109,5,97.156685,122.0
114,110,3,103.424194,121.0
114,111,2,106.58221,120.0
114,112,0,93.701744,119.0
114,113,0,93.61501,118.0
114,114,5,99.14876,117.0
114,115,5,112.71287,116.0
114,116,0,108.54371,115.0
114,117,1,105.01187,114.0
114,118,4,102.40443,113.0
114,119,0,104.461525,112.0
114,120,1,108.28322,111.0
114,121,3,97.30204,110.0
114,122,1,91.58451,109.0
114,123,0,88.57614,108.0
114,124,4,76.41753,107.0
114,125,2,79.59722,106.0
114,126,4,107.40384,105.0
114,127,1,92.20868,104.0
114,128,1,87.993965,103.0
114,129,5,94.97634,102.0
114,130,4,96.14201,101.0
114,131,3,97.183464,100.0
114,132,5,103.65429,99.0
114,133,3,102.46121,98.0
114,134,0,93.29385,97.0
114,135,5,111.23615,96.0
114,136,5,104.14585,95.0
114,137,4,121.844124,94.0
114,138,4,118.602135,93.0
114,139,4,103.6381,92.0
114,140,5,106.9815,91.0
114,141,1,112.05517,90.0
114,142,4,114.72564,89.0
114,143,4,104.66605,88.0
114,144,5,102.639786,87.0
114,145,0,111.00663,86.0
114,146,3,115.10499,85.0
114,147,3,93.191284,84.0
114,148,1,92.34014,83.0
114,149,5,96.29206,82.0
114,150,1,107.587845,81.0
114,151,0,113.66666,80.0
114,152,1,107.689735,79.0
114,153,2,107.44683,78.0
115,36,0,116.9847,125.0
115,37,4,113.935646,125.0
115,38,0,116.0907,125.0
115,39,0,104.985374,125.0
115,40,5,104.885506,125.0
115,41,0,109.28922,125.0
115,42,3,96.91857,125.0
115,43,5,96.80228,125.0
115,44,1,104.20388,125.0
115,45,3,106.5222,125.0
115,46,3,124.983345,125.0
115,47,3,112.736244,125.0
115,48,4,116.447586,125.0
115,49,5,117.24508,125.0
115,50,4,102.95583,125.0
115,51,2,102.1721,125.0
115,52,3,88.17057,125.0
115,53,1,100.93842,125.0
115,54,2,107.269875,125.0
115,55,0,90.00063,125.0
115,56,2,87.21581,125.0
115,57,0,95.49059,125.0
115,58,0,99.03083,125.0
115,59,0,108.8319,125.0
115,60,1,108.795616,125.0
115,61,0,111.22997,125.0
115,62,0,113.96712,125.0
115,63,0,121.82753,125.0
115,64,0,110.898155,125.0
115,65,3,109.15648,125.0
115,66,3,105.73162,125.0
115,67,2,102.49316,125.0
115,68,5,115.496666,125.0
115,69,5,111.46151,125.0
115,70,0,110.66366,125.0
115,71,5,123.68786,125.0
115,72,2,121.572296,125.0
115,73,0,118.71191,125.0
115,74,1,122.40531,125.0
115,75,3,124.740425,125.0
115,76,0,121.68276,125.0
115,77,1,117.49726,125.0
115,78,3,123.22143,125.0
115,79,0,103.16214,125.0
115,80,0,107.871025,125.0
115,81,3,117.400375,125.0
115,82,4,114.256226,125.0
115,83,1,105.336266,125.0
115,84,1,115.93809,125.0
115,85,4,106.22765,125.0
115,86,0,91.37517,125.0
115,87,4,90.90924,125.0
115,88,0,81.813034,125.0
115,89,0,84.88125,125.0
115,90,5,102.88253,125.0
115,91,5,111.114174,125.0
115,92,5,116.816475,125.0
115,93,5,111.46403,125.0
115,94,1,114.93273,125.0
115,95,2,114.058,125.0
115,96,3,109.83117,125.0
115,97,5,114.0667,125.0
115,98,5,115.289406,125.0
115,99,0,123.50266,125.0
115,100,3,126.13912,125.0
115,101,3,119.76153,125.0
115,102,0,121.16694,125.0
115,103,2,127.105385,125.0
115,104,5,121.27416,125.0
115,105,0,121.6239,125.0
115,106,0,125.84149,125.0
115,107,5,124.05015,125.0
115,108,4,123.99453,125.0
115,109,4,118.78614,125.0
115,110,4,111.619,125.0
115,111,1,116.78768,125.0
115,112,4,102.575066,125.0
115,113,5,109.45559,125.0
115,114,5,120.91346,125.0
115,115,0,122.28005,125.0
115,116,3,119.26107,125.0
115,117,3,119.70695,125.0
115,118,1,118.50309,125.0
115,119,3,113.91769,125.0
115,120,1,117.024124,125.0
115,121,4,98.09908,125.0
115,122,2,84.50901,125.0
115,123,2,69.33116,125.0
115,124,0,96.35555,125.0
115,125,5,110.407326,125.0
115,126,1,114.198326,125.0
115,127,5,120.131004,125.0
115,128,5,118.165405,125.0
115,129,0,116.77651,125.0
115,130,4,107.05343,125.0
115,131,2,96.92875,125.0
115,132,2,108.50625,125.0
115,133,3,117.98779,125.0
115,134,4,114.16071,125.0
115,135,1,119.911476,125.0
115,136,0,121.71429,125.0
115,137,0,114.018776,125.0
115,138,1,118.05188,125.0
115,139,2,112.12723,125.0
115,140,1,117.14591,125.0
115,141,4,115.804794,125.0
115,142,3,121.40197,125.0
115,143,4,122.723755,125.0
115,144,0,118.419205,125.0
115,145,0,117.85374,125.0
115,146,4,115.493835,125.0
115,147,3,112.983765,125.0
115,148,4,102.04005,125.0
115,149,3,100.5967,125.0
115,150,0,104.75836,125.0
115,151,4,109.900604,125.0
115,152,5,118.22821,125.0
115,153,1,117.869255,125.0
115,154,4,111.85941,125.0
115,155,1,104.077644,125.0
115,156,5,118.059425,125.0
115,157,1,114.609985,125.0
115,158,4,119.52381,125.0
115,159,0,118.78642,125.0
115,160,3,124.247116,125.0
115,161,1,122.03974,125.0
115,162,1,117.63305,125.0
115,163,3,109.88755,125.0
115,164,3,113.859116,125.0
115,165,4,100.32134,125.0
115,166,3,97.17266,125.0
115,167,4,106.454475,125.0
115,168,1,100.34414,125.0
115,169,1,108.757744,125.0
115,170,1,110.668526,125.0
115,171,0,112.98824,125.0
115,172,5,118.13283,125.0
115,173,1,112.76438,125.0
115,174,3,113.04555,125.0
115,175,1,111.341484,125.0
115,176,5,113.36483,125.0
115,177,2,119.289764,124.0
115,178,5,115.86345,123.0
115,179,0,127.055855,122.0
115,180,2,117.129295,121.0
115,181,5,121.75379,120.0
115,182,1,116.17233,119.0
115,183,5,117.491776,118.0
115,184,1,124.014656,117.0
115,185,0,111.05913,116.0
115,186,4,122.952126,115.0
115,187,4,116.35157,114.0
115,188,0,99.89562,113.0
115,189,1,107.29004,112.0
115,190,5,79.13554,111.0
115,191,0,75.24673,110.0
115,192,3,102.46436,109.0
115,193,4,98.86445,108.0
115,194,2,105.31038,107.0
115,195,2,96.06345,106.0
115,196,0,107.14912,105.0
115,197,0,111.586914,104.0
115,198,5,106.39277,103.0
115,199,4,96.24105,102.0
115,200,2,105.93152,101.0
115,201,1,90.92214,100.0
115,202,0,101.269844,99.0
115,203,0,92.262245,98.0
115,204,0,92.952705,97.0
115,205,5,92.617294,96.0
115,206,0,104.5394,95.0
115,207,4,92.62159,94.0
115,208,3,99.54486,93.0
115,209,3,84.08559,92.0
115,210,2,78.320045,91.0
116,36,2,117.00926,125.0
116,37,0,123.01586,125.0
116,38,5,113.48701,125.0
116,39,1,120.21078,125.0
116,40,0,120.55262,125.0
116,41,4,119.21101,125.0
116,42,5,118.91414,125.0
116,43,4,123.36385,125.0
116,44,4,118.117836,125.0
116,45,2,97.6877,125.0
116,46,3,95.41804,125.0
116,47,3,108.04103,125.0
116,48,0,103.37115,125.0
116,49,2,109.982086,125.0
116,50,2,115.98917,125.0
116,51,2,102.20425,125.0
116,52,2,76.16308,125.0
116,53,5,100.32377,125.0
116,54,3,102.82546,124.0
116,55,0,114.27302,123.0
116,56,0,119.60891,122.0
116,57,5,116.813095,121.0
116,58,2,120.77748,120.0
116,59,4,124.86899,119.0
116,60,1,109.284996,118.0
116,61,5,125.31897,117.0
116,62,1,121.94152,116.0
116,63,1,121.701004,115.0
116,64,3,124.61875,114.0
116,65,2,125.50657,113.0
116,66,0,125.45401,112.0
116,67,0,118.79714,111.0
116,68,0,120.09606,110.0
116,69,3,120.26472,109.0
116,70,0,95.91165,108.0
116,71,4,125.16874,107.0
116,72,3,118.58286,106.0
116,73,0,120.77831,105.0
116,74,0,108.28462,104.0
116,75,5,91.8651,103.0
116,76,5,71.71145,102.0
116,77,0,59.794426,101.0
116,78,5,48.677567,100.0
116,79,3,79.46874,99.0
116,80,2,106.975746,98.0
116,81,5,108.97309,97.0
116,82,5,102.35644,96.0
116,83,3,97.56687,95.0
116,84,2,110.76038,94.0
116,85,1,109.79918,93.0
116,86,1,113.40215,92.0
116,87,4,108.52416,91.0
116,88,4,102.708595,90.0
116,89,4,87.587036,89.0
116,90,1,92.64471,88.0
116,91,2,65.45697,87.0
116,92,0,98.432465,86.0
116,93,1,110.15091,85.0
116,94,2,92.73265,84.0
116,95,1,65.386375,83.0
116,96,4,58.615116,82.0
116,97,3,90.49813,81.0
116,98,0,102.39852,80.0
116,99,0,99.28675,79.0
116,100,0,109.06764,78.0
116,101,3,109.36124,77.0
116,102,0,101.4617,76.0
116,103,1,100.72687,75.0
116,104,3,107.975006,74.0
116,105,4,102.08189,73.0
116,106,3,81.739944,72.0
116,107,0,87.71306,71.0
116,108,1,86.856895,70.0
116,109,5,98.61178,69.0
116,110,1,85.81608,68.0
116,111,5,87.06049,67.0
116,112,5,78.86527,66.0
116,113,4,92.84158,65.0
116,114,5,87.05285,64.0
116,115,0,80.01215,63.0
116,116,5,76.84337,62.0
116,117,1,83.41934,61.0
116,118,5,66.16811,60.0
116,119,0,66.028465,59.0
116,120,3,66.710236,58.0
116,121,0,42.304573,57.0
116,122,3,50.39896,56.0
116,123,2,93.56539,55.0
116,124,0,90.39362,54.0
116,125,4,112.5398,53.0
116,126,3,108.523766,52.0
116,127,0,105.46603,51.0
116,128,3,116.53617,50.0
116,129,0,108.50011,49.0
116,130,0,111.06014,48.0
116,131,0,90.8839,47.0
116,132,4,73.21678,46.0
116,133,5,88.41806,45.0
116,134,5,99.4274,44.0
116,135,3,96.75767,43.0
116,136,5,101.70388,42.0
116,137,0,93.11543,41.0
116,138,3,87.31107,40.0
116,139,0,80.33779,39.0
116,140,4,84.164894,38.0
116,141,4,89.2635,37.0
116,142,3,82.685005,36.0
116,143,1,76.30161,35.0
116,144,3,76.94691,34.0
116,145,5,71.22695,33.0
116,146,0,62.490005,32.0
116,147,0,78.46173,31.0
116,148,3,74.61718,30.0
116,149,0,73.23296,29.0
116,150,3,88.24116,28.0
116,151,1,69.81319,27.0
116,152,4,50.976692,26.0
116,153,4,48.094837,25.0
116,154,0,52.870888,24.0
116,155,3,64.750084,23.0
116,156,0,55.393246,22.0
116,157,3,71.89071,21.0
116,158,0,73.25651,20.0
116,159,5,70.450035,19.0
116,160,1,72.84452,18.0
116,161,1,59.55335,17.0
116,162,5,47.133633,16.0
116,163,0,45.547207,15.0
116,164,4,43.549423,14.0
116,165,4,43.266914,13.0
116,166,0,44.687916,12.0
116,167,4,32.356808,11.0
116,168,4,24.52623,10.0
116,169,5,22.705286,9.0
116,170,2,10.445369,8.0
116,171,1,24.235031,7.0
117,36,3,100.29207,125.0
117,37,2,81.65255,125.0
117,38,5,99.43568,125.0
117,39,0,113.65305,125.0
117,40,2,110.80181,125.0
117,41,0,100.58874,125.0
117,42,2,107.29535,125.0
117,43,5,111.6453,125.0
117,44,3,114.16326,125.0
117,45,4,118.41208,125.0
117,46,5,119.97027,125.0
117,47,5,109.83205,125.0
117,48,0,100.63584,125.0
117,49,2,101.18783,125.0
117,50,4,114.08441,125.0
117,51,0,111.54194,125.0
117,52,2,118.18238,125.0
117,53,3,120.7386,125.0
117,54,3,127.198204,125.0
117,55,0,121.879265,125.0
118,36,4,104.19767,125.0
118,37,1,115.325356,125.0
118,38,0,118.74373,125.0
118,39,5,121.81297,125.0
118,40,5,123.786354,125.0
118,41,0,113.39347,125.0
118,42,5,101.19835,125.0
118,43,4,96.1019,125.0
118,44,0,89.57592,125.0
118,45,5,70.39595,125.0
118,46,2,86.27077,125.0
118,47,3,94.400475,125.0
118,48,4,106.775505,125.0
118,49,5,102.27202,125.0
118,50,0,103.5496,125.0
118,51,4,100.959785,125.0
118,52,3,102.30527,125.0
118,53,1,98.48872,125.0
118,54,0,107.126854,125.0
118,55,1,118.11804,125.0
118,56,5,115.79497,125.0
118,57,0,114.540504,125.0
118,58,3,110.6411,125.0
118,59,1,117.63349,125.0
118,60,4,119.82494,125.0
118,61,2,121.1217,125.0
118,62,0,123.10185,125.0
118,63,3,126.748665,125.0
118,64,4,122.31115,125.0
118,65,3,120.06711,125.0
118,66,5,119.674904,125.0
118,67,4,109.995445,125.0
118,68,1,118.13842,125.0
118,69,0,116.856834,125.0
118,70,3,108.10522,125.0
118,71,1,121.89047,125.0
118,72,0,122.91392,125.0
118,73,2,109.00587,125.0
118,74,5,118.840096,125.0
118,75,5,115.03479,125.0
118,76,4,115.05861,125.0
118,77,3,118.76522,125.0
118,78,0,122.66457,125.0
118,79,2,120.08221,125.0
118,80,4,123.62091,125.0
118,81,2,123.05915,125.0
118,82,0,120.4908,125.0
118,83,5,121.82717,125.0
118,84,3,116.097664,125.0
118,85,3,121.74971,125.0
118,86,4,123.90995,125.0
118,87,3,119.179634,125.0
118,88,0,116.12156,125.0
118,89,3,119.90559,125.0
118,90,4,125.563194,125.0
118,91,0,121.61895,125.0
118,92,0,120.824196,125.0
118,93,3,123.043236,125.0
118,94,3,118.28709,125.0
118,95,0,119.2794,125.0
118,96,0,108.844124,125.0
118,97,1,108.51977,125.0
119,36,0,116.46951,125.0
119,37,0,109.81051,125.0
119,38,1,118.629524,125.0
119,39,2,118.784615,125.0
119,40,3,125.094185,125.0
119,41,0,118.80462,125.0
119,42,5,122.716896,125.0
119,43,2,125.59462,125.0
119,44,0,119.593094,125.0
119,45,0,122.52686,125.0
119,46,3,115.43751,125.0
119,47,1,110.17329,125.0
119,48,5,105.856606,125.0
119,49,4,123.95827,125.0
119,50,0,122.56316,125.0
119,51,2,126.79316,125.0
119,52,0,115.67567,125.0
119,53,4,116.70598,125.0
119,54,1,118.26052,125.0
119,55,1,116.2196,125.0
119,56,2,117.36446,125.0
119,57,0,120.81182,125.0
119,58,5,124.45712,125.0
119,59,1,123.47289,125.0
119,60,0,125.219124,125.0
119,61,3,122.445625,125.0
119,62,3,118.61618,125.0
119,63,3,113.67525,125.0
119,64,1,116.1061,125.0
119,65,2,120.46592,125.0
119,66,0,122.93888,125.0
119,67,0,125.51739,125.0
119,68,4,125.53466,125.0
119,69,4,111.14814,125.0
119,70,5,123.81339,125.0
119,71,0,115.51728,125.0
119,72,2,120.73167,125.0
119,73,5,120.80273,125.0
119,74,2,122.449776,125.0
119,75,5,117.81361,125.0
119,76,4,117.03524,125.0
119,77,4,114.03205,125.0
119,78,0,117.39875,125.0
119,79,0,122.67987,125.0
119,80,1,123.44772,125.0
119,81,0,114.30935,125.0
119,82,2,113.366295,125.0
119,83,3,112.39715,125.0
119,84,4,120.20252,125.0
119,85,1,118.397194,125.0
119,86,0,122.13996,125.0
119,87,3,124.8178,125.0
119,88,1,127.7703,125.0
119,89,2,128.41159,125.0
119,90,0,120.05616,125.0
119,91,5,119.37882,125.0
119,92,1,126.17924,125.0
119,93,0,125.96969,125.0
119,94,1,124.44564,125.0
119,95,2,122.740776,125.0
119,96,4,127.03303,125.0
119,97,3,123.2302,125.0
119,98,2,119.16927,125.0
119,99,0,121.07514,125.0
119,100,0,115.57949,125.0
119,101,3,109.62269,125.0
119,102,1,112.9166,125.0
119,103,4,117.67466,125.0
119,104,3,117.75891,125.0
119,105,1,118.08817,125.0
119,106,2,119.54218,125.0
119,107,4,107.926056,125.0
119,108,0,121.96493,125.0
119,109,0,118.89048,125.0
119,110,0,118.04471,125.0
119,111,5,114.54862,125.0
119,112,3,124.05387,125.0
119,113,4,107.62928,125.0
119,114,1,110.54815,125.0
119,115,2,113.26835,125.0
119,116,1,118.289314,125.0
119,117,1,121.95101,125.0
119,118,3,125.96012,125.0
119,119,2,117.19604,125.0
119,120,5,122.22197,125.0
119,121,3,116.02689,125.0
119,122,3,121.673035,125.0
119,123,0,118.60421,125.0
119,124,0,119.28443,125.0
119,125,0,117.26423,125.0
119,126,4,121.42524,125.0
119,127,3,120.968575,125.0
119,128,1,124.95096,125.0
119,129,0,121.0183,125.0
119,130,1,121.49908,125.0
119,131,0,123.54637,125.0
119,132,0,126.130714,125.0
119,133,0,115.68098,125.0
119,134,3,116.84363,125.0
119,135,1,117.29618,125.0
119,136,0,117.08605,125.0
119,137,3,100.47729,125.0
119,138,4,122.84028,125.0
119,139,5,120.36738,125.0
119,140,1,124.1858,125.0
119,141,3,119.13471,125.0
119,142,2,118.54577,125.0
119,143,3,127.97767,125.0
119,144,0,127.33318,125.0
119,145,4,120.47187,125.0
119,146,3,118.31911,125.0
119,147,3,111.73992,125.0
119,148,4,111.13569,125.0
119,149,5,105.947914,125.0
119,150,5,104.85707,125.0
119,151,2,112.9239,125.0
119,152,5,103.15972,125.0
119,153,0,117.29635,125.0
119,154,0,119.8719,125.0
119,155,2,113.87498,125.0
119,156,0,116.370384,125.0
119,157,3,115.75868,125.0
119,158,1,125.406876,125.0
119,159,4,116.92875,125.0
119,160,3,117.28798,125.0
119,161,4,114.56042,125.0
119,162,1,107.88073,125.0
119,163,4,89.99679,125.0
119,164,4,103.425156,125.0
119,165,4,92.65075,125.0
119,166,4,83.00871,125.0
119,167,1,82.7931,125.0
119,168,5,83.7837,125.0
119,169,5,88.27195,125.0
119,170,4,81.403786,125.0
119,171,5,64.27064,125.0
119,172,1,45.91655,125.0
119,173,5,67.91446,125.0
119,174,1,67.29763,125.0
119,175,0,70.49275,125.0
119,176,0,62.285576,125.0
119,177,2,74.87272,125.0
119,178,0,80.082054,125.0
119,179,0,62.217697,125.0
119,180,1,68.9591,125.0
119,181,3,61.96167,125.0
119,182,1,64.51917,125.0
119,183,5,63.17854,125.0
119,184,2,60.482315,124.0
119,185,0,80.56908,123.0
119,186,2,78.34881,122.0
119,187,5,86.49993,121.0
119,188,3,84.290215,120.0
119,189,5,72.65703,119.0
119,190,4,86.51925,118.0
119,191,5,107.44831,117.0
119,192,3,109.19645,116.0
119,193,0,96.95919,115.0
119,194,4,112.61358,114.0
119,195,5,110.95717,113.0
119,196,4,114.3697,112.0
119,197,2,105.57128,111.0
119,198,0,103.03792,110.0
119,199,4,114.719826,109.0
119,200,1,115.945366,108.0
119,201,0,113.61097,107.0
119,202,3,109.12497,106.0
120,36,1,117.282394,125.0
120,37,0,114.50806,125.0
120,38,1,104.4302,125.0
120,39,3,117.14576,125.0
120,40,3,122.633354,125.0
120,41,1,121.72268,125.0
120,42,1,122.585655,125.0
120,43,1,119.41088,125.0
120,44,0,116.55239,125.0
120,45,2,121.78289,125.0
120,46,1,110.15418,125.0
120,47,4,106.70437,125.0
120,48,1,106.23321,125.0
120,49,0,105.93029,125.0
120,50,3,114.223045,125.0
120,51,5,116.36387,124.0
120,52,4,114.25918,123.0
120,53,0,114.16501,122.0
120,54,5,115.97027,121.0
120,55,3,109.16184,120.0
120,56,1,118.13844,119.0
120,57,4,123.42244,118.0
120,58,2,122.15447,117.0
120,59,4,114.34388,116.0
120,60,1,120.69486,115.0
120,61,2,123.37728,114.0
120,62,2,117.77555,113.0
120,63,0,106.95647,112.0
120,64,4,92.55576,111.0
120,65,3,104.60787,110.0
120,66,0,87.70746,109.0
120,67,4,76.64588,108.0
120,68,3,94.88418,107.0
120,69,4,78.37825,106.0
120,70,5,88.49447,105.0
120,71,2,74.22602,104.0
120,72,4,70.69541,103.0
120,73,0,94.41202,102.0
120,74,0,113.138725,101.0
120,75,0,101.59021,100.0
120,76,3,80.20919,99.0
120,77,2,98.419014,98.0
120,78,5,88.63312,97.0
120,79,0,100.22776,96.0
120,80,3,107.782646,95.0
120,81,1,100.11108,94.0
120,82,3,111.91473,93.0
120,83,1,115.31466,92.0
120,84,1,117.41148,91.0
120,85,0,121.37382,90.0
120,86,3,113.40414,89.0
120,87,3,105.49471,88.0
120,88,0,107.04987,87.0
120,89,5,80.52764,86.0
120,90,2,80.817635,85.0
120,91,2,103.559044,84.0
120,92,2,113.606064,83.0
120,93,5,108.328514,82.0
120,94,3,114.3487,81.0
120,95,3,114.83235,80.0
120,96,2,113.76132,79.0
120,97,4,115.66703,78.0
120,98,1,115.21183,77.0
120,99,3,118.174355,76.0
120,100,0,128.83327,75.0
120,101,0,124.18607,74.0
120,102,1,126.80937,73.0
120,103,3,126.039345,72.0
120,104,3,119.55529,71.0
120,105,0,119.25529,70.0
120,106,1,118.558586,69.0
120,107,3,118.79929,68.0
120,108,3,105.65856,67.0
120,109,0,110.86846,66.0
120,110,2,112.06718,65.0
120,111,2,115.746376,64.0
120,112,2,113.482124,63.0
120,113,2,105.08535,62.0
120,114,5,97.01535,61.0
120,115,0,96.84683,60.0
120,116,3,87.62544,59.0
120,117,1,85.32749,58.0
120,118,4,82.71131,57.0
120,119,3,70.334114,56.0
120,120,4,78.809,55.0
120,121,5,57.999794,54.0
120,122,0,57.769657,53.0
120,123,5,51.14673,52.0
120,124,5,54.261314,51.0
120,125,3,40.417713,50.0
120,126,5,42.103344,49.0
120,127,0,38.909615,48.0
120,128,0,34.19106,47.0
120,129,2,31.94616,46.0
120,130,4,41.66456,45.0
120,131,3,37.95225,44.0
120,132,5,57.903465,43.0
120,133,1,63.19646,42.0
120,134,0,74.12441,41.0
120,135,3,76.0319,40.0
120,136,2,72.72422,39.0
120,137,3,54.439636,38.0
120,138,1,49.295082,37.0
120,139,4,46.235367,36.0
120,140,5,36.3078,35.0
120,141,4,37.78778,34.0
120,142,1,35.54798,33.0
120,143,5,41.47973,32.0
120,144,5,39.828667,31.0
120,145,5,44.821854,30.0
120,146,0,59.69242,29.0
120,147,2,66.117195,28.0
120,148,4,62.609238,27.0
120,149,4,66.27584,26.0
120,150,0,62.020126,25.0
120,151,4,67.82695,24.0
120,152,2,55.113625,23.0
120,153,1,47.68675,22.0
120,154,1,43.75821,21.0
120,155,5,29.748968,20.0
120,156,0,45.65921,19.0
120,157,4,41.11326,18.0
120,158,0,35.406563,17.0
120,159,2,34.34043,16.0
120,160,4,32.941795,15.0
121,36,4,119.61808,90.0
121,37,1,109.83725,89.0
121,38,4,108.601685,88.0
121,39,2,111.3941,87.0
121,40,2,110.28326,86.0
121,41,1,107.5996,85.0
121,42,0,116.43546,84.0
121,43,0,113.079506,83.0
121,44,1,123.27361,82.0
121,45,0,115.71392,81.0
121,46,2,120.454956,80.0
121,47,0,123.55361,79.0
121,48,2,106.16074,78.0
121,49,1,114.53148,77.0
121,50,1,121.90687,76.0
121,51,3,124.18358,75.0
121,52,0,121.113976,74.0
121,53,2,112.96569,73.0
121,54,2,112.94483,72.0
121,55,0,111.76964,71.0
121,56,2,102.65591,70.0
121,57,0,102.21325,69.0
121,58,2,106.744896,68.0
121,59,1,106.00851,67.0
123,36,4,111.15198,125.0
123,37,4,77.905815,125.0
123,38,1,90.344376,125.0
123,39,0,106.504234,125.0
123,40,5,111.73608,125.0
123,41,0,105.910866,125.0
123,42,3,105.32086,125.0
123,43,2,116.57584,125.0
123,44,1,117.252106,125.0
123,45,3,123.24712,125.0
123,46,2,119.7619,125.0
123,47,2,107.388466,125.0
123,48,4,92.42909,125.0
123,49,1,112.112236,125.0
123,50,4,99.413445,125.0
123,51,0,111.885,125.0
123,52,0,116.1312,125.0
123,53,5,119.72449,125.0
123,54,3,127.734985,125.0
123,55,2,123.32266,125.0
123,56,5,120.10231,125.0
123,57,1,123.70161,125.0
123,58,0,119.68031,125.0
123,59,2,120.3715,125.0
123,60,3,124.51664,125.0
123,61,1,126.690155,125.0
124,36,5,121.86673,120.0
124,37,0,122.83117,119.0
124,38,2,117.66682,118.0
124,39,4,112.483696,117.0
124,40,3,118.113594,116.0
124,41,0,120.99478,115.0
124,42,5,116.15969,114.0
124,43,2,111.631355,113.0
124,44,0,114.90183,112.0
124,45,2,122.42819,111.0
124,46,0,121.3467,110.0
124,47,3,125.127556,109.0
124,48,1,114.245094,108.0
124,49,0,101.81205,107.0
124,50,3,89.12432,106.0
124,51,5,87.508354,105.0
124,52,0,87.768295,104.0
124,53,2,108.4641,103.0
124,54,3,104.78456,102.0
124,55,1,87.10294,101.0
124,56,1,94.033195,100.0
124,57,3,109.60812,99.0
124,58,4,126.82504,98.0
124,59,0,111.26913,97.0
124,60,0,98.62999,96.0
124,61,3,102.0646,95.0
124,62,4,124.81197,94.0
124,63,3,120.54473,93.0
124,64,2,126.72546,92.0
124,65,5,127.52133,91.0
124,66,2,117.3509,90.0
124,67,2,117.04815,89.0
124,68,0,116.46835,88.0
124,69,1,112.32302,87.0
124,70,0,114.494545,86.0
124,71,4,104.1392,85.0
124,72,4,95.01385,84.0
124,73,4,85.616516,83.0
124,74,3,74.155876,82.0
124,75,2,44.45137,81.0
124,76,1,72.422104,80.0
124,77,5,83.23047,79.0
124,78,5,92.77036,78.0
124,79,0,100.21801,77.0
124,80,0,107.72449,76.0
124,81,0,105.41729,75.0
124,82,4,105.78066,74.0
124,83,5,100.86936,73.0
124,84,1,83.42246,72.0
124,85,0,78.335335,71.0
124,86,3,82.99038,70.0
124,87,0,88.66297,69.0
124,88,1,80.246086,68.0
124,89,3,86.55082,67.0
124,90,4,89.574165,66.0
124,91,2,85.452446,65.0
124,92,3,75.17182,64.0
124,93,4,77.068016,63.0
124,94,2,85.2085,62.0
124,95,0,78.63532,61.0
124,96,0,71.283936,60.0
124,97,4,68.367165,59.0
124,98,2,78.174965,58.0
124,99,0,80.14951,57.0
124,100,4,69.04876,56.0
124,101,5,79.38142,55.0
124,102,2,87.1869,54.0
124,103,5,97.71101,53.0
124,104,2,86.16485,52.0
124,105,1,88.14147,51.0
124,106,4,86.23081,50.0
124,107,5,82.04269,49.0
124,108,0,68.394646,48.0
124,109,0,65.9248,47.0
124,110,3,66.312874,46.0
124,111,2,59.963074,45.0
124,112,2,57.70541,44.0
124,113,0,70.27366,43.0
124,114,2,66.41899,42.0
124,115,4,68.76492,41.0
124,116,5,60.04216,40.0
124,117,3,75.99322,39.0
124,118,5,66.09456,38.0
124,119,3,69.22047,37.0
124,120,3,74.68091,36.0
124,121,4,65.968285,35.0
124,122,0,61.268616,34.0
124,123,5,70.67054,33.0
124,124,0,71.70847,32.0
124,125,5,56.11196,31.0
124,126,3,64.895134,30.0
124,127,1,63.970474,29.0
124,128,1,55.074833,28.0
124,129,1,57.602715,27.0
124,130,0,50.59562,26.0
124,131,1,39.709484,25.0
124,132,4,51.516434,24.0
124,133,0,46.50987,23.0
124,134,1,38.774147,22.0
124,135,4,39.314575,21.0
124,136,1,26.45655,20.0
124,137,1,30.184298,19.0
124,138,1,26.122221,18.0
124,139,0,19.93162,17.0
124,140,1,14.230522,16.0
124,141,2,16.185059,15.0
124,142,0,12.6580305,14.0
124,143,0,19.869196,13.0
124,144,3,21.699192,12.0
124,145,4,23.339928,11.0
124,146,2,17.192432,10.0
124,147,2,10.121843,9.0
124,148,1,9.187648,8.0
124,149,4,8.937904,7.0
125,36,3,103.41354,125.0
125,37,1,92.658165,125.0
125,38,4,101.842186,125.0
125,39,2,79.06339,125.0
125,40,0,66.659454,125.0
125,41,5,89.99827,125.0
125,42,1,83.071785,125.0
125,43,4,82.4847,125.0
125,44,1,93.76833,125.0
125,45,5,95.31997,125.0
125,46,3,101.68066,125.0
125,47,2,115.891556,125.0
125,48,0,108.334946,125.0
125,49,3,115.63665,125.0
125,50,0,120.46943,125.0
125,51,3,110.79803,125.0
125,52,0,103.888,125.0
125,53,0,104.09133,125.0
125,54,3,85.58964,125.0
125,55,1,86.76917,125.0
125,56,2,112.443474,125.0
125,57,0,118.82279,125.0
125,58,4,122.956116,125.0
125,59,1,125.72614,125.0
125,60,2,115.92288,125.0
125,61,4,111.819115,125.0
125,62,3,104.188286,125.0
125,63,1,104.358345,125.0
125,64,5,106.233315,125.0
125,65,5,117.22788,125.0
125,66,1,113.33621,125.0
125,67,0,114.49435,125.0
125,68,4,122.35076,125.0
125,69,5,125.64446,125.0
125,70,0,115.06663,125.0
125,71,4,119.86459,125.0
125,72,0,122.96714,125.0
125,73,4,121.49281,125.0
125,74,5,121.88644,125.0
125,75,1,116.464455,125.0
125,76,4,105.12817,125.0
125,77,0,97.02716,125.0
125,78,3,112.55047,125.0
125,79,3,106.67745,125.0
126,36,5,119.40306,125.0
126,37,1,119.296,125.0
126,38,1,117.84104,125.0
126,39,5,113.346016,125.0
126,40,5,102.620834,125.0
126,41,2,116.32453,125.0
126,42,2,107.22994,125.0
126,43,0,111.0261,125.0
126,44,0,117.71393,125.0
126,45,1,118.27842,125.0
126,46,1,123.07038,125.0
126,47,0,112.06506,125.0
126,48,2,122.348434,125.0
126,49,3,121.193214,125.0
126,50,4,124.539085,125.0
126,51,2,123.87524,125.0
126,52,3,126.89911,125.0
126,53,0,122.30433,125.0
126,54,0,127.04672,125.0
126,55,3,123.23246,125.0
126,56,5,122.95779,125.0
126,57,1,125.194145,125.0
126,58,3,117.62885,125.0
126,59,0,119.70782,125.0
126,60,5,123.15191,125.0
126,61,4,120.69857,125.0
126,62,4,110.552986,125.0
126,63,4,104.11651,125.0
126,64,5,122.10571,125.0
126,65,0,120.42332,125.0
126,66,1,118.809425,125.0
126,67,0,117.429054,125.0
126,68,1,112.90468,125.0
126,69,1,111.47204,125.0
126,70,2,104.33314,125.0
126,71,3,93.174995,125.0
126,72,5,101.08727,125.0
126,73,4,103.67213,125.0
126,74,4,108.92777,125.0
126,75,3,98.35992,125.0
126,76,2,99.40811,125.0
126,77,2,100.30846,125.0
126,78,2,89.74361,125.0
126,79,4,89.52053,125.0
126,80,2,94.57624,125.0
126,81,0,109.34351,125.0
126,82,4,102.73156,125.0
126,83,4,95.862816,125.0
126,84,0,84.8677,125.0
126,85,0,96.251625,125.0
126,86,5,95.18069,125.0
126,87,5,87.94846,125.0
126,88,4,96.515144,125.0
126,89,3,109.356064,125.0
126,90,1,97.91773,125.0
126,91,4,104.31642,125.0
126,92,4,100.16427,125.0
126,93,4,103.92147,125.0
126,94,5,95.92467,125.0
126,95,2,109.01641,125.0
126,96,5,103.40885,125.0
126,97,1,111.09308,125.0
126,98,1,110.95219,125.0
126,99,3,108.02604,124.0
127,36,0,121.7566,125.0
127,37,2,118.38999,125.0
127,38,2,119.15237,125.0
127,39,5,122.00074,125.0
127,40,2,122.78796,125.0
127,41,0,109.235794,125.0
127,42,4,116.812294,125.0
127,43,4,121.17247,125.0
127,44,0,117.80506,125.0
127,45,5,123.899895,125.0
127,46,0,115.304665,125.0
127,47,5,117.0833,125.0
127,48,0,111.51612,125.0
127,49,3,109.52006,125.0
127,50,2,108.14436,125.0
127,51,0,113.73516,125.0
127,52,3,102.77413,125.0
127,53,3,93.03321,125.0
127,54,2,98.1209,125.0
127,55,0,97.176094,125.0
127,56,1,98.0449,125.0
127,57,1,99.929634,125.0
127,58,4,99.929344,125.0
127,59,1,84.1356,125.0
127,60,1,99.061134,125.0
127,61,0,105.9145,125.0
127,62,0,101.52,125.0
127,63,5,108.61579,125.0
127,64,4,83.75504,125.0
127,65,5,108.21169,125.0
127,66,2,111.68018,125.0
127,67,5,99.71192,125.0
127,68,2,115.888115,125.0
127,69,0,115.420654,125.0
127,70,2,107.41668,125.0
127,71,1,109.248314,125.0
127,72,5,116.19694,125.0
127,73,5,109.96646,125.0
127,74,3,115.34693,125.0
127,75,3,114.47187,125.0
127,76,3,105.6398,125.0
127,77,1,110.45017,125.0
127,78,0,108.667946,125.0
127,79,3,112.49769,125.0
127,80,0,119.29643,125.0
127,81,2,122.571846,125.0
127,82,5,106.691826,125.0
127,83,1,103.851395,125.0
127,84,0,114.41573,124.0
127,85,5,112.8505,123.0
127,86,0,113.36171,122.0
127,87,0,110.61993,121.0
127,88,2,117.6211,120.0
127,89,3,99.882996,119.0
127,90,5,103.90241,118.0
127,91,0,107.854774,117.0
127,92,4,103.8337,116.0
127,93,5,113.26885,115.0
127,94,2,113.94225,114.0
127,95,2,106.87136,113.0
127,96,3,117.24293,112.0
127,97,2,117.51045,111.0
127,98,3,103.08617,110.0
127,99,4,100.59485,109.0
127,100,4,73.86142,108.0
127,101,4,80.561966,107.0
127,102,2,66.90767,106.0
127,103,4,49.244225,105.0
127,104,1,40.870995,104.0
127,105,4,38.64391,103.0
127,106,0,28.473274,102.0
127,107,4,29.539604,101.0
127,108,2,36.6762,100.0
127,109,3,49.21953,99.0
127,110,5,56.41096,98.0
127,111,4,51.93588,97.0
127,112,4,48.973637,96.0
127,113,2,38.130604,95.0
127,114,0,63.898766,94.0
127,115,2,67.311035,93.0
127,116,1,86.395706,92.0
127,117,4,85.37849,91.0
127,118,4,92.634766,90.0
127,119,0,93.51092,89.0
127,120,3,98.29381,88.0
127,121,1,101.818825,87.0
127,122,2,100.08518,86.0
127,123,3,102.99796,85.0
127,124,4,83.37163,84.0
127,125,5,89.55391,83.0
127,126,4,96.08059,82.0
128,36,3,109.784874,125.0
128,37,0,109.38682,125.0
128,38,1,110.00494,125.0
128,39,5,114.65324,125.0
128,40,2,109.09758,125.0
128,41,5,127.41631,125.0
128,42,3,127.23138,125.0
128,43,5,125.1832,125.0
128,44,2,107.68014,125.0
128,45,1,120.72145,125.0
128,46,2,117.08575,125.0
128,47,4,118.294,125.0
128,48,0,114.8757,125.0
128,49,0,121.98518,125.0
128,50,5,123.87001,125.0
128,51,0,122.98068,125.0
128,52,0,116.626625,125.0
128,53,3,125.884384,125.0
128,54,3,123.88805,125.0
128,55,2,126.48716,125.0
128,56,1,127.71996,125.0
128,57,5,126.00022,125.0
128,58,3,124.96848,125.0
128,59,0,117.932976,125.0
128,60,0,122.7396,125.0
128,61,5,119.175156,125.0
128,62,1,122.549484,125.0
128,63,3,113.91131,125.0
128,64,2,101.331955,125.0
128,65,1,104.72077,125.0
128,66,1,103.65683,125.0
128,67,4,105.6094,125.0
128,68,1,112.27151,125.0
128,69,0,108.51243,125.0
128,70,4,113.12545,125.0
128,71,1,111.89459,125.0
128,72,2,102.89726,125.0
128,73,2,107.59519,125.0
128,74,1,107.81266,125.0
128,75,0,105.40276,125.0
128,76,3,106.4235,125.0
128,77,3,109.54651,125.0
128,78,0,99.18381,125.0
128,79,2,106.81796,125.0
128,80,3,94.74612,125.0
128,81,4,83.556404,125.0
128,82,3,80.24284,125.0
128,83,1,52.66725,125.0
128,84,0,72.05861,125.0
128,85,2,64.59233,125.0
128,86,2,71.33651,125.0
128,87,5,92.99396,125.0
128,88,2,94.32853,125.0
128,89,2,98.50773,125.0
128,90,0,94.22581,125.0
128,91,4,101.8556,125.0
128,92,2,81.57437,125.0
128,93,0,79.41696,125.0
128,94,3,98.37699,124.0
128,95,3,110.33282,123.0
128,96,0,113.221245,122.0
128,97,3,118.163895,121.0
128,98,0,112.094215,120.0
128,99,0,106.22936,119.0
128,100,5,110.23562,118.0
128,101,0,101.393776,117.0
128,102,0,92.38981,116.0
128,103,2,118.83846,115.0
128,104,0,108.49529,114.0
128,105,5,91.28347,113.0
128,106,4,111.26951,112.0
128,107,4,111.189735,111.0
128,108,5,100.93171,110.0
128,109,3,99.56429,109.0
128,110,3,105.01675,108.0
129,36,4,115.97955,125.0
129,37,1,119.08506,125.0
129,38,3,101.432144,125.0
129,39,0,111.62628,125.0
129,40,4,113.91341,125.0
129,41,0,118.63715,125.0
129,42,1,109.10679,125.0
129,43,1,111.22776,125.0
129,44,2,113.18806,125.0
129,45,0,117.25106,125.0
129,46,1,123.455185,125.0
129,47,4,123.58678,125.0
129,48,0,123.0203,125.0
129,49,2,128.60796,125.0
129,50,0,125.2052,125.0
129,51,4,123.02622,125.0
129,52,5,123.77289,125.0
129,53,5,121.59621,125.0
129,54,1,112.240715,125.0
129,55,4,96.12106,125.0
129,56,3,114.58492,125.0
129,57,2,113.31123,125.0
129,58,3,120.68754,125.0
129,59,5,116.440254,125.0
129,60,3,124.615074,125.0
129,61,5,125.2324,125.0
129,62,0,126.41282,125.0
129,63,4,124.449356,125.0
129,64,4,115.76351,125.0
129,65,0,119.55421,125.0
129,66,0,116.66524,125.0
129,67,0,118.75331,125.0
129,68,0,108.27752,125.0
129,69,3,99.12469,125.0
129,70,5,92.8106,125.0
129,71,4,105.23249,125.0
129,72,0,104.3828,125.0
129,73,0,91.55158,125.0
129,74,5,85.66623,125.0
129,75,3,81.74372,125.0
129,76,2,103.80744,125.0
129,77,1,105.47817,125.0
129,78,5,86.3689,125.0
129,79,4,88.785774,125.0
129,80,2,85.271774,125.0
129,81,0,90.84252,125.0
129,82,0,82.22056,125.0
129,83,2,88.59526,125.0
129,84,5,101.88703,125.0
129,85,5,106.23789,125.0
129,86,0,104.51324,125.0
129,87,0,98.49407,125.0
129,88,5,94.71388,125.0
129,89,0,94.467354,125.0
129,90,4,98.52269,125.0
129,91,0,103.92754,125.0
129,92,4,122.89603,125.0
129,93,3,123.37992,125.0
129,94,3,122.33567,125.0
129,95,1,120.82157,125.0
129,96,3,110.32339,125.0
129,97,1,106.82795,125.0
129,98,3,112.95228,125.0
129,99,5,115.50797,125.0
129,100,5,118.41149,125.0
129,101,3,105.35136,125.0
129,102,1,112.77961,125.0
129,103,0,111.776695,125.0
129,104,0,89.89209,125.0
129,105,2,102.26258,125.0
129,106,0,97.45771,125.0
129,107,3,105.62632,125.0
129,108,0,80.998085,125.0
129,109,3,95.10762,125.0
129,110,3,90.26741,125.0
129,111,3,67.3796,125.0
129,112,3,58.139862,125.0
129,113,1,67.8618,125.0
129,114,2,96.02799,125.0
129,115,1,109.83318,125.0
129,116,0,118.18853,125.0
129,117,3,98.0498,125.0
129,118,3,88.8424,125.0
129,119,1,98.00918,125.0
129,120,3,94.94313,125.0
129,121,3,90.33486,125.0
129,122,0,101.23671,125.0
129,123,2,100.55654,125.0
129,124,5,108.20456,125.0
129,125,0,109.1547,125.0
129,126,4,103.381134,125.0
129,127,4,107.61912,125.0
129,128,4,83.132256,125.0
129,129,0,98.14911,125.0
129,130,5,93.28791,125.0
129,131,3,103.84199,125.0
129,132,4,89.91028,125.0
129,133,1,87.73138,125.0
129,134,5,94.17268,125.0
129,135,5,102.05233,125.0
129,136,3,108.52746,125.0
129,137,4,80.66786,125.0
129,138,4,81.41588,125.0
129,139,3,99.89654,125.0
129,140,4,88.98141,125.0
129,141,3,100.35549,125.0
129,142,1,95.31426,125.0
129,143,4,93.89478,125.0
129,144,2,85.93356,125.0
129,145,0,86.50071,125.0
129,146,4,98.13416,125.0
129,147,5,100.76504,125.0
129,148,1,109.52462,125.0
129,149,5,104.05651,125.0
129,150,2,100.580055,125.0
129,151,5,94.12755,125.0
129,152,1,89.18767,125.0
129,153,2,105.05248,125.0
129,154,5,94.63364,125.0
129,155,4,83.153496,125.0
129,156,0,83.24701,125.0
129,157,0,86.538185,125.0
129,158,0,71.73052,125.0
129,159,0,60.94841,125.0
129,160,0,61.861008,125.0
129,161,1,55.527855,125.0
129,162,0,43.56077,125.0
129,163,0,54.452477,125.0
129,164,4,60.389874,125.0
129,165,2,55.105537,125.0
129,166,1,57.615425,125.0
129,167,4,69.83616,125.0
129,168,5,64.15748,125.0
129,169,0,76.55844,125.0
129,170,2,70.55958,125.0
129,171,2,65.79149,125.0
129,172,1,80.71049,125.0
129,173,5,82.75625,124.0
129,174,0,93.36965,123.0
129,175,1,99.44774,122.0
129,176,2,101.17518,121.0
129,177,2,108.37646,120.0
129,178,0,98.13227,119.0
129,179,2,87.60247,118.0
129,180,0,83.92765,117.0
129,181,1,84.61317,116.0
129,182,5,85.570274,115.0
129,183,4,89.6603,114.0
129,184,0,92.298065,113.0
129,185,2,78.494286,112.0
129,186,5,75.7544,111.0
129,187,3,61.44397,110.0
129,188,0,54.771393,109.0
129,189,4,37.28755,108.0
129,190,4,31.970505,107.0
129,191,0,43.058952,106.0
129,192,1,53.901245,105.0
129,193,5,64.6267,104.0
129,194,2,55.39113,103.0
129,195,1,63.23304,102.0
129,196,5,49.74899,101.0
129,197,0,44.21637,100.0
129,198,2,39.647827,99.0
129,199,2,48.764988,98.0
129,200,2,49.935207,97.0
129,201,0,49.599586,96.0
129,202,1,51.21159,95.0
129,203,0,53.138435,94.0
129,204,0,43.526794,93.0
129,205,2,52.59845,92.0
129,206,1,47.098537,91.0
129,207,1,54.633892,90.0
129,208,1,56.81233,89.0
129,209,4,59.352413,88.0
129,210,5,53.621147,87.0
129,211,3,57.03778,86.0
129,212,0,59.406586,85.0
129,213,2,59.51989,84.0
129,214,5,58.77333,83.0
129,215,1,64.028404,82.0
129,216,5,57.303383,81.0
129,217,2,71.4975,80.0
129,218,2,70.30895,79.0
130,36,0,86.78014,125.0
130,37,3,94.76092,125.0
130,38,2,100.13142,125.0
130,39,3,114.68635,125.0
130,40,5,107.45326,125.0
130,41,2,106.94886,125.0
130,42,0,117.73702,125.0
130,43,0,108.2703,125.0
130,44,4,116.573135,125.0
130,45,2,107.00576,125.0
130,46,0,116.10044,125.0
130,47,0,111.17918,125.0
130,48,0,118.6805,125.0
130,49,4,114.08658,125.0
130,50,2,118.35836,125.0
130,51,1,120.601395,125.0
130,52,4,102.259346,125.0
130,53,2,100.463875,125.0
130,54,0,102.95586,125.0
130,55,5,112.194786,125.0
130,56,0,111.75884,125.0
130,57,4,117.385315,125.0
130,58,3,122.70754,125.0
130,59,3,116.8409,125.0
130,60,4,120.32592,125.0
130,61,3,111.717995,125.0
130,62,3,120.97584,125.0
130,63,4,112.50863,125.0
130,64,1,119.78667,125.0
130,65,1,116.875435,125.0
130,66,5,118.803474,125.0
130,67,4,123.32429,125.0
130,68,5,118.37757,125.0
130,69,5,114.83567,125.0
130,70,0,103.16041,125.0
130,71,5,84.87243,125.0
130,72,3,95.86178,125.0
130,73,2,99.84598,125.0
130,74,2,117.38755,125.0
130,75,3,113.92144,125.0
130,76,2,106.74032,125.0
130,77,0,106.28272,125.0
130,78,2,99.09976,125.0
130,79,3,103.58631,125.0
130,80,0,91.72893,125.0
130,81,1,94.1927,125.0
130,82,0,91.82933,125.0
130,83,5,92.01777,125.0
130,84,4,92.95107,125.0
130,85,5,106.248985,125.0
130,86,2,103.52088,125.0
130,87,5,112.0127,125.0
130,88,5,113.33721,125.0
130,89,5,101.82039,125.0
130,90,5,97.630394,125.0
130,91,1,85.99077,125.0
130,92,5,80.97345,125.0
130,93,1,97.52068,125.0
130,94,0,100.83691,125.0
130,95,2,112.95494,125.0
130,96,3,117.68386,125.0
130,97,1,118.03304,125.0
130,98,5,106.44976,125.0
130,99,5,119.63511,125.0
130,100,0,111.27903,125.0
130,101,1,114.28174,125.0
130,102,4,113.27784,125.0
130,103,2,116.200226,125.0
130,104,1,106.22816,125.0
130,105,0,118.15345,125.0
130,106,4,98.43221,125.0
130,107,2,108.04125,125.0
130,108,5,109.7499,125.0
130,109,4,113.657555,125.0
130,110,2,106.59126,125.0
130,111,0,108.46864,125.0
130,112,4,88.462135,125.0
130,113,0,113.80318,125.0
130,114,0,97.23469,125.0
130,115,4,93.70376,125.0
130,116,5,89.21294,125.0
130,117,4,96.35821,125.0
130,118,4,78.56045,125.0
130,119,3,86.86581,125.0
130,120,4,46.787773,125.0
130,121,5,61.732666,125.0
130,122,4,48.838272,125.0
130,123,5,74.56198,125.0
130,124,0,75.34881,125.0
130,125,4,81.32877,125.0
130,126,5,64.91648,125.0
130,127,0,84.25019,125.0
130,128,3,80.064514,125.0
130,129,1,104.213684,125.0
130,130,2,113.70063,125.0
130,131,3,113.08879,125.0
130,132,4,106.46383,125.0
130,133,1,107.4991,125.0
130,134,4,111.97176,125.0
130,135,3,115.31359,125.0
130,136,4,114.09878,125.0
130,137,3,109.4121,125.0
130,138,3,103.474144,124.0
130,139,1,106.21984,123.0
130,140,5,111.35292,122.0
130,141,3,103.17518,121.0
131,36,5,112.428566,125.0
131,37,0,121.063774,125.0
131,38,1,108.51715,125.0
131,39,5,100.667725,125.0
131,40,3,94.387566,125.0
131,41,2,98.4863,125.0
131,42,5,113.910416,125.0
131,43,0,121.4766,125.0
131,44,1,110.77889,125.0
131,45,3,98.903175,125.0
131,46,3,105.59145,125.0
131,47,3,86.80974,125.0
131,48,1,91.65023,125.0
131,49,1,93.28431,125.0
131,50,4,106.6182,125.0
131,51,3,103.01297,125.0
131,52,4,110.72535,125.0
131,53,5,104.10448,125.0
131,54,3,92.26532,125.0
131,55,2,109.99285,125.0
131,56,0,117.721596,125.0
131,57,0,106.17066,125.0
131,58,3,109.128654,125.0
131,59,4,109.644005,125.0
131,60,2,113.211174,125.0
131,61,2,99.523766,125.0
131,62,0,93.86623,125.0
131,63,4,95.181915,125.0
131,64,0,110.90008,125.0
131,65,5,118.17327,125.0
131,66,2,93.387566,125.0
131,67,5,106.15804,125.0
131,68,0,108.81108,125.0
131,69,3,119.19196,124.0
131,70,2,111.47121,123.0
131,71,3,104.36784,122.0
131,72,2,106.99496,121.0
131,73,3,107.785545,120.0
132,36,2,122.82135,125.0
132,37,5,125.963066,124.0
132,38,4,115.4291,123.0
132,39,1,117.57259,122.0
132,40,2,122.18555,121.0
132,41,2,111.03224,120.0
132,42,0,112.815315,119.0
132,43,0,118.577156,118.0
132,44,0,116.19523,117.0
132,45,2,120.66729,116.0
132,46,1,111.93624,115.0
132,47,3,113.01901,114.0
132,48,5,114.210686,113.0
132,49,4,114.96114,112.0
132,50,2,109.25789,111.0
132,51,2,115.433876,110.0
132,52,5,119.61887,109.0
132,53,4,117.14124,108.0
132,54,1,113.23014,107.0
132,55,5,118.481964,106.0
132,56,1,115.218834,105.0
132,57,3,113.56222,104.0
132,58,3,111.696785,103.0
132,59,0,112.69407,102.0
132,60,0,118.282104,101.0
132,61,5,121.125374,100.0
132,62,3,114.38119,99.0
132,63,3,120.73777,98.0
132,64,5,96.130394,97.0
132,65,5,62.49887,96.0
132,66,3,73.017685,95.0
132,67,4,95.683624,94.0
132,68,5,94.712456,93.0
132,69,2,99.0976,92.0
132,70,5,106.015274,91.0
132,71,3,100.73745,90.0
132,72,1,96.53855,89.0
132,73,4,108.432014,88.0
132,74,5,87.73908,87.0
132,75,3,103.31301,86.0
132,76,2,105.59452,85.0
132,77,0,111.939285,84.0
132,78,0,101.61042,83.0
132,79,4,110.70632,82.0
132,80,4,96.857994,81.0
132,81,3,99.55057,80.0
132,82,5,114.52351,79.0
132,83,0,111.078255,78.0
132,84,0,102.82426,77.0
132,85,1,106.31515,76.0
132,86,5,110.152534,75.0
132,87,4,110.57487,74.0
132,88,2,99.80027,73.0
132,89,2,87.01646,72.0
132,90,5,99.465645,71.0
132,91,2,88.261734,70.0
132,92,5,83.19047,69.0
132,93,5,88.86944,68.0
132,94,0,97.238625,67.0
132,95,0,100.73191,66.0
132,96,5,96.46954,65.0
132,97,2,98.42841,64.0
132,98,2,108.56782,63.0
132,99,5,117.287544,62.0
132,100,4,111.27145,61.0
132,101,0,96.93501,60.0
132,102,4,106.07395,59.0
132,103,0,105.5653,58.0
132,104,1,109.870384,57.0
132,105,2,100.874886,56.0
132,106,5,99.48301,55.0
132,107,5,96.028854,54.0
132,108,3,102.51915,53.0
132,109,3,111.36082,52.0
132,110,5,118.41013,51.0
132,111,2,115.888115,50.0
132,112,1,108.64137,49.0
132,113,4,107.387146,48.0
132,114,1,112.01319,47.0
132,115,0,110.33065,46.0
132,116,2,91.48698,45.0
132,117,1,89.99575,44.0
132,118,0,87.29838,43.0
132,119,3,92.93253,42.0
132,120,0,91.57194,41.0
132,121,0,77.90416,40.0
132,122,4,96.55769,39.0
133,36,5,106.47051,125.0
133,37,5,106.99197,125.0
133,38,0,110.59598,125.0
133,39,5,120.832695,125.0
133,40,3,119.25302,125.0
133,41,1,119.09281,125.0
133,42,5,119.41257,125.0
133,43,3,124.23936,125.0
133,44,0,126.097084,125.0
133,45,1,118.71836,125.0
133,46,2,113.39773,125.0
133,47,2,121.41476,125.0
133,48,0,120.47544,125.0
133,49,1,122.69341,125.0
133,50,5,121.505424,125.0
133,51,5,123.92013,125.0
133,52,0,108.70312,125.0
133,53,1,110.682625,125.0
133,54,2,112.41793,125.0
133,55,5,121.01634,125.0
133,56,5,111.48422,125.0
133,57,0,123.92242,125.0
133,58,4,126.04416,125.0
133,59,3,124.28128,125.0
133,60,2,119.89735,125.0
133,61,1,119.52189,125.0
133,62,5,106.966896,125.0
133,63,0,110.18628,125.0
133,64,4,115.35052,125.0
133,65,3,116.40054,125.0
133,66,3,112.3584,125.0
133,67,0,112.01159,125.0
133,68,4,104.19034,125.0
133,69,4,83.65684,125.0
133,70,4,51.02944,125.0
133,71,1,91.79664,125.0
133,72,1,78.592125,125.0
133,73,4,78.7786,125.0
133,74,5,93.73378,125.0
133,75,1,103.129814,125.0
133,76,5,107.97709,125.0
133,77,1,104.48123,125.0
133,78,0,106.036385,125.0
133,79,5,111.67678,125.0
133,80,1,112.87006,125.0
133,81,3,112.368,125.0
133,82,2,100.66743,125.0
133,83,0,113.259476,125.0
133,84,4,114.00825,125.0
133,85,1,113.68733,125.0
133,86,4,108.27187,125.0
133,87,2,114.554695,125.0
133,88,3,116.73019,125.0
133,89,2,112.325356,125.0
133,90,5,118.81272,125.0
133,91,4,107.78385,125.0
133,92,3,102.90359,125.0
133,93,3,104.83379,125.0
133,94,3,109.52841,125.0
133,95,0,105.725365,125.0
133,96,2,106.70629,125.0
133,97,2,103.77247,125.0
133,98,0,95.552124,125.0
133,99,0,88.64037,125.0
133,100,3,98.584915,124.0
133,101,0,84.50387,123.0
133,102,3,76.40296,122.0
133,103,4,71.88682,121.0
133,104,4,85.475655,120.0
133,105,5,102.82957,119.0
133,106,1,91.78919,118.0
133,107,2,94.90868,117.0
133,108,4,88.72753,116.0
133,109,4,65.18447,115.0
133,110,5,80.81864,114.0
133,111,1,87.385574,113.0
133,112,1,76.79856,112.0
133,113,2,66.28919,111.0
133,114,1,73.23473,110.0
133,115,0,83.06858,109.0
133,116,0,87.59626,108.0
133,117,2,88.75353,107.0
133,118,3,91.626335,106.0
133,119,4,90.103386,105.0
133,120,3,74.77689,104.0
133,121,2,71.94956,103.0
133,122,4,71.48701,102.0
133,123,1,57.57898,101.0
133,124,2,65.65331,100.0
133,125,4,46.236164,99.0
133,126,0,51.405125,98.0
133,127,3,50.091038,97.0
133,128,4,58.485626,96.0
133,129,5,62.397846,95.0
133,130,3,62.830482,94.0
133,131,5,71.36258,93.0
133,132,5,69.151535,92.0
133,133,0,76.25527,91.0
133,134,4,78.98255,90.0
133,135,3,59.844036,89.0
133,136,5,58.17093,88.0
133,137,2,59.781925,87.0
133,138,0,56.634075,86.0
133,139,1,71.91883,85.0
133,140,2,75.061745,84.0
133,141,0,67.505806,83.0
133,142,3,66.109184,82.0
133,143,2,76.127556,81.0
133,144,1,65.587135,80.0
133,145,2,59.778538,79.0
133,146,0,60.856766,78.0
133,147,0,51.840736,77.0
133,148,0,52.04302,76.0
133,149,0,56.97416,75.0
133,150,1,40.67679,74.0
133,151,5,39.928135,73.0
133,152,2,37.05151,72.0
133,153,3,42.947758,71.0
133,154,3,38.651245,70.0
133,155,0,42.31977,69.0
133,156,0,31.453758,68.0
133,157,1,42.020916,67.0
133,158,0,40.99404,66.0
133,159,0,40.26264,65.0
133,160,5,41.370663,64.0
133,161,1,40.509815,63.0
133,162,5,35.651543,62.0
133,163,2,35.23387,61.0
133,164,0,34.357895,60.0
133,165,3,29.285833,59.0
133,166,0,25.863506,58.0
133,167,0,21.698215,57.0
133,168,4,22.616444,56.0
133,169,2,32.63121,55.0
133,170,3,26.760626,54.0
133,171,4,25.639088,53.0
133,172,5,23.017853,52.0
133,173,5,24.899145,51.0
133,174,0,28.287289,50.0
133,175,3,28.099333,49.0
133,176,4,28.17357,48.0
133,177,5,34.074604,47.0
133,178,0,35.13278,46.0
133,179,3,35.770103,45.0
133,180,4,33.47216,44.0
133,181,0,37.320873,43.0
133,182,2,31.883726,42.0
133,183,1,33.312355,41.0
133,184,5,37.31501,40.0
133,185,4,38.000088,39.0
133,186,0,41.09807,38.0
134,36,4,102.15414,125.0
134,37,0,111.451416,125.0
134,38,0,123.32174,125.0
134,39,2,119.8798,125.0
134,40,0,118.940414,125.0
134,41,3,123.20454,125.0
134,42,0,117.85802,125.0
134,43,5,122.77279,125.0
134,44,5,123.24041,125.0
134,45,5,128.04613,125.0
134,46,4,118.72339,125.0
134,47,0,121.87623,125.0
134,48,0,116.48551,125.0
134,49,2,112.98969,125.0
134,50,3,127.078285,125.0
134,51,0,123.499985,125.0
134,52,5,112.120155,125.0
134,53,0,115.08459,125.0
134,54,0,113.70953,125.0
134,55,0,90.211754,125.0
134,56,0,83.62415,125.0
134,57,4,100.32842,125.0
134,58,1,92.45365,125.0
134,59,0,92.412094,125.0
134,60,4,94.15482,125.0
134,61,2,110.970024,125.0
134,62,1,108.43574,125.0
134,63,1,102.38093,125.0
134,64,1,87.61558,125.0
134,65,0,84.329475,125.0
134,66,3,83.11867,125.0
134,67,3,86.79731,125.0
134,68,0,88.86804,125.0
134,69,1,86.400566,125.0
134,70,4,89.43488,125.0
134,71,3,79.98977,124.0
134,72,3,63.249897,123.0
134,73,5,84.671455,122.0
134,74,0,72.44239,121.0
134,75,1,77.14208,120.0
134,76,1,75.13439,119.0
134,77,2,87.649635,118.0
134,78,5,85.31927,117.0
134,79,2,90.69874,116.0
134,80,2,99.16421,115.0
134,81,0,95.423134,114.0
134,82,5,99.372154,113.0
134,83,0,108.80801,112.0
134,84,0,101.73229,111.0
134,85,5,83.17826,110.0
134,86,2,72.98446,109.0
134,87,3,70.16516,108.0
134,88,3,80.013695,107.0
134,89,0,88.26006,106.0
134,90,3,64.49641,105.0
134,91,3,72.710144,104.0
134,92,2,71.06077,103.0
134,93,2,75.95491,102.0
134,94,4,69.1281,101.0
134,95,1,82.59738,100.0
134,96,0,79.134346,99.0
134,97,3,76.64164,98.0
134,98,5,98.24715,97.0
134,99,2,96.97122,96.0
134,100,1,99.39951,95.0
134,101,0,96.87563,94.0
134,102,2,98.17771,93.0
134,103,5,84.41842,92.0
134,104,0,80.6016,91.0
134,105,3,61.412994,90.0
134,106,0,74.228546,89.0
134,107,2,68.64791,88.0
134,108,1,67.02629,87.0
134,109,5,66.43583,86.0
134,110,2,55.818634,85.0
134,111,1,59.24368,84.0
134,112,0,55.254517,83.0
134,113,5,52.64112,82.0
134,114,0,64.950645,81.0
134,115,4,53.69044,80.0
134,116,2,53.145218,79.0
134,117,2,46.24016,78.0
134,118,4,53.734665,77.0
134,119,0,46.937477,76.0
134,120,1,41.774906,75.0
134,121,3,46.907555,74.0
134,122,5,49.039127,73.0
134,123,4,59.944897,72.0
134,124,2,61.012512,71.0
134,125,0,64.60832,70.0
134,126,0,57.19325,69.0
134,127,4,63.01056,68.0
134,128,0,50.553272,67.0
134,129,5,44.37719,66.0
134,130,5,33.893948,65.0
134,131,5,29.64806,64.0
134,132,0,33.4246,63.0
134,133,4,34.85002,62.0
134,134,3,31.060179,61.0
134,135,1,31.705397,60.0
134,136,3,27.29134,59.0
134,137,2,33.17457,58.0
134,138,3,32.68599,57.0
134,139,1,31.625355,56.0
134,140,1,29.7123,55.0
134,141,0,23.763025,54.0
134,142,1,22.747078,53.0
134,143,1,21.747673,52.0
134,144,0,23.222555,51.0
134,145,5,25.373882,50.0
134,146,2,28.161222,49.0
134,147,2,42.452213,48.0
134,148,1,41.368656,47.0
134,149,4,51.238873,46.0
134,150,3,40.340427,45.0
134,151,2,46.846073,44.0
134,152,1,51.45609,43.0
134,153,3,45.405384,42.0
134,154,0,44.564682,41.0
134,155,2,35.32237,40.0
134,156,2,41.44011,39.0
134,157,3,34.675842,38.0
134,158,5,37.156868,37.0
134,159,2,40.268402,36.0
134,160,5,46.03276,35.0
134,161,1,35.8512,34.0
134,162,4,47.305454,33.0
134,163,0,58.110817,32.0
134,164,0,51.759747,31.0
134,165,4,42.717686,30.0
134,166,1,38.909706,29.0
134,167,0,34.591896,28.0
134,168,0,29.314247,27.0
134,169,0,25.810682,26.0
134,170,2,24.898254,25.0
134,171,4,32.573555,24.0
134,172,0,30.326323,23.0
134,173,3,19.266773,22.0
134,174,1,13.451745,21.0
134,175,1,16.028606,20.0
134,176,1,18.835993,19.0
134,177,5,15.753326,18.0
134,178,2,11.422986,17.0
134,179,4,10.524057,16.0
134,180,1,11.167573,15.0
134,181,0,9.525947,14.0
134,182,4,11.836674,13.0
134,183,5,8.5729,12.0
134,184,2,10.347553,11.0
134,185,4,8.573019,10.0
134,186,0,10.816464,9.0
135,36,2,118.28098,125.0
135,37,4,122.25198,125.0
135,38,0,118.38919,125.0
135,39,3,125.47579,125.0
135,40,4,125.23503,125.0
135,41,5,126.05508,125.0
135,42,4,114.469154,125.0
135,43,2,118.59344,125.0
135,44,0,126.33878,125.0
135,45,0,121.434654,125.0
135,46,4,114.28542,125.0
135,47,0,124.4402,125.0
135,48,5,120.30996,125.0
135,49,0,121.54925,125.0
135,50,3,126.03158,125.0
135,51,3,116.99906,125.0
135,52,1,110.342285,125.0
135,53,0,108.85137,125.0
135,54,0,99.20966,125.0
135,55,5,114.253456,125.0
135,56,3,109.37861,125.0
135,57,2,113.07066,125.0
135,58,1,115.23234,125.0
135,59,0,112.44308,125.0
135,60,1,111.199196,125.0
135,61,2,115.352715,125.0
135,62,0,121.967735,125.0
135,63,0,119.201614,125.0
135,64,0,108.12707,125.0
135,65,0,105.97365,125.0
135,66,3,112.08585,125.0
135,67,0,108.06729,125.0
135,68,2,101.696175,125.0
135,69,0,105.41339,125.0
135,70,1,116.03021,125.0
135,71,2,111.23788,125.0
135,72,5,117.86976,125.0
135,73,2,117.061295,125.0
135,74,2,120.803246,125.0
135,75,2,112.43076,125.0
135,76,3,113.89259,125.0
135,77,0,117.860435,125.0
135,78,2,121.90566,125.0
135,79,5,106.10899,125.0
135,80,4,105.87876,125.0
135,81,5,110.32385,125.0
135,82,1,109.81004,125.0
135,83,4,96.21789,125.0
135,84,0,102.30871,125.0
135,85,0,117.8031,125.0
135,86,1,114.23409,125.0
135,87,0,110.52083,125.0
135,88,2,114.68505,125.0
135,89,1,121.716805,125.0
135,90,4,109.654,125.0
135,91,1,106.07606,125.0
135,92,0,102.450554,125.0
135,93,4,93.568756,125.0
135,94,0,83.13321,125.0
135,95,5,75.71528,125.0
135,96,1,72.47988,125.0
135,97,3,100.47782,125.0
135,98,0,104.21727,125.0
135,99,1,107.928764,125.0
135,100,2,113.00807,125.0
135,101,4,117.33904,125.0
135,102,1,116.42913,125.0
135,103,5,114.949104,125.0
135,104,4,112.86508,125.0
135,105,0,110.161934,125.0
135,106,4,104.16982,125.0
135,107,0,120.36341,125.0
135,108,4,110.006645,125.0
135,109,2,121.70942,125.0
135,110,1,119.16368,125.0
135,111,4,113.77071,125.0
135,112,3,103.10055,125.0
135,113,0,111.546326,125.0
135,114,0,116.616905,125.0
135,115,5,119.49911,125.0
135,116,1,121.58119,125.0
135,117,0,117.75052,125.0
135,118,5,122.093414,125.0
135,119,5,114.870155,125.0
135,120,4,117.84832,125.0
136,36,1,122.97947,125.0
136,37,0,122.050224,125.0
136,38,0,123.36508,125.0
136,39,0,115.585335,125.0
136,40,4,115.61164,124.0
136,41,3,113.72189,123.0
136,42,4,117.86027,122.0
136,43,3,123.69812,121.0
136,44,2,116.91712,120.0
136,45,5,116.511024,119.0
136,46,4,118.2331,118.0
136,47,0,124.58973,117.0
136,48,2,121.7241,116.0
136,49,3,121.98821,115.0
136,50,3,109.32562,114.0
136,51,0,90.00414,113.0
136,52,3,97.55162,112.0
136,53,0,99.76097,111.0
136,54,3,115.69752,110.0
136,55,4,119.475876,109.0
136,56,5,119.781364,108.0
136,57,5,124.09587,107.0
136,58,4,120.54638,106.0
136,59,5,122.87423,105.0
136,60,4,119.2071,104.0
136,61,2,124.48293,103.0
136,62,4,117.91645,102.0
136,63,2,116.34256,101.0
136,64,5,110.32537,100.0
136,65,0,121.62259,99.0
136,66,0,124.59826,98.0
136,67,0,115.94764,97.0
136,68,4,112.392746,96.0
136,69,4,103.112175,95.0
136,70,1,113.42191,94.0
136,71,4,112.578926,93.0
136,72,1,108.37617,92.0
136,73,5,96.808846,91.0
136,74,1,100.45138,90.0
136,75,2,88.68305,89.0
136,76,3,88.28748,88.0
136,77,5,113.01921,87.0
137,36,5,88.371315,125.0
137,37,1,94.70588,125.0
137,38,1,94.918594,125.0
137,39,0,99.287766,125.0
137,40,2,104.58325,125.0
137,41,5,114.13358,125.0
137,42,0,102.33347,125.0
137,43,0,108.01728,125.0
137,44,3,104.68282,125.0
137,45,0,109.480804,125.0
137,46,2,109.81402,125.0
137,47,4,109.36844,125.0
137,48,4,113.502846,125.0
137,49,2,108.625786,125.0
137,50,3,118.76995,125.0
137,51,0,121.22883,125.0
137,52,2,110.036255,125.0
137,53,5,102.99831,125.0
137,54,5,101.954895,125.0
137,55,0,105.84951,125.0
137,56,5,105.94833,125.0
137,57,3,91.24497,125.0
137,58,0,95.63971,125.0
137,59,4,99.809074,125.0
137,60,2,106.34446,125.0
137,61,0,108.59211,125.0
137,62,0,110.91427,125.0
137,63,4,104.38983,125.0
137,64,2,104.69387,125.0
137,65,1,105.656296,125.0
137,66,2,100.02279,125.0
137,67,3,101.01707,125.0
137,68,1,95.66991,125.0
137,69,4,96.62083,125.0
137,70,3,112.44619,125.0
137,71,1,116.04302,125.0
137,72,2,119.23822,125.0
137,73,0,113.07494,125.0
137,74,1,114.899796,125.0
137,75,0,122.373055,125.0
137,76,0,111.102196,125.0
137,77,0,117.2127,125.0
137,78,1,118.04823,125.0
137,79,0,118.06056,125.0
137,80,2,118.13365,125.0
137,81,0,105.05398,125.0
137,82,3,103.77911,125.0
137,83,4,110.08081,125.0
137,84,4,119.72427,125.0
137,85,5,109.179886,125.0
137,86,0,111.50859,125.0
137,87,1,113.93095,125.0
137,88,2,116.85452,125.0
137,89,4,116.1347,125.0
137,90,0,115.150665,125.0
137,91,4,108.42634,125.0
137,92,5,108.08992,125.0
137,93,1,105.72657,125.0
137,94,5,104.85891,125.0
137,95,3,94.78866,125.0
137,96,3,100.065155,125.0
137,97,0,91.71522,125.0
137,98,1,90.8072,125.0
137,99,3,87.86198,125.0
137,100,0,101.56103,125.0
137,101,2,106.56135,125.0
137,102,3,110.59553,125.0
137,103,5,109.155975,125.0
137,104,5,107.55851,125.0
137,105,1,116.73444,125.0
137,106,1,115.80631,125.0
137,107,0,118.23061,125.0
137,108,0,120.240135,125.0
137,109,5,115.15962,125.0
137,110,5,107.268936,125.0
137,111,0,111.71939,125.0
137,112,2,106.10375,125.0
137,113,3,101.92629,125.0
137,114,5,100.391815,125.0
137,115,0,84.45086,125.0
137,116,4,96.92855,125.0
137,117,0,94.28411,125.0
137,118,3,101.639786,125.0
137,119,2,102.62171,125.0
137,120,2,117.432335,125.0
137,121,3,110.26034,125.0
137,122,4,117.43156,125.0
137,123,4,115.555984,125.0
137,124,3,102.570816,125.0
137,125,4,90.495445,125.0
137,126,3,71.9941,125.0
137,127,4,38.91899,125.0
137,128,0,69.919754,125.0
137,129,4,42.49265,125.0
137,130,4,45.737823,125.0
137,131,5,60.71907,125.0
137,132,3,67.04144,125.0
137,133,0,65.423515,125.0
137,134,1,81.894875,125.0
137,135,3,80.964134,125.0
137,136,1,93.946815,125.0
137,137,3,101.62895,125.0
137,138,0,91.43278,125.0
137,139,2,99.72728,125.0
137,140,0,114.48039,125.0
137,141,4,114.73583,125.0
137,142,2,111.41856,125.0
137,143,2,113.837105,125.0
137,144,5,114.85296,125.0
137,145,0,113.02993,125.0
137,146,3,104.323715,125.0
137,147,0,98.567314,125.0
137,148,4,112.38744,125.0
137,149,4,113.08408,125.0
137,150,1,116.43403,125.0
137,151,5,112.9913,125.0
137,152,3,116.608345,125.0
137,153,3,113.32232,125.0
137,154,5,99.4602,125.0
137,155,1,101.678566,125.0
137,156,4,108.85783,125.0
137,157,5,111.2804,125.0
137,158,5,112.09667,125.0
137,159,0,107.482086,125.0
137,160,0,113.488014,125.0
137,161,5,103.26934,125.0
137,162,0,104.78002,125.0
137,163,2,96.58234,125.0
137,164,2,90.78761,125.0
137,165,0,86.291374,125.0
137,166,1,93.62126,125.0
137,167,3,92.36918,125.0
137,168,3,87.231255,125.0
137,169,5,87.998535,125.0
137,170,2,91.38819,125.0
137,171,0,104.64246,125.0
137,172,4,90.867676,125.0
137,173,4,99.30346,125.0
137,174,2,95.40062,125.0
137,175,0,80.82174,125.0
137,176,4,75.59835,125.0
137,177,0,83.20761,125.0
137,178,0,65.02708,125.0
137,179,3,92.44825,125.0
137,180,2,89.68441,125.0
137,181,5,113.81924,125.0
137,182,1,109.51,125.0
137,183,5,109.62763,125.0
137,184,0,117.83734,125.0
137,185,2,118.71651,125.0
137,186,0,115.94857,125.0
137,187,0,119.21687,125.0
137,188,4,112.03192,125.0
137,189,1,119.29957,125.0
137,190,1,112.55043,124.0
137,191,3,100.61007,123.0
137,192,2,110.43797,122.0
137,193,4,110.20449,121.0
137,194,5,116.15501,120.0
137,195,2,124.68272,119.0
137,196,1,118.810646,118.0
137,197,4,115.70087,117.0
137,198,2,107.768715,116.0
137,199,3,94.138245,115.0
137,200,4,76.904976,114.0
137,201,4,84.97748,113.0
137,202,4,61.29875,112.0
137,203,2,69.00349,111.0
137,204,1,84.06308,110.0
137,205,4,77.47748,109.0
137,206,0,73.84777,108.0
137,207,2,78.147194,107.0
137,208,0,76.80247,106.0
137,209,5,71.84198,105.0
137,210,5,68.651924,104.0
137,211,3,59.491974,103.0
137,212,3,51.469357,102.0
137,213,3,53.543087,101.0
137,214,0,51.834503,100.0
137,215,5,44.665176,99.0
137,216,5,38.951073,98.0
137,217,2,49.237877,97.0
137,218,4,65.60608,96.0
137,219,0,55.158436,95.0
137,220,4,61.26282,94.0
137,221,3,91.751305,93.0
137,222,2,72.12565,92.0
137,223,4,77.825935,91.0
137,224,3,77.37143,90.0
137,225,0,80.26551,89.0
137,226,2,85.326546,88.0
138,36,5,122.70584,125.0
138,37,4,126.41788,125.0
138,38,5,124.05359,125.0
138,39,4,124.4443,125.0
138,40,0,116.90133,125.0
138,41,4,117.42653,125.0
138,42,0,118.91444,125.0
138,43,0,121.77822,125.0
138,44,3,110.185585,125.0
138,45,3,117.080345,125.0
138,46,3,115.17283,125.0
138,47,0,112.699615,125.0
138,48,0,108.426476,125.0
138,49,3,109.59613,125.0
138,50,1,102.00153,125.0
138,51,1,110.852806,125.0
138,52,3,79.27709,125.0
138,53,4,96.56185,125.0
138,54,3,101.53189,125.0
138,55,1,98.126854,125.0
138,56,3,96.11354,125.0
138,57,5,95.11057,125.0
138,58,0,104.812294,125.0
138,59,4,113.139534,125.0
138,60,4,117.54205,125.0
138,61,5,113.73674,125.0
138,62,2,115.444115,125.0
138,63,2,103.47137,125.0
138,64,5,99.25449,125.0
138,65,5,108.5234,125.0
138,66,1,113.35793,125.0
138,67,3,120.928276,125.0
138,68,0,119.15101,125.0
138,69,5,124.30883,125.0
138,70,5,116.71192,125.0
138,71,4,113.76041,125.0
138,72,1,109.09796,125.0
138,73,5,115.99535,125.0
138,74,4,113.98589,125.0
138,75,3,105.0247,125.0
138,76,5,114.47491,125.0
138,77,5,106.16102,125.0
138,78,4,98.39195,125.0
138,79,1,96.16031,125.0
138,80,0,110.97718,125.0
138,81,4,108.89316,125.0
138,82,3,121.887634,125.0
138,83,2,116.102165,124.0
138,84,1,125.580315,123.0
138,85,1,121.647285,122.0
138,86,5,116.45073,121.0
138,87,5,117.47709,120.0
138,88,1,127.24198,119.0
138,89,5,116.97099,118.0
138,90,0,121.03188,117.0
138,91,3,108.81222,116.0
138,92,3,106.60919,115.0
138,93,5,98.31998,114.0
138,94,0,94.44726,113.0
138,95,0,91.64073,112.0
138,96,3,84.04306,111.0
138,97,2,91.69259,110.0
138,98,5,83.50353,109.0
138,99,3,77.5056,108.0
138,100,2,88.7669,107.0
138,101,5,90.05167,106.0
138,102,4,103.73434,105.0
138,103,0,112.33396,104.0
138,104,3,97.566444,103.0
138,105,5,101.62522,102.0
138,106,0,95.311104,101.0
138,107,0,95.12054,100.0
138,108,1,92.567535,99.0
138,109,4,97.39973,98.0
138,110,0,90.7657,97.0
138,111,1,76.00855,96.0
138,112,3,98.14707,95.0
138,113,0,102.53469,94.0
138,114,3,109.38405,93.0
138,115,5,102.50381,92.0
138,116,2,97.77689,91.0
138,117,0,96.862236,90.0
138,118,1,101.41141,89.0
138,119,5,96.22373,88.0
138,120,4,87.96879,87.0
138,121,2,104.62909,86.0
138,122,5,95.72656,85.0
138,123,2,99.1313,84.0
138,124,5,86.16474,83.0
138,125,0,90.37647,82.0
138,126,3,92.227135,81.0
138,127,2,84.70899,80.0
138,128,3,110.92686,79.0
138,129,0,99.83095,78.0
138,130,2,102.395744,77.0
138,131,5,101.75773,76.0
138,132,0,113.575294,75.0
138,133,5,111.674736,74.0
138,134,5,111.984,73.0
138,135,0,111.46989,72.0
138,136,3,115.29786,71.0
138,137,4,109.50883,70.0
138,138,5,102.23084,69.0
138,139,4,102.2476,68.0
138,140,0,111.059395,67.0
138,141,4,114.048225,66.0
138,142,2,116.58802,65.0
138,143,0,112.15974,64.0
138,144,2,115.42501,63.0
138,145,1,109.6429,62.0
138,146,5,120.150665,61.0
138,147,3,105.482735,60.0
138,148,3,113.19387,59.0
138,149,2,107.64594,58.0
138,150,4,105.19911,57.0
138,151,0,86.188774,56.0
138,152,0,60.60174,55.0
138,153,4,89.04507,54.0
138,154,0,90.80579,53.0
138,155,5,81.41367,52.0
138,156,1,63.76163,51.0
138,157,0,81.63105,50.0
138,158,0,90.489784,49.0
138,159,5,82.95642,48.0
138,160,5,74.67121,47.0
138,161,0,73.47313,46.0
138,162,1,76.115944,45.0
138,163,2,78.299614,44.0
138,164,0,76.28399,43.0
138,165,0,66.82886,42.0
138,166,2,61.37603,41.0
138,167,0,65.55055,40.0
138,168,2,61.363308,39.0
138,169,1,59.509773,38.0
138,170,3,78.189156,37.0
138,171,0,90.80556,36.0
138,172,2,87.34324,35.0
138,173,2,83.38328,34.0
138,174,3,71.20553,33.0
138,175,0,92.26122,32.0
138,176,0,100.32975,31.0
138,177,2,80.729485,30.0
138,178,2,83.75726,29.0
138,179,5,86.489044,28.0
138,180,2,70.392006,27.0
138,181,1,80.028275,26.0
138,182,1,60.414562,25.0
138,183,1,49.15936,24.0
138,184,0,42.38111,23.0
138,185,1,43.375446,22.0
138,186,4,28.773476,21.0
138,187,0,33.19446,20.0
138,188,3,45.11773,19.0
138,189,0,46.195885,18.0
138,190,0,45.09501,17.0
138,191,5,55.968178,16.0
138,192,4,42.326363,15.0
138,193,2,35.697105,14.0
138,194,2,26.667202,13.0
138,195,1,23.856302,12.0
138,196,3,17.79768,11.0
138,197,0,24.897392,10.0
138,198,5,25.91032,9.0
138,199,4,19.037985,8.0
138,200,0,18.056585,7.0
139,36,1,120.1339,125.0
139,37,2,117.203125,125.0
139,38,4,118.9902,125.0
139,39,3,116.32641,125.0
139,40,5,113.88348,125.0
139,41,0,111.3713,125.0
139,42,1,114.92451,125.0
139,43,0,109.9473,124.0
139,44,2,121.5418,123.0
139,45,4,123.01716,122.0
139,46,3,122.283005,121.0
139,47,2,120.55501,120.0
139,48,0,118.28968,119.0
139,49,0,110.6294,118.0
139,50,2,104.77616,117.0
139,51,0,112.828125,116.0
139,52,0,113.527275,115.0
139,53,0,115.30006,114.0
139,54,3,94.576485,113.0
139,55,1,103.4037,112.0
139,56,1,104.6477,111.0
139,57,1,99.88586,110.0
139,58,0,102.79208,109.0
139,59,4,108.699,108.0
139,60,5,107.01797,107.0
139,61,4,94.24253,106.0
139,62,0,92.429924,105.0
139,63,3,94.59533,104.0
139,64,3,86.18438,103.0
139,65,1,93.73083,102.0
139,66,2,113.56649,101.0
139,67,2,108.71523,100.0
139,68,5,107.95959,99.0
139,69,1,103.488106,98.0
139,70,1,97.5469,97.0
139,71,1,86.59637,96.0
139,72,4,103.67965,95.0
139,73,0,106.20632,94.0
139,74,3,105.979836,93.0
139,75,2,105.99476,92.0
139,76,2,116.57849,91.0
139,77,3,104.99123,90.0
139,78,3,95.41908,89.0
139,79,1,83.50507,88.0
139,80,3,80.18682,87.0
139,81,2,89.21183,86.0
139,82,0,82.94367,85.0
139,83,4,79.71703,84.0
139,84,2,71.54772,83.0
139,85,3,78.06628,82.0
139,86,1,75.7714,81.0
139,87,0,70.97761,80.0
139,88,3,71.531685,79.0
139,89,2,74.236824,78.0
139,90,1,77.76998,77.0
139,91,0,76.60561,76.0
139,92,0,73.790405,75.0
139,93,5,73.75895,74.0
139,94,5,55.87793,73.0
139,95,4,45.242706,72.0
139,96,4,52.45979,71.0
139,97,5,45.15415,70.0
139,98,4,37.602448,69.0
139,99,1,42.643784,68.0
139,100,4,48.33311,67.0
139,101,0,38.970448,66.0
139,102,2,44.375233,65.0
139,103,2,53.098537,64.0
139,104,1,52.168373,63.0
139,105,2,52.266693,62.0
139,106,0,42.08751,61.0
139,107,2,40.701347,60.0
139,108,4,35.61988,59.0
139,109,4,39.869556,58.0
139,110,3,51.421455,57.0
139,111,3,53.870693,56.0
139,112,0,53.683384,55.0
139,113,0,51.75578,54.0
139,114,0,40.244694,53.0
139,115,0,44.255817,52.0
139,116,0,48.673817,51.0
140,36,0,114.948494,125.0
140,37,2,113.65678,125.0
140,38,2,118.41039,125.0
140,39,4,113.901955,125.0
140,40,5,116.77585,125.0
140,41,0,118.98083,125.0
140,42,5,124.11973,125.0
140,43,1,114.865395,125.0
140,44,3,114.35546,125.0
140,45,3,118.71197,125.0
140,46,1,107.5933,125.0
140,47,5,116.16721,125.0
140,48,0,112.65724,125.0
140,49,5,114.99117,125.0
140,50,5,117.27699,125.0
140,51,1,117.84264,125.0
140,52,0,111.37365,125.0
140,53,1,119.44314,125.0
140,54,3,108.686,125.0
140,55,3,121.10598,125.0
140,56,0,121.72036,125.0
140,57,4,114.313194,125.0
140,58,2,119.075485,125.0
140,59,0,122.20962,125.0
140,60,1,122.24386,125.0
140,61,3,123.56107,125.0
140,62,3,119.11079,125.0
140,63,3,118.39269,125.0
140,64,4,109.78179,125.0
140,65,5,119.615364,125.0
140,66,5,116.792465,125.0
140,67,3,118.76093,125.0
140,68,5,118.51069,125.0
140,69,5,113.04577,125.0
140,70,5,113.18522,125.0
140,71,3,110.54943,125.0
140,72,3,103.30227,125.0
140,73,2,117.46957,125.0
140,74,2,112.122856,125.0
140,75,1,113.03109,125.0
140,76,5,116.436104,125.0
140,77,4,105.587654,125.0
140,78,4,109.70923,125.0
140,79,2,103.78744,125.0
140,80,4,93.67643,125.0
140,81,1,89.21731,125.0
140,82,0,94.639244,125.0
140,83,5,114.85366,125.0
140,84,0,118.01215,125.0
140,85,5,117.69867,125.0
140,86,5,107.117775,125.0
140,87,2,103.03582,125.0
140,88,5,93.25927,125.0
140,89,1,91.77812,125.0
140,90,2,98.33282,125.0
140,91,0,102.6585,125.0
140,92,1,102.58218,125.0
140,93,0,103.205635,125.0
140,94,5,100.74022,125.0
140,95,0,88.27058,125.0
140,96,0,80.91711,125.0
140,97,4,86.74868,125.0
140,98,3,102.89516,125.0
140,99,0,102.03909,125.0
140,100,3,103.419334,125.0
140,101,1,103.7922,125.0
140,102,0,97.43874,125.0
140,103,5,104.140236,125.0
140,104,3,98.296364,125.0
140,105,1,90.87128,125.0
140,106,0,76.44223,125.0
140,107,4,99.64986,125.0
140,108,2,96.196075,125.0
140,109,4,100.04708,125.0
140,110,3,100.02395,125.0
140,111,2,100.80709,125.0
140,112,0,108.43803,125.0
140,113,0,118.2013,125.0
140,114,3,113.03464,125.0
140,115,3,107.423416,125.0
140,116,1,108.488304,125.0
140,117,5,121.37642,125.0
140,118,2,113.23229,125.0
140,119,3,117.2579,125.0
140,120,0,115.26754,125.0
140,121,0,121.105415,125.0
140,122,1,117.605644,125.0
140,123,5,128.19025,125.0
140,124,2,120.79931,125.0
140,125,2,115.65107,125.0
140,126,1,91.79203,125.0
140,127,1,101.84702,125.0
140,128,4,108.11308,125.0
140,129,3,103.93021,125.0
140,130,0,104.229225,125.0
140,131,3,119.51812,125.0
140,132,4,121.004,125.0
140,133,4,121.47426,125.0
140,134,5,112.451004,125.0
140,135,4,111.68968,125.0
140,136,2,118.44926,125.0
140,137,3,120.08846,125.0
140,138,4,121.33843,125.0
140,139,2,111.39034,125.0
140,140,2,107.99912,125.0
140,141,0,114.00444,125.0
140,142,0,112.6054,125.0
140,143,1,109.86339,125.0
140,144,5,116.24262,125.0
140,145,1,110.37733,125.0
140,146,2,119.274574,125.0
140,147,3,101.6076,125.0
140,148,2,116.62117,125.0
140,149,4,119.49554,125.0
140,150,1,115.991875,125.0
140,151,2,122.829346,125.0
140,152,5,117.22594,125.0
140,153,4,116.18156,125.0
140,154,2,107.35238,125.0
140,155,5,120.43197,125.0
140,156,2,123.53866,125.0
140,157,4,120.7517,125.0
140,158,4,121.12414,125.0
140,159,3,119.53542,125.0
140,160,0,123.40869,125.0
140,161,3,108.694626,125.0
140,162,3,108.921295,125.0
140,163,0,95.67411,125.0
140,164,0,97.89126,125.0
140,165,4,73.333336,125.0
140,166,4,84.21493,125.0
140,167,2,98.12417,125.0
140,168,3,92.70966,125.0
140,169,2,81.2212,125.0
140,170,4,97.23768,125.0
140,171,3,79.99727,125.0
140,172,0,102.99714,125.0
140,173,0,100.66618,125.0
140,174,3,90.98252,125.0
140,175,2,92.228004,125.0
140,176,0,90.95311,125.0
140,177,2,82.54272,125.0
140,178,4,86.37919,125.0
140,179,2,101.415764,125.0
140,180,0,107.26138,125.0
140,181,5,108.8862,125.0
140,182,5,112.98054,125.0
140,183,4,113.111046,125.0
140,184,5,115.35861,125.0
140,185,1,111.52504,125.0
140,186,1,108.60239,125.0
140,187,5,104.735054,125.0
140,188,5,113.64043,125.0
140,189,5,102.085655,125.0
140,190,3,106.43327,125.0
140,191,1,101.909294,125.0
140,192,1,109.93884,125.0
140,193,5,112.32195,125.0
140,194,5,109.68206,125.0
140,195,3,115.935135,125.0
140,196,4,114.95996,125.0
140,197,4,117.0349,125.0
140,198,3,115.63041,125.0
140,199,2,112.07177,125.0
140,200,2,97.1106,125.0
140,201,2,104.756645,125.0
140,202,4,105.97332,125.0
140,203,2,102.69265,125.0
140,204,2,106.68813,125.0
140,205,4,88.686165,125.0
140,206,5,93.40493,125.0
140,207,1,102.81359,125.0
140,208,5,115.749146,125.0
140,209,5,119.16912,125.0
140,210,4,122.027916,125.0
140,211,1,109.48412,125.0
140,212,4,118.35113,125.0
140,213,1,116.134865,125.0
140,214,1,108.16096,125.0
140,215,0,112.40349,125.0
140,216,2,106.699745,125.0
140,217,1,112.6011,125.0
140,218,4,111.68418,125.0
140,219,0,109.26731,125.0
140,220,0,116.749626,125.0
140,221,3,100.07143,125.0
140,222,5,105.97485,125.0
140,223,0,99.238144,125.0
140,224,1,101.38235,125.0
140,225,0,89.26553,125.0
140,226,0,68.881065,125.0
140,227,3,67.17158,125.0
140,228,4,82.6654,125.0
140,229,0,54.389004,125.0
140,230,5,44.084644,125.0
140,231,4,42.48934,125.0
140,232,0,46.04447,125.0
140,233,3,42.26824,125.0
140,234,0,32.95467,125.0
140,235,2,38.040344,125.0
140,236,1,43.357628,125.0
140,237,5,52.788757,124.0
140,238,0,59.813145,123.0
140,239,0,63.529396,122.0
140,240,3,61.760677,121.0
140,241,4,73.509964,120.0
140,242,5,78.98155,119.0
140,243,3,77.42165,118.0
140,244,2,76.91552,117.0
140,245,0,89.94266,116.0
140,246,1,94.43646,115.0
140,247,5,106.21116,114.0
140,248,0,96.71073,113.0
140,249,4,99.56528,112.0
140,250,5,86.83215,111.0
140,251,0,90.9009,110.0
140,252,0,66.68955,109.0
140,253,3,69.495125,108.0
140,254,0,68.4909,107.0
140,255,3,66.07862,106.0
140,256,0,64.4121,105.0
140,257,1,67.85383,104.0
140,258,5,67.556206,103.0
140,259,1,66.818405,102.0
140,260,0,58.910606,101.0
140,261,4,84.8753,100.0
140,262,5,85.94718,99.0
140,263,0,87.78958,98.0
140,264,0,75.067375,97.0
140,265,4,85.90043,96.0
140,266,1,68.23136,95.0
140,267,3,75.57604,94.0
140,268,1,51.381523,93.0
140,269,0,44.43947,92.0
140,270,3,39.59422,91.0
140,271,0,39.207737,90.0
140,272,4,37.021626,89.0
140,273,0,41.405296,88.0
140,274,4,42.075882,87.0
140,275,5,41.329002,86.0
140,276,3,45.69114,85.0
140,277,1,41.90338,84.0
140,278,0,37.37883,83.0
140,279,4,32.107895,82.0
140,280,2,37.256668,81.0
140,281,5,39.406487,80.0
140,282,0,41.996994,79.0
140,283,4,44.603462,78.0
140,284,1,35.838028,77.0
140,285,0,31.53696,76.0
140,286,2,35.83531,75.0
140,287,4,29.091686,74.0
140,288,5,35.8398,73.0
140,289,1,32.135414,72.0
140,290,4,34.138542,71.0
140,291,0,38.70112,70.0
140,292,2,47.595207,69.0
140,293,2,42.18473,68.0
140,294,0,38.416374,67.0
140,295,0,41.04525,66.0
140,296,1,45.540447,65.0
140,297,0,47.745304,64.0
140,298,0,48.862408,63.0
140,299,4,49.62513,62.0
140,300,0,45.44834,61.0
140,301,2,49.995907,60.0
140,302,0,38.341183,59.0
140,303,2,46.678143,58.0
140,304,0,43.40505,57.0
140,305,0,41.87117,56.0
140,306,1,38.719437,55.0
141,36,0,112.80069,125.0
141,37,1,109.48284,125.0
141,38,3,119.08259,125.0
141,39,1,113.44437,125.0
141,40,3,103.982185,125.0
141,41,4,96.78304,125.0
141,42,4,99.89216,125.0
141,43,4,112.78268,125.0
141,44,0,118.17326,125.0
141,45,3,118.92216,125.0
141,46,2,126.46473,125.0
141,47,5,127.96899,125.0
141,48,4,126.49896,125.0
141,49,3,121.59722,125.0
141,50,4,119.40305,125.0
141,51,0,117.9255,125.0
141,52,1,123.88493,125.0
141,53,4,127.27892,125.0
141,54,3,126.625786,125.0
141,55,2,120.657585,125.0
141,56,1,127.28566,125.0
141,57,2,122.88179,125.0
141,58,4,121.400276,125.0
141,59,4,113.75219,125.0
141,60,5,114.29205,125.0
141,61,2,120.299,125.0
141,62,1,110.462746,125.0
141,63,2,106.68397,125.0
141,64,4,88.16545,125.0
141,65,2,95.02592,125.0
141,66,3,97.4084,125.0
141,67,1,98.14852,125.0
141,68,4,98.667625,125.0
141,69,0,111.91137,125.0
142,36,4,117.7201,125.0
142,37,3,114.27079,125.0
142,38,2,101.532845,125.0
142,39,3,87.658226,125.0
142,40,0,85.784096,125.0
142,41,2,106.44068,125.0
142,42,0,107.549194,125.0
142,43,0,106.30067,125.0
142,44,5,108.754234,125.0
142,45,3,107.10331,125.0
142,46,0,87.81624,125.0
142,47,0,100.64727,125.0
142,48,0,79.528496,125.0
142,49,1,82.88856,125.0
142,50,0,88.33639,125.0
142,51,0,104.90594,125.0
142,52,3,98.0906,125.0
142,53,2,115.790695,125.0
142,54,5,124.39151,125.0
142,55,3,118.919106,125.0
142,56,5,104.66893,125.0
142,57,2,113.12895,125.0
142,58,0,110.220856,125.0
142,59,0,120.43929,125.0
142,60,0,115.278175,125.0
142,61,5,119.396965,125.0
142,62,0,111.7223,125.0
142,63,3,108.613556,125.0
142,64,3,115.53088,125.0
142,65,0,101.959915,125.0
142,66,1,110.35318,125.0
142,67,1,106.788124,125.0
142,68,0,98.73029,125.0
142,69,0,112.13868,125.0
142,70,0,104.55732,125.0
142,71,0,112.08221,125.0
142,72,2,106.674995,125.0
142,73,2,118.32649,125.0
142,74,1,117.826866,125.0
142,75,0,117.47873,125.0
142,76,4,116.191696,125.0
142,77,3,103.99784,125.0
142,78,5,99.12804,125.0
142,79,4,78.057106,125.0
142,80,2,82.95442,125.0
142,81,1,62.49297,125.0
142,82,0,101.40327,125.0
142,83,1,99.46343,125.0
142,84,3,108.390205,125.0
142,85,1,106.29722,125.0
142,86,5,101.248245,124.0
142,87,5,104.575165,123.0
142,88,0,115.04268,122.0
142,89,1,100.25618,121.0
142,90,5,117.7308,120.0
142,91,4,107.38412,119.0
142,92,1,99.46746,118.0
142,93,5,91.83108,117.0
142,94,4,85.364334,116.0
142,95,0,94.81212,115.0
142,96,0,100.74558,114.0
142,97,3,103.79334,113.0
142,98,5,114.66114,112.0
142,99,4,119.34722,111.0
142,100,2,110.52737,110.0
142,101,1,114.78489,109.0
142,102,1,94.0194,108.0
142,103,0,109.48202,107.0
142,104,0,111.0727,106.0
142,105,0,113.99056,105.0
142,106,4,118.2763,104.0
142,107,1,111.448814,103.0
142,108,4,116.954765,102.0
142,109,1,115.55243,101.0
142,110,4,118.51823,100.0
142,111,2,114.144,99.0
142,112,0,111.21497,98.0
142,113,3,121.10552,97.0
142,114,4,117.64594,96.0
142,115,4,106.80938,95.0
142,116,2,76.63636,94.0
142,117,2,58.78355,93.0
142,118,0,97.35384,92.0
142,119,0,113.3632,91.0
142,120,2,96.91775,90.0
142,121,0,105.903946,89.0
142,122,2,96.020485,88.0
142,123,0,108.12447,87.0
142,124,5,115.39231,86.0
142,125,2,110.58927,85.0
142,126,0,107.29411,84.0
142,127,5,121.500786,83.0
142,128,0,115.944466,82.0
142,129,4,123.71697,81.0
142,130,1,99.83756,80.0
142,131,1,120.37519,79.0
142,132,0,105.21543,78.0
142,133,1,105.736946,77.0
142,134,1,112.044975,76.0
142,135,1,118.222435,75.0
142,136,0,106.725624,74.0
142,137,5,103.500435,73.0
142,138,5,92.29711,72.0
142,139,0,93.99393,71.0
142,140,0,91.97153,70.0
142,141,4,102.96612,69.0
142,142,3,99.8529,68.0
142,143,1,95.87195,67.0
142,144,3,109.56463,66.0
142,145,5,94.21288,65.0
142,146,0,95.91451,64.0
142,147,0,107.60389,63.0
142,148,1,102.58703,62.0
142,149,2,112.4399,61.0
142,150,3,107.038635,60.0
142,151,4,106.873314,59.0
142,152,0,103.38567,58.0
142,153,4,101.59403,57.0
142,154,3,96.68006,56.0
142,155,1,104.86375,55.0
142,156,0,107.319435,54.0
142,157,5,114.43763,53.0
142,158,2,103.792366,52.0
142,159,5,110.40582,51.0
142,160,0,116.817535,50.0
142,161,0,115.10881,49.0
142,162,0,103.43072,48.0
142,163,4,104.49186,47.0
143,36,0,117.20191,125.0
143,37,1,117.464836,125.0
143,38,0,110.40202,125.0
143,39,3,118.52245,125.0
143,40,0,117.94697,125.0
143,41,0,116.86379,125.0
143,42,5,98.568825,125.0
143,43,4,118.660934,125.0
143,44,1,119.9995,125.0
143,45,2,118.394615,125.0
143,46,3,122.30112,125.0
143,47,0,126.46581,125.0
143,48,5,124.17181,125.0
143,49,0,120.964134,125.0
143,50,4,114.32244,125.0
143,51,0,112.10881,125.0
143,52,1,109.18106,125.0
143,53,0,104.191,125.0
143,54,4,113.05074,125.0
143,55,0,107.06173,125.0
143,56,0,108.07702,125.0
143,57,1,114.68221,125.0
143,58,1,111.13565,125.0
143,59,4,109.73525,125.0
143,60,1,115.8904,125.0
143,61,3,112.952,125.0
143,62,2,115.80486,125.0
143,63,1,116.91573,125.0
143,64,2,107.162575,125.0
143,65,5,104.15631,125.0
143,66,4,106.556786,125.0
143,67,0,100.843025,125.0
143,68,3,111.82212,125.0
143,69,5,115.38175,125.0
143,70,2,112.362816,125.0
143,71,4,111.67237,125.0
143,72,4,92.83495,125.0
143,73,2,86.30842,125.0
143,74,3,108.36631,125.0
143,75,0,113.252846,125.0
143,76,3,115.69959,125.0
143,77,5,124.00499,125.0
143,78,4,113.884125,125.0
143,79,2,101.09748,125.0
143,80,0,107.77263,125.0
143,81,3,94.05575,125.0
143,82,3,83.500374,125.0
143,83,0,78.40409,125.0
143,84,0,86.64356,125.0
143,85,3,64.89479,125.0
143,86,5,76.44561,125.0
143,87,4,81.51527,125.0
143,88,2,104.1042,125.0
143,89,0,115.51093,125.0
143,90,2,112.14582,125.0
143,91,3,113.27015,125.0
143,92,3,111.07433,125.0
143,93,2,114.99028,125.0
143,94,5,120.50501,125.0
143,95,2,124.2976,125.0
143,96,3,117.94128,125.0
143,97,2,124.07621,125.0
143,98,4,126.20251,125.0
143,99,4,120.09572,125.0
143,100,3,112.597404,125.0
143,101,2,123.06562,125.0
143,102,4,118.42859,125.0
143,103,2,120.13558,125.0
143,104,3,111.36381,125.0
143,105,1,125.453545,125.0
143,106,4,120.334496,125.0
143,107,0,123.40923,125.0
143,108,3,117.42036,125.0
143,109,5,121.59878,125.0
143,110,1,119.895775,125.0
143,111,0,114.88967,125.0
143,112,1,123.31956,125.0
143,113,0,117.155205,125.0
143,114,4,117.83894,125.0
143,115,3,124.94015,125.0
143,116,0,121.386055,125.0
143,117,0,116.64089,125.0
143,118,2,115.12159,125.0
143,119,0,115.84966,125.0
143,120,0,95.287056,125.0
143,121,5,99.48945,125.0
143,122,4,107.38186,125.0
143,123,2,111.108635,125.0
143,124,4,112.32154,125.0
143,125,4,89.770836,125.0
143,126,5,88.84409,125.0
143,127,1,109.23164,125.0
143,128,4,107.073204,125.0
143,129,1,99.423805,125.0
143,130,2,92.84336,125.0
143,131,3,92.88137,125.0
143,132,2,100.98093,125.0
143,133,0,111.60284,125.0
143,134,1,112.01168,125.0
143,135,5,105.51638,125.0
143,136,1,113.059746,125.0
143,137,5,106.97724,125.0
143,138,0,94.848854,125.0
143,139,4,102.79591,125.0
143,140,1,102.88671,125.0
143,141,2,105.81738,125.0
143,142,0,102.38688,125.0
143,143,2,102.58298,125.0
143,144,1,119.05154,125.0
143,145,0,120.212776,125.0
143,146,4,116.15481,125.0
143,147,4,120.29801,125.0
143,148,2,118.9177,125.0
143,149,1,115.66073,125.0
143,150,1,110.25184,125.0
143,151,3,116.53094,125.0
143,152,5,121.049446,125.0
143,153,1,124.08718,125.0
143,154,3,116.82951,125.0
143,155,0,117.85605,125.0
143,156,5,109.927376,125.0
143,157,3,93.42421,125.0
143,158,5,102.16166,125.0
143,159,4,113.89417,125.0
143,160,5,104.18544,125.0
143,161,4,99.66227,125.0
143,162,0,96.87954,125.0
143,163,3,110.42501,125.0
143,164,5,98.539055,125.0
143,165,4,101.1907,125.0
143,166,5,97.167656,125.0
143,167,5,99.01455,125.0
143,168,0,108.926506,125.0
143,169,2,111.236336,125.0
143,170,3,111.60325,125.0
143,171,3,105.91652,125.0
143,172,3,112.651436,125.0
143,173,2,108.16413,125.0
143,174,2,96.29795,125.0
143,175,1,114.61478,125.0
143,176,5,107.16523,125.0
143,177,0,93.39113,125.0
143,178,2,76.24301,125.0
143,179,2,75.2015,125.0
143,180,5,89.206154,125.0
143,181,5,91.53254,125.0
143,182,4,89.174164,125.0
143,183,0,78.58005,124.0
143,184,3,82.68166,123.0
143,185,2,77.560196,122.0
143,186,1,83.579414,121.0
143,187,5,69.0151,120.0
143,188,0,64.09408,119.0
143,189,1,57.108795,118.0
143,190,3,56.401062,117.0
143,191,4,62.214058,116.0
143,192,3,70.22912,115.0
143,193,0,76.89431,114.0
143,194,0,91.60111,113.0
143,195,4,91.3242,112.0
143,196,2,82.9305,111.0
143,197,5,75.92829,110.0
143,198,0,83.06308,109.0
143,199,5,91.31562,108.0
143,200,0,101.42207,107.0
143,201,0,101.32231,106.0
143,202,3,94.948456,105.0
143,203,3,105.01827,104.0
143,204,1,89.01656,103.0
143,205,2,93.60261,102.0
143,206,2,88.18908,101.0
143,207,3,79.1245,100.0
143,208,1,72.97179,99.0
143,209,0,72.78631,98.0
143,210,1,64.51505,97.0
143,211,3,54.755314,96.0
143,212,5,51.801422,95.0
143,213,0,58.81108,94.0
143,214,4,48.139305,93.0
143,215,5,45.76673,92.0
143,216,2,56.22483,91.0
143,217,0,54.00988,90.0
143,218,1,57.782845,89.0
143,219,1,63.751938,88.0
143,220,2,61.872437,87.0
143,221,4,54.055466,86.0
143,222,5,52.54315,85.0
143,223,1,56.027016,84.0
143,224,0,54.33814,83.0
143,225,3,47.565693,82.0
143,226,2,47.901707,81.0
144,36,5,118.88404,125.0
144,37,4,113.06197,125.0
144,38,5,116.63428,125.0
144,39,1,114.061485,125.0
144,40,0,124.33158,125.0
144,41,4,112.47471,125.0
144,42,5,114.03788,125.0
144,43,0,115.123085,125.0
144,44,0,120.25997,125.0
144,45,0,115.33948,125.0
144,46,5,117.262924,125.0
144,47,4,118.011406,125.0
144,48,0,116.91041,125.0
144,49,4,111.04763,125.0
144,50,2,110.48018,125.0
144,51,0,107.25361,125.0
144,52,2,112.48541,125.0
144,53,0,111.797005,125.0
144,54,1,102.653206,125.0
144,55,4,121.110146,125.0
144,56,2,119.82974,125.0
144,57,3,120.13938,125.0
144,58,2,113.01121,125.0
144,59,0,107.80883,125.0
144,60,1,112.72123,125.0
144,61,1,117.91871,125.0
144,62,0,117.89747,124.0
144,63,1,118.58616,123.0
144,64,3,119.61535,122.0
144,65,0,111.5945,121.0
144,66,4,119.144615,120.0
144,67,5,119.33355,119.0
144,68,1,121.34736,118.0
144,69,0,107.12692,117.0
144,70,2,116.52773,116.0
144,71,4,115.0978,115.0
144,72,0,115.697975,114.0
144,73,5,102.78091,113.0
144,74,3,108.3051,112.0
144,75,0,110.59506,111.0
144,76,2,109.432625,110.0
144,77,5,118.89031,109.0
144,78,1,118.00025,108.0
144,79,3,113.50113,107.0
144,80,3,121.61274,106.0
144,81,4,118.017815,105.0
144,82,1,103.11263,104.0
144,83,3,102.91891,103.0
144,84,1,90.97926,102.0
144,85,1,103.93716,101.0
144,86,0,113.62612,100.0
144,87,4,108.55733,99.0
144,88,2,113.296486,98.0
144,89,0,108.812965,97.0
144,90,0,115.973915,96.0
144,91,4,117.51859,95.0
144,92,0,116.65095,94.0
144,93,2,122.733955,93.0
144,94,5,126.91986,92.0
144,95,3,125.867516,91.0
144,96,0,120.28273,90.0
144,97,4,124.82234,89.0
144,98,0,117.33691,88.0
144,99,0,95.86692,87.0
144,100,1,115.013725,86.0
144,101,2,117.493706,85.0
144,102,1,116.98031,84.0
144,103,2,103.532715,83.0
144,104,0,108.48233,82.0
144,105,1,102.49572,81.0
144,106,4,104.113914,80.0
144,107,5,101.527,79.0
144,108,0,108.0622,78.0
144,109,5,98.011505,77.0
144,110,2,110.819115,76.0
144,111,3,112.83318,75.0
144,112,3,109.2044,74.0
144,113,0,117.31285,73.0
144,114,5,108.5814,72.0
144,115,5,95.67933,71.0
144,116,5,86.42579,70.0
144,117,2,94.9125,69.0
144,118,0,99.293625,68.0
144,119,5,86.17626,67.0
144,120,1,87.19931,66.0
144,121,0,102.80894,65.0
144,122,1,96.534424,64.0
144,123,3,92.39634,63.0
144,124,4,98.58373,62.0
144,125,0,111.058136,61.0
144,126,1,118.055885,60.0
144,127,5,110.89277,59.0
144,128,1,100.724556,58.0
144,129,4,109.834145,57.0
144,130,2,95.40002,56.0
144,131,0,89.83704,55.0
144,132,0,87.919685,54.0
144,133,4,103.26545,53.0
144,134,1,97.016136,52.0
144,135,5,89.57849,51.0
144,136,5,100.05605,50.0
144,137,4,100.170494,49.0
144,138,5,97.8634,48.0
144,139,1,94.875946,47.0
144,140,3,94.24592,46.0
144,141,2,87.29217,45.0
144,142,5,64.33106,44.0
144,143,3,68.717155,43.0
145,36,4,121.00829,125.0
145,37,3,119.34667,125.0
145,38,2,112.76043,125.0
145,39,0,111.4376,125.0
145,40,5,123.55614,125.0
145,41,1,120.21848,125.0
145,42,0,121.866554,125.0
145,43,4,120.7485,125.0
145,44,0,117.015625,125.0
145,45,3,116.40841,125.0
145,46,4,121.46615,125.0
145,47,2,121.00624,125.0
145,48,3,121.80607,125.0
145,49,1,116.81675,125.0
145,50,3,120.09327,125.0
145,51,2,119.43502,125.0
145,52,5,115.356346,125.0
145,53,5,118.331795,125.0
145,54,0,115.50485,125.0
145,55,0,118.82151,125.0
145,56,3,112.96772,125.0
145,57,0,121.50634,125.0
145,58,5,107.25416,125.0
145,59,2,124.23442,125.0
145,60,3,120.08993,125.0
145,61,5,115.851654,125.0
145,62,1,104.68525,125.0
145,63,0,110.583916,125.0
145,64,0,86.811714,125.0
145,65,4,115.713875,125.0
145,66,0,97.181175,125.0
145,67,2,117.68843,125.0
145,68,1,117.90005,125.0
145,69,5,111.023964,125.0
145,70,4,119.6585,125.0
145,71,3,117.181694,125.0
145,72,2,117.33158,125.0
145,73,1,126.26005,125.0
145,74,4,123.98153,125.0
145,75,4,118.04296,125.0
145,76,3,116.60311,125.0
145,77,5,113.6878,125.0
145,78,0,113.98277,125.0
145,79,2,91.47146,125.0
145,80,2,110.794655,125.0
145,81,4,107.44227,125.0
145,82,3,104.57062,125.0
145,83,2,87.81869,125.0
145,84,3,95.37208,125.0
145,85,5,103.88593,125.0
145,86,5,101.33071,125.0
145,87,4,84.35615,125.0
145,88,1,104.76798,125.0
145,89,4,90.88529,125.0
145,90,0,101.7394,125.0
145,91,2,96.04198,125.0
145,92,0,93.10859,125.0
145,93,3,94.101166,125.0
145,94,0,109.568504,125.0
145,95,0,111.145424,125.0
145,96,2,92.23707,125.0
145,97,4,107.075325,125.0
145,98,5,115.19967,125.0
145,99,1,117.23423,125.0
145,100,2,116.08457,125.0
145,101,4,114.81212,125.0
145,102,2,121.24155,125.0
145,103,0,127.17062,125.0
145,104,5,122.006676,125.0
145,105,4,120.38807,125.0
145,106,5,124.91952,125.0
145,107,0,114.581505,125.0
145,108,1,114.93708,125.0
145,109,5,121.16968,125.0
145,110,0,114.55071,125.0
145,111,1,118.80511,125.0
145,112,2,115.87372,125.0
145,113,0,117.313354,125.0
145,114,1,105.272705,125.0
145,115,0,100.50548,125.0
145,116,2,113.69425,124.0
145,117,3,119.96498,123.0
145,118,3,110.39472,122.0
145,119,0,120.96224,121.0
145,120,4,116.43955,120.0
145,121,4,120.252556,119.0
145,122,0,116.803505,118.0
145,123,0,118.9322,117.0
145,124,5,115.4217,116.0
145,125,1,121.2036,115.0
145,126,3,105.58932,114.0
145,127,4,96.221596,113.0
145,128,0,112.50193,112.0
145,129,3,93.97555,111.0
145,130,2,85.515526,110.0
145,131,5,88.21982,109.0
145,132,5,90.72529,108.0
145,133,0,96.29337,107.0
145,134,4,93.26496,106.0
145,135,4,94.43392,105.0
145,136,5,110.09397,104.0
145,137,4,111.698135,103.0
145,138,1,105.77975,102.0
145,139,2,91.541885,101.0
145,140,4,100.71496,100.0
145,141,5,98.13996,99.0
145,142,4,58.891563,98.0
146,36,3,115.16953,118.0
146,37,0,108.16891,117.0
146,38,0,110.80619,116.0
146,39,2,119.439964,115.0
146,40,0,122.331474,114.0
146,41,0,115.699326,113.0
146,42,4,124.02281,112.0
146,43,1,120.28554,111.0
146,44,2,121.5147,110.0
146,45,0,123.914635,109.0
146,46,3,111.744385,108.0
146,47,0,113.911224,107.0
146,48,2,120.26905,106.0
146,49,0,111.400215,105.0
146,50,3,114.87522,104.0
146,51,3,118.82548,103.0
146,52,0,115.37856,102.0
146,53,3,117.124306,101.0
146,54,1,108.02053,100.0
146,55,3,109.76565,99.0
146,56,2,117.34794,98.0
146,57,3,116.98463,97.0
146,58,5,123.659454,96.0
146,59,4,117.79044,95.0
146,60,0,114.345535,94.0
146,61,2,115.270386,93.0
146,62,0,118.499535,92.0
146,63,5,112.95483,91.0
146,64,4,115.74389,90.0
146,65,3,113.69073,89.0
146,66,2,110.53627,88.0
146,67,4,103.16124,87.0
146,68,5,120.10676,86.0
146,69,0,113.76423,85.0
146,70,3,110.997635,84.0
146,71,0,103.9193,83.0
146,72,5,100.631966,82.0
146,73,0,104.61594,81.0
146,74,4,93.50051,80.0
146,75,4,95.71194,79.0
146,76,2,93.84075,78.0
146,77,1,105.40235,77.0
146,78,5,106.64562,76.0
146,79,1,101.224495,75.0
146,80,4,84.45968,74.0
146,81,0,85.89211,73.0
146,82,2,86.41365,72.0
146,83,0,78.28936,71.0
146,84,4,68.448204,70.0
146,85,0,77.58878,69.0
146,86,2,77.634384,68.0
146,87,1,84.130974,67.0
146,88,0,80.99401,66.0
146,89,4,74.6518,65.0
146,90,0,88.33561,64.0
146,91,4,102.866745,63.0
146,92,5,97.0204,62.0
146,93,5,112.01081,61.0
146,94,3,117.32144,60.0
146,95,3,124.48006,59.0
146,96,4,122.89615,58.0
146,97,0,116.8265,57.0
146,98,3,114.21145,56.0
146,99,5,110.15665,55.0
146,100,4,98.34002,54.0
146,101,4,98.635345,53.0
146,102,2,102.07843,52.0
146,103,4,84.81499,51.0
146,104,3,88.66503,50.0
146,105,5,77.77899,49.0
146,106,0,77.91862,48.0
146,107,0,94.17303,47.0
146,108,2,81.930244,46.0
146,109,0,75.34211,45.0
146,110,0,80.6256,44.0
146,111,4,89.40122,43.0
146,112,5,95.62232,42.0
146,113,2,89.38315,41.0
146,114,5,98.27114,40.0
146,115,5,99.94242,39.0
146,116,3,86.38091,38.0
146,117,1,75.371864,37.0
146,118,1,72.85042,36.0
146,119,1,86.275276,35.0
146,120,2,78.44246,34.0
146,121,3,65.36562,33.0
146,122,2,71.05059,32.0
146,123,0,59.129166,31.0
146,124,3,44.03343,30.0
146,125,5,51.14945,29.0
146,126,4,45.09997,28.0
146,127,4,50.333538,27.0
146,128,1,35.790222,26.0
146,129,2,28.95194,25.0
146,130,5,34.656708,24.0
146,131,4,29.679611,23.0
146,132,0,30.575176,22.0
146,133,4,33.13332,21.0
146,134,5,29.816378,20.0
146,135,2,26.349644,19.0
146,136,5,24.278399,18.0
146,137,0,21.347881,17.0
146,138,1,24.746658,16.0
146,139,4,17.436346,15.0
146,140,1,11.022892,14.0
146,141,4,8.504981,13.0
146,142,0,11.038634,12.0
146,143,5,14.90282,11.0
146,144,0,20.621424,10.0
147,36,1,112.769424,125.0
147,37,3,115.0951,125.0
147,38,1,115.36484,125.0
147,39,0,122.88209,125.0
147,40,2,113.92994,125.0
147,41,1,118.11808,125.0
147,42,2,114.077774,125.0
147,43,2,105.185486,125.0
147,44,3,98.37301,125.0
147,45,0,107.95639,125.0
147,46,0,110.118645,124.0
147,47,5,111.67396,123.0
147,48,5,122.98797,122.0
147,49,4,123.194756,121.0
147,50,4,121.531364,120.0
147,51,2,120.78841,119.0
147,52,3,116.73056,118.0
147,53,0,117.99614,117.0
147,54,2,120.6121,116.0
147,55,3,111.671974,115.0
147,56,0,110.70733,114.0
147,57,3,106.21009,113.0
147,58,0,101.35714,112.0
147,59,5,88.28994,111.0
147,60,1,102.52056,110.0
147,61,1,103.162575,109.0
147,62,5,113.8294,108.0
147,63,3,100.27566,107.0
147,64,3,103.66668,106.0
147,65,2,115.92814,105.0
147,66,0,115.87861,104.0
147,67,0,101.22052,103.0
147,68,1,115.27584,102.0
147,69,2,122.1511,101.0
147,70,4,124.27306,100.0
147,71,1,120.771095,99.0
147,72,0,110.99918,98.0
147,73,5,119.65719,97.0
147,74,0,120.675705,96.0
147,75,1,97.094604,95.0
147,76,0,110.38502,94.0
147,77,5,105.22715,93.0
147,78,0,106.11709,92.0
148,36,5,81.736565,125.0
148,37,1,114.77318,125.0
148,38,3,103.59139,125.0
148,39,5,120.47309,125.0
148,40,4,104.657524,125.0
148,41,0,120.410324,125.0
148,42,0,123.928665,125.0
148,43,1,120.77665,125.0
148,44,0,113.54105,124.0
148,45,5,123.84574,123.0
148,46,0,127.141754,122.0
148,47,3,131.85173,121.0
148,48,5,122.36524,120.0
148,49,0,125.444046,119.0
148,50,4,118.76682,118.0
148,51,4,120.13247,117.0
148,52,2,122.54364,116.0
148,53,4,120.29246,115.0
148,54,0,121.7889,114.0
148,55,4,110.80895,113.0
148,56,4,98.87577,112.0
148,57,0,92.65725,111.0
148,58,0,103.311,110.0
148,59,2,106.19688,109.0
148,60,3,109.33326,108.0
148,61,4,109.63881,107.0
148,62,5,113.243904,106.0
148,63,0,118.66044,105.0
148,64,0,110.389946,104.0
148,65,2,110.50231,103.0
148,66,3,115.804085,102.0
148,67,0,114.97617,101.0
148,68,5,107.0463,100.0
148,69,5,116.21279,99.0
148,70,0,101.180885,98.0
148,71,4,103.608986,97.0
148,72,0,101.53678,96.0
148,73,0,91.47558,95.0
148,74,1,85.21566,94.0
148,75,5,81.757805,93.0
148,76,0,94.24017,92.0
148,77,2,90.14786,91.0
148,78,3,74.03535,90.0
148,79,3,56.053535,89.0
148,80,1,44.75275,88.0
148,81,4,48.243225,87.0
148,82,5,37.722435,86.0
148,83,2,44.02081,85.0
148,84,3,61.398777,84.0
148,85,5,41.878876,83.0
148,86,0,38.71981,82.0
148,87,2,43.377777,81.0
148,88,5,42.034554,80.0
148,89,4,50.582493,79.0
148,90,0,47.99245,78.0
148,91,0,50.453083,77.0
148,92,5,56.55569,76.0
148,93,1,52.670437,75.0
148,94,4,53.171837,74.0
148,95,1,48.672596,73.0
148,96,5,49.01908,72.0
148,97,1,63.05848,71.0
148,98,1,73.430855,70.0
148,99,4,64.259796,69.0
148,100,5,55.76813,68.0
148,101,5,63.2801,67.0
148,102,0,69.75241,66.0
148,103,3,59.336452,65.0
148,104,0,62.311832,64.0
148,105,2,68.68514,63.0
148,106,5,63.31507,62.0
148,107,4,60.640858,61.0
148,108,0,41.417046,60.0
148,109,5,38.98006,59.0
148,110,4,43.566223,58.0
148,111,5,44.30271,57.0
148,112,5,37.66072,56.0
148,113,0,37.3574,55.0
148,114,4,34.936752,54.0
148,115,2,35.775192,53.0
148,116,0,35.397964,52.0
148,117,1,29.530869,51.0
148,118,2,34.503418,50.0
148,119,0,33.25556,49.0
148,120,3,23.78334,48.0
148,121,4,26.550486,47.0
148,122,1,26.23999,46.0
148,123,2,22.887749,45.0
148,124,0,27.504986,44.0
148,125,0,26.052485,43.0
148,126,2,23.209423,42.0
148,127,4,23.386353,41.0
148,128,1,26.930109,40.0
148,129,2,24.567331,39.0
148,130,1,27.65107,38.0
148,131,5,29.579754,37.0
148,132,1,23.92728,36.0
148,133,1,25.095308,35.0
148,134,0,29.135113,34.0
148,135,2,40.28318,33.0
148,136,4,35.526474,32.0
148,137,5,33.64604,31.0
148,138,5,30.48639,30.0
148,139,1,23.178398,29.0
148,140,1,18.564552,28.0
148,141,2,20.384167,27.0
148,142,1,14.190854,26.0
148,143,4,20.495853,25.0
148,144,1,15.986289,24.0
148,145,2,12.011884,23.0
148,146,0,13.438035,22.0
148,147,3,12.162033,21.0
148,148,2,10.592042,20.0
148,149,3,14.090978,19.0
148,150,4,10.06075,18.0
148,151,4,10.932009,17.0
148,152,0,11.455883,16.0
148,153,5,9.63404,15.0
148,154,3,11.137656,14.0
148,155,1,9.868731,13.0
148,156,4,7.083966,12.0
148,157,0,7.9010253,11.0
149,36,5,116.380165,125.0
149,37,4,110.583,125.0
149,38,4,102.544785,125.0
149,39,2,118.322426,125.0
149,40,5,120.903435,125.0
149,41,2,115.64259,125.0
149,42,0,119.92455,125.0
149,43,1,119.24172,125.0
149,44,4,114.09841,125.0
149,45,2,102.94564,125.0
149,46,1,92.47604,125.0
149,47,1,116.40168,125.0
149,48,5,120.30123,125.0
149,49,0,113.744125,125.0
149,50,2,116.1101,125.0
149,51,2,105.59856,125.0
149,52,3,111.42303,125.0
149,53,1,103.547874,125.0
149,54,2,106.55723,125.0
149,55,0,117.65209,125.0
149,56,0,118.72046,125.0
149,57,5,115.77895,125.0
149,58,0,110.930916,125.0
149,59,1,110.748184,125.0
149,60,0,117.9215,125.0
149,61,2,104.61852,125.0
149,62,1,110.8659,125.0
149,63,3,115.80858,125.0
149,64,1,107.28649,125.0
149,65,4,107.50378,125.0
149,66,1,107.403625,125.0
149,67,4,110.895966,125.0
149,68,3,115.6954,125.0
149,69,2,109.45788,125.0
149,70,3,120.600136,125.0
150,36,1,100.79654,125.0
150,37,1,104.06567,125.0
150,38,3,107.98686,125.0
150,39,4,108.0321,125.0
150,40,2,112.82967,125.0
150,41,1,118.01879,125.0
150,42,2,117.67309,125.0
150,43,4,109.94003,125.0
150,44,4,103.3981,125.0
150,45,0,115.430855,125.0
150,46,5,112.18466,125.0
150,47,0,118.1983,125.0
150,48,2,116.07436,125.0
150,49,5,119.44683,125.0
150,50,0,114.540306,125.0
150,51,0,117.04935,125.0
150,52,4,114.80939,125.0
150,53,5,113.60882,125.0
150,54,2,115.64135,125.0
150,55,0,111.85243,125.0
150,56,4,103.80405,125.0
150,57,3,108.71564,125.0
150,58,4,114.59167,125.0
150,59,2,112.49232,125.0
150,60,4,111.11483,125.0
150,61,0,118.5127,125.0
150,62,1,123.33941,125.0
150,63,5,117.52091,125.0
150,64,2,120.56188,125.0
150,65,5,124.508446,125.0
150,66,2,125.610725,125.0
150,67,2,119.223,125.0
150,68,0,122.565056,125.0
150,69,0,123.614265,125.0
150,70,5,120.93333,125.0
150,71,3,111.77532,125.0
150,72,5,114.21958,125.0
150,73,0,117.1208,125.0
150,74,0,107.17353,125.0
150,75,2,122.546425,125.0
150,76,0,107.04825,125.0
150,77,0,126.27697,125.0
150,78,0,113.00738,125.0
150,79,5,115.157646,125.0
150,80,2,127.92954,125.0
150,81,4,124.21955,125.0
150,82,0,112.25898,125.0
150,83,5,109.784744,125.0
150,84,2,104.29892,125.0
150,85,5,110.659584,125.0
150,86,5,109.130714,125.0
150,87,2,108.59935,125.0
150,88,3,113.6136,125.0
150,89,4,119.614265,125.0
150,90,0,117.27217,125.0
150,91,0,104.5978,125.0
150,92,0,119.64148,125.0
150,93,3,113.19133,125.0
150,94,0,106.34534,125.0
150,95,3,110.50548,125.0
150,96,0,110.24779,125.0
150,97,0,99.15684,125.0
150,98,1,115.04125,125.0
150,99,2,108.643715,125.0
150,100,4,112.769455,125.0
150,101,5,107.41208,125.0
150,102,5,110.97991,125.0
150,103,0,115.26146,125.0
150,104,0,127.7745,125.0
150,105,3,119.608284,125.0
150,106,0,124.90385,124.0
150,107,1,119.29246,123.0
150,108,3,119.28098,122.0
150,109,5,112.23034,121.0
150,110,4,111.56038,120.0
150,111,2,116.69993,119.0
150,112,3,109.072624,118.0
150,113,5,120.697266,117.0
150,114,0,121.81162,116.0
150,115,3,128.34532,115.0
150,116,3,126.43639,114.0
150,117,4,109.87121,113.0
150,118,3,113.00203,112.0
150,119,0,95.73492,111.0
150,120,4,102.26548,110.0
150,121,2,106.18104,109.0
150,122,1,112.509285,108.0
150,123,5,116.56632,107.0
150,124,3,95.93258,106.0
150,125,0,86.64207,105.0
150,126,1,96.3868,104.0
150,127,0,95.53718,103.0
150,128,2,91.17727,102.0
150,129,5,97.84501,101.0
150,130,5,98.163216,100.0
150,131,0,97.491295,99.0
150,132,2,99.29387,98.0
150,133,4,99.52726,97.0
150,134,4,108.6913,96.0
150,135,1,96.380165,95.0
150,136,1,92.47577,94.0
150,137,3,99.241264,93.0
150,138,0,94.46798,92.0
150,139,5,112.01429,91.0
150,140,4,95.366264,90.0
150,141,3,85.11245,89.0
150,142,3,86.74772,88.0
150,143,4,100.07261,87.0
150,144,1,84.11613,86.0
150,145,1,85.14519,85.0
150,146,5,81.78089,84.0
150,147,5,92.501396,83.0
150,148,3,103.183846,82.0
150,149,2,100.481606,81.0
150,150,0,97.52454,80.0
150,151,2,84.20051,79.0
150,152,2,89.65688,78.0
150,153,0,72.51777,77.0
150,154,5,80.92448,76.0
150,155,1,86.616264,75.0
150,156,5,71.179184,74.0
150,157,5,76.18548,73.0
150,158,5,86.43343,72.0
150,159,4,72.937416,71.0
150,160,0,69.02882,70.0
150,161,2,66.614815,69.0
150,162,0,69.87914,68.0
150,163,3,64.31301,67.0
150,164,2,69.10197,66.0
150,165,3,70.81449,65.0
150,166,0,68.793144,64.0
150,167,0,64.040184,63.0
150,168,1,60.907303,62.0
150,169,4,54.637306,61.0
150,170,0,59.69846,60.0
150,171,2,59.824207,59.0
150,172,4,69.141945,58.0
150,173,5,50.01848,57.0
150,174,3,57.147636,56.0
150,175,4,66.2327,55.0
150,176,3,53.028458,54.0
150,177,3,39.55703,53.0
150,178,3,48.690285,52.0
150,179,5,62.948772,51.0
150,180,5,58.450092,50.0
150,181,4,61.39834,49.0
150,182,0,55.64669,48.0
150,183,4,69.14387,47.0
150,184,5,55.181683,46.0
150,185,5,51.21999,45.0
150,186,0,50.744896,44.0
150,187,1,42.95347,43.0
150,188,2,37.625103,42.0
150,189,0,36.091507,41.0
150,190,5,34.87433,40.0
150,191,4,35.971237,39.0
150,192,2,28.5463,38.0
150,193,3,22.399385,37.0
150,194,1,22.700794,36.0
150,195,1,18.604202,35.0
150,196,3,17.79161,34.0
151,36,3,91.1981,125.0
151,37,2,109.55884,125.0
151,38,5,103.1126,125.0
151,39,1,99.40716,125.0
151,40,4,110.53659,125.0
151,41,5,115.898994,125.0
151,42,0,107.705666,125.0
151,43,3,99.02549,125.0
151,44,1,106.18746,125.0
151,45,0,106.58164,125.0
151,46,3,114.13764,125.0
151,47,3,117.62304,125.0
151,48,0,115.192314,125.0
151,49,4,114.81834,125.0
151,50,0,116.109276,125.0
151,51,0,114.69975,125.0
151,52,1,112.700386,125.0
151,53,4,111.53089,125.0
151,54,3,116.597404,125.0
151,55,0,111.18737,125.0
151,56,1,108.228676,125.0
151,57,2,116.342415,125.0
151,58,4,111.16741,125.0
151,59,0,105.78158,125.0
151,60,3,114.2339,125.0
151,61,0,112.799904,125.0
151,62,4,116.63221,125.0
151,63,5,115.21432,125.0
151,64,2,108.12844,125.0
151,65,4,101.01351,125.0
151,66,1,111.5567,125.0
151,67,2,106.89267,125.0
151,68,0,116.83314,125.0
151,69,5,116.047646,125.0
151,70,1,119.16781,125.0
151,71,4,114.58451,125.0
151,72,3,115.8974,125.0
151,73,5,90.53344,125.0
151,74,4,94.998764,125.0
151,75,5,107.53436,125.0
151,76,5,108.30236,125.0
151,77,4,104.193146,125.0
151,78,1,110.81388,125.0
151,79,0,115.512566,125.0
151,80,1,110.0864,125.0
151,81,4,107.615,125.0
151,82,5,119.627495,125.0
151,83,0,122.00036,125.0
151,84,0,113.83561,125.0
151,85,4,108.6989,125.0
151,86,2,115.19111,125.0
151,87,1,115.146126,125.0
151,88,3,118.468895,125.0
151,89,0,113.43517,125.0
151,90,1,115.43241,125.0
151,91,5,112.046165,125.0
151,92,4,115.46809,125.0
151,93,4,120.77167,125.0
151,94,4,119.0249,125.0
151,95,5,118.79869,125.0
151,96,4,120.62675,125.0
151,97,5,118.687965,125.0
151,98,0,112.86149,125.0
151,99,4,90.117935,125.0
151,100,2,110.45854,125.0
151,101,2,94.9627,125.0
151,102,3,93.16128,125.0
151,103,0,87.59006,125.0
151,104,3,83.36085,125.0
151,105,2,94.006676,125.0
151,106,2,84.135796,125.0
151,107,0,91.62428,125.0
151,108,1,93.6273,125.0
151,109,4,106.53742,125.0
151,110,2,88.21128,125.0
151,111,1,100.89389,125.0
151,112,2,104.94872,125.0
151,113,3,99.99133,125.0
151,114,2,97.13422,125.0
151,115,0,101.505,125.0
151,116,0,105.15642,125.0
151,117,5,118.517685,125.0
151,118,4,120.55585,125.0
151,119,0,116.68267,125.0
151,120,0,113.859924,125.0
151,121,2,122.079704,125.0
151,122,4,114.703804,125.0
151,123,0,110.727196,125.0
151,124,5,103.46898,125.0
151,125,3,96.35107,125.0
151,126,3,94.20168,125.0
151,127,3,87.59472,125.0
151,128,3,94.804214,125.0
151,129,2,103.95043,125.0
151,130,0,111.55812,125.0
151,131,4,114.09498,125.0
151,132,0,117.89251,124.0
151,133,3,117.21224,123.0
151,134,1,115.46388,122.0
151,135,0,105.82928,121.0
151,136,0,94.89089,120.0
151,137,1,105.8493,119.0
151,138,3,103.4559,118.0
151,139,0,103.666115,117.0
151,140,1,99.68841,116.0
151,141,0,103.40225,115.0
152,36,2,108.01351,113.0
152,37,4,115.87554,112.0
152,38,2,109.905975,111.0
152,39,4,113.162,110.0
152,40,0,106.18818,109.0
152,41,0,104.9902,108.0
152,42,0,118.71519,107.0
152,43,0,105.81752,106.0
152,44,2,124.526405,105.0
152,45,2,115.75556,104.0
152,46,3,118.7219,103.0
152,47,4,120.10407,102.0
152,48,3,113.95348,101.0
152,49,0,125.2512,100.0
152,50,4,117.19973,99.0
152,51,3,107.91543,98.0
152,52,5,107.77108,97.0
152,53,1,113.37574,96.0
152,54,5,115.617386,95.0
152,55,4,121.51945,94.0
152,56,4,125.128174,93.0
152,57,4,117.19625,92.0
152,58,1,109.917725,91.0
152,59,2,102.62575,90.0
152,60,5,115.80726,89.0
152,61,0,124.08988,88.0
152,62,2,117.61225,87.0
152,63,5,110.49745,86.0
152,64,0,116.17681,85.0
152,65,5,116.69916,84.0
152,66,4,116.45777,83.0
152,67,0,114.2224,82.0
152,68,1,104.31682,81.0
152,69,1,106.79316,80.0
152,70,0,96.9494,79.0
152,71,2,103.88731,78.0
152,72,4,109.514114,77.0
152,73,3,127.12674,76.0
152,74,0,119.977554,75.0
152,75,5,119.28591,74.0
152,76,5,121.36198,73.0
152,77,0,93.679955,72.0
152,78,3,93.131966,71.0
152,79,4,77.50567,70.0
152,80,1,70.41762,69.0
152,81,5,64.80846,68.0
152,82,2,74.44538,67.0
152,83,3,76.602516,66.0
152,84,1,85.63473,65.0
152,85,1,80.264015,64.0
152,86,1,54.392925,63.0
152,87,2,65.12639,62.0
152,88,5,60.630363,61.0
152,89,4,65.28567,60.0
152,90,2,66.99893,59.0
153,36,0,110.41665,125.0
153,37,3,103.17208,125.0
153,38,5,107.382545,125.0
153,39,0,105.5879,125.0
153,40,0,101.37284,125.0
153,41,1,91.4582,125.0
153,42,4,104.10339,125.0
153,43,3,115.20498,125.0
153,44,4,124.06199,125.0
153,45,5,118.58117,125.0
153,46,3,116.71671,125.0
153,47,1,120.71359,125.0
153,48,3,115.20075,125.0
153,49,1,110.27581,125.0
153,50,2,112.318886,125.0
153,51,0,121.036964,125.0
153,52,0,118.1429,125.0
153,53,0,108.63517,125.0
153,54,2,103.26493,125.0
153,55,1,103.98498,125.0
153,56,1,111.17414,125.0
153,57,3,101.19258,125.0
153,58,2,107.08901,125.0
153,59,0,110.42672,125.0
153,60,1,113.97051,125.0
153,61,5,112.28943,125.0
153,62,3,106.99486,125.0
153,63,0,114.2504,125.0
153,64,0,114.50913,125.0
153,65,2,119.181496,125.0
153,66,0,116.09209,125.0
153,67,0,118.06936,125.0
153,68,3,98.748726,125.0
153,69,3,104.305855,125.0
153,70,5,113.228584,125.0
153,71,2,104.506355,125.0
153,72,3,110.73914,125.0
153,73,2,101.00831,125.0
153,74,2,99.76357,125.0
153,75,3,100.29545,125.0
153,76,3,94.321014,125.0
153,77,4,108.87052,125.0
153,78,2,112.21104,125.0
153,79,5,109.43247,125.0
153,80,2,102.27507,125.0
153,81,1,104.551605,125.0
153,82,0,109.236176,125.0
153,83,0,108.48825,125.0
153,84,1,103.62359,125.0
153,85,4,101.1451,125.0
153,86,3,92.23734,125.0
153,87,0,106.37534,125.0
153,88,0,98.830055,125.0
153,89,4,104.43929,125.0
153,90,3,108.807594,125.0
153,91,2,111.30152,125.0
153,92,5,112.36749,125.0
153,93,0,109.715485,125.0
153,94,2,112.80118,125.0
153,95,3,112.28291,125.0
153,96,5,105.23642,125.0
153,97,0,96.25654,125.0
153,98,0,87.44049,125.0
153,99,3,95.14504,125.0
153,100,4,97.26446,125.0
153,101,2,107.17156,125.0
153,102,5,117.89323,125.0
153,103,3,110.581505,125.0
153,104,0,106.94509,125.0
153,105,0,100.18774,125.0
153,106,2,108.626656,125.0
153,107,3,117.42209,125.0
153,108,0,104.02126,125.0
153,109,0,115.23214,125.0
153,110,5,119.39826,125.0
153,111,5,110.51767,125.0
153,112,5,108.75999,125.0
153,113,3,106.26733,125.0
153,114,3,109.988144,125.0
153,115,0,105.71613,125.0
153,116,4,112.70919,125.0
153,117,1,116.82076,125.0
153,118,5,113.392006,125.0
153,119,3,108.29066,125.0
153,120,2,110.45043,125.0
153,121,0,106.99092,124.0
153,122,3,93.454704,123.0
153,123,5,94.3637,122.0
153,124,0,99.15081,121.0
153,125,4,115.29415,120.0
153,126,5,100.53986,119.0
153,127,0,104.340324,118.0
153,128,5,88.63812,117.0
153,129,5,85.24449,116.0
153,130,0,88.51806,115.0
153,131,4,102.576706,114.0
153,132,2,105.46639,113.0
153,133,3,96.71395,112.0
153,134,0,86.07125,111.0
153,135,4,83.12684,110.0
153,136,2,97.88781,109.0
153,137,0,91.7804,108.0
153,138,1,93.40614,107.0
153,139,0,89.222694,106.0
153,140,4,91.366646,105.0
153,141,3,83.578316,104.0
153,142,2,76.2168,103.0
153,143,1,67.56152,102.0
153,144,5,73.15095,101.0
153,145,1,64.465385,100.0
153,146,4,69.60807,99.0
154,36,0,117.44712,125.0
154,37,2,106.927345,124.0
154,38,5,109.86124,123.0
154,39,1,106.49358,122.0
154,40,1,95.088646,121.0
154,41,3,112.78689,120.0
154,42,0,107.8034,119.0
154,43,1,103.750496,118.0
154,44,0,110.68255,117.0
154,45,0,114.11117,116.0
154,46,2,105.94909,115.0
154,47,1,92.35735,114.0
154,48,4,108.59623,113.0
154,49,0,111.84564,112.0
154,50,2,111.24272,111.0
154,51,5,117.20774,110.0
154,52,4,123.75347,109.0
154,53,5,111.88365,108.0
154,54,3,117.525154,107.0
154,55,4,123.81724,106.0
154,56,0,110.01249,105.0
154,57,3,113.582054,104.0
154,58,5,116.38447,103.0
155,36,3,118.86071,125.0
155,37,0,108.95498,125.0
155,38,1,110.62184,125.0
155,39,5,109.33271,125.0
155,40,2,114.60721,125.0
155,41,5,125.610466,125.0
155,42,3,119.85542,125.0
155,43,5,120.03654,125.0
155,44,2,120.22848,125.0
155,45,1,119.44395,125.0
155,46,2,123.48994,125.0
155,47,4,124.10442,125.0
155,48,0,107.209114,125.0
155,49,0,117.374695,125.0
155,50,5,121.124054,125.0
155,51,0,115.78176,125.0
155,52,0,118.31414,125.0
155,53,3,115.9887,125.0
155,54,3,112.55944,125.0
155,55,2,103.32423,125.0
155,56,1,101.072464,124.0
155,57,5,108.63038,123.0
155,58,3,110.921036,122.0
155,59,0,106.55388,121.0
155,60,0,104.308365,120.0
155,61,5,113.702675,119.0
155,62,1,114.47985,118.0
155,63,3,117.384346,117.0
155,64,2,119.475494,116.0
155,65,1,120.89692,115.0
155,66,1,114.36678,114.0
155,67,4,112.454285,113.0
155,68,1,106.09138,112.0
155,69,0,99.27743,111.0
155,70,4,85.09367,110.0
155,71,1,91.83433,109.0
155,72,2,89.266136,108.0
156,36,5,114.49993,122.0
156,37,2,113.612564,121.0
156,38,0,115.879776,120.0
156,39,4,121.43566,119.0
156,40,2,117.20568,118.0
156,41,5,120.05755,117.0
156,42,0,112.70881,116.0
156,43,5,112.50561,115.0
156,44,4,126.23512,114.0
156,45,1,121.345795,113.0
156,46,3,109.96626,112.0
156,47,5,114.25422,111.0
156,48,5,114.24648,110.0
156,49,1,120.972984,109.0
156,50,5,123.59071,108.0
156,51,5,111.5763,107.0
156,52,2,120.17637,106.0
156,53,1,120.37665,105.0
156,54,3,113.90969,104.0
156,55,2,118.84612,103.0
156,56,2,116.12856,102.0
156,57,5,110.21482,101.0
156,58,3,109.638336,100.0
156,59,2,104.4114,99.0
156,60,3,110.128334,98.0
156,61,0,112.790535,97.0
156,62,1,107.73437,96.0
156,63,3,119.3164,95.0
156,64,2,111.47517,94.0
156,65,4,111.21697,93.0
156,66,4,108.15388,92.0
156,67,5,112.577675,91.0
156,68,4,98.061264,90.0
156,69,0,103.273674,89.0
156,70,0,109.50848,88.0
156,71,0,109.22462,87.0
156,72,0,111.49404,86.0
156,73,1,118.703575,85.0
156,74,4,123.2732,84.0
156,75,2,117.25286,83.0
157,36,1,113.869606,125.0
157,37,2,109.3998,125.0
157,38,0,110.13608,125.0
157,39,0,91.58015,125.0
157,40,3,97.857704,125.0
157,41,5,91.53862,125.0
157,42,4,108.844826,125.0
157,43,5,99.106865,125.0
157,44,3,107.78324,125.0
157,45,0,102.25799,125.0
157,46,1,106.51711,125.0
157,47,0,119.35086,125.0
157,48,3,122.61007,125.0
157,49,2,119.24967,125.0
157,50,1,113.95373,125.0
157,51,0,116.43946,125.0
157,52,0,121.51668,125.0
157,53,0,119.97204,125.0
157,54,2,121.88888,125.0
157,55,4,116.749886,125.0
157,56,5,121.11315,125.0
157,57,2,130.30533,125.0
157,58,4,115.46882,125.0
157,59,0,114.276665,125.0
157,60,4,101.512215,125.0
157,61,4,107.60584,125.0
157,62,0,91.17044,125.0
157,63,0,104.35765,125.0
157,64,1,101.854576,125.0
157,65,0,107.602234,125.0
157,66,3,105.92998,125.0
157,67,5,113.87693,125.0
157,68,3,112.83578,125.0
157,69,5,104.71102,125.0
157,70,2,120.73342,125.0
157,71,2,121.77059,125.0
157,72,2,120.207344,125.0
157,73,3,111.1812,125.0
157,74,5,113.8626,125.0
157,75,3,113.72042,125.0
157,76,5,103.77381,125.0
157,77,0,106.55393,125.0
157,78,1,108.85523,125.0
157,79,0,100.56619,125.0
157,80,3,104.970566,125.0
157,81,3,95.81071,125.0
157,82,3,88.4715,125.0
157,83,0,107.1651,125.0
157,84,4,100.510086,125.0
157,85,5,113.32145,125.0
157,86,5,113.57194,125.0
157,87,1,113.62969,125.0
157,88,3,111.100136,125.0
157,89,4,115.54279,125.0
157,90,2,115.2076,125.0
157,91,2,118.11065,125.0
157,92,1,128.4767,125.0
157,93,1,127.96351,125.0
157,94,5,128.5501,125.0
157,95,1,124.250275,125.0
157,96,3,126.26822,125.0
157,97,1,122.62129,125.0
157,98,5,120.64315,125.0
157,99,3,120.3018,125.0
157,100,0,117.86277,125.0
157,101,3,121.92302,125.0
157,102,2,114.00642,125.0
157,103,1,104.04283,125.0
157,104,2,120.24203,125.0
157,105,4,111.38899,125.0
157,106,3,121.67499,125.0
157,107,1,113.84321,125.0
157,108,5,111.37537,125.0
157,109,5,104.57528,125.0
157,110,5,116.96075,125.0
157,111,0,103.79019,125.0
157,112,5,102.69725,125.0
157,113,1,104.990715,125.0
157,114,2,108.24319,125.0
157,115,4,110.9044,125.0
157,116,0,118.78343,125.0
157,117,3,113.51084,125.0
157,118,0,112.005196,125.0
157,119,0,105.373116,125.0
157,120,5,102.70804,125.0
157,121,0,99.03477,125.0
157,122,1,101.40842,125.0
157,123,1,115.84175,125.0
157,124,0,109.57355,125.0
157,125,3,111.01728,125.0
157,126,0,108.201996,125.0
157,127,3,121.542564,125.0
157,128,2,119.08188,125.0
157,129,0,116.61901,125.0
157,130,2,117.922005,125.0
157,131,2,113.92751,125.0
157,132,2,119.0584,125.0
157,133,1,123.165924,125.0
157,134,0,126.02273,125.0
157,135,2,122.53013,125.0
157,136,0,119.90715,125.0
157,137,0,121.494156,125.0
157,138,0,114.00379,125.0
157,139,1,130.11131,125.0
157,140,5,117.16563,125.0
157,141,0,117.711075,125.0
157,142,0,127.31262,125.0
157,143,0,123.072044,125.0
157,144,4,121.286705,125.0
157,145,1,121.83516,125.0
157,146,5,128.08687,125.0
157,147,4,125.68106,125.0
157,148,5,112.58156,125.0
157,149,4,111.30039,125.0
157,150,2,105.66477,125.0
157,151,4,85.002205,125.0
157,152,3,91.88924,125.0
157,153,2,80.38147,125.0
157,154,1,105.61638,125.0
157,155,3,104.50941,125.0
157,156,5,112.23631,125.0
157,157,2,113.03218,125.0
157,158,0,118.98165,125.0
157,159,4,113.656136,125.0
157,160,4,112.15417,125.0
157,161,1,110.43524,125.0
158,36,1,110.87441,125.0
158,37,2,105.24905,125.0
158,38,2,118.30053,125.0
158,39,1,117.29626,125.0
158,40,4,112.52639,125.0
158,41,2,115.293976,125.0
158,42,2,113.43267,125.0
158,43,0,116.542564,125.0
158,44,2,111.288605,125.0
158,45,5,115.71522,125.0
158,46,4,111.94286,125.0
158,47,0,113.8151,125.0
158,48,0,109.601616,125.0
158,49,1,115.954445,125.0
158,50,2,90.464226,125.0
158,51,1,93.75667,125.0
158,52,3,103.63502,125.0
158,53,4,92.02225,125.0
158,54,2,108.74789,125.0
158,55,1,70.82876,125.0
158,56,4,74.83427,125.0
158,57,1,91.95983,125.0
158,58,3,108.60377,125.0
158,59,5,103.28299,125.0
158,60,0,117.92985,125.0
158,61,2,118.688255,125.0
158,62,5,119.087654,124.0
158,63,3,116.965256,123.0
158,64,5,114.884186,122.0
158,65,4,115.02062,121.0
158,66,2,116.04937,120.0
158,67,2,116.97699,119.0
158,68,0,105.89863,118.0
158,69,3,110.49367,117.0
158,70,0,120.64286,116.0
158,71,5,107.71222,115.0
158,72,0,97.666016,114.0
158,73,5,95.70306,113.0
158,74,0,95.167564,112.0
158,75,4,107.90156,111.0
158,76,5,114.26574,110.0
158,77,0,116.02739,109.0
158,78,3,114.012474,108.0
158,79,0,107.213165,107.0
158,80,0,105.93041,106.0
158,81,0,67.704346,105.0
158,82,1,98.67846,104.0
158,83,5,87.35656,103.0
158,84,2,99.618004,102.0
158,85,1,106.43558,101.0
158,86,2,117.33565,100.0
158,87,2,109.48617,99.0
158,88,4,115.73965,98.0
158,89,3,115.948906,97.0
158,90,5,107.92994,96.0
158,91,1,102.74583,95.0
158,92,5,108.54965,94.0
158,93,1,87.606224,93.0
158,94,5,95.218796,92.0
158,95,0,89.360085,91.0
158,96,0,101.94547,90.0
158,97,5,74.328545,89.0
158,98,4,92.08042,88.0
158,99,0,89.46533,87.0
158,100,4,81.64835,86.0
158,101,0,90.37294,85.0
158,102,4,77.74874,84.0
158,103,4,66.42745,83.0
158,104,1,62.026516,82.0
158,105,1,73.99963,81.0
158,106,3,74.972435,80.0
158,107,0,94.04597,79.0
158,108,1,86.43247,78.0
158,109,2,88.17794,77.0
158,110,3,102.500786,76.0
158,111,2,90.32119,75.0
158,112,1,81.93792,74.0
158,113,1,86.53297,73.0
158,114,4,63.616665,72.0
158,115,0,89.56594,71.0
158,116,3,92.53535,70.0
158,117,0,90.55587,69.0
158,118,2,98.789345,68.0
158,119,2,104.44521,67.0
158,120,5,104.3173,66.0
158,121,0,108.408195,65.0
158,122,5,92.60863,64.0
158,123,1,91.24265,63.0
158,124,3,85.47345,62.0
158,125,3,72.02597,61.0
158,126,4,62.116287,60.0
158,127,5,73.121376,59.0
158,128,4,67.46022,58.0
158,129,2,64.03497,57.0
158,130,2,69.5863,56.0
158,131,0,50.624153,55.0
158,132,0,47.022,54.0
158,133,4,55.344513,53.0
158,134,2,50.12393,52.0
158,135,2,40.88169,51.0
158,136,3,41.206177,50.0
158,137,2,45.318935,49.0
158,138,5,42.59932,48.0
158,139,3,38.644867,47.0
158,140,0,39.153744,46.0
158,141,4,38.948772,45.0
158,142,2,45.385235,44.0
158,143,4,38.89679,43.0
158,144,3,42.655067,42.0
158,145,5,43.695957,41.0
158,146,5,41.4042,40.0
158,147,3,36.11544,39.0
158,148,2,37.771683,38.0
158,149,0,36.08745,37.0
158,150,4,32.501137,36.0
158,151,5,31.49882,35.0
158,152,5,34.517277,34.0
158,153,3,27.247986,33.0
158,154,5,26.444942,32.0
158,155,0,27.55059,31.0
158,156,5,34.297543,30.0
158,157,0,28.851696,29.0
158,158,1,24.534554,28.0
158,159,1,32.155865,27.0
158,160,2,29.773312,26.0
158,161,5,27.623396,25.0
158,162,5,20.740469,24.0
158,163,5,11.151136,23.0
158,164,0,9.868354,22.0
158,165,2,18.198895,21.0
158,166,5,18.72633,20.0
158,167,0,13.330512,19.0
158,168,0,14.530208,18.0
158,169,0,9.478479,17.0
158,170,3,15.749217,16.0
158,171,0,18.876522,15.0
159,36,4,107.989586,125.0
159,37,1,112.84658,125.0
159,38,4,110.12719,125.0
159,39,4,103.12551,125.0
159,40,5,104.417854,125.0
159,41,3,111.7568,125.0
159,42,1,98.48342,125.0
159,43,4,111.84137,125.0
159,44,0,98.17253,125.0
159,45,5,104.85952,125.0
159,46,5,104.964195,125.0
159,47,4,108.203926,125.0
159,48,1,111.86592,125.0
159,49,2,113.63646,125.0
159,50,2,115.16182,125.0
159,51,0,118.8456,125.0
159,52,2,116.54068,125.0
159,53,0,121.462166,125.0
159,54,5,117.256004,125.0
159,55,0,116.95736,125.0
159,56,4,115.41009,125.0
159,57,4,123.42471,125.0
159,58,0,119.99206,125.0
159,59,0,115.45376,125.0
159,60,0,112.660835,125.0
159,61,2,115.63742,125.0
159,62,2,115.87918,125.0
159,63,1,117.82366,125.0
159,64,0,112.560555,125.0
159,65,0,113.10814,125.0
159,66,2,96.14773,125.0
159,67,1,99.11982,125.0
159,68,0,104.73785,125.0
159,69,4,110.114365,125.0
159,70,0,110.66709,125.0
159,71,0,84.788994,125.0
159,72,5,97.40069,124.0
159,73,3,116.617714,123.0
159,74,1,117.61679,122.0
159,75,5,124.60534,121.0
159,76,3,118.0207,120.0
159,77,5,109.518936,119.0
159,78,5,119.11776,118.0
159,79,2,112.59197,117.0
159,80,4,115.42667,116.0
159,81,2,118.09004,115.0
159,82,0,105.12443,114.0
159,83,3,111.527954,113.0
159,84,3,95.64388,112.0
159,85,0,96.57509,111.0
159,86,0,113.55891,110.0
159,87,0,107.218864,109.0
159,88,0,114.48481,108.0
159,89,2,123.50016,107.0
159,90,2,115.558945,106.0
159,91,5,113.43902,105.0
159,92,0,111.93687,104.0
159,93,3,105.0821,103.0
159,94,0,103.36443,102.0
159,95,4,105.40189,101.0
159,96,5,111.58459,100.0
159,97,0,115.30559,99.0
159,98,5,109.84125,98.0
159,99,2,113.92038,97.0
159,100,4,107.810036,96.0
159,101,2,111.259766,95.0
159,102,4,110.60413,94.0
159,103,2,100.74306,93.0
159,104,1,92.0563,92.0
159,105,3,86.057625,91.0
159,106,4,69.41555,90.0
159,107,1,78.125984,89.0
159,108,5,92.38459,88.0
159,109,1,94.462776,87.0
159,110,3,95.94714,86.0
159,111,5,105.33636,85.0
159,112,2,98.83338,84.0
159,113,0,106.9198,83.0
159,114,0,112.14156,82.0
159,115,2,107.894646,81.0
159,116,1,105.93181,80.0
159,117,0,100.86811,79.0
159,118,3,102.51216,78.0
159,119,1,78.91177,77.0
159,120,1,87.0243,76.0
159,121,3,84.140564,75.0
159,122,3,82.29424,74.0
159,123,1,90.71241,73.0
159,124,0,99.883606,72.0
159,125,0,79.67065,71.0
159,126,5,84.80557,70.0
159,127,5,86.41609,69.0
159,128,5,70.654976,68.0
159,129,4,91.18813,67.0
159,130,0,76.63695,66.0
159,131,4,91.832115,65.0
159,132,0,91.29116,64.0
159,133,1,94.60953,63.0
159,134,1,83.8929,62.0
159,135,1,95.5947,61.0
159,136,4,90.22021,60.0
159,137,0,80.80935,59.0
159,138,0,83.92832,58.0
159,139,4,81.43637,57.0
159,140,5,87.21285,56.0
159,141,3,63.963707,55.0
159,142,1,64.39478,54.0
159,143,0,47.02504,53.0
159,144,5,66.33366,52.0
159,145,0,83.87644,51.0
159,146,1,75.79825,50.0
159,147,4,90.967186,49.0
159,148,4,82.08258,48.0
159,149,3,95.223625,47.0
159,150,5,91.551544,46.0
159,151,4,89.2376,45.0
159,152,2,81.87379,44.0
159,153,4,75.67754,43.0
159,154,5,73.08585,42.0
159,155,2,70.21868,41.0
159,156,5,82.085014,40.0
159,157,2,65.655876,39.0
159,158,4,74.507576,38.0
159,159,1,56.80993,37.0
159,160,3,72.23325,36.0
159,161,4,52.290165,35.0
159,162,2,46.54615,34.0
159,163,4,49.847748,33.0
159,164,4,40.68434,32.0
159,165,0,53.49901,31.0
159,166,2,57.409206,30.0
159,167,2,44.013977,29.0
159,168,0,61.265976,28.0
159,169,5,74.966866,27.0
159,170,1,80.620316,26.0
159,171,4,63.56978,25.0
159,172,5,48.648384,24.0
159,173,0,53.5796,23.0
159,174,0,48.416283,22.0
159,175,4,49.584724,21.0
159,176,0,45.361755,20.0
159,177,2,39.096138,19.0
159,178,0,51.63197,18.0
159,179,0,32.860565,17.0
159,180,3,37.580624,16.0
159,181,2,41.49685,15.0
159,182,5,40.65838,14.0
159,183,3,34.658947,13.0
159,184,2,36.491955,12.0
159,185,3,43.403755,11.0
159,186,5,34.140854,10.0
159,187,1,30.10529,9.0
160,36,4,97.836006,125.0
160,37,2,80.79598,125.0
160,38,2,74.251366,125.0
160,39,3,93.78574,125.0
160,40,3,102.9062,125.0
160,41,5,101.95757,125.0
160,42,1,106.949455,124.0
160,43,2,104.01608,123.0
160,44,5,106.40554,122.0
160,45,2,100.56302,121.0
160,46,0,109.76949,120.0
160,47,1,113.969864,119.0
160,48,0,111.93557,118.0
160,49,0,120.946976,117.0
160,50,2,112.65507,116.0
160,51,2,112.93938,115.0
160,52,3,122.064156,114.0
160,53,4,118.60005,113.0
160,54,3,109.45342,112.0
160,55,2,108.63589,111.0
160,56,0,105.71954,110.0
160,57,2,111.69689,109.0
160,58,4,123.84541,108.0
160,59,1,124.12181,107.0
160,60,1,120.77495,106.0
160,61,3,117.88004,105.0
160,62,0,127.147804,104.0
160,63,0,131.81677,103.0
160,64,1,123.27526,102.0
160,65,0,115.86093,101.0
160,66,5,113.980675,100.0
160,67,4,111.27128,99.0
160,68,2,112.29327,98.0
160,69,1,123.25826,97.0
160,70,5,116.96218,96.0
160,71,1,115.67394,95.0
160,72,0,97.92826,94.0
160,73,0,100.967995,93.0
160,74,0,90.34217,92.0
160,75,0,88.75161,91.0
160,76,4,112.83362,90.0
160,77,3,103.767784,89.0
160,78,5,100.95613,88.0
160,79,0,82.9788,87.0
160,80,1,90.50913,86.0
160,81,0,90.793686,85.0
160,82,0,79.89758,84.0
160,83,3,75.791695,83.0
160,84,3,75.297005,82.0
160,85,5,72.83613,81.0
160,86,1,85.22528,80.0
160,87,5,77.34387,79.0
160,88,3,78.83126,78.0
160,89,2,87.76647,77.0
160,90,0,79.68406,76.0
160,91,3,101.774376,75.0
160,92,2,84.929016,74.0
160,93,4,76.19446,73.0
160,94,2,60.678207,72.0
160,95,5,77.507286,71.0
160,96,0,89.69552,70.0
160,97,0,77.604,69.0
160,98,5,70.725914,68.0
160,99,5,79.09556,67.0
160,100,4,83.57725,66.0
160,101,0,98.471054,65.0
160,102,4,88.14802,64.0
160,103,2,50.9634,63.0
160,104,0,48.75819,62.0
160,105,3,51.932266,61.0
160,106,3,48.05832,60.0
160,107,0,51.43357,59.0
160,108,0,51.47261,58.0
160,109,5,56.107857,57.0
160,110,0,54.84793,56.0
160,111,0,53.427643,55.0
160,112,5,54.14077,54.0
160,113,0,55.04081,53.0
160,114,0,64.79468,52.0
160,115,5,53.969223,51.0
160,116,5,42.868847,50.0
160,117,0,44.840145,49.0
160,118,0,45.063614,48.0
160,119,4,50.15793,47.0
160,120,3,47.000732,46.0
160,121,0,51.34269,45.0
160,122,2,45.337124,44.0
160,123,1,35.810852,43.0
160,124,0,35.99383,42.0
161,36,4,109.0466,125.0
161,37,0,111.60943,125.0
161,38,1,112.07154,125.0
161,39,0,108.59128,125.0
161,40,2,97.84759,125.0
161,41,4,96.981804,125.0
161,42,0,92.460014,125.0
161,43,2,97.22963,125.0
161,44,4,86.15373,125.0
161,45,3,94.34469,125.0
161,46,3,83.678566,125.0
161,47,4,86.719666,125.0
161,48,4,84.3574,125.0
161,49,2,74.763756,125.0
161,50,0,98.43363,125.0
161,51,2,106.791374,125.0
161,52,3,107.09438,125.0
161,53,0,115.7061,125.0
161,54,0,120.75236,125.0
161,55,0,105.86747,125.0
161,56,5,119.60509,125.0
161,57,0,113.32492,125.0
161,58,0,116.18406,125.0
161,59,5,112.81324,125.0
161,60,2,109.47419,125.0
161,61,5,107.41107,125.0
161,62,5,110.89248,125.0
161,63,5,117.32125,124.0
161,64,1,113.79675,123.0
161,65,0,97.62907,122.0
161,66,0,77.362526,121.0
161,67,1,83.147835,120.0
161,68,1,65.08452,119.0
161,69,4,80.903755,118.0
161,70,0,101.17856,117.0
161,71,5,85.14622,116.0
161,72,4,114.459526,115.0
161,73,0,110.04904,114.0
161,74,0,107.69215,113.0
161,75,5,103.64506,112.0
161,76,4,103.88943,111.0
161,77,1,92.90352,110.0
161,78,4,81.546165,109.0
161,79,2,90.64694,108.0
161,80,0,86.32927,107.0
161,81,3,92.07111,106.0
161,82,3,104.17799,105.0
161,83,0,99.40063,104.0
161,84,3,87.91746,103.0
161,85,3,87.93813,102.0
161,86,2,70.82664,101.0
161,87,1,66.769585,100.0
161,88,5,63.117077,99.0
161,89,3,69.20107,98.0
161,90,2,75.34714,97.0
161,91,0,71.93752,96.0
161,92,4,61.67981,95.0
161,93,0,82.6733,94.0
161,94,5,94.473145,93.0
161,95,0,98.03325,92.0
161,96,1,86.74926,91.0
161,97,5,109.41084,90.0
161,98,2,100.84819,89.0
161,99,3,100.34402,88.0
161,100,2,95.733055,87.0
161,101,5,96.29831,86.0
161,102,0,83.29832,85.0
161,103,0,75.45118,84.0
161,104,5,79.29353,83.0
161,105,0,74.95499,82.0
161,106,1,85.77427,81.0
161,107,1,76.68966,80.0
161,108,0,76.55949,79.0
161,109,4,75.98373,78.0
161,110,4,76.0143,77.0
161,111,4,60.402954,76.0
161,112,0,60.103027,75.0
161,113,4,59.55937,74.0
161,114,0,47.944542,73.0
161,115,3,64.11957,72.0
161,116,3,59.86068,71.0
161,117,4,59.381306,70.0
161,118,1,49.530045,69.0
161,119,4,50.31213,68.0
161,120,5,46.75379,67.0
161,121,3,42.261414,66.0
161,122,3,36.72931,65.0
161,123,4,33.18485,64.0
161,124,4,32.777,63.0
161,125,0,27.975136,62.0
161,126,1,36.757225,61.0
161,127,1,31.719427,60.0
161,128,1,26.785141,59.0
161,129,1,29.683874,58.0
161,130,1,26.69442,57.0
161,131,0,28.976114,56.0
161,132,1,26.701992,55.0
161,133,3,25.779701,54.0
161,134,0,26.770863,53.0
161,135,2,28.999718,52.0
161,136,5,34.116245,51.0
161,137,3,35.858765,50.0
161,138,1,32.35231,49.0
161,139,5,29.67595,48.0
161,140,3,30.959244,47.0
161,141,4,29.44371,46.0
161,142,1,35.162136,45.0
161,143,0,37.16015,44.0
161,144,0,35.226254,43.0
161,145,3,28.44083,42.0
161,146,0,26.548164,41.0
161,147,4,30.013798,40.0
161,148,0,28.311617,39.0
161,149,0,28.515722,38.0
161,150,0,20.017765,37.0
161,151,2,23.820208,36.0
161,152,1,17.995058,35.0
161,153,0,26.862797,34.0
161,154,1,26.519718,33.0
161,155,3,20.864094,32.0
161,156,4,23.618927,31.0
161,157,1,19.060678,30.0
161,158,1,21.45948,29.0
161,159,2,19.076687,28.0
161,160,5,20.200497,27.0
161,161,1,18.946117,26.0
161,162,3,22.66125,25.0
161,163,0,26.374952,24.0
161,164,0,24.600632,23.0
161,165,1,29.075525,22.0
161,166,5,26.30776,21.0
161,167,1,25.469992,20.0
161,168,5,17.70518,19.0
161,169,1,13.673635,18.0
161,170,4,13.237584,17.0
161,171,1,13.968772,16.0
161,172,3,10.805012,15.0
161,173,5,9.651891,14.0
161,174,0,18.101692,13.0
162,36,1,124.6309,125.0
162,37,2,125.09955,125.0
162,38,4,122.09058,125.0
162,39,1,126.93452,125.0
162,40,2,118.41422,125.0
162,41,0,123.09756,125.0
162,42,5,122.31923,125.0
162,43,5,114.72765,125.0
162,44,1,116.176704,125.0
162,45,5,119.17579,125.0
162,46,4,118.39322,125.0
162,47,4,112.35859,125.0
162,48,4,113.73904,125.0
162,49,5,122.20142,125.0
162,50,0,123.048454,125.0
162,51,5,125.783295,125.0
162,52,3,123.41062,125.0
162,53,5,121.03468,125.0
162,54,0,118.62392,125.0
162,55,1,120.94993,125.0
162,56,0,118.82624,125.0
162,57,1,115.74426,125.0
162,58,0,118.05665,125.0
162,59,3,117.15882,125.0
162,60,0,125.6431,125.0
162,61,5,107.330956,125.0
162,62,4,121.842735,125.0
162,63,5,118.70828,125.0
162,64,4,108.66515,125.0
162,65,3,110.026215,125.0
162,66,2,114.272415,125.0
162,67,1,119.18902,125.0
162,68,5,117.07724,125.0
162,69,3,117.73397,125.0
162,70,3,116.53831,125.0
162,71,0,97.69253,125.0
162,72,0,113.06521,125.0
162,73,5,116.961754,125.0
162,74,0,111.90681,125.0
162,75,4,115.4765,125.0
162,76,1,117.75916,125.0
162,77,0,120.41601,125.0
162,78,5,117.740456,125.0
162,79,3,119.23795,125.0
162,80,5,118.90486,125.0
162,81,0,108.003296,125.0
162,82,2,120.82678,125.0
162,83,5,127.261154,125.0
162,84,1,129.8399,125.0
162,85,1,124.39351,125.0
162,86,0,124.444405,125.0
162,87,2,121.127495,125.0
162,88,0,118.02143,125.0
162,89,2,113.00071,125.0
162,90,0,111.27997,125.0
162,91,0,115.56782,125.0
162,92,0,116.140945,125.0
162,93,2,107.43668,125.0
162,94,0,100.0809,125.0
162,95,5,110.08373,125.0
162,96,4,105.68037,125.0
162,97,0,101.817116,125.0
162,98,4,86.02108,125.0
162,99,1,77.72692,125.0
162,100,2,83.4946,125.0
162,101,5,94.0421,125.0
162,102,4,85.40263,124.0
162,103,5,86.288704,123.0
162,104,3,92.82241,122.0
162,105,1,107.1361,121.0
162,106,4,98.67426,120.0
162,107,0,111.496956,119.0
162,108,4,111.80217,118.0
162,109,4,97.16201,117.0
162,110,5,103.80942,116.0
162,111,1,105.583626,115.0
162,112,4,77.35133,114.0
162,113,3,75.38734,113.0
162,114,0,77.83902,112.0
162,115,0,83.144646,111.0
162,116,0,98.69964,110.0
162,117,0,96.26827,109.0
162,118,3,86.13526,108.0
162,119,0,90.32738,107.0
162,120,1,98.12132,106.0
162,121,0,95.838974,105.0
162,122,2,102.36336,104.0
162,123,1,98.80016,103.0
162,124,3,101.02487,102.0
162,125,2,99.052284,101.0
162,126,0,101.47921,100.0
162,127,4,114.39274,99.0
162,128,2,105.97205,98.0
162,129,3,96.690285,97.0
162,130,4,87.44926,96.0
162,131,4,95.21315,95.0
162,132,5,108.663445,94.0
162,133,0,104.68646,93.0
162,134,5,116.602394,92.0
162,135,3,113.56588,91.0
162,136,3,114.32162,90.0
162,137,0,106.760994,89.0
162,138,5,111.98769,88.0
162,139,4,112.23356,87.0
162,140,5,114.78218,86.0
162,141,0,117.98252,85.0
162,142,1,118.85993,84.0
162,143,3,119.564125,83.0
162,144,3,119.0685,82.0
162,145,5,104.813416,81.0
162,146,0,112.22211,80.0
162,147,1,110.87118,79.0
162,148,1,105.6338,78.0
162,149,0,106.9345,77.0
162,150,0,109.31476,76.0
162,151,2,110.726295,75.0
162,152,3,106.20631,74.0
162,153,0,97.98546,73.0
162,154,3,83.44194,72.0
162,155,2,93.89545,71.0
162,156,3,77.468864,70.0
162,157,1,96.457596,69.0
162,158,3,74.057076,68.0
162,159,0,83.73584,67.0
162,160,1,89.60404,66.0
162,161,4,99.865616,65.0
162,162,5,82.51476,64.0
162,163,5,77.70088,63.0
162,164,5,60.77041,62.0
162,165,4,55.10297,61.0
162,166,1,47.22723,60.0
162,167,2,44.58191,59.0
162,168,0,44.85814,58.0
162,169,0,50.153587,57.0
162,170,2,56.149338,56.0
162,171,4,51.476776,55.0
162,172,1,64.9542,54.0
162,173,2,53.812977,53.0
162,174,2,44.975765,52.0
162,175,1,40.434002,51.0
162,176,1,46.496174,50.0
162,177,4,40.467285,49.0
162,178,1,34.841454,48.0
162,179,5,39.029583,47.0
162,180,1,52.09486,46.0
162,181,0,59.829803,45.0
162,182,1,54.40889,44.0
162,183,5,59.53063,43.0
162,184,5,47.75874,42.0
162,185,2,59.419502,41.0
163,36,0,102.73708,125.0
163,37,0,94.90758,125.0
163,38,1,76.86462,125.0
163,39,5,85.69097,125.0
163,40,3,96.2757,125.0
163,41,1,105.67866,125.0
163,42,0,111.59371,125.0
163,43,4,111.464226,125.0
163,44,4,109.404945,125.0
163,45,2,109.81329,125.0
163,46,4,94.99973,125.0
163,47,0,101.16278,125.0
163,48,1,93.798546,125.0
163,49,0,107.1426,125.0
163,50,4,101.02932,125.0
163,51,4,108.936874,125.0
163,52,0,110.17591,125.0
163,53,2,107.66439,125.0
163,54,0,98.44784,125.0
163,55,5,86.633,125.0
163,56,0,91.91094,125.0
163,57,2,92.01797,125.0
163,58,2,98.26966,125.0
163,59,3,94.57223,125.0
163,60,2,90.780785,125.0
163,61,0,93.728004,125.0
163,62,4,85.89662,125.0
163,63,4,77.17359,125.0
163,64,0,97.14976,125.0
163,65,5,105.1648,125.0
163,66,3,106.48171,125.0
163,67,1,114.59351,125.0
163,68,5,105.37468,125.0
163,69,3,122.454834,125.0
163,70,3,121.27126,125.0
163,71,1,120.7208,125.0
163,72,3,113.48942,125.0
163,73,5,117.59266,125.0
163,74,3,108.90682,125.0
163,75,4,118.25544,125.0
163,76,2,102.53617,125.0
163,77,0,104.4528,125.0
163,78,0,108.864555,125.0
163,79,0,112.27445,125.0
163,80,2,118.82218,125.0
163,81,3,113.157036,125.0
163,82,0,121.060356,125.0
163,83,3,111.68391,125.0
163,84,2,115.56202,125.0
163,85,3,110.7542,125.0
163,86,3,116.990135,125.0
163,87,3,107.655174,125.0
163,88,0,116.425865,125.0
163,89,1,113.15788,125.0
163,90,1,122.17193,125.0
163,91,1,115.14449,125.0
163,92,4,117.911316,125.0
163,93,0,119.00872,125.0
163,94,1,124.16518,125.0
163,95,2,120.06523,125.0
163,96,5,120.13822,125.0
163,97,3,126.8612,125.0
163,98,5,120.86137,125.0
163,99,4,109.602715,125.0
163,100,3,110.809685,125.0
163,101,2,116.864876,125.0
163,102,4,103.2806,125.0
163,103,3,99.38154,125.0
163,104,4,87.21783,125.0
163,105,3,82.20246,125.0
163,106,1,73.614586,125.0
163,107,2,87.93777,125.0
163,108,1,94.48455,124.0
163,109,4,86.141396,123.0
163,110,3,82.35816,122.0
163,111,5,91.28101,121.0
163,112,3,77.39303,120.0
163,113,4,70.08549,119.0
163,114,5,83.70014,118.0
163,115,3,93.836266,117.0
163,116,1,87.72936,116.0
163,117,0,92.13607,115.0
163,118,3,74.60772,114.0
163,119,1,84.933876,113.0
163,120,2,95.00288,112.0
163,121,4,80.816284,111.0
163,122,0,96.56469,110.0
163,123,3,98.04424,109.0
163,124,4,112.12998,108.0
163,125,5,110.90107,107.0
163,126,5,120.7134,106.0
163,127,0,111.09925,105.0
163,128,3,121.236404,104.0
163,129,0,122.32221,103.0
163,130,5,115.34238,102.0
163,131,3,111.78392,101.0
163,132,2,115.700615,100.0
163,133,0,106.37168,99.0
163,134,4,116.73274,98.0
163,135,0,118.44079,97.0
163,136,0,107.97166,96.0
163,137,0,100.1827,95.0
163,138,5,115.17577,94.0
163,139,4,115.61974,93.0
163,140,4,119.852135,92.0
163,141,0,109.67773,91.0
163,142,0,101.76993,90.0
163,143,5,82.60619,89.0
163,144,5,82.83971,88.0
164,36,0,114.83303,125.0
164,37,2,111.264915,125.0
164,38,2,109.5752,125.0
164,39,2,107.91288,125.0
164,40,5,117.02665,125.0
164,41,5,117.85498,125.0
164,42,0,120.91105,125.0
164,43,2,117.7534,125.0
164,44,2,114.24295,125.0
164,45,3,118.847496,125.0
164,46,4,109.20937,125.0
164,47,0,118.13441,125.0
164,48,0,118.21115,125.0
164,49,3,120.1949,125.0
164,50,4,119.92963,125.0
164,51,3,115.30375,125.0
164,52,0,111.19562,125.0
164,53,1,107.32756,125.0
164,54,4,101.65449,125.0
164,55,5,99.17449,125.0
164,56,2,107.916084,125.0
164,57,4,109.989525,125.0
164,58,1,109.755486,125.0
164,59,2,111.82689,125.0
164,60,1,100.76931,125.0
164,61,4,109.08321,125.0
164,62,3,110.84309,125.0
164,63,2,100.48629,125.0
164,64,3,112.39866,125.0
164,65,2,103.81771,125.0
164,66,0,109.675674,125.0
164,67,3,120.682144,125.0
164,68,4,113.841805,125.0
164,69,4,116.083916,125.0
164,70,5,121.89574,125.0
164,71,4,125.30743,125.0
164,72,4,117.474174,125.0
164,73,3,110.92014,125.0
164,74,5,121.12287,125.0
164,75,4,119.22009,125.0
164,76,2,116.24906,125.0
164,77,4,114.26207,125.0
164,78,1,123.98139,125.0
164,79,0,126.232185,125.0
164,80,5,113.38231,125.0
164,81,0,110.28977,125.0
164,82,2,109.577965,125.0
164,83,4,115.584145,125.0
164,84,2,110.04657,125.0
164,85,2,112.42335,125.0
164,86,3,119.76408,125.0
164,87,5,104.10745,125.0
164,88,5,120.65908,125.0
164,89,2,115.75572,124.0
164,90,0,108.27123,123.0
164,91,3,114.93855,122.0
164,92,2,118.62721,121.0
164,93,1,119.58712,120.0
164,94,2,116.93701,119.0
164,95,4,116.74849,118.0
164,96,1,117.13085,117.0
164,97,1,115.31414,116.0
164,98,3,116.282326,115.0
164,99,1,106.58861,114.0
164,100,0,105.279396,113.0
164,101,0,102.01674,112.0
164,102,1,92.89457,111.0
164,103,2,92.415695,110.0
164,104,4,111.74923,109.0
164,105,5,124.43159,108.0
164,106,5,116.07407,107.0
164,107,5,115.2909,106.0
164,108,4,116.67182,105.0
164,109,0,95.65707,104.0
164,110,2,102.78487,103.0
164,111,0,92.98559,102.0
164,112,0,105.780945,101.0
164,113,0,95.596436,100.0
164,114,0,102.77207,99.0
164,115,3,98.53976,98.0
164,116,3,82.97534,97.0
164,117,2,101.41038,96.0
164,118,1,93.29595,95.0
164,119,0,101.969,94.0
164,120,3,106.24968,93.0
164,121,2,97.04026,92.0
164,122,1,86.87594,91.0
164,123,5,93.55021,90.0
164,124,0,77.83156,89.0
164,125,2,69.55157,88.0
164,126,3,72.76142,87.0
164,127,5,62.82717,86.0
164,128,1,61.057697,85.0
164,129,5,66.47065,84.0
164,130,5,58.9755,83.0
164,131,0,63.67977,82.0
164,132,1,75.3443,81.0
164,133,0,82.83028,80.0
164,134,5,76.49451,79.0
164,135,4,107.14054,78.0
164,136,5,94.681465,77.0
164,137,0,105.33186,76.0
164,138,3,109.26905,75.0
164,139,4,118.10406,74.0
164,140,2,115.14132,73.0
164,141,1,116.1214,72.0
164,142,1,111.687325,71.0
164,143,5,117.24671,70.0
164,144,2,116.89125,69.0
164,145,3,112.578384,68.0
164,146,4,105.50672,67.0
164,147,5,112.63491,66.0
164,148,2,107.86494,65.0
164,149,5,119.555695,64.0
164,150,0,118.247375,63.0
164,151,5,119.473206,62.0
164,152,5,115.840416,61.0
164,153,0,120.86903,60.0
164,154,3,118.538956,59.0
164,155,1,117.17344,58.0
164,156,4,107.90874,57.0
164,157,2,106.75731,56.0
164,158,0,81.56159,55.0
164,159,0,88.28336,54.0
164,160,5,84.804054,53.0
164,161,4,74.955605,52.0
164,162,4,83.38036,51.0
164,163,0,83.90005,50.0
164,164,3,79.81346,49.0
164,165,2,78.78839,48.0
164,166,4,77.61793,47.0
164,167,5,52.928413,46.0
164,168,0,66.98579,45.0
164,169,0,48.734097,44.0
164,170,0,35.871635,43.0
164,171,3,32.928673,42.0
164,172,1,40.755478,41.0
164,173,3,47.677597,40.0
164,174,4,36.01902,39.0
164,175,3,30.969551,38.0
164,176,3,26.960361,37.0
164,177,0,22.563816,36.0
164,178,3,19.689884,35.0
164,179,2,25.17516,34.0
164,180,1,22.239605,33.0
164,181,0,19.929142,32.0
164,182,2,23.81012,31.0
164,183,0,29.820492,30.0
164,184,1,31.338905,29.0
164,185,1,23.642654,28.0
164,186,2,16.404505,27.0
164,187,5,12.552075,26.0
164,188,1,9.007791,25.0
164,189,1,14.001706,24.0
164,190,0,13.004757,23.0
164,191,5,11.343404,22.0
164,192,2,13.528869,21.0
164,193,0,13.587447,20.0
164,194,0,19.715343,19.0
164,195,5,11.426421,18.0
164,196,1,18.056068,17.0
164,197,1,24.756863,16.0
164,198,1,23.155254,15.0
164,199,0,15.247242,14.0
166,36,5,103.97796,125.0
166,37,1,106.33164,125.0
166,38,3,99.49653,125.0
166,39,5,113.68054,125.0
166,40,4,112.964714,125.0
166,41,2,118.47033,125.0
166,42,1,120.399254,125.0
166,43,3,117.50652,125.0
166,44,5,126.49042,125.0
166,45,4,106.865486,125.0
166,46,4,112.95524,125.0
166,47,4,112.8284,125.0
166,48,1,114.6992,125.0
166,49,2,119.800735,125.0
166,50,5,122.641335,125.0
166,51,5,118.12415,125.0
166,52,5,113.459465,125.0
166,53,3,102.70507,125.0
166,54,2,104.01586,125.0
166,55,2,117.761215,125.0
166,56,1,116.03928,125.0
166,57,2,111.64556,125.0
166,58,5,100.91578,125.0
166,59,0,101.63084,125.0
166,60,1,104.57809,125.0
166,61,0,106.85961,125.0
166,62,4,101.38688,125.0
166,63,2,114.6231,125.0
166,64,3,106.739655,125.0
166,65,4,115.08766,125.0
166,66,0,117.40439,125.0
166,67,1,121.14332,125.0
166,68,3,112.31562,125.0
166,69,0,118.022285,125.0
166,70,0,100.85371,125.0
166,71,1,112.550026,125.0
166,72,2,110.556465,125.0
166,73,5,105.527596,125.0
166,74,1,108.8158,125.0
166,75,4,112.0799,125.0
166,76,1,116.09751,125.0
166,77,1,110.54038,125.0
166,78,0,110.51217,125.0
166,79,2,118.263054,125.0
166,80,0,112.71161,125.0
166,81,1,116.311874,125.0
166,82,4,108.245094,125.0
166,83,1,118.282814,125.0
166,84,4,111.37943,125.0
166,85,0,115.99416,125.0
166,86,5,119.43374,125.0
166,87,5,119.59202,125.0
166,88,1,106.52221,125.0
166,89,0,116.442665,125.0
166,90,0,116.97353,125.0
166,91,4,122.42974,125.0
166,92,5,120.90392,125.0
166,93,1,119.55903,125.0
166,94,2,118.6563,125.0
166,95,3,125.854454,125.0
166,96,5,120.03005,125.0
166,97,0,115.85634,125.0
167,36,5,110.25023,125.0
167,37,4,104.1075,125.0
167,38,4,96.44861,125.0
167,39,0,102.38322,125.0
167,40,1,102.27274,125.0
167,41,1,105.656,125.0
167,42,2,110.82767,125.0
167,43,2,110.47181,125.0
167,44,2,111.44163,125.0
167,45,0,110.94866,125.0
167,46,4,110.587135,125.0
167,47,3,115.892006,125.0
167,48,0,111.559044,125.0
167,49,5,119.79519,125.0
167,50,2,118.936905,124.0
167,51,5,122.9006,123.0
167,52,5,113.99405,122.0
167,53,0,112.52883,121.0
167,54,5,111.03068,120.0
167,55,3,118.03272,119.0
167,56,0,115.21836,118.0
167,57,0,113.42972,117.0
167,58,3,106.99564,116.0
167,59,1,116.2134,115.0
167,60,0,119.75861,114.0
167,61,0,120.17011,113.0
167,62,0,103.71758,112.0
167,63,0,97.59994,111.0
167,64,0,71.01577,110.0
167,65,3,72.61739,109.0
167,66,0,73.78129,108.0
167,67,1,65.649475,107.0
167,68,0,63.80243,106.0
167,69,2,97.39721,105.0
167,70,1,91.1621,104.0
167,71,5,64.561455,103.0
167,72,5,84.84263,102.0
167,73,4,97.02643,101.0
167,74,4,79.426315,100.0
167,75,4,82.43625,99.0
167,76,0,78.152565,98.0
167,77,5,86.15754,97.0
167,78,0,58.38642,96.0
168,36,2,109.90658,125.0
168,37,2,109.91388,125.0
168,38,4,100.80842,125.0
168,39,5,100.035324,125.0
168,40,3,108.970566,125.0
168,41,1,105.706825,125.0
168,42,2,102.681435,125.0
168,43,3,108.14947,125.0
168,44,0,109.867,125.0
168,45,5,117.90126,125.0
168,46,3,113.55126,125.0
168,47,0,115.52401,125.0
168,48,5,123.65206,125.0
168,49,4,122.00329,125.0
168,50,1,126.089775,125.0
168,51,1,123.81219,125.0
168,52,4,120.88239,125.0
168,53,2,118.22947,125.0
168,54,2,112.704704,125.0
168,55,4,110.76833,125.0
168,56,0,112.56959,125.0
168,57,1,122.00667,125.0
168,58,3,120.77024,125.0
168,59,2,123.572876,125.0
168,60,5,109.4958,125.0
168,61,4,113.77955,125.0
168,62,0,120.33313,125.0
168,63,1,127.42991,125.0
168,64,0,114.897575,125.0
168,65,1,116.13236,124.0
168,66,0,121.94803,123.0
168,67,3,118.48124,122.0
168,68,0,116.98614,121.0
168,69,2,119.561104,120.0
168,70,3,110.35239,119.0
168,71,4,113.96913,118.0
168,72,5,114.358055,117.0
168,73,3,125.67921,116.0
168,74,5,119.52682,115.0
168,75,0,122.22906,114.0
168,76,4,120.95345,113.0
168,77,4,118.13119,112.0
168,78,0,121.76779,111.0
168,79,0,115.120964,110.0
168,80,3,116.76603,109.0
168,81,4,122.93459,108.0
168,82,4,102.33909,107.0
168,83,2,117.3818,106.0
168,84,1,108.48632,105.0
168,85,5,122.5875,104.0
168,86,5,122.11066,103.0
168,87,3,114.98871,102.0
168,88,5,120.314644,101.0
168,89,1,111.41158,100.0
168,90,1,117.580284,99.0
168,91,3,109.11668,98.0
168,92,3,93.00541,97.0
168,93,0,98.512856,96.0
168,94,5,104.40826,95.0
168,95,1,97.18124,94.0
168,96,0,109.800545,93.0
168,97,0,107.77434,92.0
168,98,4,113.04778,91.0
168,99,3,106.90516,90.0
168,100,3,107.81687,89.0
168,101,1,101.29795,88.0
168,102,0,114.03199,87.0
168,103,2,118.70424,86.0
168,104,4,126.28779,85.0
168,105,4,124.64738,84.0
168,106,1,109.247795,83.0
168,107,2,100.58631,82.0
169,36,5,122.598885,125.0
169,37,1,117.46694,125.0
169,38,1,125.45239,125.0
169,39,4,118.21763,125.0
169,40,0,116.517204,125.0
169,41,4,125.604294,125.0
169,42,0,121.83513,125.0
169,43,1,121.879166,125.0
169,44,0,121.141685,125.0
169,45,3,116.88859,125.0
169,46,2,118.52694,125.0
169,47,3,107.19669,125.0
169,48,1,92.376785,125.0
169,49,5,100.032745,125.0
169,50,4,101.9633,125.0
169,51,4,94.72813,125.0
169,52,0,97.21019,125.0
169,53,2,109.86263,125.0
169,54,3,113.599106,125.0
169,55,3,103.12025,125.0
169,56,3,91.04606,125.0
169,57,3,92.63801,125.0
169,58,2,77.01497,125.0
169,59,1,86.847466,125.0
169,60,0,98.3471,125.0
169,61,4,104.08024,125.0
169,62,2,111.292114,125.0
169,63,4,111.88516,125.0
169,64,0,117.76588,125.0
169,65,4,117.89045,125.0
169,66,5,115.96614,125.0
169,67,3,109.81912,125.0
169,68,3,116.129005,125.0
169,69,5,128.11388,125.0
169,70,1,129.78232,125.0
169,71,0,121.826,125.0
169,72,1,120.87264,125.0
169,73,4,125.1902,125.0
169,74,0,123.304085,125.0
169,75,4,125.07884,125.0
169,76,1,118.65305,125.0
169,77,3,121.41894,125.0
169,78,1,120.03744,125.0
169,79,5,114.79276,125.0
169,80,3,117.80229,125.0
170,36,3,94.40726,125.0
170,37,2,115.74972,125.0
170,38,4,118.97157,125.0
170,39,3,114.9017,125.0
170,40,5,114.053635,125.0
170,41,2,119.12547,125.0
170,42,4,119.185905,125.0
170,43,3,116.96313,125.0
170,44,5,115.14309,125.0
170,45,0,116.5035,125.0
170,46,4,117.94181,125.0
170,47,3,102.23852,125.0
170,48,3,105.00643,125.0
170,49,5,115.90643,125.0
170,50,5,107.47297,125.0
170,51,3,104.638596,125.0
170,52,4,98.679695,125.0
170,53,3,63.48249,125.0
170,54,2,73.66593,125.0
170,55,1,107.0003,125.0
170,56,5,120.25942,125.0
170,57,2,112.39545,125.0
170,58,0,123.7964,125.0
170,59,4,114.13889,125.0
170,60,4,109.82321,125.0
170,61,0,117.59402,125.0
170,62,4,106.847565,125.0
170,63,0,118.42085,125.0
170,64,0,121.38983,125.0
170,65,2,115.530136,125.0
170,66,4,119.404076,125.0
170,67,1,126.39223,125.0
170,68,3,114.79696,125.0
170,69,0,124.672554,125.0
170,70,5,121.53367,125.0
170,71,1,102.72096,125.0
170,72,2,121.84275,125.0
170,73,2,118.53632,125.0
170,74,1,120.283104,125.0
170,75,3,123.63178,125.0
170,76,0,113.74557,125.0
170,77,4,116.43099,125.0
170,78,2,122.27493,125.0
170,79,0,119.19257,125.0
170,80,1,107.319885,125.0
170,81,5,111.73237,125.0
170,82,0,114.45516,125.0
170,83,2,117.40338,125.0
170,84,1,120.31046,125.0
170,85,5,120.51269,125.0
171,36,2,118.58065,125.0
171,37,0,92.98658,125.0
171,38,4,100.219215,125.0
171,39,1,99.34287,125.0
171,40,2,121.51241,125.0
171,41,4,116.300896,125.0
171,42,3,120.99089,125.0
171,43,3,116.54382,125.0
171,44,0,120.483894,125.0
171,45,5,122.52334,125.0
171,46,5,122.28335,125.0
171,47,3,129.63896,125.0
171,48,2,129.80473,125.0
171,49,4,125.78159,125.0
171,50,4,125.09783,125.0
171,51,0,128.74246,125.0
171,52,0,127.26943,125.0
171,53,0,124.873604,125.0
171,54,3,125.93993,125.0
171,55,0,123.52375,125.0
171,56,5,121.31664,125.0
171,57,3,122.24317,125.0
171,58,5,109.30428,125.0
171,59,5,124.06367,125.0
171,60,4,119.16434,125.0
171,61,3,120.418205,125.0
171,62,5,117.898506,125.0
171,63,3,113.96945,125.0
171,64,1,122.23726,125.0
171,65,2,123.753685,125.0
171,66,0,119.62667,125.0
171,67,0,114.75974,125.0
171,68,5,96.72022,125.0
171,69,4,105.48145,125.0
171,70,2,95.53278,125.0
171,71,5,109.66244,125.0
171,72,3,102.21312,125.0
171,73,0,97.6981,125.0
171,74,5,107.39347,125.0
171,75,0,108.39628,125.0
171,76,5,111.14362,125.0
171,77,5,119.746925,125.0
171,78,0,120.83912,125.0
171,79,4,115.16066,125.0
171,80,3,101.080696,125.0
171,81,1,120.44697,125.0
171,82,0,116.647385,125.0
171,83,3,119.94503,125.0
171,84,1,111.87551,125.0
171,85,2,108.52769,125.0
171,86,0,102.70615,125.0
171,87,3,104.3071,125.0
171,88,1,103.190506,125.0
171,89,0,110.19252,125.0
171,90,2,111.87618,125.0
171,91,5,112.1379,125.0
171,92,0,101.30355,125.0
171,93,5,95.771935,125.0
171,94,0,121.87538,125.0
171,95,5,113.54855,125.0
171,96,2,117.269264,125.0
171,97,1,116.52068,125.0
171,98,0,120.47754,125.0
171,99,0,116.42823,125.0
171,100,1,114.01433,125.0
171,101,2,113.52391,125.0
171,102,3,126.06359,125.0
171,103,5,121.04937,125.0
171,104,0,119.20791,125.0
171,105,1,122.42284,125.0
171,106,4,113.243126,125.0
171,107,3,103.211754,125.0
171,108,2,90.27938,125.0
171,109,5,94.60508,125.0
171,110,2,95.9383,125.0
171,111,4,84.83875,125.0
171,112,0,86.0552,125.0
171,113,3,82.08032,125.0
171,114,0,71.48158,125.0
171,115,4,65.411545,125.0
171,116,3,57.34274,125.0
171,117,3,62.815243,125.0
171,118,0,69.81767,125.0
171,119,1,94.37857,125.0
171,120,1,80.93124,125.0
171,121,2,95.995674,125.0
171,122,0,95.232834,125.0
171,123,5,98.50515,125.0
171,124,2,102.32183,125.0
171,125,5,109.483215,125.0
171,126,0,115.43494,125.0
171,127,4,115.18125,125.0
171,128,2,122.605705,125.0
171,129,2,107.03233,125.0
171,130,3,110.95419,125.0
171,131,0,112.29839,125.0
171,132,1,116.807884,125.0
171,133,4,119.171425,125.0
171,134,0,119.49041,125.0
171,135,0,106.74792,125.0
171,136,1,101.45112,125.0
171,137,4,95.0124,125.0
171,138,2,90.46138,125.0
171,139,0,109.031364,125.0
171,140,3,112.19194,125.0
171,141,4,114.59965,125.0
171,142,3,118.36573,125.0
171,143,5,102.36303,125.0
171,144,4,98.79382,125.0
171,145,1,98.73994,125.0
171,146,2,89.89571,125.0
171,147,1,90.38483,125.0
171,148,5,96.86443,125.0
171,149,5,93.68229,125.0
171,150,0,102.334366,125.0
171,151,3,95.03929,125.0
171,152,5,88.34081,125.0
171,153,0,78.25179,125.0
171,154,2,84.31341,125.0
171,155,1,80.769936,124.0
171,156,2,87.12885,123.0
171,157,0,91.804115,122.0
171,158,3,89.10134,121.0
171,159,1,99.36888,120.0
171,160,5,94.08416,119.0
171,161,0,85.41236,118.0
171,162,5,78.415245,117.0
171,163,0,79.1379,116.0
171,164,0,96.94218,115.0
171,165,4,109.59265,114.0
171,166,2,111.938126,113.0
171,167,5,103.71955,112.0
171,168,5,110.44851,111.0
171,169,4,100.964775,110.0
171,170,3,86.04301,109.0
171,171,4,99.68842,108.0
171,172,3,73.83108,107.0
171,173,1,63.833424,106.0
171,174,5,81.52566,105.0
171,175,0,66.76354,104.0
171,176,0,68.705025,103.0
171,177,3,56.79399,102.0
171,178,5,52.06687,101.0
171,179,0,48.814377,100.0
171,180,3,40.156693,99.0
171,181,2,48.664925,98.0
171,182,3,47.730556,97.0
171,183,0,47.09825,96.0
171,184,3,38.959656,95.0
171,185,3,42.356316,94.0
171,186,0,42.509804,93.0
171,187,4,36.804314,92.0
171,188,0,33.61661,91.0
171,189,4,42.629147,90.0
171,190,4,57.47939,89.0
171,191,0,51.49872,88.0
171,192,0,57.75758,87.0
171,193,0,53.69347,86.0
171,194,3,39.777363,85.0
171,195,1,46.831264,84.0
171,196,1,45.289192,83.0
171,197,4,48.74407,82.0
171,198,3,46.807907,81.0
171,199,4,55.092262,80.0
171,200,4,53.55186,79.0
171,201,3,52.1642,78.0
171,202,0,52.2322,77.0
171,203,2,46.225876,76.0
171,204,1,55.33313,75.0
171,205,1,42.70288,74.0
171,206,1,44.596527,73.0
171,207,2,36.480423,72.0
171,208,0,40.99695,71.0
171,209,5,40.30831,70.0
171,210,3,36.586525,69.0
171,211,4,47.425507,68.0
171,212,4,49.941376,67.0
171,213,0,49.618706,66.0
171,214,5,46.23593,65.0
171,215,0,38.59278,64.0
171,216,2,46.663357,63.0
171,217,4,37.408226,62.0
171,218,2,49.246067,61.0
171,219,3,41.500652,60.0
171,220,0,34.765255,59.0
171,221,5,32.50518,58.0
171,222,1,31.52961,57.0
171,223,1,32.805466,56.0
171,224,3,41.398712,55.0
171,225,4,48.24809,54.0
171,226,0,48.64158,53.0
171,227,3,45.4015,52.0
171,228,3,42.334927,51.0
171,229,3,37.51017,50.0
171,230,3,34.675484,49.0
171,231,0,36.159897,48.0
171,232,0,35.96945,47.0
171,233,0,36.405144,46.0
171,234,1,31.32763,45.0
171,235,4,33.23475,44.0
171,236,5,26.123535,43.0
171,237,4,36.664047,42.0
171,238,0,36.286877,41.0
171,239,5,30.209513,40.0
171,240,1,35.100952,39.0
171,241,0,34.03409,38.0
171,242,2,29.926777,37.0
171,243,5,28.396303,36.0
172,36,0,101.1837,125.0
172,37,4,115.77256,125.0
172,38,0,122.11652,125.0
172,39,1,121.20588,125.0
172,40,1,126.34777,125.0
172,41,4,118.91103,125.0
172,42,3,123.94512,125.0
172,43,2,122.42034,125.0
172,44,1,115.85194,125.0
172,45,2,122.6872,125.0
172,46,4,118.75876,125.0
172,47,0,122.619804,125.0
172,48,4,120.3723,125.0
172,49,5,117.74034,125.0
172,50,1,122.314674,125.0
172,51,0,121.10018,125.0
172,52,5,120.975945,125.0
172,53,2,111.21664,125.0
172,54,1,117.21411,125.0
172,55,3,121.09098,125.0
172,56,3,108.44596,125.0
172,57,4,88.39155,125.0
172,58,1,96.38511,125.0
172,59,3,96.47695,125.0
172,60,2,101.75033,125.0
172,61,1,107.54205,125.0
172,62,0,121.81339,125.0
172,63,4,118.20243,125.0
172,64,4,100.74697,125.0
172,65,4,92.770454,125.0
172,66,0,102.947426,125.0
172,67,1,95.930565,125.0
172,68,1,98.46082,125.0
172,69,3,93.27694,125.0
172,70,2,104.849174,125.0
172,71,1,104.59234,125.0
172,72,5,101.168785,125.0
172,73,4,100.754265,125.0
172,74,3,105.74154,125.0
172,75,1,97.12759,125.0
172,76,1,105.08318,125.0
172,77,4,103.09977,125.0
172,78,5,110.26798,125.0
172,79,1,109.9015,125.0
172,80,0,120.28257,125.0
172,81,2,117.52804,125.0
172,82,5,114.24066,125.0
172,83,2,122.23957,125.0
172,84,3,120.276,125.0
172,85,5,120.79662,125.0
172,86,2,123.234276,125.0
172,87,5,128.19481,125.0
172,88,4,118.96992,125.0
172,89,0,115.02071,125.0
172,90,0,109.01246,125.0
172,91,4,106.11949,125.0
172,92,4,108.373375,125.0
172,93,2,106.59491,125.0
172,94,0,113.871025,125.0
172,95,2,108.59869,125.0
172,96,5,106.16116,125.0
172,97,4,96.84138,125.0
172,98,1,93.67158,125.0
172,99,2,103.64523,125.0
172,100,2,99.41891,125.0
172,101,0,89.64132,125.0
172,102,1,102.293434,125.0
172,103,0,92.427345,125.0
172,104,2,87.17917,125.0
172,105,0,95.70478,125.0
172,106,0,95.43631,125.0
172,107,0,91.01029,125.0
172,108,3,94.20752,125.0
172,109,2,97.58593,125.0
172,110,0,100.07824,125.0
172,111,4,106.73966,124.0
172,112,0,101.38735,123.0
172,113,0,114.25184,122.0
172,114,3,111.874054,121.0
172,115,0,106.17174,120.0
172,116,0,91.31773,119.0
172,117,3,100.77238,118.0
172,118,3,109.4307,117.0
172,119,3,111.049934,116.0
172,120,0,81.01017,115.0
172,121,0,74.526634,114.0
172,122,0,79.28478,113.0
172,123,1,88.340294,112.0
172,124,1,92.96528,111.0
172,125,2,87.55432,110.0
172,126,0,83.11779,109.0
172,127,2,111.49959,108.0
172,128,1,111.890755,107.0
173,36,2,106.16125,95.0
173,37,2,108.55813,94.0
173,38,1,112.73617,93.0
173,39,5,121.375824,92.0
173,40,3,114.06491,91.0
173,41,2,107.94093,90.0
173,42,5,117.91512,89.0
173,43,1,115.14766,88.0
173,44,4,94.39894,87.0
173,45,5,104.88837,86.0
173,46,4,99.57548,85.0
173,47,2,93.766884,84.0
173,48,1,89.23275,83.0
173,49,3,104.504395,82.0
173,50,3,88.06307,81.0
173,51,5,93.28605,80.0
173,52,1,93.80886,79.0
173,53,1,94.8108,78.0
173,54,0,95.53317,77.0
173,55,0,88.79392,76.0
173,56,2,96.28982,75.0
173,57,5,89.10435,74.0
173,58,5,97.946144,73.0
173,59,0,100.66166,72.0
173,60,2,98.917046,71.0
173,61,5,111.71096,70.0
173,62,1,106.55447,69.0
173,63,4,115.70389,68.0
173,64,5,109.8989,67.0
173,65,4,114.13844,66.0
173,66,2,117.79787,65.0
173,67,4,107.954346,64.0
173,68,4,106.93243,63.0
173,69,0,106.02686,62.0
173,70,0,118.64841,61.0
173,71,2,110.48344,60.0
173,72,3,103.282265,59.0
173,73,2,113.57021,58.0
173,74,0,114.76692,57.0
173,75,3,108.43961,56.0
173,76,2,113.32986,55.0
173,77,0,98.02535,54.0
173,78,4,101.4686,53.0
173,79,0,98.09772,52.0
173,80,5,95.67568,51.0
173,81,2,79.16164,50.0
173,82,1,88.12145,49.0
173,83,0,91.02475,48.0
173,84,4,76.57847,47.0
173,85,1,60.63588,46.0
173,86,3,67.72378,45.0
173,87,2,49.967575,44.0
173,88,1,37.05299,43.0
173,89,1,62.505474,42.0
173,90,2,59.41474,41.0
173,91,2,62.41841,40.0
173,92,2,65.61878,39.0
173,93,0,76.303825,38.0
173,94,4,69.749695,37.0
173,95,0,80.5685,36.0
173,96,0,81.86892,35.0
173,97,3,92.884926,34.0
173,98,0,91.70198,33.0
173,99,4,87.40325,32.0
173,100,3,73.54383,31.0
173,101,0,67.38176,30.0
173,102,3,71.30701,29.0
173,103,0,74.773964,28.0
173,104,0,75.104126,27.0
173,105,4,60.59113,26.0
173,106,0,63.394928,25.0
173,107,1,40.137,24.0
173,108,0,36.584846,23.0
173,109,4,34.837376,22.0
173,110,4,36.242836,21.0
173,111,4,40.5588,20.0
173,112,3,57.236813,19.0
173,113,0,52.810703,18.0
173,114,5,47.544037,17.0
173,115,1,43.069263,16.0
173,116,0,34.230145,15.0
173,117,4,33.46431,14.0
174,36,1,100.351845,110.0
174,37,0,99.17442,109.0
174,38,1,117.1943,108.0
174,39,0,120.73064,107.0
174,40,0,107.05291,106.0
174,41,5,113.53713,105.0
174,42,5,103.11737,104.0
174,43,2,112.88969,103.0
174,44,0,115.352135,102.0
174,45,1,103.76299,101.0
174,46,4,111.47091,100.0
174,47,2,119.436005,99.0
174,48,5,115.486275,98.0
174,49,0,108.87265,97.0
174,50,0,93.62119,96.0
174,51,2,106.00027,95.0
175,36,2,114.1878,125.0
175,37,1,107.29858,125.0
175,38,0,111.386955,125.0
175,39,0,106.71876,125.0
175,40,4,103.55002,125.0
175,41,0,94.088005,125.0
175,42,4,97.799904,125.0
175,43,0,95.98275,125.0
175,44,1,94.6267,125.0
175,45,4,109.530266,125.0
175,46,2,110.792656,125.0
175,47,2,108.18432,125.0
175,48,4,114.90449,125.0
175,49,0,108.66238,125.0
175,50,1,116.13409,125.0
175,51,0,124.297676,125.0
175,52,2,120.21322,125.0
175,53,0,115.77638,125.0
175,54,3,123.157265,125.0
175,55,5,122.64559,125.0
175,56,3,127.66795,125.0
175,57,1,128.06644,125.0
175,58,0,120.41665,125.0
175,59,4,127.435616,125.0
175,60,1,118.916824,125.0
175,61,3,110.79893,125.0
175,62,2,117.21871,125.0
175,63,5,113.39383,125.0
175,64,3,99.096176,125.0
175,65,2,113.26977,125.0
175,66,5,92.86895,125.0
175,67,1,117.86857,125.0
175,68,2,111.8912,125.0
175,69,5,119.86497,125.0
175,70,5,108.343346,125.0
175,71,5,115.391136,125.0
175,72,2,98.81587,125.0
175,73,2,113.267075,125.0
175,74,2,101.75895,125.0
175,75,0,111.79975,125.0
175,76,2,109.52459,125.0
175,77,0,114.08025,125.0
175,78,1,115.85444,125.0
175,79,1,111.885735,125.0
175,80,0,112.86057,125.0
175,81,2,116.92164,125.0
175,82,1,112.44899,125.0
175,83,3,114.58202,125.0
176,36,2,82.14462,125.0
176,37,5,99.8082,125.0
176,38,5,102.90586,125.0
176,39,3,103.69682,125.0
176,40,4,97.72729,125.0
176,41,0,103.27219,125.0
176,42,2,103.356476,125.0
176,43,5,111.4251,125.0
176,44,5,114.17893,125.0
176,45,5,110.75383,125.0
176,46,2,111.415474,125.0
176,47,2,116.112015,125.0
176,48,0,120.42512,125.0
176,49,2,121.29667,125.0
176,50,0,118.02917,125.0
176,51,5,110.81772,125.0
176,52,2,118.72024,125.0
176,53,1,112.76447,125.0
176,54,3,108.06849,125.0
176,55,5,109.913025,125.0
176,56,0,107.20456,125.0
176,57,1,106.01082,125.0
176,58,3,112.26055,125.0
176,59,1,117.35018,125.0
176,60,0,122.64153,125.0
176,61,2,116.58154,125.0
176,62,5,125.54859,125.0
176,63,3,122.00782,125.0
176,64,4,117.76275,125.0
176,65,2,120.30027,125.0
176,66,0,106.55135,125.0
176,67,3,102.04157,125.0
176,68,4,103.71815,125.0
176,69,5,104.23797,125.0
176,70,0,115.37528,125.0
176,71,5,110.700165,125.0
176,72,1,111.813,125.0
176,73,0,104.13095,125.0
176,74,3,100.346245,125.0
176,75,0,107.4757,125.0
176,76,5,109.54919,125.0
176,77,2,115.80846,125.0
176,78,0,115.57278,125.0
176,79,1,117.60342,125.0
176,80,3,112.93118,125.0
176,81,0,113.91679,125.0
176,82,0,120.88532,125.0
176,83,2,124.60957,125.0
176,84,4,121.38114,125.0
176,85,1,116.94009,125.0
176,86,2,114.53401,125.0
176,87,5,119.704094,125.0
176,88,0,116.137596,125.0
176,89,0,120.60873,125.0
176,90,1,123.66727,125.0
176,91,0,120.646904,125.0
176,92,3,112.06124,125.0
176,93,3,106.634544,125.0
176,94,2,115.549706,125.0
176,95,2,111.549835,125.0
176,96,2,114.64146,125.0
176,97,5,111.63288,125.0
176,98,1,105.797646,125.0
176,99,0,110.58753,124.0
176,100,0,111.40768,123.0
176,101,3,112.81567,122.0
176,102,3,102.88978,121.0
176,103,4,105.904854,120.0
176,104,4,104.72085,119.0
176,105,2,87.57894,118.0
176,106,4,75.882576,117.0
176,107,1,92.51021,116.0
176,108,3,108.05979,115.0
176,109,3,100.67254,114.0
176,110,0,88.578835,113.0
176,111,1,97.09515,112.0
176,112,0,97.25878,111.0
176,113,1,116.691734,110.0
176,114,4,109.33977,109.0
176,115,4,100.4567,108.0
176,116,1,100.724556,107.0
176,117,0,117.52267,106.0
176,118,3,103.981064,105.0
176,119,4,109.29992,104.0
176,120,0,99.04673,103.0
176,121,5,89.44929,102.0
176,122,4,82.82937,101.0
176,123,4,74.35113,100.0
176,124,3,91.59599,99.0
176,125,2,91.50152,98.0
176,126,0,99.825165,97.0
176,127,0,86.544426,96.0
176,128,0,94.26615,95.0
176,129,0,77.38048,94.0
176,130,3,101.70858,93.0
176,131,2,91.20525,92.0
176,132,0,87.5956,91.0
176,133,5,82.64529,90.0
176,134,4,83.37931,89.0
176,135,4,67.97292,88.0
176,136,0,79.83974,87.0
176,137,2,82.282234,86.0
176,138,0,92.21223,85.0
176,139,0,82.39819,84.0
176,140,5,77.13084,83.0
176,141,1,83.03427,82.0
176,142,4,84.33085,81.0
176,143,3,78.399864,80.0
176,144,1,85.36452,79.0
176,145,1,66.66257,78.0
176,146,1,65.929695,77.0
176,147,0,56.538246,76.0
176,148,1,59.07257,75.0
176,149,3,52.593952,74.0
176,150,2,54.81026,73.0
176,151,2,50.45999,72.0
176,152,5,50.82059,71.0
176,153,3,52.7677,70.0
176,154,1,47.013252,69.0
176,155,3,47.07972,68.0
176,156,4,47.20513,67.0
176,157,2,55.753418,66.0
176,158,4,64.97182,65.0
176,159,2,43.74006,64.0
176,160,0,46.491722,63.0
176,161,5,41.782593,62.0
176,162,3,40.688717,61.0
176,163,2,35.3836,60.0
176,164,1,30.479095,59.0
176,165,1,23.532417,58.0
176,166,0,25.818367,57.0
176,167,1,29.22628,56.0
176,168,0,24.548843,55.0
176,169,4,26.035942,54.0
176,170,3,30.783867,53.0
176,171,0,23.78299,52.0
176,172,2,25.789322,51.0
176,173,5,26.671062,50.0
176,174,5,25.722061,49.0
176,175,3,20.404394,48.0
176,176,0,21.642628,47.0
176,177,2,31.357151,46.0
176,178,2,43.295883,45.0
176,179,0,31.643991,44.0
176,180,5,30.713667,43.0
176,181,2,33.15935,42.0
176,182,3,34.77865,41.0
176,183,0,32.98851,40.0
176,184,5,32.586784,39.0
176,185,1,28.860088,38.0
176,186,5,22.9183,37.0
176,187,5,23.53397,36.0
176,188,2,24.915512,35.0
176,189,3,26.204351,34.0
176,190,3,24.643185,33.0
176,191,5,19.323872,32.0
176,192,4,19.454111,31.0
176,193,0,18.069244,30.0
176,194,4,25.348738,29.0
176,195,0,22.858944,28.0
176,196,5,21.100967,27.0
176,197,3,19.318096,26.0
176,198,1,17.88471,25.0
176,199,4,15.125679,24.0
176,200,5,10.799134,23.0
177,36,3,120.982025,125.0
177,37,4,103.15136,125.0
177,38,5,112.63557,125.0
177,39,4,95.01151,125.0
177,40,4,85.14951,125.0
177,41,2,68.433075,125.0
177,42,3,86.13447,125.0
177,43,4,54.788773,125.0
177,44,1,70.55487,125.0
177,45,1,80.83422,125.0
177,46,4,82.55132,125.0
177,47,0,89.799934,125.0
177,48,0,92.00424,125.0
177,49,5,92.11111,125.0
177,50,1,95.01948,125.0
177,51,1,106.454506,125.0
177,52,0,102.17068,125.0
177,53,2,112.722435,125.0
177,54,5,106.22759,125.0
177,55,4,108.12197,125.0
177,56,4,101.558556,125.0
177,57,0,119.87235,125.0
177,58,5,102.00866,125.0
177,59,1,109.028854,125.0
177,60,3,109.75756,125.0
177,61,0,102.76818,125.0
177,62,0,104.74923,125.0
177,63,4,98.327446,125.0
177,64,4,95.87268,125.0
177,65,1,98.395195,125.0
177,66,0,89.466896,125.0
177,67,1,77.55532,125.0
177,68,0,63.02938,125.0
177,69,0,76.073235,125.0
177,70,4,74.318245,125.0
177,71,4,65.799126,125.0
177,72,2,73.859344,125.0
177,73,0,72.82426,124.0
177,74,0,83.32691,123.0
177,75,2,82.13896,122.0
177,76,1,84.59791,121.0
177,77,3,99.340805,120.0
177,78,3,81.976944,119.0
177,79,5,104.348564,118.0
177,80,0,90.49131,117.0
177,81,0,75.019066,116.0
177,82,2,85.14627,115.0
177,83,2,87.92478,114.0
177,84,0,105.11042,113.0
177,85,2,101.754456,112.0
177,86,3,102.86855,111.0
177,87,2,99.960945,110.0
177,88,0,102.948875,109.0
177,89,0,94.396065,108.0
177,90,5,110.9459,107.0
177,91,0,110.0914,106.0
177,92,5,105.544624,105.0
177,93,2,115.383804,104.0
177,94,0,107.54992,103.0
177,95,4,110.34641,102.0
177,96,0,112.40221,101.0
177,97,0,110.35265,100.0
177,98,5,101.257645,99.0
177,99,5,109.12548,98.0
177,100,2,94.353386,97.0
177,101,0,115.46864,96.0
177,102,1,109.00478,95.0
177,103,5,105.26554,94.0
177,104,1,95.841484,93.0
177,105,4,98.908554,92.0
177,106,5,87.66906,91.0
177,107,3,104.35842,90.0
177,108,3,80.5326,89.0
177,109,2,88.53047,88.0
177,110,4,65.04601,87.0
177,111,3,58.606197,86.0
177,112,2,58.03441,85.0
177,113,5,70.182335,84.0
177,114,3,47.846825,83.0
177,115,0,58.50145,82.0
177,116,1,69.08567,81.0
177,117,2,67.36208,80.0
177,118,5,57.59124,79.0
177,119,2,57.361256,78.0
177,120,1,60.66493,77.0
177,121,3,56.100323,76.0
177,122,0,50.337772,75.0
177,123,4,45.136284,74.0
177,124,0,59.0718,73.0
177,125,4,49.693195,72.0
177,126,3,58.75143,71.0
177,127,4,61.14624,70.0
177,128,4,44.351448,69.0
177,129,1,41.842293,68.0
177,130,5,44.21119,67.0
177,131,5,47.73529,66.0
177,132,4,44.406498,65.0
177,133,3,52.896553,64.0
177,134,0,59.21454,63.0
177,135,2,62.429314,62.0
177,136,3,54.13199,61.0
177,137,0,61.19748,60.0
177,138,5,55.309902,59.0
177,139,1,69.49375,58.0
177,140,3,56.55983,57.0
177,141,1,49.95701,56.0
177,142,3,53.7555,55.0
177,143,5,53.190212,54.0
177,144,4,54.420532,53.0
177,145,3,49.15175,52.0
177,146,5,51.064896,51.0
177,147,5,47.21929,50.0
177,148,1,45.899727,49.0
177,149,4,39.052044,48.0
177,150,0,42.72438,47.0
177,151,2,48.31284,46.0
177,152,1,37.751205,45.0
177,153,0,45.865448,44.0
177,154,0,44.82813,43.0
177,155,0,39.061646,42.0
177,156,4,33.106106,41.0
177,157,0,31.642368,40.0
177,158,0,29.667377,39.0
177,159,5,28.937998,38.0
177,160,5,28.235897,37.0
177,161,2,25.839615,36.0
177,162,1,20.467436,35.0
177,163,4,17.78481,34.0
177,164,0,12.8282585,33.0
177,165,5,16.614622,32.0
177,166,1,13.682767,31.0
177,167,4,22.662022,30.0
177,168,0,20.071339,29.0
177,169,5,23.649044,28.0
177,170,2,22.92968,27.0
177,171,0,19.501781,26.0
177,172,2,22.19974,25.0
177,173,4,26.922838,24.0
177,174,1,25.468414,23.0
177,175,3,22.044964,22.0
177,176,3,20.654455,21.0
177,177,0,15.942674,20.0
177,178,5,16.47206,19.0
177,179,5,17.663593,18.0
177,180,4,16.254883,17.0
177,181,5,12.707784,16.0
177,182,1,13.207389,15.0
177,183,2,12.766013,14.0
177,184,3,10.725419,13.0
177,185,3,11.156238,12.0
177,186,0,10.84321,11.0
177,187,2,12.366611,10.0
177,188,0,12.073746,9.0
177,189,2,13.379363,8.0
177,190,3,12.514485,7.0
177,191,2,14.534699,6.0
178,36,1,121.93469,125.0
178,37,3,121.48468,125.0
178,38,4,118.79734,125.0
178,39,5,117.61907,125.0
178,40,3,102.93845,125.0
178,41,3,107.828835,125.0
178,42,5,98.19001,125.0
178,43,4,97.9792,125.0
178,44,0,80.573204,125.0
178,45,5,92.806305,125.0
178,46,1,87.23749,125.0
178,47,1,111.162346,125.0
178,48,5,112.74671,125.0
178,49,2,116.65577,125.0
178,50,5,111.86503,125.0
178,51,1,108.355194,125.0
178,52,3,118.718925,125.0
178,53,1,125.28295,125.0
178,54,5,113.22724,125.0
179,36,2,110.758064,125.0
179,37,5,117.87266,125.0
179,38,3,121.201256,125.0
179,39,0,121.30308,125.0
179,40,3,124.5776,125.0
179,41,0,120.50347,125.0
179,42,5,124.39237,125.0
179,43,3,123.73731,125.0
179,44,2,114.34458,125.0
179,45,2,123.682076,125.0
179,46,2,127.38018,125.0
179,47,0,123.30785,125.0
179,48,0,125.36913,125.0
179,49,0,121.74973,125.0
179,50,0,126.647316,125.0
179,51,3,118.57778,125.0
179,52,3,114.48526,125.0
179,53,0,116.002716,125.0
179,54,1,116.35517,125.0
179,55,2,123.34627,125.0
179,56,0,124.2438,125.0
179,57,3,111.5426,125.0
179,58,4,121.6605,125.0
179,59,0,123.57063,125.0
179,60,4,118.885864,125.0
179,61,0,119.811584,125.0
179,62,4,117.01445,125.0
179,63,3,126.66158,125.0
179,64,1,116.19138,125.0
179,65,0,121.3541,125.0
179,66,1,113.8855,125.0
179,67,5,108.80293,124.0
179,68,1,97.6059,123.0
179,69,1,95.352196,122.0
179,70,1,69.35414,121.0
179,71,1,74.64912,120.0
179,72,1,53.702198,119.0
179,73,4,45.96276,118.0
179,74,0,49.59514,117.0
179,75,2,66.297295,116.0
179,76,5,77.441765,115.0
179,77,2,100.28147,114.0
179,78,0,101.05503,113.0
179,79,3,112.30842,112.0
179,80,2,117.45659,111.0
179,81,3,106.193474,110.0
179,82,5,114.384094,109.0
179,83,4,109.233345,108.0
179,84,5,123.42421,107.0
179,85,5,112.87974,106.0
179,86,5,121.475174,105.0
179,87,1,120.856895,104.0
179,88,4,122.5981,103.0
179,89,5,114.37094,102.0
179,90,0,124.00316,101.0
179,91,3,124.357445,100.0
179,92,3,124.842735,99.0
179,93,2,111.076744,98.0
179,94,1,122.846565,97.0
179,95,2,113.21168,96.0
179,96,1,124.348595,95.0
179,97,2,114.96166,94.0
179,98,4,109.38265,93.0
179,99,0,106.64304,92.0
179,100,2,109.92345,91.0
179,101,0,112.596825,90.0
179,102,0,116.33967,89.0
179,103,3,114.51971,88.0
179,104,0,116.57131,87.0
179,105,1,114.28116,86.0
179,106,2,109.656166,85.0
179,107,5,111.63658,84.0
179,108,0,103.005875,83.0
179,109,2,111.56039,82.0
179,110,1,104.22332,81.0
179,111,5,97.649765,80.0
179,112,0,83.841835,79.0
179,113,2,87.654755,78.0
179,114,4,77.87638,77.0
179,115,4,85.28418,76.0
179,116,2,86.10653,75.0
179,117,2,82.98835,74.0
179,118,3,88.90567,73.0
179,119,5,92.76925,72.0
179,120,4,77.97618,71.0
179,121,4,77.30457,70.0
179,122,4,68.41902,69.0
179,123,3,85.13184,68.0
179,124,2,66.781,67.0
179,125,1,96.47974,66.0
179,126,3,98.600296,65.0
179,127,5,99.63233,64.0
179,128,0,94.71842,63.0
179,129,2,87.776344,62.0
179,130,5,89.69741,61.0
179,131,3,87.09355,60.0
179,132,3,81.47052,59.0
179,133,1,71.844444,58.0
179,134,0,75.226364,57.0
179,135,4,85.44265,56.0
179,136,3,78.55036,55.0
179,137,2,92.46862,54.0
179,138,4,94.88424,53.0
179,139,0,88.987564,52.0
179,140,0,90.18409,51.0
179,141,2,99.865105,50.0
179,142,3,76.77775,49.0
179,143,3,84.91798,48.0
179,144,1,92.16396,47.0
179,145,4,105.21853,46.0
179,146,3,91.08329,45.0
179,147,0,91.99102,44.0
179,148,1,56.275043,43.0
179,149,4,72.03658,42.0
179,150,4,67.19842,41.0
179,151,3,68.13302,40.0
179,152,4,78.407715,39.0
179,153,0,68.12767,38.0
179,154,0,62.80336,37.0
179,155,0,69.441246,36.0
179,156,5,50.974197,35.0
180,36,1,113.90118,125.0
180,37,0,103.42541,125.0
180,38,1,113.23688,125.0
180,39,1,114.61156,125.0
180,40,0,95.32702,125.0
180,41,5,99.68055,125.0
180,42,3,118.01741,125.0
180,43,0,102.21833,125.0
180,44,3,109.86172,125.0
180,45,1,113.779015,125.0
180,46,3,121.2387,125.0
180,47,3,118.228836,125.0
180,48,4,119.31356,125.0
180,49,2,124.44195,125.0
180,50,4,112.97863,125.0
180,51,4,88.539314,125.0
180,52,4,70.59774,125.0
180,53,2,42.39823,125.0
180,54,2,44.27845,125.0
180,55,5,29.626728,125.0
180,56,0,40.439224,125.0
180,57,1,73.20484,125.0
180,58,0,80.0633,125.0
180,59,1,89.14628,125.0
180,60,4,85.74332,125.0
180,61,0,81.38336,125.0
180,62,1,86.81223,125.0
180,63,2,71.55349,125.0
180,64,5,102.22764,125.0
180,65,5,110.96662,125.0
180,66,0,102.88257,125.0
180,67,2,114.97013,125.0
180,68,4,114.24157,125.0
180,69,1,104.75047,125.0
180,70,2,101.44347,125.0
180,71,5,104.24516,125.0
180,72,0,96.640816,125.0
180,73,1,96.83226,125.0
180,74,3,109.84103,125.0
180,75,1,103.99246,125.0
180,76,2,112.75245,125.0
180,77,4,117.997765,125.0
180,78,3,129.72646,125.0
180,79,1,124.14156,125.0
180,80,3,122.78112,125.0
180,81,1,114.83271,125.0
180,82,3,115.42333,125.0
180,83,3,106.12458,125.0
180,84,4,101.77336,125.0
180,85,0,107.94184,125.0
180,86,5,117.081184,125.0
180,87,2,115.550545,125.0
180,88,0,111.92948,125.0
180,89,4,124.72632,125.0
180,90,3,120.131096,125.0
180,91,4,110.85515,125.0
180,92,0,104.90186,125.0
180,93,3,95.1186,125.0
180,94,1,103.65529,125.0
180,95,5,112.36321,125.0
180,96,5,114.24763,125.0
180,97,4,106.10642,125.0
180,98,0,116.093506,125.0
180,99,1,113.106415,125.0
180,100,5,115.98739,125.0
180,101,1,122.42726,125.0
180,102,0,112.098595,125.0
180,103,0,120.89063,125.0
180,104,2,124.37879,125.0
180,105,0,123.47729,125.0
180,106,3,112.85299,125.0
180,107,2,118.2495,125.0
180,108,5,111.239426,125.0
180,109,2,118.401024,125.0
180,110,0,115.9305,125.0
180,111,2,117.840294,125.0
180,112,5,111.8662,125.0
180,113,5,106.33694,125.0
180,114,5,117.14459,125.0
180,115,1,103.21989,125.0
180,116,3,116.59517,125.0
180,117,1,112.24201,125.0
180,118,4,117.326965,125.0
180,119,5,116.21717,125.0
180,120,3,121.915596,125.0
180,121,1,115.75383,125.0
180,122,2,105.46644,125.0
180,123,0,104.13734,125.0
180,124,4,111.651436,125.0
180,125,2,103.58075,125.0
180,126,0,105.243805,125.0
180,127,4,102.02274,124.0
180,128,0,116.08027,123.0
180,129,1,110.88729,122.0
180,130,2,112.9849,121.0
180,131,5,106.63997,120.0
180,132,2,106.25747,119.0
180,133,0,103.23475,118.0
180,134,3,122.0207,117.0
180,135,0,113.117836,116.0
180,136,3,110.1184,115.0
180,137,0,91.76771,114.0
180,138,0,83.36443,113.0
180,139,0,81.1372,112.0
180,140,4,99.1168,111.0
180,141,4,92.760086,110.0
180,142,4,93.96671,109.0
180,143,0,110.12954,108.0
180,144,1,105.769264,107.0
180,145,5,105.951614,106.0
180,146,2,94.686455,105.0
180,147,3,103.39817,104.0
180,148,3,107.40438,103.0
180,149,3,110.73847,102.0
180,150,0,110.79078,101.0
180,151,3,100.51226,100.0
180,152,1,111.11613,99.0
180,153,5,105.36608,98.0
180,154,4,93.24527,97.0
181,36,3,94.60645,125.0
181,37,2,114.701935,125.0
181,38,4,116.43497,125.0
181,39,3,117.37792,125.0
181,40,5,117.80491,125.0
181,41,2,123.90421,125.0
181,42,4,124.1682,125.0
181,43,3,123.54491,125.0
181,44,5,123.360985,125.0
181,45,0,116.00135,125.0
181,46,4,120.266106,125.0
181,47,3,117.153755,125.0
181,48,3,120.360634,125.0
181,49,5,115.236244,125.0
181,50,5,90.847275,125.0
181,51,3,90.63376,125.0
181,52,4,85.162544,125.0
181,53,3,61.25056,125.0
181,54,2,61.26006,125.0
181,55,1,94.152794,125.0
181,56,5,106.40661,125.0
181,57,2,105.93828,125.0
181,58,0,113.93908,125.0
181,59,4,111.3747,125.0
181,60,4,104.09094,125.0
181,61,0,109.733025,125.0
181,62,4,109.76429,125.0
181,63,0,120.6795,125.0
181,64,0,114.78863,125.0
181,65,2,117.878716,125.0
181,66,4,116.100914,125.0
181,67,1,117.24323,125.0
181,68,3,121.451744,125.0
181,69,0,121.28625,125.0
181,70,5,116.36378,125.0
181,71,1,103.91497,125.0
181,72,2,119.06443,125.0
181,73,2,105.778564,125.0
181,74,1,107.463295,125.0
181,75,3,122.637146,125.0
181,76,0,114.235565,125.0
181,77,4,105.34226,125.0
181,78,2,109.83069,125.0
181,79,0,119.538216,125.0
181,80,1,119.23562,125.0
181,81,5,121.67107,125.0
181,82,0,120.02352,125.0
181,83,2,124.50205,125.0
181,84,1,127.76658,125.0
181,85,5,125.26035,125.0
181,86,0,116.12395,125.0
181,87,4,117.38496,125.0
181,88,3,120.7772,125.0
181,89,4,122.6848,125.0
181,90,3,116.71382,125.0
181,91,4,114.33289,125.0
181,92,2,118.22532,125.0
181,93,3,110.72971,125.0
181,94,0,111.91744,125.0
181,95,3,108.75112,125.0
181,96,2,108.35666,125.0
181,97,0,103.204834,125.0
181,98,2,108.035545,125.0
181,99,0,105.51302,125.0
181,100,1,101.14542,125.0
181,101,0,114.30073,125.0
181,102,3,115.17483,125.0
181,103,3,117.23041,125.0
181,104,4,101.63143,125.0
181,105,5,109.86591,125.0
181,106,0,120.04699,125.0
181,107,2,110.299324,125.0
181,108,3,122.29609,125.0
181,109,0,120.50567,125.0
181,110,1,127.47439,125.0
181,111,0,123.42789,125.0
181,112,3,122.71865,125.0
181,113,1,122.58288,125.0
181,114,3,120.10769,125.0
181,115,5,113.237724,125.0
181,116,0,120.677666,125.0
181,117,0,116.39713,125.0
181,118,0,106.72809,125.0
181,119,0,90.54417,125.0
181,120,0,77.10638,125.0
181,121,0,63.814465,125.0
181,122,4,89.80989,125.0
181,123,2,108.022354,125.0
181,124,3,111.888954,125.0
181,125,4,118.783714,125.0
181,126,2,117.60509,125.0
181,127,0,115.665276,125.0
181,128,1,108.047134,125.0
181,129,0,111.50975,125.0
181,130,1,109.4793,125.0
181,131,0,118.04365,125.0
181,132,1,106.788414,125.0
181,133,2,109.910934,125.0
181,134,2,115.2459,125.0
181,135,2,91.43774,125.0
181,136,3,86.52417,125.0
181,137,0,101.141136,125.0
181,138,0,103.487465,125.0
181,139,0,96.508766,125.0
181,140,4,93.49814,125.0
181,141,2,102.91305,125.0
181,142,1,101.78051,125.0
181,143,0,88.56699,124.0
181,144,4,88.16901,123.0
181,145,5,99.88488,122.0
181,146,3,92.29167,121.0
181,147,1,97.76553,120.0
181,148,5,91.4,119.0
181,149,5,106.49593,118.0
181,150,5,81.46975,117.0
181,151,1,93.463066,116.0
181,152,2,94.53853,115.0
181,153,5,107.22727,114.0
181,154,0,112.87939,113.0
181,155,3,113.519394,112.0
181,156,1,109.789505,111.0
181,157,2,115.31142,110.0
181,158,2,96.788,109.0
181,159,1,107.77044,108.0
181,160,0,106.22155,107.0
181,161,4,112.03113,106.0
181,162,4,98.154,105.0
181,163,2,100.656105,104.0
181,164,4,96.69402,103.0
181,165,0,103.21758,102.0
181,166,0,103.186516,101.0
181,167,4,108.54137,100.0
181,168,1,107.56599,99.0
181,169,4,106.26527,98.0
181,170,0,99.76239,97.0
181,171,1,93.32654,96.0
181,172,3,87.23042,95.0
181,173,0,90.79368,94.0
181,174,0,71.98855,93.0
181,175,3,73.14841,92.0
181,176,2,74.864555,91.0
181,177,3,63.520912,90.0
181,178,2,52.873367,89.0
181,179,3,79.746925,88.0
181,180,0,92.82043,87.0
181,181,1,75.854645,86.0
181,182,5,63.480568,85.0
181,183,4,65.22147,84.0
181,184,2,66.55091,83.0
181,185,5,54.988987,82.0
181,186,4,62.49941,81.0
181,187,4,70.478584,80.0
181,188,1,74.03835,79.0
181,189,0,69.38667,78.0
181,190,2,62.963955,77.0
181,191,2,67.48965,76.0
181,192,3,60.20806,75.0
181,193,3,55.390823,74.0
181,194,5,47.89219,73.0
181,195,3,42.230644,72.0
181,196,3,37.678535,71.0
181,197,4,45.20804,70.0
181,198,2,44.6941,69.0
181,199,0,43.169727,68.0
182,36,0,117.65327,112.0
182,37,0,123.342155,111.0
182,38,4,118.87093,110.0
182,39,2,118.99207,109.0
182,40,3,117.918655,108.0
182,41,2,99.84292,107.0
182,42,5,118.422,106.0
182,43,0,122.86548,105.0
182,44,2,113.49765,104.0
182,45,2,109.57667,103.0
182,46,1,101.10548,102.0
182,47,0,123.15186,101.0
182,48,3,106.20138,100.0
182,49,4,102.24757,99.0
182,50,3,100.43351,98.0
182,51,5,118.9645,97.0
182,52,0,110.66769,96.0
182,53,5,118.43798,95.0
182,54,2,123.76815,94.0
182,55,4,117.35812,93.0
182,56,0,116.504814,92.0
182,57,2,110.212715,91.0
182,58,0,106.61159,90.0
182,59,0,118.05898,89.0
182,60,2,126.10708,88.0
182,61,0,122.766365,87.0
182,62,2,112.44087,86.0
182,63,1,108.722145,85.0
182,64,0,104.96648,84.0
182,65,0,110.910576,83.0
182,66,0,106.618195,82.0
182,67,0,109.02719,81.0
182,68,0,96.594154,80.0
182,69,3,99.0588,79.0
182,70,0,105.99179,78.0
182,71,3,101.72141,77.0
182,72,0,86.98924,76.0
182,73,5,70.757904,75.0
182,74,0,72.84104,74.0
182,75,0,85.90944,73.0
182,76,4,113.46229,72.0
182,77,0,114.47353,71.0
182,78,1,114.49361,70.0
182,79,1,112.544075,69.0
182,80,0,111.87181,68.0
182,81,4,115.7377,67.0
182,82,0,108.269905,66.0
182,83,3,110.9539,65.0
182,84,0,108.07573,64.0
182,85,5,116.44143,63.0
182,86,0,119.72465,62.0
182,87,0,113.3411,61.0
182,88,3,115.05062,60.0
182,89,0,114.41596,59.0
182,90,3,115.75884,58.0
182,91,3,104.71703,57.0
182,92,0,105.48886,56.0
182,93,2,116.68741,55.0
182,94,0,99.856575,54.0
182,95,1,98.90314,53.0
182,96,0,108.59588,52.0
182,97,5,117.32703,51.0
182,98,0,108.77813,50.0
182,99,0,116.64869,49.0
182,100,0,119.1401,48.0
182,101,0,116.48875,47.0
182,102,0,112.713776,46.0
182,103,5,84.92962,45.0
182,104,1,104.29664,44.0
182,105,1,102.465096,43.0
182,106,4,114.10621,42.0
182,107,5,104.21464,41.0
182,108,0,101.99417,40.0
182,109,3,106.26118,39.0
182,110,2,101.661,38.0
182,111,4,94.01763,37.0
182,112,3,93.00297,36.0
182,113,3,85.37014,35.0
182,114,5,79.62664,34.0
182,115,5,78.54262,33.0
182,116,5,75.12413,32.0
182,117,4,40.1483,31.0
182,118,2,31.90315,30.0
182,119,4,17.859007,29.0
182,120,5,20.382484,28.0
182,121,0,31.48727,27.0
182,122,5,65.864586,26.0
182,123,2,43.491817,25.0
182,124,5,38.86805,24.0
182,125,1,31.42885,23.0
182,126,1,27.809973,22.0
182,127,1,23.763792,21.0
182,128,4,16.639805,20.0
182,129,0,14.898052,19.0
182,130,1,27.29155,18.0
182,131,0,19.09554,17.0
182,132,2,16.105745,16.0
182,133,1,13.751881,15.0
182,134,5,21.964594,14.0
183,36,4,93.904625,125.0
183,37,2,104.172485,125.0
183,38,0,98.51981,125.0
183,39,0,109.83123,125.0
183,40,1,112.63041,125.0
183,41,2,106.942024,125.0
183,42,1,100.08048,125.0
183,43,2,103.08665,125.0
183,44,5,84.04601,125.0
183,45,2,88.95202,125.0
183,46,5,74.84521,125.0
183,47,2,70.94283,125.0
183,48,0,96.591934,125.0
183,49,1,95.14586,125.0
183,50,0,101.11508,125.0
183,51,2,101.212364,125.0
183,52,4,99.913506,125.0
183,53,0,107.64996,125.0
183,54,0,112.02481,125.0
183,55,2,110.28845,125.0
183,56,1,121.173935,125.0
183,57,0,117.07812,125.0
183,58,2,111.204796,125.0
183,59,3,120.54836,125.0
183,60,5,125.54075,125.0
183,61,0,121.96151,125.0
183,62,0,119.489525,125.0
183,63,0,112.299,125.0
183,64,5,111.444016,125.0
183,65,4,117.08328,125.0
183,66,4,117.04154,125.0
183,67,1,100.23255,125.0
183,68,4,107.89675,125.0
183,69,2,113.494484,125.0
183,70,0,116.4605,125.0
183,71,0,110.131966,125.0
183,72,4,101.73502,125.0
183,73,0,114.397255,125.0
183,74,3,90.71082,125.0
183,75,0,83.26095,125.0
183,76,2,112.069916,125.0
183,77,0,109.15511,125.0
183,78,4,113.35538,125.0
183,79,5,110.31348,125.0
183,80,3,100.61949,125.0
183,81,5,111.23817,125.0
183,82,0,117.86489,125.0
183,83,1,124.99117,125.0
183,84,2,118.7884,125.0
183,85,5,120.03724,125.0
183,86,1,118.21216,125.0
183,87,0,114.033875,125.0
183,88,3,107.074,125.0
183,89,2,118.064445,125.0
183,90,3,108.36635,125.0
183,91,4,117.45748,125.0
183,92,4,122.458275,125.0
183,93,5,111.53986,124.0
183,94,4,108.530495,123.0
183,95,1,108.616066,122.0
183,96,3,104.00942,121.0
183,97,4,111.687164,120.0
183,98,0,117.22591,119.0
183,99,4,122.71694,118.0
183,100,5,125.81391,117.0
183,101,1,112.36471,116.0
183,102,0,120.95063,115.0
183,103,4,114.56253,114.0
183,104,2,118.38007,113.0
183,105,1,118.72645,112.0
183,106,3,125.23608,111.0
183,107,4,118.45401,110.0
183,108,4,103.324905,109.0
183,109,0,115.06561,108.0
183,110,5,111.76775,107.0
183,111,2,108.649086,106.0
183,112,0,117.034325,105.0
183,113,3,105.812614,104.0
183,114,0,94.63835,103.0
183,115,5,83.644356,102.0
183,116,5,70.30037,101.0
183,117,4,74.47718,100.0
183,118,4,75.37555,99.0
183,119,3,74.92303,98.0
183,120,1,73.77694,97.0
183,121,5,61.803055,96.0
183,122,1,84.9484,95.0
183,123,5,72.45633,94.0
183,124,4,65.96665,93.0
183,125,0,72.49929,92.0
183,126,0,80.68272,91.0
183,127,4,97.497665,90.0
183,128,2,99.9802,89.0
183,129,4,96.88811,88.0
183,130,4,95.08839,87.0
183,131,4,78.172585,86.0
183,132,0,78.40866,85.0
183,133,2,78.01827,84.0
183,134,5,74.998375,83.0
183,135,0,83.75311,82.0
183,136,4,81.458496,81.0
183,137,1,74.27601,80.0
183,138,3,77.7377,79.0
183,139,2,64.53629,78.0
183,140,0,61.544533,77.0
183,141,1,60.539707,76.0
183,142,4,62.096336,75.0
183,143,0,52.755558,74.0
183,144,2,52.28657,73.0
183,145,3,49.75011,72.0
183,146,0,41.872368,71.0
183,147,1,40.361794,70.0
183,148,4,46.16992,69.0
183,149,1,36.33356,68.0
183,150,0,33.624535,67.0
184,36,3,103.26673,125.0
184,37,1,114.35107,125.0
184,38,2,114.55541,125.0
184,39,1,114.96117,125.0
184,40,2,122.96812,125.0
184,41,2,116.69822,125.0
184,42,3,112.340904,125.0
184,43,0,121.684364,125.0
184,44,4,120.87823,125.0
184,45,1,118.04633,125.0
184,46,0,121.311745,125.0
184,47,4,118.41062,125.0
184,48,1,118.46075,125.0
184,49,1,104.0766,125.0
184,50,5,107.549355,125.0
184,51,2,106.447334,125.0
184,52,3,118.885284,125.0
184,53,0,116.155365,125.0
184,54,2,99.26752,125.0
184,55,2,107.28211,125.0
184,56,4,118.034004,125.0
184,57,2,114.75622,125.0
184,58,0,115.18017,125.0
184,59,4,123.14536,125.0
184,60,5,127.42795,125.0
184,61,0,126.998535,125.0
184,62,0,123.2218,125.0
184,63,2,121.471054,125.0
184,64,4,122.349144,125.0
185,36,0,122.43453,125.0
185,37,4,118.21363,125.0
185,38,3,116.82069,125.0
185,39,5,112.78121,125.0
185,40,4,113.238396,125.0
185,41,2,118.78115,125.0
185,42,1,118.58484,125.0
185,43,5,117.99183,125.0
185,44,2,120.9103,125.0
185,45,5,119.56939,125.0
185,46,3,115.526436,125.0
185,47,5,119.26989,125.0
185,48,0,116.11325,125.0
185,49,1,126.0094,125.0
185,50,4,117.89936,125.0
185,51,4,116.49833,125.0
185,52,0,117.220276,125.0
185,53,1,117.92559,125.0
185,54,0,117.78195,125.0
185,55,5,120.72884,125.0
185,56,4,118.51115,125.0
185,57,0,117.147064,125.0
185,58,3,117.78889,125.0
185,59,0,120.187386,125.0
185,60,3,118.64932,125.0
185,61,4,121.16703,125.0
185,62,3,116.66956,125.0
185,63,3,117.69951,125.0
185,64,4,105.82385,125.0
185,65,3,107.33077,125.0
185,66,1,112.02757,125.0
185,67,0,101.83105,125.0
185,68,4,100.76249,125.0
185,69,1,117.33904,125.0
185,70,0,115.8751,125.0
185,71,2,120.23008,125.0
185,72,0,120.46015,125.0
185,73,2,128.94237,125.0
185,74,0,119.62208,125.0
185,75,0,125.48754,125.0
185,76,3,121.93812,125.0
185,77,0,117.90694,125.0
185,78,4,121.96843,125.0
185,79,4,121.53304,125.0
185,80,1,117.73519,125.0
185,81,4,125.44546,125.0
185,82,2,115.76671,125.0
185,83,2,120.64639,125.0
185,84,0,121.56125,125.0
185,85,4,119.10605,125.0
185,86,0,120.84658,125.0
185,87,3,103.19407,125.0
185,88,5,113.51906,125.0
185,89,0,115.03062,125.0
185,90,5,108.651566,125.0
185,91,0,121.0096,125.0
185,92,2,111.35027,125.0
185,93,1,104.71928,125.0
185,94,1,114.8893,125.0
185,95,1,114.11591,125.0
185,96,5,123.14292,125.0
185,97,0,123.57963,125.0
185,98,1,121.63835,125.0
185,99,0,125.37343,125.0
185,100,1,124.10458,125.0
185,101,4,125.67698,125.0
185,102,0,118.656906,125.0
185,103,0,96.59343,125.0
185,104,0,96.96745,125.0
185,105,5,95.09089,125.0
185,106,1,93.80799,125.0
185,107,4,94.01197,125.0
185,108,3,90.936,125.0
185,109,5,108.863,125.0
185,110,2,111.8007,125.0
185,111,0,108.7584,125.0
185,112,4,104.348305,125.0
185,113,1,105.16946,125.0
185,114,3,108.659355,125.0
185,115,0,96.80757,125.0
185,116,5,92.87489,125.0
185,117,3,81.04746,125.0
185,118,1,88.68316,125.0
185,119,0,102.956245,125.0
185,120,0,85.48492,125.0
185,121,5,85.282234,125.0
185,122,3,72.44981,125.0
185,123,2,70.707146,125.0
185,124,1,84.71905,125.0
185,125,0,87.93119,125.0
185,126,5,85.786995,125.0
185,127,1,92.3276,125.0
185,128,0,88.44004,125.0
185,129,0,88.66955,125.0
185,130,5,91.9248,125.0
185,131,2,101.335884,125.0
185,132,0,92.94749,125.0
185,133,0,104.856186,125.0
185,134,5,101.32195,125.0
185,135,0,108.8097,125.0
185,136,2,91.03791,125.0
185,137,2,77.44689,125.0
185,138,5,80.769585,125.0
185,139,4,77.301094,125.0
185,140,4,69.77583,125.0
185,141,0,75.02508,125.0
185,142,4,70.85753,125.0
185,143,0,77.70837,125.0
185,144,5,82.13517,125.0
185,145,5,79.79359,125.0
185,146,3,84.68708,125.0
185,147,0,85.1076,125.0
185,148,1,82.15398,125.0
185,149,2,80.87986,124.0
185,150,5,87.078575,123.0
185,151,0,87.42591,122.0
185,152,5,103.19695,121.0
185,153,3,94.2365,120.0
185,154,2,102.178444,119.0
185,155,3,104.043236,118.0
185,156,0,109.52772,117.0
185,157,0,99.781944,116.0
185,158,5,84.17388,115.0
185,159,3,57.757694,114.0
185,160,0,69.93955,113.0
185,161,0,66.10079,112.0
185,162,1,76.122215,111.0
185,163,0,69.36645,110.0
185,164,4,69.42171,109.0
185,165,0,61.57083,108.0
185,166,3,60.538025,107.0
185,167,0,47.589447,106.0
185,168,0,53.981865,105.0
185,169,3,41.90838,104.0
185,170,1,39.493614,103.0
185,171,1,31.767723,102.0
185,172,1,43.31917,101.0
185,173,0,44.901806,100.0
185,174,2,49.69367,99.0
185,175,4,55.5347,98.0
185,176,2,62.65129,97.0
185,177,2,60.482914,96.0
185,178,5,44.72453,95.0
185,179,2,52.70574,94.0
185,180,0,62.47232,93.0
185,181,4,58.860046,92.0
185,182,3,47.533306,91.0
185,183,4,42.933453,90.0
185,184,2,29.40783,89.0
185,185,0,36.150566,88.0
185,186,0,42.281746,87.0
185,187,3,44.830894,86.0
185,188,1,46.84002,85.0
185,189,3,34.687843,84.0
185,190,2,31.524647,83.0
185,191,0,40.45362,82.0
185,192,4,40.70444,81.0
185,193,4,37.394737,80.0
185,194,0,47.4639,79.0
185,195,1,42.13492,78.0
185,196,0,40.56796,77.0
185,197,0,47.172394,76.0
185,198,2,40.94837,75.0
185,199,1,49.61417,74.0
185,200,4,54.624435,73.0
185,201,2,57.34041,72.0
185,202,1,61.424603,71.0
185,203,0,50.36414,70.0
185,204,2,49.04181,69.0
185,205,0,58.3653,68.0
185,206,2,53.03424,67.0
185,207,0,45.132008,66.0
185,208,1,42.923397,65.0
185,209,0,25.681911,64.0
185,210,3,34.37038,63.0
185,211,2,35.415726,62.0
185,212,1,31.504665,61.0
185,213,5,29.45212,60.0
185,214,3,28.484163,59.0
185,215,0,27.718138,58.0
185,216,2,35.74874,57.0
185,217,1,38.087406,56.0
185,218,5,31.385971,55.0
185,219,3,30.810944,54.0
185,220,1,29.431492,53.0
185,221,0,37.330933,52.0
185,222,5,33.05309,51.0
185,223,3,33.60443,50.0
185,224,3,25.920214,49.0
185,225,3,22.332142,48.0
185,226,1,15.873439,47.0
185,227,1,17.588947,46.0
185,228,3,15.318299,45.0
185,229,3,15.138708,44.0
185,230,2,14.78594,43.0
185,231,4,23.356323,42.0
185,232,3,19.956173,41.0
185,233,4,33.19016,40.0
185,234,5,28.808212,39.0
185,235,0,29.039377,38.0
185,236,2,37.39176,37.0
185,237,0,30.008804,36.0
185,238,2,37.00644,35.0
185,239,5,30.618008,34.0
185,240,0,28.105667,33.0
185,241,3,23.956978,32.0
185,242,5,23.541132,31.0
185,243,0,21.627892,30.0
185,244,0,13.421761,29.0
185,245,5,15.17464,28.0
185,246,4,18.284666,27.0
185,247,2,24.08368,26.0
185,248,4,16.138767,25.0
185,249,5,13.609443,24.0
185,250,4,10.773957,23.0
185,251,4,13.515244,22.0
185,252,0,11.451589,21.0
185,253,1,15.142301,20.0
185,254,4,11.5178385,19.0
186,36,0,98.6286,125.0
186,37,0,107.417625,125.0
186,38,0,91.97196,125.0
186,39,5,75.19847,125.0
186,40,2,102.788956,125.0
186,41,1,113.699165,125.0
186,42,1,112.47543,125.0
186,43,5,116.796776,125.0
186,44,5,117.9303,125.0
186,45,5,110.724785,125.0
186,46,2,113.14532,125.0
186,47,3,116.08114,125.0
186,48,2,123.247635,125.0
186,49,2,121.04564,125.0
186,50,0,119.48333,125.0
186,51,3,118.13114,125.0
186,52,1,115.4233,124.0
186,53,0,110.77311,123.0
186,54,2,125.22224,122.0
186,55,0,113.59748,121.0
186,56,0,113.15135,120.0
186,57,5,115.84543,119.0
186,58,3,118.872375,118.0
186,59,0,119.781105,117.0
186,60,3,122.2477,116.0
186,61,1,115.239586,115.0
186,62,2,115.58886,114.0
186,63,4,125.41182,113.0
186,64,4,125.968056,112.0
186,65,5,121.43502,111.0
186,66,0,126.89438,110.0
186,67,1,124.97512,109.0
186,68,2,127.81269,108.0
186,69,2,125.0718,107.0
186,70,0,109.91639,106.0
186,71,1,114.3929,105.0
186,72,4,114.28517,104.0
186,73,5,108.415886,103.0
186,74,5,102.32967,102.0
186,75,3,97.48188,101.0
186,76,1,114.00675,100.0
186,77,0,108.58297,99.0
186,78,4,89.997,98.0
186,79,0,105.27957,97.0
186,80,3,115.19973,96.0
186,81,1,110.04321,95.0
186,82,3,119.65925,94.0
186,83,0,122.14067,93.0
186,84,5,120.32569,92.0
186,85,1,121.01299,91.0
186,86,3,112.07065,90.0
186,87,5,98.73838,89.0
186,88,0,108.9,88.0
186,89,0,99.6195,87.0
186,90,0,105.965515,86.0
186,91,0,97.72904,85.0
186,92,1,93.35618,84.0
186,93,0,85.7145,83.0
186,94,3,95.69987,82.0
186,95,5,79.48214,81.0
186,96,1,84.13375,80.0
186,97,2,97.89871,79.0
186,98,3,102.645996,78.0
186,99,3,108.47453,77.0
186,100,3,100.670944,76.0
186,101,1,106.304726,75.0
186,102,3,101.434715,74.0
186,103,0,113.757545,73.0
186,104,0,113.336494,72.0
186,105,2,100.799416,71.0
186,106,1,93.86666,70.0
186,107,1,97.649956,69.0
186,108,1,100.76396,68.0
186,109,5,96.19132,67.0
186,110,5,86.83097,66.0
186,111,2,100.52944,65.0
186,112,5,103.26086,64.0
186,113,2,88.03428,63.0
186,114,5,72.34866,62.0
186,115,1,79.93966,61.0
186,116,0,84.12063,60.0
186,117,5,78.05984,59.0
186,118,3,69.97561,58.0
186,119,2,73.46817,57.0
186,120,4,65.2822,56.0
186,121,0,58.083393,55.0
186,122,3,63.0562,54.0
186,123,1,59.458748,53.0
186,124,4,54.722176,52.0
186,125,2,51.10708,51.0
186,126,0,59.323578,50.0
186,127,1,72.42371,49.0
186,128,1,77.33078,48.0
186,129,4,53.621517,47.0
186,130,4,40.826027,46.0
186,131,4,40.269524,45.0
186,132,0,42.401978,44.0
186,133,4,27.087406,43.0
186,134,3,34.952965,42.0
186,135,2,31.068455,41.0
186,136,0,44.26632,40.0
186,137,5,43.404472,39.0
186,138,4,44.62023,38.0
186,139,0,41.48032,37.0
186,140,2,34.514854,36.0
186,141,4,29.13524,35.0
186,142,5,24.878588,34.0
186,143,1,20.637648,33.0
186,144,1,22.13139,32.0
186,145,3,24.87482,31.0
186,146,0,13.666847,30.0
186,147,3,13.166175,29.0
186,148,0,19.959137,28.0
186,149,4,16.443277,27.0
186,150,3,17.755917,26.0
186,151,0,23.41679,25.0
186,152,0,21.616192,24.0
186,153,4,21.275011,23.0
186,154,1,10.718286,22.0
186,155,3,20.991276,21.0
186,156,0,23.633467,20.0
186,157,3,19.817558,19.0
186,158,1,17.432999,18.0
186,159,4,11.194732,17.0
186,160,1,10.9636135,16.0
186,161,0,17.729515,15.0
186,162,0,9.55867,14.0
186,163,5,9.842036,13.0
186,164,0,5.7404823,12.0
186,165,5,8.377711,11.0
186,166,1,9.253079,10.0
187,36,5,95.23092,125.0
187,37,0,104.19253,125.0
187,38,4,90.29625,125.0
187,39,0,102.21318,125.0
187,40,0,97.125755,125.0
187,41,3,113.678246,125.0
187,42,1,106.8607,125.0
187,43,1,108.948494,125.0
187,44,0,103.70005,125.0
187,45,2,110.362915,125.0
187,46,0,97.04793,125.0
187,47,3,109.952385,125.0
187,48,1,110.81238,125.0
187,49,0,109.05784,125.0
187,50,2,119.52484,125.0
187,51,2,121.72884,125.0
187,52,2,107.266014,125.0
187,53,4,103.8841,125.0
187,54,5,102.75759,125.0
187,55,2,104.72735,125.0
187,56,0,94.7689,125.0
187,57,4,88.03115,125.0
187,58,2,83.401085,125.0
187,59,1,96.65135,125.0
187,60,1,82.876045,125.0
187,61,4,83.47764,125.0
187,62,3,96.55946,125.0
187,63,2,93.070915,125.0
187,64,3,82.383026,125.0
187,65,3,88.22753,125.0
187,66,5,104.5093,125.0
187,67,4,97.29348,125.0
187,68,3,91.89729,125.0
187,69,4,68.75541,125.0
187,70,0,97.91247,125.0
187,71,1,101.95984,125.0
187,72,3,109.84706,125.0
187,73,4,109.18746,125.0
187,74,0,118.523056,125.0
187,75,5,115.24041,125.0
187,76,5,114.71004,125.0
187,77,5,112.22167,125.0
187,78,4,110.780266,125.0
187,79,4,113.09815,125.0
187,80,4,111.33757,125.0
187,81,4,110.22346,125.0
187,82,2,117.95612,125.0
187,83,5,118.55603,125.0
187,84,3,114.76801,125.0
188,36,0,105.055756,125.0
188,37,1,114.53603,125.0
188,38,1,113.38499,125.0
188,39,2,127.0732,125.0
188,40,5,111.49748,125.0
188,41,0,125.69433,125.0
188,42,0,120.31576,125.0
188,43,5,121.179665,125.0
188,44,1,119.572395,125.0
188,45,1,126.63472,125.0
188,46,4,122.49889,125.0
188,47,5,126.04655,125.0
188,48,3,120.84392,125.0
188,49,4,125.991554,125.0
188,50,4,118.01411,125.0
188,51,4,111.0268,125.0
188,52,3,103.22352,125.0
188,53,2,79.554924,125.0
188,54,3,73.447136,125.0
188,55,1,91.25123,125.0
188,56,2,72.81204,125.0
188,57,1,92.28544,125.0
188,58,0,105.05805,125.0
188,59,4,106.78479,125.0
188,60,1,106.826485,125.0
188,61,0,107.73034,125.0
188,62,0,104.93875,125.0
188,63,5,113.33582,125.0
188,64,3,105.38655,125.0
188,65,3,112.234215,125.0
188,66,0,109.457306,125.0
188,67,3,106.99555,125.0
188,68,1,101.753296,125.0
188,69,3,109.0653,125.0
188,70,3,105.75626,125.0
188,71,0,97.05614,125.0
188,72,1,108.98835,125.0
188,73,4,119.280365,125.0
188,74,1,123.507744,125.0
188,75,5,123.60275,125.0
188,76,1,121.738014,125.0
188,77,2,127.79883,125.0
188,78,1,122.86371,125.0
188,79,4,121.479645,125.0
188,80,4,117.85272,125.0
188,81,0,110.3571,125.0
188,82,2,113.04173,125.0
188,83,5,108.20542,125.0
188,84,3,108.209526,125.0
188,85,1,120.31997,125.0
188,86,4,113.951,125.0
189,36,5,90.19672,125.0
189,37,0,104.52448,125.0
189,38,4,103.074005,125.0
189,39,4,108.67176,125.0
189,40,0,104.00243,125.0
189,41,1,117.92901,125.0
189,42,4,115.167816,125.0
189,43,5,113.15586,125.0
189,44,2,116.53663,125.0
189,45,4,114.02098,125.0
189,46,5,109.86956,125.0
189,47,3,115.413185,125.0
189,48,1,119.17857,125.0
189,49,0,123.97996,125.0
189,50,3,117.996605,125.0
189,51,5,115.734505,125.0
189,52,5,114.87974,125.0
189,53,2,107.47614,125.0
189,54,0,112.55543,125.0
189,55,0,121.804695,125.0
189,56,0,118.83642,125.0
189,57,0,114.80332,125.0
189,58,2,119.60943,125.0
189,59,2,120.18585,125.0
189,60,0,122.004524,125.0
189,61,1,110.73104,125.0
189,62,1,118.650406,125.0
189,63,4,116.10988,125.0
189,64,5,120.202446,125.0
189,65,0,114.67521,125.0
189,66,2,117.52804,125.0
189,67,4,116.07664,125.0
189,68,1,115.05854,125.0
189,69,0,104.84077,125.0
189,70,1,124.49329,125.0
189,71,0,114.83326,125.0
189,72,2,122.2618,125.0
189,73,3,117.17679,125.0
189,74,1,99.69039,125.0
189,75,4,102.56473,125.0
189,76,1,120.757866,125.0
189,77,5,113.63192,125.0
189,78,3,120.754845,125.0
189,79,3,118.629036,125.0
189,80,3,113.68816,125.0
189,81,3,106.33036,125.0
189,82,0,103.86931,125.0
189,83,0,96.59186,125.0
189,84,5,100.13144,125.0
189,85,3,92.5685,125.0
189,86,0,100.305214,125.0
189,87,5,86.64294,125.0
189,88,1,82.347015,125.0
189,89,1,103.187325,125.0
189,90,5,105.70519,125.0
189,91,4,102.5792,125.0
189,92,2,110.90733,125.0
189,93,5,103.84896,125.0
189,94,3,98.24987,125.0
189,95,5,96.39539,125.0
189,96,3,98.4515,125.0
189,97,1,105.58257,124.0
189,98,5,111.798676,123.0
189,99,4,104.795364,122.0
189,100,5,104.44291,121.0
189,101,1,81.33225,120.0
189,102,0,86.93113,119.0
189,103,3,92.841805,118.0
189,104,0,89.75695,117.0
189,105,0,78.74626,116.0
189,106,2,88.08391,115.0
189,107,3,78.44866,114.0
189,108,3,93.650505,113.0
189,109,3,85.61616,112.0
189,110,2,84.10378,111.0
189,111,2,81.01147,110.0
189,112,3,86.48377,109.0
189,113,1,83.92168,108.0
189,114,1,102.20193,107.0
189,115,0,94.52569,106.0
189,116,3,98.95142,105.0
189,117,1,104.17756,104.0
189,118,0,113.09551,103.0
189,119,1,102.81544,102.0
189,120,2,94.9526,101.0
189,121,5,109.25269,100.0
189,122,4,104.5191,99.0
189,123,4,111.17895,98.0
189,124,1,109.64585,97.0
189,125,1,112.27766,96.0
189,126,5,126.51408,95.0
189,127,5,117.05523,94.0
189,128,0,104.09305,93.0
189,129,4,99.82086,92.0
189,130,4,99.54604,91.0
189,131,5,94.61168,90.0
189,132,0,114.232,89.0
189,133,0,101.3467,88.0
189,134,5,106.17498,87.0
189,135,0,78.4389,86.0
189,136,3,77.22727,85.0
189,137,2,67.49655,84.0
189,138,5,64.036766,83.0
189,139,1,61.232212,82.0
189,140,0,58.12413,81.0
189,141,1,53.94195,80.0
189,142,0,41.506733,79.0
189,143,2,53.148476,78.0
189,144,2,64.72866,77.0
189,145,1,65.92582,76.0
189,146,1,63.09251,75.0
189,147,4,73.814644,74.0
189,148,4,78.61414,73.0
189,149,0,73.88564,72.0
189,150,1,64.2464,71.0
189,151,0,59.992825,70.0
189,152,4,63.46146,69.0
189,153,2,63.594803,68.0
189,154,0,63.546806,67.0
189,155,3,54.2353,66.0
189,156,3,50.7568,65.0
189,157,5,58.908028,64.0
189,158,5,79.69048,63.0
189,159,3,72.46342,62.0
189,160,4,93.40815,61.0
189,161,5,94.08605,60.0
189,162,5,71.86338,59.0
189,163,2,88.93461,58.0
189,164,0,99.72771,57.0
189,165,1,91.32269,56.0
189,166,0,91.450676,55.0
189,167,2,86.11887,54.0
189,168,1,83.96174,53.0
189,169,4,87.77697,52.0
189,170,3,79.89181,51.0
189,171,4,82.42646,50.0
189,172,1,74.52981,49.0
189,173,4,76.75095,48.0
189,174,5,76.06041,47.0
189,175,5,65.03584,46.0
189,176,2,69.13027,45.0
189,177,2,58.026196,44.0
189,178,5,40.774017,43.0
190,36,3,110.99892,125.0
190,37,0,117.53576,125.0
190,38,3,119.98219,125.0
190,39,2,112.20765,125.0
190,40,5,111.66716,125.0
190,41,4,121.53647,125.0
190,42,3,120.54749,125.0
190,43,5,126.61672,125.0
190,44,3,112.52542,125.0
190,45,4,103.183525,125.0
190,46,4,103.73913,124.0
190,47,3,104.47212,123.0
190,48,0,106.18363,122.0
190,49,5,114.93957,121.0
190,50,4,105.71401,120.0
190,51,2,108.10407,119.0
190,52,1,114.646935,118.0
190,53,2,107.595215,117.0
190,54,2,122.782875,116.0
190,55,0,119.97717,115.0
190,56,5,115.340164,114.0
190,57,2,121.922264,113.0
190,58,0,105.47468,112.0
190,59,3,113.25936,111.0
190,60,5,119.20985,110.0
190,61,0,116.46065,109.0
190,62,2,113.31699,108.0
190,63,5,116.28851,107.0
190,64,0,122.009895,106.0
190,65,0,114.5888,105.0
190,66,3,119.94407,104.0
190,67,1,109.746056,103.0
190,68,4,122.118904,102.0
190,69,3,114.75028,101.0
190,70,5,117.63691,100.0
190,71,3,111.85206,99.0
190,72,5,94.309944,98.0
190,73,1,89.12006,97.0
190,74,5,93.201385,96.0
190,75,3,93.75832,95.0
190,76,0,94.01681,94.0
190,77,4,103.18592,93.0
190,78,1,100.26024,92.0
190,79,2,96.39526,91.0
190,80,0,97.21747,90.0
190,81,4,102.268364,89.0
190,82,4,106.12351,88.0
190,83,0,109.12505,87.0
190,84,0,119.491905,86.0
190,85,3,113.573,85.0
190,86,3,112.60096,84.0
190,87,0,113.489334,83.0
190,88,1,111.898735,82.0
190,89,5,109.65247,81.0
190,90,3,112.83797,80.0
190,91,5,100.36352,79.0
190,92,2,109.2733,78.0
190,93,0,108.899704,77.0
190,94,4,103.46998,76.0
190,95,3,107.56491,75.0
190,96,0,108.79408,74.0
190,97,1,112.96992,73.0
190,98,3,116.82322,72.0
190,99,0,118.90039,71.0
190,100,1,116.17745,70.0
190,101,1,114.9681,69.0
190,102,5,115.54595,68.0
190,103,3,111.38085,67.0
190,104,5,116.39362,66.0
190,105,0,114.714096,65.0
190,106,3,110.64665,64.0
190,107,4,116.93977,63.0
190,108,2,117.251884,62.0
190,109,3,116.337875,61.0
190,110,1,114.285446,60.0
190,111,3,117.28387,59.0
190,112,0,112.02949,58.0
190,113,4,106.40339,57.0
190,114,5,115.4755,56.0
190,115,3,113.530785,55.0
190,116,5,100.37426,54.0
190,117,1,108.317085,53.0
190,118,1,107.379616,52.0
190,119,3,121.65444,51.0
190,120,2,122.0075,50.0
190,121,2,115.305,49.0
190,122,2,99.85778,48.0
190,123,0,115.28345,47.0
190,124,1,113.22068,46.0
190,125,0,105.57753,45.0
190,126,4,108.16374,44.0
190,127,5,100.126045,43.0
190,128,1,96.605125,42.0
190,129,0,103.367966,41.0
190,130,4,74.70358,40.0
190,131,0,98.61063,39.0
190,132,1,71.71992,38.0
190,133,5,84.91874,37.0
190,134,3,82.489494,36.0
190,135,2,85.72637,35.0
190,136,4,62.209023,34.0
190,137,0,88.064964,33.0
190,138,1,58.453915,32.0
190,139,1,48.278786,31.0
190,140,0,36.95587,30.0
190,141,0,32.52259,29.0
190,142,0,54.21284,28.0
190,143,3,56.5371,27.0
190,144,5,61.92079,26.0
190,145,0,61.631496,25.0
190,146,4,67.60146,24.0
190,147,1,75.197136,23.0
190,148,5,70.927345,22.0
190,149,2,52.247337,21.0
190,150,5,54.424187,20.0
190,151,3,70.848854,19.0
190,152,5,53.36355,18.0
190,153,5,56.9055,17.0
190,154,3,54.055077,16.0
190,155,5,54.163296,15.0
190,156,3,50.909157,14.0
190,157,3,43.814053,13.0
190,158,0,45.448334,12.0
191,36,2,112.70965,125.0
191,37,1,123.1395,125.0
191,38,2,119.83486,125.0
191,39,0,117.21037,125.0
191,40,0,111.22442,125.0
191,41,0,109.14416,125.0
191,42,2,120.98145,125.0
191,43,0,121.974266,125.0
191,44,5,116.71654,125.0
191,45,0,106.69346,125.0
191,46,5,116.89568,125.0
191,47,4,109.72387,125.0
191,48,5,113.91801,125.0
191,49,5,110.93821,125.0
191,50,4,105.14394,125.0
191,51,4,100.9476,125.0
191,52,5,98.29223,125.0
191,53,3,105.7652,125.0
191,54,0,107.098625,125.0
191,55,0,109.32113,125.0
191,56,4,118.6822,125.0
191,57,4,102.058495,125.0
191,58,5,111.9549,125.0
191,59,1,114.57503,125.0
191,60,0,119.92211,125.0
191,61,0,118.244385,125.0
191,62,4,115.095406,125.0
191,63,0,119.6159,125.0
191,64,1,115.432045,125.0
191,65,3,115.78353,125.0
191,66,2,123.85441,125.0
191,67,5,118.31808,125.0
191,68,5,120.720634,125.0
191,69,3,121.6554,125.0
191,70,2,115.083534,125.0
191,71,2,115.281044,125.0
191,72,0,122.33728,125.0
191,73,1,117.442055,125.0
191,74,0,124.741974,125.0
191,75,3,122.48655,125.0
191,76,5,120.59438,125.0
191,77,2,117.64793,125.0
191,78,4,122.44204,125.0
191,79,4,117.356575,125.0
191,80,2,114.14021,125.0
191,81,3,108.08926,125.0
191,82,0,121.36501,125.0
191,83,2,114.5955,125.0
191,84,1,119.92214,125.0
191,85,5,117.86766,125.0
191,86,3,119.470726,125.0
191,87,5,127.73174,125.0
191,88,3,106.68099,125.0
191,89,3,105.78878,125.0
191,90,4,106.95158,125.0
191,91,1,117.429855,125.0
191,92,5,126.01194,125.0
191,93,5,114.26449,125.0
191,94,0,112.65623,125.0
191,95,0,103.4606,125.0
192,36,1,96.737915,125.0
192,37,0,110.92169,125.0
192,38,4,110.55488,125.0
192,39,5,109.488884,125.0
192,40,0,102.917915,125.0
192,41,2,113.937996,125.0
192,42,4,109.599434,125.0
192,43,1,103.399796,125.0
192,44,1,111.68673,125.0
192,45,3,115.93318,125.0
192,46,1,106.59497,125.0
192,47,2,100.61259,125.0
192,48,4,103.20928,125.0
192,49,2,110.75373,125.0
192,50,1,108.235886,124.0
192,51,0,116.29416,123.0
192,52,4,119.4521,122.0
192,53,0,119.96447,121.0
192,54,5,119.281334,120.0
192,55,3,114.806335,119.0
192,56,3,107.66002,118.0
192,57,5,108.46232,117.0
192,58,1,109.99803,116.0
192,59,5,119.51845,115.0
192,60,3,106.44758,114.0
192,61,5,105.753876,113.0
192,62,0,107.4177,112.0
192,63,3,98.7698,111.0
192,64,5,112.58178,110.0
192,65,3,114.15566,109.0
192,66,4,116.01153,108.0
192,67,0,114.73168,107.0
192,68,2,116.354225,106.0
192,69,2,123.54225,105.0
192,70,4,120.936874,104.0
192,71,0,118.98979,103.0
192,72,2,113.217,102.0
192,73,1,109.64791,101.0
192,74,2,113.301674,100.0
192,75,0,115.56208,99.0
192,76,5,115.99099,98.0
192,77,0,110.55595,97.0
192,78,4,117.68991,96.0
192,79,3,110.20324,95.0
192,80,5,109.237114,94.0
192,81,3,95.83458,93.0
192,82,3,106.477135,92.0
192,83,1,89.61526,91.0
192,84,5,93.577614,90.0
192,85,1,102.76122,89.0
192,86,2,105.6874,88.0
192,87,1,93.98221,87.0
192,88,3,109.42405,86.0
192,89,0,118.30799,85.0
192,90,0,112.29801,84.0
192,91,5,117.38986,83.0
192,92,3,116.998726,82.0
192,93,3,110.82256,81.0
192,94,2,97.50875,80.0
192,95,3,108.10051,79.0
192,96,5,113.76287,78.0
192,97,4,103.9411,77.0
192,98,2,100.31327,76.0
192,99,0,75.68211,75.0
192,100,0,92.7044,74.0
192,101,3,102.01379,73.0
192,102,0,94.199104,72.0
192,103,5,102.954475,71.0
192,104,2,105.4777,70.0
192,105,0,114.90972,69.0
192,106,0,118.14663,68.0
192,107,2,116.89445,67.0
192,108,0,123.81028,66.0
192,109,3,117.85978,65.0
192,110,3,109.69796,64.0
192,111,3,114.03633,63.0
192,112,5,113.83423,62.0
192,113,1,119.91693,61.0
192,114,5,109.75911,60.0
192,115,2,113.002106,59.0
192,116,5,98.572655,58.0
192,117,1,105.058945,57.0
192,118,0,108.21334,56.0
192,119,2,116.825424,55.0
192,120,5,104.08207,54.0
192,121,2,112.426384,53.0
192,122,0,84.71206,52.0
192,123,3,88.016754,51.0
192,124,5,83.21482,50.0
192,125,1,80.16802,49.0
192,126,0,81.31197,48.0
192,127,2,89.87988,47.0
192,128,1,91.22155,46.0
192,129,0,94.67789,45.0
192,130,4,94.13572,44.0
192,131,0,102.56643,43.0
192,132,5,97.38367,42.0
192,133,1,92.85694,41.0
192,134,0,87.28004,40.0
192,135,2,74.946724,39.0
192,136,1,87.7317,38.0
192,137,5,103.86269,37.0
192,138,1,79.536644,36.0
192,139,2,63.417625,35.0
192,140,3,81.559425,34.0
192,141,0,64.55473,33.0
192,142,3,90.82504,32.0
192,143,0,85.38005,31.0
192,144,2,74.32513,30.0
192,145,0,71.107285,29.0
192,146,0,63.86325,28.0
192,147,3,81.16529,27.0
192,148,0,67.287926,26.0
192,149,1,54.77752,25.0
192,150,4,59.371708,24.0
192,151,0,46.822403,23.0
192,152,5,44.43975,22.0
192,153,5,43.151054,21.0
192,154,5,41.858803,20.0
192,155,0,49.013626,19.0
192,156,3,44.506065,18.0
192,157,1,46.32921,17.0
192,158,5,35.761955,16.0
192,159,3,35.711987,15.0
192,160,3,27.036028,14.0
192,161,5,32.263584,13.0
193,36,0,118.56545,125.0
193,37,1,119.762726,125.0
193,38,4,117.59834,125.0
193,39,2,112.67262,125.0
193,40,5,116.014565,125.0
193,41,0,114.81448,125.0
193,42,3,121.17956,125.0
193,43,2,122.58018,125.0
193,44,3,114.34892,125.0
193,45,2,122.49824,125.0
193,46,3,110.82984,125.0
193,47,3,104.90728,125.0
193,48,0,98.25616,125.0
193,49,5,110.31103,125.0
193,50,0,103.98392,125.0
193,51,2,99.79957,125.0
193,52,1,98.91457,125.0
193,53,5,116.17472,125.0
193,54,2,110.66987,125.0
193,55,1,120.59167,125.0
193,56,2,107.15571,125.0
193,57,3,118.90759,125.0
193,58,2,113.84875,125.0
193,59,0,112.70652,125.0
193,60,2,115.564224,125.0
193,61,4,118.59433,125.0
193,62,2,117.347435,125.0
193,63,3,121.33823,125.0
193,64,2,114.81612,125.0
193,65,0,113.12147,125.0
193,66,3,103.64105,125.0
193,67,4,115.94115,125.0
193,68,4,114.628075,125.0
193,69,1,122.32646,125.0
193,70,0,118.98571,125.0
193,71,2,112.10267,125.0
193,72,1,113.81182,125.0
193,73,4,107.78405,125.0
193,74,5,97.12917,125.0
193,75,4,85.46651,125.0
193,76,4,70.51777,125.0
193,77,2,75.70157,125.0
193,78,4,64.676476,125.0
193,79,1,48.941895,125.0
193,80,1,73.16683,125.0
193,81,4,62.564537,125.0
193,82,1,79.95086,125.0
193,83,4,79.60512,125.0
193,84,0,100.79436,125.0
193,85,1,113.14239,125.0
193,86,3,115.66712,125.0
193,87,2,115.98456,125.0
193,88,1,123.700615,125.0
193,89,1,122.48247,125.0
193,90,1,121.948425,125.0
193,91,4,110.50562,125.0
193,92,3,121.50024,125.0
193,93,3,124.41941,125.0
193,94,4,122.812126,125.0
193,95,4,122.60399,125.0
193,96,1,121.472725,125.0
193,97,4,123.58604,125.0
193,98,4,111.776924,125.0
193,99,3,108.78782,125.0
193,100,0,117.33863,125.0
193,101,0,113.99258,125.0
193,102,0,98.44779,125.0
193,103,1,118.67786,125.0
193,104,2,111.86596,125.0
193,105,5,111.52882,125.0
193,106,4,107.51726,125.0
193,107,0,108.16909,125.0
193,108,1,117.00648,125.0
193,109,0,104.995766,125.0
193,110,0,86.51347,125.0
193,111,4,107.7969,125.0
193,112,3,123.83015,125.0
193,113,4,122.731255,125.0
193,114,2,122.10105,125.0
193,115,4,116.17339,125.0
193,116,0,119.969734,125.0
193,117,3,123.1448,125.0
193,118,3,114.55897,125.0
193,119,3,115.5529,125.0
193,120,0,120.8583,125.0
193,121,5,118.46996,125.0
193,122,2,118.61448,125.0
193,123,1,114.16942,125.0
193,124,3,118.084114,125.0
193,125,3,110.042786,125.0
193,126,4,106.78746,125.0
193,127,2,120.75801,125.0
193,128,2,101.38544,125.0
193,129,0,100.393936,125.0
193,130,2,102.47233,125.0
193,131,0,108.74175,125.0
193,132,2,97.71584,125.0
193,133,0,109.24112,125.0
193,134,0,112.90533,125.0
193,135,2,114.51689,125.0
193,136,4,110.75636,125.0
193,137,5,114.75805,125.0
193,138,1,115.81044,125.0
193,139,5,115.84497,125.0
193,140,1,111.3487,125.0
193,141,3,109.739174,125.0
193,142,0,105.96377,125.0
193,143,3,119.663574,125.0
193,144,3,115.75477,125.0
193,145,0,113.05018,125.0
193,146,1,106.80938,125.0
193,147,0,104.068954,125.0
193,148,0,95.67626,125.0
193,149,3,105.43105,125.0
193,150,1,98.20521,125.0
193,151,0,110.836586,125.0
193,152,0,94.16378,125.0
193,153,5,75.68185,125.0
193,154,3,101.72086,125.0
193,155,3,102.90198,125.0
193,156,1,99.842636,125.0
193,157,1,86.089676,125.0
193,158,0,106.91402,124.0
193,159,0,96.460556,123.0
193,160,3,89.23922,122.0
193,161,0,92.14628,121.0
193,162,4,120.99847,120.0
193,163,4,113.90926,119.0
193,164,5,117.894936,118.0
193,165,3,106.033775,117.0
193,166,0,114.42494,116.0
193,167,1,102.49969,115.0
193,168,3,101.971405,114.0
193,169,5,107.7068,113.0
193,170,2,105.272736,112.0
193,171,0,112.78605,111.0
193,172,5,98.61724,110.0
193,173,0,102.243706,109.0
193,174,1,109.8238,108.0
193,175,0,112.32639,107.0
193,176,3,108.043304,106.0
193,177,2,102.959404,105.0
193,178,0,110.57387,104.0
193,179,2,101.87797,103.0
193,180,5,100.50112,102.0
193,181,5,109.10515,101.0
193,182,5,111.413795,100.0
193,183,1,100.097374,99.0
193,184,2,91.01087,98.0
193,185,3,102.01459,97.0
193,186,5,104.811806,96.0
193,187,4,99.677345,95.0
193,188,0,107.70084,94.0
193,189,0,108.65068,93.0
193,190,0,113.90188,92.0
193,191,2,103.73954,91.0
193,192,4,111.983475,90.0
193,193,3,100.6914,89.0
193,194,2,107.801926,88.0
193,195,5,98.65195,87.0
193,196,1,100.91207,86.0
193,197,5,108.22851,85.0
193,198,0,104.73443,84.0
193,199,1,88.11309,83.0
193,200,1,76.67004,82.0
193,201,3,79.013954,81.0
193,202,4,81.512245,80.0
193,203,3,92.882286,79.0
193,204,3,101.81215,78.0
193,205,0,106.23951,77.0
193,206,0,103.384285,76.0
193,207,5,95.68574,75.0
193,208,2,107.127464,74.0
193,209,0,107.60631,73.0
193,210,3,102.634995,72.0
193,211,5,89.00779,71.0
193,212,0,83.68818,70.0
193,213,1,90.88711,69.0
193,214,5,63.73011,68.0
193,215,2,70.98394,67.0
193,216,2,78.9399,66.0
193,217,0,81.03034,65.0
193,218,4,84.43264,64.0
193,219,0,93.82719,63.0
193,220,1,91.376976,62.0
193,221,0,98.62092,61.0
193,222,2,81.12404,60.0
193,223,3,87.55225,59.0
193,224,0,79.28834,58.0
193,225,4,101.98328,57.0
193,226,1,81.339096,56.0
193,227,0,90.42475,55.0
193,228,4,88.81413,54.0
193,229,0,74.58022,53.0
193,230,1,68.09475,52.0
193,231,2,82.06693,51.0
193,232,4,73.70182,50.0
193,233,1,74.26021,49.0
193,234,2,68.543175,48.0
193,235,5,49.218086,47.0
193,236,1,48.960445,46.0
193,237,0,74.374504,45.0
193,238,2,63.344063,44.0
193,239,2,63.21263,43.0
193,240,4,49.30536,42.0
193,241,5,68.0726,41.0
193,242,0,90.90028,40.0
193,243,1,75.33915,39.0
193,244,4,78.66155,38.0
193,245,0,87.57696,37.0
194,36,1,112.61702,125.0
194,37,5,118.58366,125.0
194,38,1,96.82801,125.0
194,39,2,74.56045,125.0
194,40,1,86.172966,125.0
194,41,2,62.818626,125.0
194,42,2,77.250145,125.0
194,43,3,81.40791,125.0
194,44,0,88.1097,125.0
194,45,0,102.36082,125.0
194,46,0,110.275,125.0
194,47,2,108.46842,125.0
194,48,3,107.67567,124.0
194,49,1,95.44034,123.0
194,50,0,90.20684,122.0
195,36,1,118.31469,125.0
195,37,5,117.90785,125.0
195,38,3,117.57928,125.0
195,39,0,112.29028,125.0
195,40,4,112.851906,125.0
195,41,0,117.17414,125.0
195,42,2,122.55026,125.0
195,43,5,109.1784,125.0
195,44,1,123.08199,125.0
195,45,1,126.36325,125.0
195,46,0,117.29554,125.0
195,47,0,119.15897,125.0
195,48,4,119.192764,125.0
195,49,3,119.55639,125.0
195,50,3,115.303856,125.0
195,51,0,110.554985,125.0
195,52,1,111.594284,125.0
195,53,0,113.51734,125.0
195,54,4,111.031845,125.0
195,55,3,100.090996,125.0
195,56,3,117.47004,125.0
195,57,3,121.006935,125.0
195,58,1,111.71177,125.0
195,59,0,115.538666,125.0
195,60,0,106.992256,125.0
195,61,3,106.895515,125.0
195,62,1,108.643875,125.0
195,63,5,106.582375,125.0
195,64,3,105.80407,125.0
195,65,0,106.30787,125.0
195,66,2,114.399055,125.0
195,67,0,117.8429,125.0
195,68,3,101.862335,125.0
195,69,4,117.60174,125.0
195,70,0,120.19974,125.0
195,71,3,118.70815,125.0
195,72,5,124.70699,125.0
195,73,2,117.197655,125.0
195,74,0,119.42386,125.0
195,75,1,123.963295,125.0
195,76,0,117.23785,125.0
195,77,5,118.78751,125.0
195,78,1,125.16119,125.0
195,79,1,122.40394,125.0
195,80,0,122.256584,125.0
195,81,0,120.7084,125.0
195,82,4,118.74086,125.0
195,83,3,113.39855,125.0
195,84,0,112.76592,125.0
195,85,2,118.796425,125.0
195,86,3,120.65877,125.0
195,87,5,122.765205,125.0
195,88,4,117.92004,125.0
195,89,3,117.568,125.0
195,90,5,103.32927,125.0
195,91,0,100.16558,125.0
195,92,2,98.705086,125.0
195,93,3,104.37487,125.0
195,94,2,106.29957,125.0
195,95,5,111.19068,125.0
195,96,2,114.01479,125.0
195,97,0,118.545876,125.0
195,98,5,122.81779,125.0
195,99,1,125.79445,125.0
195,100,2,120.73967,125.0
195,101,2,127.264786,125.0
195,102,4,114.358986,125.0
195,103,0,114.802574,125.0
195,104,2,123.018036,125.0
195,105,0,115.03715,125.0
195,106,5,113.67057,125.0
195,107,2,112.5744,125.0
195,108,4,115.72665,125.0
195,109,3,108.32118,125.0
195,110,1,102.49221,125.0
195,111,2,120.34235,125.0
195,112,5,119.58376,125.0
195,113,0,112.66549,125.0
195,114,0,107.0411,125.0
195,115,3,110.33704,125.0
195,116,3,112.55462,125.0
195,117,0,119.41754,125.0
195,118,1,104.28185,125.0
195,119,0,112.12576,125.0
195,120,1,108.761955,125.0
195,121,2,114.17846,125.0
195,122,0,106.871254,125.0
195,123,3,90.42244,125.0
195,124,5,91.9542,125.0
195,125,1,103.54874,125.0
195,126,0,100.50098,125.0
195,127,0,89.07592,125.0
195,128,0,67.36498,125.0
195,129,5,66.32366,125.0
195,130,4,108.850105,125.0
195,131,3,105.58596,125.0
195,132,5,108.32789,125.0
195,133,5,100.28329,125.0
195,134,3,86.8231,125.0
195,135,1,103.92281,125.0
195,136,4,113.37203,125.0
195,137,0,115.45771,125.0
195,138,1,121.59243,125.0
195,139,2,127.78271,125.0
195,140,2,122.653145,125.0
195,141,5,108.82566,125.0
195,142,4,114.75619,125.0
195,143,4,113.24426,125.0
195,144,2,63.812637,125.0
195,145,0,90.58932,125.0
195,146,2,53.795097,125.0
195,147,1,50.3324,125.0
195,148,0,70.70869,125.0
195,149,2,95.499146,125.0
195,150,0,97.60813,125.0
195,151,0,101.95575,125.0
195,152,2,108.168015,125.0
195,153,4,100.61032,125.0
195,154,1,103.27071,125.0
195,155,0,115.96086,125.0
195,156,0,121.76334,125.0
195,157,5,118.99234,125.0
195,158,4,111.901306,125.0
195,159,4,113.71455,125.0
195,160,0,97.282265,125.0
195,161,3,102.13384,125.0
195,162,0,109.58494,125.0
195,163,3,102.73875,125.0
195,164,5,94.199295,125.0
195,165,0,96.54311,125.0
195,166,4,112.45591,125.0
195,167,1,106.1194,125.0
195,168,0,92.69846,125.0
195,169,5,85.58119,125.0
195,170,1,69.09364,125.0
195,171,3,56.307907,125.0
195,172,3,70.090096,125.0
195,173,0,51.309044,125.0
195,174,5,44.80992,125.0
195,175,1,48.193375,125.0
195,176,4,69.24918,125.0
195,177,3,63.039604,125.0
195,178,3,60.76001,125.0
195,179,0,50.703957,125.0
195,180,1,68.42208,125.0
195,181,4,70.250114,125.0
195,182,5,64.77971,125.0
195,183,5,63.468903,125.0
195,184,3,50.5108,125.0
195,185,2,73.90438,125.0
195,186,0,73.73008,125.0
195,187,0,75.19715,125.0
195,188,0,66.29892,125.0
195,189,0,88.354904,125.0
195,190,3,93.60923,125.0
195,191,1,106.08576,125.0
195,192,2,110.3909,125.0
195,193,0,107.940025,125.0
195,194,3,111.47373,125.0
195,195,1,104.50752,125.0
195,196,1,106.434044,125.0
195,197,0,106.101585,125.0
195,198,2,109.58645,125.0
195,199,0,117.22288,125.0
195,200,4,124.06925,125.0
195,201,4,110.40737,125.0
195,202,5,112.86808,125.0
195,203,4,103.7571,125.0
195,204,2,95.31516,125.0
195,205,0,106.54157,125.0
195,206,3,116.72705,125.0
195,207,5,110.67123,125.0
195,208,1,121.19937,125.0
195,209,2,125.103966,125.0
195,210,0,119.144936,125.0
195,211,4,118.51058,125.0
195,212,3,122.23334,125.0
195,213,0,116.479164,125.0
195,214,1,94.5545,125.0
195,215,0,90.95493,125.0
195,216,2,85.480934,125.0
195,217,4,76.56591,125.0
195,218,0,80.744835,124.0
195,219,0,73.05237,123.0
195,220,4,67.42175,122.0
195,221,0,55.610535,121.0
195,222,2,53.810802,120.0
195,223,1,62.164734,119.0
195,224,3,61.17149,118.0
195,225,1,65.089325,117.0
195,226,2,66.57509,116.0
195,227,4,65.143715,115.0
195,228,2,62.93291,114.0
195,229,4,63.949997,113.0
195,230,5,59.308445,112.0
195,231,0,67.22677,111.0
195,232,5,71.28653,110.0
195,233,3,61.29792,109.0
195,234,4,70.13102,108.0
195,235,3,65.36591,107.0
195,236,5,67.60078,106.0
195,237,5,61.039326,105.0
195,238,4,61.29608,104.0
195,239,2,59.39706,103.0
195,240,2,55.39733,102.0
195,241,1,55.0334,101.0
195,242,4,51.080963,100.0
195,243,4,52.42364,99.0
195,244,5,55.454338,98.0
195,245,0,51.884903,97.0
195,246,0,47.57031,96.0
195,247,0,50.52091,95.0
195,248,4,45.849407,94.0
195,249,2,47.076366,93.0
195,250,1,50.2442,92.0
195,251,0,50.962303,91.0
195,252,5,52.130203,90.0
195,253,1,47.945816,89.0
195,254,0,39.923553,88.0
195,255,0,41.580917,87.0
195,256,4,47.20293,86.0
195,257,5,43.738853,85.0
195,258,1,55.546425,84.0
195,259,4,46.364822,83.0
195,260,2,49.792305,82.0
195,261,1,53.41665,81.0
195,262,2,58.45454,80.0
196,36,0,127.177284,125.0
196,37,3,118.69801,125.0
196,38,3,121.81875,125.0
196,39,1,120.84499,125.0
196,40,0,115.56997,125.0
196,41,4,114.945274,125.0
196,42,4,110.89105,125.0
196,43,5,117.21642,125.0
196,44,4,110.18091,125.0
196,45,5,100.395386,125.0
196,46,2,102.89457,125.0
196,47,5,113.388504,125.0
196,48,5,115.00708,125.0
196,49,5,110.804054,125.0
196,50,3,120.528114,125.0
196,51,4,107.43391,125.0
196,52,1,107.779396,125.0
196,53,5,102.80667,125.0
196,54,2,105.93319,125.0
196,55,1,105.53019,125.0
196,56,3,111.34848,125.0
196,57,0,125.31742,125.0
196,58,5,119.28594,125.0
196,59,4,118.16205,125.0
196,60,2,114.52868,125.0
196,61,2,108.16414,125.0
196,62,0,107.424736,125.0
196,63,5,104.68344,125.0
196,64,0,103.77925,125.0
196,65,1,118.864235,125.0
196,66,1,117.655205,125.0
196,67,2,116.40284,125.0
196,68,2,117.98959,125.0
196,69,0,103.91726,125.0
196,70,0,112.7804,125.0
196,71,5,118.899345,125.0
196,72,0,117.29843,125.0
196,73,1,118.319695,125.0
196,74,0,105.222916,125.0
196,75,2,117.439384,125.0
196,76,5,106.513664,125.0
196,77,0,119.252556,125.0
196,78,2,114.13929,124.0
196,79,3,122.85569,123.0
196,80,2,123.42679,122.0
196,81,3,120.40395,121.0
196,82,1,118.87868,120.0
196,83,3,122.72622,119.0
196,84,2,116.87734,118.0
196,85,1,124.422035,117.0
196,86,5,127.82444,116.0
196,87,0,125.18956,115.0
196,88,2,127.523994,114.0
196,89,1,115.47494,113.0
196,90,3,116.84854,112.0
196,91,1,125.485214,111.0
196,92,0,119.090614,110.0
196,93,4,115.88917,109.0
196,94,0,127.66198,108.0
196,95,2,124.79555,107.0
196,96,4,117.58468,106.0
196,97,3,116.84609,105.0
196,98,4,104.2023,104.0
196,99,0,116.48279,103.0
196,100,2,110.33003,102.0
196,101,4,121.25291,101.0
196,102,2,115.76223,100.0
196,103,5,105.99732,99.0
196,104,3,96.92678,98.0
196,105,0,117.39161,97.0
196,106,0,119.923645,96.0
196,107,0,111.68911,95.0
196,108,1,102.92892,94.0
196,109,0,89.307976,93.0
197,36,5,120.58112,125.0
197,37,4,113.63163,125.0
197,38,2,97.70774,125.0
197,39,2,82.99617,125.0
197,40,2,91.979355,125.0
197,41,2,88.35642,125.0
197,42,4,81.80318,125.0
197,43,1,78.66823,125.0
197,44,2,84.1887,125.0
197,45,0,92.660286,125.0
197,46,5,90.28016,125.0
197,47,5,96.608284,125.0
197,48,1,91.55283,125.0
197,49,4,105.26261,125.0
197,50,0,102.69982,125.0
197,51,5,97.98458,125.0
197,52,2,106.81707,125.0
197,53,0,107.63862,125.0
197,54,3,120.80666,125.0
197,55,5,109.60477,125.0
197,56,0,100.64728,125.0
197,57,0,80.46464,125.0
197,58,2,93.10963,125.0
197,59,3,80.35662,125.0
198,36,4,120.479904,116.0
198,37,3,119.10868,115.0
198,38,5,117.21574,114.0
198,39,0,114.74085,113.0
198,40,3,113.32184,112.0
198,41,1,113.0456,111.0
198,42,2,107.43784,110.0
198,43,5,118.87224,109.0
198,44,3,119.31202,108.0
198,45,3,122.73524,107.0
198,46,0,109.78014,106.0
198,47,0,116.45384,105.0
198,48,5,114.07218,104.0
198,49,2,114.85363,103.0
198,50,5,117.94275,102.0
198,51,5,126.44702,101.0
198,52,1,126.246544,100.0
198,53,0,121.20817,99.0
198,54,3,117.84557,98.0
198,55,2,127.243866,97.0
198,56,2,119.86672,96.0
198,57,0,111.7804,95.0
198,58,0,111.10929,94.0
198,59,2,116.14723,93.0
198,60,5,112.995895,92.0
198,61,1,119.378395,91.0
198,62,5,118.07217,90.0
198,63,3,121.10508,89.0
198,64,1,120.13386,88.0
198,65,0,111.89407,87.0
198,66,1,115.033745,86.0
198,67,1,117.810616,85.0
198,68,2,120.35322,84.0
198,69,2,116.736595,83.0
198,70,3,118.90038,82.0
198,71,2,118.13842,81.0
198,72,3,117.80189,80.0
198,73,2,108.317894,79.0
198,74,0,104.07176,78.0
198,75,1,105.53002,77.0
198,76,0,112.9157,76.0
198,77,5,118.243965,75.0
198,78,3,111.60567,74.0
198,79,0,116.55387,73.0
198,80,0,114.7969,72.0
198,81,1,110.23824,71.0
198,82,5,107.79958,70.0
198,83,0,111.048325,69.0
198,84,5,106.50405,68.0
198,85,0,106.802574,67.0
198,86,1,102.0129,66.0
198,87,5,104.80631,65.0
198,88,4,92.991356,64.0
198,89,1,94.94044,63.0
198,90,4,94.83775,62.0
198,91,5,97.06634,61.0
198,92,4,90.6157,60.0
198,93,0,84.950554,59.0
198,94,3,65.19224,58.0
198,95,0,82.1961,57.0
198,96,2,90.99417,56.0
198,97,2,80.9895,55.0
198,98,0,91.31565,54.0
198,99,0,105.09902,53.0
198,100,4,94.34196,52.0
198,101,5,92.10766,51.0
198,102,5,86.39985,50.0
198,103,1,88.817635,49.0
198,104,3,105.45105,48.0
198,105,4,99.361946,47.0
198,106,1,74.25416,46.0
198,107,5,96.45963,45.0
198,108,5,80.994225,44.0
198,109,3,81.985756,43.0
198,110,0,80.36405,42.0
198,111,5,73.52032,41.0
198,112,0,82.339325,40.0
198,113,5,82.142815,39.0
198,114,5,81.620384,38.0
198,115,4,65.05549,37.0
198,116,4,79.58538,36.0
198,117,1,70.7282,35.0
198,118,3,67.11213,34.0
198,119,3,51.930534,33.0
198,120,3,53.443207,32.0
199,36,3,126.19585,125.0
199,37,4,122.86022,125.0
199,38,1,127.13984,125.0
199,39,0,126.63683,125.0
199,40,1,122.02688,125.0
199,41,0,125.42478,125.0
199,42,0,125.105965,125.0
199,43,4,116.93435,125.0
199,44,5,119.59776,125.0
199,45,5,112.305695,125.0
199,46,0,88.749916,125.0
199,47,3,111.54603,125.0
199,48,3,105.8579,125.0
199,49,3,104.42341,125.0
199,50,2,114.71363,125.0
199,51,3,118.27368,125.0
199,52,2,125.112206,125.0
199,53,4,130.06415,125.0
199,54,5,119.725494,125.0
199,55,0,118.89166,125.0
199,56,1,121.225685,125.0
199,57,2,124.229546,125.0
199,58,1,124.27938,125.0
199,59,1,119.72939,125.0
199,60,4,119.55641,125.0
199,61,2,117.867325,125.0
199,62,1,108.69732,125.0
199,63,1,113.518776,125.0
199,64,4,124.3462,125.0
199,65,3,113.85094,125.0
199,66,3,105.38001,125.0
199,67,4,97.27279,125.0
199,68,3,112.23995,125.0
199,69,1,109.49056,125.0
199,70,5,100.6745,125.0
199,71,3,98.5678,125.0
199,72,4,104.0324,125.0
199,73,2,94.25488,125.0
199,74,5,97.79369,125.0
199,75,3,99.23038,125.0
199,76,2,111.047676,125.0
199,77,0,110.45222,125.0
199,78,4,119.06934,125.0
199,79,1,116.05065,125.0
199,80,4,120.73991,125.0
199,81,2,119.0528,125.0
199,82,0,118.51151,125.0
199,83,1,99.53816,125.0
199,84,3,113.778435,125.0
199,85,5,113.67837,125.0
199,86,4,113.48048,125.0
199,87,5,108.92518,125.0
199,88,4,118.252174,125.0
199,89,0,119.99644,125.0
199,90,3,127.075035,125.0
199,91,3,115.14593,125.0
199,92,0,110.11003,125.0
199,93,3,113.132545,125.0
199,94,5,116.793015,125.0
199,95,0,97.43406,125.0
199,96,5,100.78271,124.0
199,97,5,116.170784,123.0
199,98,4,118.75486,122.0
199,99,1,121.608986,121.0
199,100,3,124.53518,120.0
199,101,2,120.54943,119.0
199,102,0,119.21778,118.0
199,103,5,111.635124,117.0
199,104,4,110.08518,116.0
199,105,4,110.99464,115.0
199,106,5,107.89759,114.0
199,107,0,111.60003,113.0
199,108,0,109.960785,112.0
199,109,3,110.3742,111.0
199,110,5,89.87595,110.0
199,111,3,104.691605,109.0
199,112,3,108.23866,108.0
199,113,4,112.42702,107.0
199,114,2,113.18374,106.0
199,115,1,116.16009,105.0
199,116,0,115.02662,104.0
199,117,4,112.48632,103.0
200,36,3,115.42593,125.0
200,37,1,113.87069,125.0
200,38,1,117.71369,125.0
200,39,4,105.82931,125.0
200,40,0,113.25175,125.0
200,41,0,118.16779,125.0
200,42,5,129.37245,125.0
200,43,4,122.923515,125.0
200,44,5,121.17112,125.0
200,45,5,110.2147,125.0
200,46,0,119.97395,125.0
200,47,2,123.72703,125.0
200,48,5,118.07908,125.0
200,49,3,119.653366,125.0
200,50,0,123.48728,125.0
200,51,3,120.6267,125.0
200,52,2,114.66433,125.0
200,53,1,111.38913,125.0
200,54,4,107.48528,125.0
200,55,3,115.4812,125.0
200,56,2,110.23281,125.0
200,57,1,106.67948,125.0
200,58,0,111.56727,125.0
200,59,2,103.336174,125.0
200,60,1,96.33609,125.0
202,36,5,114.51708,125.0
202,37,0,106.193275,125.0
202,38,0,103.0166,125.0
202,39,5,106.52545,125.0
202,40,1,94.648705,125.0
202,41,4,113.655334,125.0
202,42,3,117.52418,125.0
202,43,0,105.964134,125.0
202,44,2,116.62816,125.0
202,45,3,112.602104,125.0
202,46,3,105.2739,125.0
202,47,4,113.5747,125.0
202,48,3,118.0843,125.0
202,49,1,121.772194,125.0
202,50,1,110.60415,125.0
202,51,4,108.31664,125.0
202,52,1,122.96877,125.0
202,53,4,128.98964,125.0
202,54,1,118.506935,125.0
202,55,5,120.678474,125.0
202,56,2,124.5994,125.0
202,57,3,123.53661,125.0
202,58,5,115.10917,125.0
202,59,3,108.37519,125.0
202,60,0,119.43577,125.0
202,61,0,118.368706,125.0
202,62,0,123.194786,125.0
202,63,0,117.73484,125.0
202,64,2,122.777405,125.0
202,65,0,114.13516,125.0
202,66,5,116.07749,125.0
202,67,1,111.66229,125.0
202,68,1,109.07372,124.0
202,69,4,117.010414,123.0
202,70,4,122.61758,122.0
202,71,2,124.08294,121.0
202,72,4,121.91282,120.0
202,73,0,121.30151,119.0
202,74,1,117.06263,118.0
202,75,5,105.32274,117.0
202,76,2,94.43335,116.0
202,77,0,104.10491,115.0
202,78,2,98.46708,114.0
202,79,0,103.73592,113.0
202,80,5,97.01507,112.0
202,81,2,104.68075,111.0
202,82,1,113.58204,110.0
202,83,0,120.276924,109.0
202,84,5,109.23348,108.0
202,85,0,102.47466,107.0
202,86,2,106.104004,106.0
202,87,0,105.82099,105.0
202,88,2,104.29093,104.0
202,89,1,116.40517,103.0
202,90,4,110.51664,102.0
202,91,5,116.129364,101.0
202,92,5,104.038536,100.0
202,93,0,119.71826,99.0
202,94,1,111.36777,98.0
202,95,5,120.905846,97.0
202,96,2,119.02834,96.0
202,97,0,109.66413,95.0
202,98,2,104.90232,94.0
202,99,2,109.67977,93.0
202,100,4,106.891624,92.0
202,101,3,103.83323,91.0
202,102,2,116.77868,90.0
202,103,0,118.34211,89.0
202,104,2,113.16154,88.0
202,105,4,114.76668,87.0
202,106,1,112.79744,86.0
202,107,2,97.733894,85.0
202,108,0,95.83832,84.0
202,109,0,104.32389,83.0
202,110,1,96.76745,82.0
202,111,5,83.18965,81.0
202,112,4,77.85398,80.0
202,113,4,89.1053,79.0
202,114,1,66.80471,78.0
202,115,3,87.56441,77.0
202,116,0,87.11853,76.0
202,117,5,95.31641,75.0
202,118,1,103.39695,74.0
202,119,3,113.43519,73.0
202,120,3,114.68184,72.0
202,121,4,105.885544,71.0
202,122,3,91.69013,70.0
202,123,5,87.403694,69.0
202,124,1,92.405266,68.0
203,36,0,86.77867,125.0
203,37,2,98.13894,125.0
203,38,2,94.542435,125.0
203,39,2,91.79044,125.0
203,40,5,118.48336,125.0
203,41,5,114.563484,125.0
203,42,0,112.666336,125.0
203,43,2,106.669525,125.0
203,44,2,101.21624,125.0
203,45,3,118.40497,125.0
203,46,4,116.776634,125.0
203,47,0,114.96197,125.0
203,48,0,116.90661,125.0
203,49,3,116.406906,125.0
203,50,4,116.27073,125.0
203,51,3,99.26266,125.0
203,52,0,109.18127,125.0
203,53,1,110.51408,125.0
203,54,4,95.51624,125.0
203,55,5,112.857895,125.0
203,56,2,111.04882,125.0
203,57,4,109.79894,125.0
203,58,1,107.39756,125.0
203,59,2,96.18743,125.0
203,60,1,83.95153,125.0
203,61,4,93.65374,125.0
203,62,3,83.61119,125.0
203,63,2,95.6975,125.0
203,64,3,95.592255,125.0
203,65,2,79.337975,125.0
203,66,0,73.77581,125.0
203,67,3,74.3933,125.0
203,68,4,82.90908,125.0
203,69,4,99.04504,125.0
203,70,5,111.76142,125.0
203,71,4,107.47203,125.0
203,72,4,104.85099,125.0
203,73,3,96.22844,125.0
203,74,5,114.544136,125.0
203,75,4,108.67324,125.0
203,76,2,114.4799,125.0
203,77,4,107.06815,125.0
203,78,1,123.43958,125.0
203,79,0,120.31225,125.0
203,80,5,112.17155,125.0
203,81,0,100.187035,125.0
203,82,2,112.232765,125.0
203,83,4,110.477806,125.0
203,84,2,97.94308,125.0
203,85,2,101.24351,125.0
203,86,3,107.71172,125.0
203,87,5,88.395195,125.0
203,88,5,88.14203,125.0
203,89,2,116.74358,125.0
203,90,0,97.40513,125.0
203,91,3,89.709435,125.0
203,92,2,108.54789,125.0
203,93,1,105.0545,125.0
203,94,2,98.80893,125.0
203,95,4,106.66551,125.0
203,96,1,111.53765,125.0
203,97,1,111.854,125.0
203,98,3,117.24825,125.0
203,99,1,114.413445,125.0
203,100,0,112.420296,125.0
203,101,0,116.66333,125.0
203,102,1,105.717514,125.0
203,103,2,105.38318,125.0
203,104,4,115.748726,125.0
203,105,5,125.2321,125.0
203,106,5,117.89965,125.0
203,107,5,114.6593,125.0
203,108,4,118.31846,125.0
203,109,0,113.00721,125.0
203,110,2,118.815834,125.0
203,111,0,112.263405,125.0
203,112,0,115.464035,125.0
203,113,0,114.39678,125.0
203,114,0,118.57496,125.0
203,115,3,103.40612,125.0
204,36,4,118.59201,125.0
204,37,0,106.57177,125.0
204,38,3,113.152214,124.0
204,39,0,122.89452,123.0
204,40,3,115.4449,122.0
204,41,5,120.18616,121.0
206,36,3,97.516884,125.0
206,37,3,102.39698,125.0
206,38,0,92.20582,125.0
206,39,2,95.66192,125.0
206,40,3,107.03859,125.0
206,41,5,108.10059,125.0
206,42,1,109.25124,125.0
206,43,1,110.01603,125.0
206,44,3,107.48925,125.0
206,45,2,119.9041,125.0
206,46,0,121.10806,125.0
206,47,4,119.70882,125.0
206,48,3,117.92178,125.0
206,49,0,123.13754,125.0
206,50,5,121.37133,125.0
206,51,4,110.544754,125.0
206,52,1,113.23232,125.0
206,53,0,121.09835,125.0
206,54,2,117.380035,125.0
206,55,1,123.86872,125.0
206,56,4,110.44529,125.0
206,57,5,102.74549,125.0
206,58,1,108.60548,125.0
206,59,3,111.36458,125.0
206,60,0,104.891716,125.0
206,61,5,96.43404,125.0
206,62,4,97.77664,125.0
206,63,2,84.23812,125.0
206,64,2,89.83001,125.0
206,65,1,82.787575,125.0
206,66,0,104.34458,125.0
206,67,2,91.38011,125.0
206,68,0,105.68697,125.0
206,69,0,95.1827,125.0
206,70,2,109.62878,125.0
206,71,2,102.00234,125.0
206,72,1,96.46904,125.0
206,73,3,102.266846,125.0
206,74,0,105.577065,125.0
206,75,2,111.48704,125.0
206,76,4,115.52015,125.0
206,77,4,118.3438,125.0
206,78,2,120.63508,125.0
206,79,0,119.6589,125.0
206,80,0,117.42536,125.0
206,81,1,119.57713,125.0
206,82,0,113.864204,125.0
206,83,3,102.20573,125.0
206,84,5,96.142334,125.0
206,85,0,103.80904,125.0
206,86,2,90.342995,124.0
206,87,0,105.7766,123.0
206,88,0,105.43333,122.0
206,89,4,106.1466,121.0
206,90,0,106.44573,120.0
206,91,3,102.165764,119.0
206,92,0,106.10964,118.0
206,93,0,108.25912,117.0
206,94,1,107.27665,116.0
206,95,4,115.32278,115.0
206,96,0,112.06189,114.0
206,97,5,112.978226,113.0
206,98,5,100.67275,112.0
206,99,0,99.89833,111.0
206,100,3,110.81204,110.0
206,101,1,119.1041,109.0
206,102,3,99.634476,108.0
206,103,2,108.14394,107.0
206,104,4,105.13238,106.0
206,105,0,106.46345,105.0
206,106,1,99.947815,104.0
206,107,4,107.20193,103.0
206,108,2,100.357834,102.0
206,109,1,104.22175,101.0
206,110,0,97.77108,100.0
206,111,3,102.468285,99.0
206,112,5,103.51971,98.0
206,113,3,99.37216,97.0
206,114,5,90.67555,96.0
206,115,1,91.46419,95.0
206,116,5,98.00754,94.0
206,117,5,94.16448,93.0
206,118,4,97.35462,92.0
206,119,4,84.20666,91.0
206,120,0,105.564095,90.0
206,121,2,100.43208,89.0
206,122,1,97.47825,88.0
206,123,5,102.74987,87.0
206,124,5,107.54464,86.0
206,125,4,88.04192,85.0
206,126,0,107.15752,84.0
206,127,5,100.33784,83.0
206,128,0,101.11034,82.0
206,129,1,97.290535,81.0
206,130,4,98.25332,80.0
206,131,1,106.52584,79.0
206,132,3,111.87827,78.0
206,133,2,112.84173,77.0
206,134,3,108.1181,76.0
206,135,3,109.15683,75.0
206,136,2,104.923134,74.0
206,137,3,93.51643,73.0
206,138,0,89.608536,72.0
206,139,4,93.04972,71.0
206,140,0,100.303246,70.0
206,141,3,87.618065,69.0
206,142,0,90.45126,68.0
206,143,0,80.655556,67.0
206,144,3,64.63112,66.0
206,145,5,78.41271,65.0
206,146,3,78.74151,64.0
206,147,0,61.682663,63.0
206,148,0,86.693146,62.0
206,149,0,63.193382,61.0
206,150,3,51.40265,60.0
206,151,5,67.45536,59.0
206,152,2,65.37409,58.0
206,153,3,65.994514,57.0
206,154,5,60.751118,56.0
206,155,2,67.667564,55.0
206,156,2,76.67161,54.0
206,157,0,60.681255,53.0
206,158,1,54.57595,52.0
206,159,0,52.011368,51.0
206,160,3,54.29277,50.0
206,161,1,56.32071,49.0
206,162,3,53.48343,48.0
207,36,0,112.71815,125.0
207,37,2,111.94257,125.0
207,38,1,112.483086,125.0
207,39,0,111.14945,125.0
207,40,2,111.057076,125.0
207,41,0,97.611626,125.0
207,42,2,97.32487,125.0
207,43,0,113.04782,125.0
207,44,5,115.465965,125.0
207,45,3,122.82296,125.0
207,46,5,112.51131,125.0
207,47,2,98.30798,125.0
207,48,4,111.80821,125.0
207,49,1,109.93276,125.0
207,50,4,116.971535,125.0
207,51,0,106.44164,125.0
207,52,2,123.0529,125.0
207,53,4,116.23031,125.0
207,54,3,113.50822,125.0
207,55,1,106.46479,125.0
207,56,5,113.286125,125.0
207,57,3,113.51997,125.0
207,58,2,108.79453,125.0
207,59,0,108.38338,125.0
207,60,0,120.753,125.0
207,61,5,101.12461,125.0
207,62,3,108.57317,125.0
207,63,0,109.80308,125.0
207,64,0,108.079094,125.0
207,65,4,97.67122,125.0
207,66,3,95.31834,125.0
207,67,3,87.35633,125.0
207,68,5,88.4708,125.0
207,69,1,109.626,125.0
207,70,3,112.766075,125.0
207,71,3,98.9637,125.0
207,72,2,91.80638,125.0
207,73,4,106.51537,125.0
207,74,2,107.29732,125.0
207,75,3,106.35345,125.0
207,76,1,100.3108,125.0
207,77,3,92.93703,125.0
207,78,4,107.5333,125.0
207,79,4,101.88446,125.0
207,80,5,102.68455,125.0
207,81,1,110.99622,125.0
207,82,1,88.20456,125.0
207,83,0,93.97015,125.0
207,84,3,85.270515,125.0
207,85,4,89.37762,125.0
207,86,1,95.33204,125.0
207,87,2,81.50386,125.0
207,88,0,81.83575,125.0
207,89,2,85.951035,125.0
207,90,5,92.83524,125.0
207,91,5,97.988045,125.0
207,92,5,86.3769,125.0
207,93,0,96.521706,125.0
207,94,2,105.76994,125.0
207,95,4,103.05709,125.0
207,96,3,108.305695,125.0
207,97,5,102.295235,125.0
207,98,4,101.646935,125.0
207,99,5,96.54775,125.0
207,100,4,93.80656,125.0
207,101,4,78.39414,125.0
207,102,5,83.02896,124.0
207,103,5,86.77579,123.0
207,104,3,97.439964,122.0
207,105,3,87.58953,121.0
207,106,2,96.82458,120.0
207,107,4,98.006325,119.0
207,108,1,106.91267,118.0
207,109,3,104.71422,117.0
207,110,0,110.171906,116.0
207,111,4,115.20862,115.0
207,112,5,109.163414,114.0
207,113,0,103.2108,113.0
207,114,0,98.644295,112.0
207,115,3,92.02224,111.0
207,116,5,82.512726,110.0
207,117,0,75.95202,109.0
207,118,1,68.92779,108.0
207,119,5,64.98135,107.0
207,120,4,79.13462,106.0
207,121,3,73.15752,105.0
207,122,2,87.883446,104.0
207,123,0,79.710075,103.0
207,124,2,80.385635,102.0
207,125,4,76.619514,101.0
207,126,1,80.55378,100.0
207,127,0,77.28147,99.0
207,128,2,95.894394,98.0
207,129,1,85.2754,97.0
207,130,0,86.45521,96.0
207,131,1,101.73479,95.0
207,132,0,104.76887,94.0
207,133,4,105.81461,93.0
207,134,2,96.92951,92.0
207,135,2,101.99413,91.0
207,136,1,91.66845,90.0
207,137,1,91.24856,89.0
207,138,2,86.86907,88.0
207,139,4,81.29684,87.0
207,140,2,71.19033,86.0
207,141,1,76.35264,85.0
208,36,0,114.714516,125.0
208,37,0,120.54124,125.0
208,38,4,116.128975,125.0
208,39,0,118.241844,125.0
208,40,5,116.71429,125.0
208,41,1,117.0994,125.0
208,42,2,125.67635,125.0
208,43,5,125.75527,125.0
208,44,1,122.3915,125.0
208,45,3,121.331955,125.0
208,46,5,119.14729,125.0
208,47,2,125.20795,125.0
208,48,1,119.94489,125.0
208,49,2,128.3467,125.0
208,50,2,120.37529,124.0
208,51,1,112.319214,123.0
208,52,0,116.178795,122.0
208,53,5,117.60319,121.0
208,54,1,121.23931,120.0
208,55,1,115.250206,119.0
208,56,4,118.4707,118.0
208,57,0,103.9365,117.0
208,58,3,103.43023,116.0
208,59,4,108.13832,115.0
208,60,4,106.50507,114.0
208,61,5,112.21408,113.0
208,62,0,118.80746,112.0
208,63,2,107.89347,111.0
208,64,5,112.985886,110.0
208,65,4,106.0644,109.0
208,66,1,94.01354,108.0
208,67,4,100.817085,107.0
208,68,2,103.19723,106.0
208,69,3,102.04853,105.0
208,70,5,103.92051,104.0
208,71,0,108.48883,103.0
208,72,5,116.320015,102.0
208,73,0,105.59519,101.0
208,74,3,99.318565,100.0
208,75,2,94.468636,99.0
208,76,0,97.905975,98.0
208,77,0,95.20702,97.0
208,78,1,90.155754,96.0
208,79,0,103.61471,95.0
208,80,0,103.95454,94.0
208,81,0,102.164116,93.0
208,82,0,97.14603,92.0
208,83,2,102.59443,91.0
208,84,1,116.320946,90.0
208,85,0,107.69033,89.0
208,86,0,96.024666,88.0
208,87,4,120.97733,87.0
208,88,1,126.635994,86.0
208,89,4,121.269714,85.0
208,90,0,117.93394,84.0
208,91,5,113.93559,83.0
208,92,0,114.61489,82.0
208,93,2,119.68764,81.0
208,94,5,104.99763,80.0
208,95,0,104.73972,79.0
208,96,3,96.1596,78.0
208,97,4,96.88863,77.0
208,98,3,83.36207,76.0
208,99,4,85.565315,75.0
208,100,2,79.485985,74.0
208,101,3,77.83373,73.0
208,102,0,65.83259,72.0
208,103,5,60.152332,71.0
208,104,0,75.51809,70.0
208,105,5,71.655556,69.0
208,106,1,69.682594,68.0
208,107,4,73.438545,67.0
208,108,4,51.294235,66.0
208,109,5,58.493244,65.0
208,110,4,55.102776,64.0
208,111,0,69.534004,63.0
208,112,3,52.09142,62.0
208,113,1,79.33941,61.0
208,114,3,72.57913,60.0
208,115,1,87.70127,59.0
208,116,1,93.83071,58.0
208,117,0,90.03304,57.0
208,118,3,86.34329,56.0
208,119,5,88.64234,55.0
208,120,3,86.0455,54.0
208,121,0,76.420876,53.0
208,122,1,79.75698,52.0
208,123,2,74.24421,51.0
208,124,2,77.17791,50.0
208,125,2,67.1523,49.0
208,126,0,73.63865,48.0
208,127,2,78.86857,47.0
208,128,0,76.69703,46.0
208,129,2,69.057205,45.0
208,130,2,48.326656,44.0
208,131,2,42.456215,43.0
208,132,0,38.910057,42.0
208,133,2,31.615797,41.0
208,134,0,28.212181,40.0
208,135,5,26.644339,39.0
208,136,2,25.101948,38.0
208,137,0,17.62716,37.0
208,138,4,20.516163,36.0
208,139,0,27.223045,35.0
208,140,0,37.573235,34.0
208,141,1,37.29285,33.0
208,142,4,33.777176,32.0
208,143,4,34.35286,31.0
208,144,2,20.561598,30.0
208,145,4,17.278805,29.0
208,146,3,30.923822,28.0
208,147,0,23.217833,27.0
208,148,1,25.512188,26.0
208,149,0,35.92202,25.0
208,150,2,24.295147,24.0
208,151,0,22.335094,23.0
208,152,4,30.3555,22.0
208,153,4,19.366545,21.0
208,154,0,13.980533,20.0
208,155,0,9.252517,19.0
208,156,2,15.250084,18.0
208,157,1,10.819378,17.0
208,158,4,11.289931,16.0
208,159,4,6.2126412,15.0
208,160,0,9.0843315,14.0
208,161,5,9.426375,13.0
208,162,1,6.6845803,12.0
208,163,5,5.325533,11.0
208,164,1,5.08821,10.0
208,165,4,3.5889614,9.0
208,166,0,8.460286,8.0
209,36,4,108.017845,118.0
209,37,0,103.421684,117.0
209,38,0,104.04977,116.0
209,39,1,109.498665,115.0
209,40,4,111.433914,114.0
209,41,0,92.94198,113.0
209,42,5,96.823265,112.0
209,43,5,107.12212,111.0
209,44,3,115.28483,110.0
209,45,2,112.02168,109.0
209,46,0,114.632126,108.0
209,47,5,114.98682,107.0
209,48,0,117.49975,106.0
209,49,5,120.20437,105.0
209,50,5,121.820366,104.0
209,51,0,122.45131,103.0
209,52,3,123.27397,102.0
209,53,5,112.00565,101.0
209,54,0,101.99017,100.0
209,55,4,112.25492,99.0
209,56,5,106.81106,98.0
209,57,1,120.66425,97.0
209,58,5,120.02116,96.0
209,59,1,121.95786,95.0
209,60,1,118.141975,94.0
209,61,1,119.539375,93.0
209,62,3,126.61498,92.0
209,63,3,119.312935,91.0
209,64,3,116.58259,90.0
209,65,0,119.23094,89.0
209,66,0,114.58767,88.0
209,67,0,110.731445,87.0
209,68,0,106.0367,86.0
209,69,3,99.75849,85.0
209,70,5,100.77587,84.0
209,71,0,107.80402,83.0
209,72,1,102.29832,82.0
209,73,1,102.59884,81.0
209,74,2,109.39954,80.0
209,75,4,109.64431,79.0
209,76,2,96.63436,78.0
209,77,4,94.69129,77.0
209,78,1,102.86811,76.0
209,79,4,112.77385,75.0
209,80,0,113.1916,74.0
209,81,2,88.81774,73.0
209,82,3,91.22687,72.0
209,83,0,80.225395,71.0
209,84,3,103.47416,70.0
209,85,5,117.94872,69.0
209,86,1,110.754456,68.0
209,87,2,103.99054,67.0
209,88,2,100.53214,66.0
209,89,4,90.053215,65.0
209,90,0,97.26951,64.0
209,91,1,98.78052,63.0
209,92,1,107.8254,62.0
209,93,4,99.637764,61.0
209,94,5,93.64182,60.0
209,95,4,89.86021,59.0
209,96,3,100.45525,58.0
209,97,2,95.13409,57.0
209,98,5,95.919106,56.0
209,99,1,89.65864,55.0
209,100,3,89.25664,54.0
209,101,4,84.30883,53.0
209,102,5,77.000404,52.0
209,103,2,80.75606,51.0
209,104,5,70.32128,50.0
209,105,1,62.7613,49.0
209,106,3,78.838036,48.0
209,107,3,50.62027,47.0
209,108,0,52.683372,46.0
209,109,0,57.539665,45.0
209,110,5,54.562363,44.0
209,111,4,55.181236,43.0
209,112,3,57.96549,42.0
209,113,2,62.42994,41.0
209,114,0,68.90981,40.0
209,115,5,66.47443,39.0
209,116,2,78.922295,38.0
209,117,3,70.28626,37.0
209,118,1,57.548294,36.0
209,119,0,46.266457,35.0
209,120,4,45.453415,34.0
209,121,1,32.355694,33.0
209,122,5,34.42043,32.0
209,123,4,39.912468,31.0
209,124,5,37.8592,30.0
209,125,0,34.330997,29.0
209,126,5,32.29844,28.0
209,127,1,24.92255,27.0
209,128,1,23.15726,26.0
209,129,3,22.8376,25.0
209,130,0,21.720608,24.0
209,131,3,29.28241,23.0
210,36,0,98.36034,125.0
210,37,1,108.95559,125.0
210,38,2,106.04597,125.0
210,39,4,108.312965,125.0
210,40,0,105.87479,125.0
210,41,0,107.120766,125.0
210,42,0,111.04493,125.0
210,43,0,108.8328,125.0
210,44,2,119.79478,125.0
210,45,5,119.45075,125.0
210,46,2,122.33332,125.0
210,47,4,120.076294,125.0
210,48,2,124.59558,125.0
210,49,1,128.38438,125.0
210,50,1,123.44865,125.0
210,51,2,118.01776,125.0
210,52,0,116.56231,125.0
210,53,4,113.83817,125.0
210,54,2,113.596855,125.0
210,55,0,101.631935,125.0
210,56,1,117.063484,125.0
210,57,2,114.60561,125.0
210,58,2,105.14192,125.0
210,59,3,99.711815,125.0
210,60,5,109.574745,125.0
210,61,4,109.03295,125.0
210,62,3,111.94467,125.0
210,63,3,109.791985,125.0
210,64,4,104.12162,125.0
210,65,5,110.07334,125.0
210,66,4,105.410416,124.0
210,67,0,118.182144,123.0
210,68,5,105.25567,122.0
210,69,5,102.30366,121.0
210,70,5,98.153206,120.0
210,71,3,94.3749,119.0
210,72,0,101.15427,118.0
210,73,5,107.13061,117.0
210,74,3,105.34622,116.0
210,75,5,90.12005,115.0
210,76,4,106.62299,114.0
210,77,4,105.18018,113.0
210,78,0,113.385796,112.0
210,79,2,108.54986,111.0
210,80,3,114.040276,110.0
210,81,0,101.4771,109.0
210,82,4,113.8021,108.0
210,83,1,111.51105,107.0
210,84,0,104.37678,106.0
210,85,2,120.04953,105.0
210,86,2,104.83111,104.0
210,87,4,106.76946,103.0
210,88,0,99.33384,102.0
210,89,1,96.65484,101.0
210,90,4,102.41059,100.0
210,91,4,102.23203,99.0
210,92,3,98.81222,98.0
210,93,3,86.52814,97.0
210,94,0,88.47702,96.0
210,95,3,95.094215,95.0
210,96,3,112.712875,94.0
210,97,0,107.42658,93.0
210,98,2,95.10589,92.0
210,99,0,87.11782,91.0
210,100,0,65.274055,90.0
210,101,1,83.471855,89.0
210,102,1,55.197777,88.0
210,103,0,60.28644,87.0
210,104,3,49.200916,86.0
210,105,5,55.97895,85.0
210,106,1,63.71789,84.0
210,107,0,65.09557,83.0
210,108,0,44.161713,82.0
210,109,1,51.637592,81.0
210,110,5,39.60318,80.0
210,111,5,36.915276,79.0
210,112,1,42.15372,78.0
210,113,2,62.822445,77.0
210,114,0,53.80034,76.0
210,115,0,67.83923,75.0
210,116,0,57.38126,74.0
210,117,0,45.54962,73.0
210,118,4,58.007725,72.0
210,119,1,69.73033,71.0
210,120,4,67.6554,70.0
210,121,1,69.319084,69.0
210,122,1,57.5259,68.0
210,123,2,53.486027,67.0
210,124,2,45.103745,66.0
210,125,4,46.331585,65.0
210,126,1,38.75791,64.0
210,127,4,17.395367,63.0
210,128,5,19.709776,62.0
210,129,4,19.700897,61.0
210,130,2,19.80935,60.0
210,131,3,22.128632,59.0
210,132,5,20.917313,58.0
210,133,5,23.865892,57.0
210,134,0,24.537052,56.0
210,135,5,28.278755,55.0
210,136,1,31.045109,54.0
210,137,2,31.109915,53.0
210,138,5,37.45778,52.0
210,139,0,38.899773,51.0
210,140,3,33.54019,50.0
210,141,5,31.927145,49.0
210,142,3,30.870352,48.0
210,143,4,29.271847,47.0
210,144,4,24.705233,46.0
210,145,5,32.09762,45.0
210,146,3,25.083103,44.0
210,147,0,27.120815,43.0
210,148,4,24.929996,42.0
210,149,4,23.952847,41.0
210,150,2,35.778545,40.0
210,151,2,33.551743,39.0
210,152,5,37.42939,38.0
210,153,5,35.182316,37.0
210,154,0,27.283857,36.0
210,155,0,24.072985,35.0
210,156,1,23.116537,34.0
210,157,5,20.351723,33.0
210,158,5,24.410095,32.0
210,159,3,26.508434,31.0
210,160,4,28.824387,30.0
210,161,2,25.092762,29.0
210,162,2,26.311882,28.0
210,163,5,25.131535,27.0
210,164,4,24.643795,26.0
210,165,3,24.048023,25.0
210,166,1,30.250755,24.0
210,167,0,26.2485,23.0
210,168,0,24.474316,22.0
210,169,2,25.467327,21.0
210,170,2,30.783716,20.0
210,171,4,28.750885,19.0
210,172,0,34.14672,18.0
210,173,1,27.215235,17.0
210,174,4,29.79072,16.0
210,175,2,38.407837,15.0
210,176,0,30.250576,14.0
210,177,3,30.769142,13.0
210,178,2,18.57925,12.0
210,179,0,17.174078,11.0
210,180,2,16.029663,10.0
210,181,4,15.995763,9.0
210,182,0,15.480629,8.0
211,36,2,101.90658,125.0
211,37,5,105.3066,124.0
211,38,3,97.13967,123.0
211,39,1,95.43765,122.0
211,40,4,83.70702,121.0
211,41,5,86.47654,120.0
211,42,3,90.81211,119.0
211,43,3,92.19303,118.0
211,44,3,98.51392,117.0
211,45,4,93.9446,116.0
211,46,3,94.12048,115.0
211,47,4,101.81844,114.0
211,48,1,99.16428,113.0
211,49,5,103.54199,112.0
211,50,2,99.15844,111.0
211,51,0,95.334404,110.0
211,52,3,83.7676,109.0
211,53,1,86.442314,108.0
211,54,0,111.11428,107.0
211,55,0,109.578026,106.0
211,56,4,110.39009,105.0
211,57,3,112.43926,104.0
211,58,1,114.149216,103.0
211,59,1,114.59271,102.0
211,60,4,121.792015,101.0
211,61,3,119.09946,100.0
211,62,1,117.59295,99.0
211,63,0,112.108665,98.0
211,64,5,102.62288,97.0
211,65,2,121.484245,96.0
211,66,3,120.34462,95.0
211,67,4,125.86198,94.0
211,68,0,110.66059,93.0
211,69,2,122.941,92.0
211,70,0,124.12553,91.0
211,71,2,122.304085,90.0
211,72,0,120.715164,89.0
211,73,5,113.299416,88.0
211,74,1,115.70049,87.0
211,75,0,114.381294,86.0
211,76,1,92.82121,85.0
211,77,4,109.08578,84.0
211,78,5,107.374214,83.0
211,79,0,116.022484,82.0
211,80,3,110.92016,81.0
211,81,0,114.35264,80.0
211,82,0,119.42452,79.0
211,83,0,118.822945,78.0
211,84,0,122.23534,77.0
211,85,0,114.94717,76.0
211,86,4,125.697395,75.0
211,87,0,121.16573,74.0
211,88,0,121.4101,73.0
211,89,3,120.37162,72.0
211,90,0,109.584496,71.0
211,91,3,109.748215,70.0
211,92,4,119.51258,69.0
211,93,0,114.78772,68.0
211,94,1,117.53248,67.0
211,95,4,117.80921,66.0
211,96,2,114.62838,65.0
211,97,2,107.749855,64.0
211,98,0,112.90046,63.0
211,99,2,110.52757,62.0
211,100,2,98.42724,61.0
211,101,4,89.37406,60.0
211,102,3,85.959236,59.0
211,103,0,86.11456,58.0
211,104,5,104.977455,57.0
211,105,5,95.07215,56.0
211,106,5,92.076866,55.0
211,107,5,64.17756,54.0
211,108,4,57.00913,53.0
211,109,1,52.498177,52.0
211,110,0,60.59651,51.0
211,111,0,70.45088,50.0
211,112,1,66.94558,49.0
211,113,5,54.895576,48.0
211,114,2,50.613647,47.0
211,115,1,51.430466,46.0
211,116,0,58.364998,45.0
211,117,5,57.835197,44.0
211,118,2,48.823074,43.0
211,119,5,58.122734,42.0
211,120,4,60.4181,41.0
211,121,4,60.284542,40.0
211,122,0,57.133724,39.0
211,123,4,71.28115,38.0
211,124,0,62.20418,37.0
211,125,2,55.889507,36.0
211,126,3,57.9555,35.0
211,127,4,54.474205,34.0
211,128,4,58.824276,33.0
211,129,4,51.790646,32.0
211,130,3,55.30368,31.0
211,131,5,54.599194,30.0
211,132,5,72.06278,29.0
211,133,5,50.46431,28.0
211,134,1,40.710617,27.0
211,135,0,33.37456,26.0
211,136,2,29.248066,25.0
211,137,4,22.927114,24.0
211,138,4,23.513908,23.0
211,139,5,28.896826,22.0
211,140,4,23.805475,21.0
211,141,2,16.246868,20.0
211,142,5,16.128326,19.0
211,143,0,17.382072,18.0
211,144,5,13.142849,17.0
211,145,5,10.743301,16.0
211,146,5,9.035102,15.0
211,147,2,12.566329,14.0
211,148,4,25.219677,13.0
211,149,5,24.733244,12.0
211,150,4,18.928276,11.0
211,151,5,17.948235,10.0
211,152,1,11.898807,9.0
211,153,4,6.40641,8.0
211,154,0,4.799582,7.0
211,155,0,12.269869,6.0
212,36,2,111.10221,125.0
212,37,0,122.55851,125.0
212,38,0,116.36262,125.0
212,39,5,119.1217,125.0
212,40,0,119.51701,125.0
212,41,1,113.4967,125.0
212,42,0,97.03515,125.0
212,43,4,114.88003,125.0
212,44,1,121.11902,125.0
212,45,0,118.08878,125.0
212,46,1,113.60966,125.0
212,47,3,114.11957,125.0
212,48,4,116.88459,125.0
212,49,4,116.131874,125.0
212,50,2,117.932884,125.0
212,51,2,121.26047,125.0
212,52,5,118.476494,125.0
212,53,1,124.26556,125.0
212,54,0,118.96899,125.0
212,55,1,110.62629,125.0
212,56,3,122.511604,125.0
212,57,1,118.659256,125.0
212,58,1,106.21186,125.0
212,59,0,121.65601,125.0
212,60,0,124.74408,125.0
212,61,0,129.19931,125.0
212,62,2,118.68069,125.0
212,63,1,122.92281,125.0
212,64,4,120.36403,125.0
212,65,0,122.51127,125.0
212,66,4,122.71166,125.0
212,67,5,123.2089,125.0
212,68,5,119.875,125.0
212,69,1,123.72571,125.0
212,70,1,115.16546,125.0
212,71,5,118.8717,125.0
212,72,4,104.57316,125.0
212,73,4,108.2044,125.0
212,74,4,107.402985,125.0
212,75,1,118.532,125.0
212,76,5,113.76136,125.0
212,77,0,118.235466,125.0
212,78,0,119.31904,125.0
212,79,5,115.19868,125.0
212,80,1,116.0146,125.0
212,81,0,112.3278,125.0
212,82,0,110.57207,125.0
212,83,3,95.07242,125.0
212,84,5,101.04768,125.0
212,85,2,107.88003,125.0
212,86,2,111.66557,125.0
212,87,4,112.33027,125.0
212,88,0,117.67795,125.0
212,89,5,109.779625,125.0
212,90,3,108.50653,125.0
212,91,1,110.90148,125.0
212,92,1,106.46109,125.0
212,93,1,116.593575,125.0
212,94,0,93.85871,125.0
212,95,4,94.66197,125.0
212,96,4,100.98648,125.0
212,97,4,94.74795,125.0
212,98,0,87.697044,125.0
212,99,2,102.92255,125.0
212,100,0,117.26122,125.0
212,101,4,118.25596,125.0
212,102,2,117.38556,125.0
212,103,0,113.9012,125.0
212,104,5,122.81888,125.0
212,105,2,120.175995,125.0
212,106,3,114.687294,125.0
212,107,5,121.44837,125.0
212,108,0,126.65107,125.0
212,109,5,111.052025,125.0
212,110,4,111.31064,125.0
212,111,3,108.99636,125.0
212,112,3,122.11106,125.0
212,113,3,117.19589,125.0
212,114,3,115.0837,125.0
212,115,0,114.277824,125.0
212,116,1,124.62181,125.0
212,117,4,126.25233,125.0
212,118,3,122.52111,125.0
212,119,0,112.768166,125.0
212,120,4,113.65955,124.0
212,121,1,105.99308,123.0
212,122,3,95.5838,122.0
212,123,0,97.47971,121.0
212,124,4,106.48254,120.0
212,125,5,110.93652,119.0
212,126,3,97.39312,118.0
212,127,4,109.815575,117.0
212,128,5,112.68189,116.0
212,129,2,107.269264,115.0
212,130,2,112.613,114.0
212,131,4,106.91345,113.0
212,132,3,102.41173,112.0
212,133,3,112.09368,111.0
212,134,0,97.07318,110.0
212,135,2,108.0242,109.0
212,136,1,114.55099,108.0
212,137,4,108.74081,107.0
212,138,1,102.564705,106.0
212,139,1,106.06468,105.0
212,140,5,106.52975,104.0
212,141,1,97.6614,103.0
212,142,3,106.31864,102.0
212,143,1,99.57506,101.0
212,144,4,99.01339,100.0
212,145,4,85.309616,99.0
212,146,3,98.37162,98.0
212,147,3,90.81623,97.0
212,148,1,91.07905,96.0
212,149,2,89.38886,95.0
212,150,3,91.77212,94.0
212,151,2,96.15237,93.0
212,152,4,108.25953,92.0
212,153,5,111.81903,91.0
212,154,1,117.76241,90.0
212,155,5,121.17571,89.0
212,156,5,122.591606,88.0
212,157,2,123.05816,87.0
212,158,0,108.53594,86.0
212,159,4,120.2044,85.0
212,160,2,122.32486,84.0
212,161,3,113.44196,83.0
212,162,3,106.044975,82.0
212,163,2,111.6498,81.0
212,164,2,108.38769,80.0
212,165,0,103.176445,79.0
212,166,3,89.1009,78.0
212,167,5,87.853516,77.0
212,168,5,76.98826,76.0
212,169,4,86.37153,75.0
212,170,5,85.16175,74.0
212,171,4,85.49656,73.0
212,172,3,73.60744,72.0
212,173,0,84.7652,71.0
212,174,1,83.53176,70.0
212,175,3,76.525795,69.0
212,176,4,80.64187,68.0
212,177,4,76.98652,67.0
212,178,5,73.018,66.0
212,179,1,75.0745,65.0
212,180,0,76.39297,64.0
212,181,5,74.1304,63.0
212,182,5,70.8027,62.0
212,183,1,77.72632,61.0
212,184,5,80.464134,60.0
212,185,0,85.24619,59.0
212,186,4,95.78925,58.0
212,187,4,95.27124,57.0
213,36,1,119.990486,125.0
213,37,2,119.62277,125.0
213,38,0,121.94114,125.0
213,39,0,123.004654,125.0
213,40,3,125.15305,125.0
213,41,5,122.988365,125.0
213,42,4,124.418945,125.0
213,43,5,124.406395,125.0
213,44,3,114.762505,125.0
213,45,0,122.77187,125.0
213,46,1,115.87896,125.0
213,47,0,116.92408,125.0
213,48,3,117.183266,125.0
213,49,2,109.08197,125.0
213,50,1,99.03928,125.0
213,51,0,102.290474,125.0
213,52,0,111.98176,125.0
213,53,0,114.987045,125.0
213,54,2,121.20268,125.0
213,55,4,119.74831,125.0
213,56,5,120.30697,125.0
213,57,2,118.50677,125.0
213,58,4,106.86096,125.0
213,59,0,115.9417,125.0
213,60,4,116.851204,125.0
213,61,4,108.76157,125.0
213,62,0,121.30976,125.0
213,63,0,117.463936,125.0
213,64,1,121.855934,125.0
213,65,0,112.69164,125.0
213,66,3,109.649025,125.0
213,67,5,119.19648,125.0
213,68,3,103.89595,125.0
213,69,5,102.222374,125.0
213,70,2,100.71305,125.0
213,71,2,113.64158,125.0
213,72,2,107.07691,125.0
213,73,3,106.79196,125.0
213,74,5,110.39138,125.0
213,75,3,118.42455,125.0
213,76,5,109.02169,125.0
213,77,0,112.25854,125.0
213,78,1,118.328316,125.0
213,79,0,119.09835,125.0
213,80,3,111.123566,125.0
213,81,3,114.450905,125.0
213,82,3,107.2848,125.0
213,83,0,118.21753,125.0
213,84,4,109.91213,125.0
213,85,5,115.61999,125.0
213,86,5,119.455284,125.0
213,87,1,113.32067,125.0
213,88,3,103.80033,125.0
213,89,4,107.70278,125.0
213,90,2,113.39748,125.0
213,91,2,111.75645,125.0
213,92,1,116.72572,125.0
213,93,1,119.348816,125.0
213,94,5,123.781624,125.0
213,95,1,122.143196,125.0
213,96,3,118.45776,125.0
213,97,1,115.56019,125.0
213,98,5,118.78375,125.0
213,99,3,116.76463,125.0
213,100,0,117.176926,125.0
213,101,3,109.62048,125.0
213,102,2,106.94654,125.0
213,103,1,114.56664,125.0
213,104,2,115.05781,125.0
213,105,4,105.8127,125.0
213,106,3,110.24713,125.0
213,107,1,107.339066,125.0
213,108,5,118.5413,125.0
213,109,5,112.66747,125.0
213,110,5,112.20395,125.0
213,111,0,125.47253,125.0
213,112,5,127.68715,125.0
213,113,1,115.86097,125.0
213,114,2,123.36035,125.0
213,115,4,117.19315,125.0
213,116,0,125.271355,125.0
213,117,3,123.28961,125.0
213,118,0,121.681206,124.0
213,119,0,119.823044,123.0
213,120,5,111.25605,122.0
213,121,0,102.83172,121.0
213,122,1,96.95481,120.0
213,123,1,113.356255,119.0
213,124,0,113.56331,118.0
213,125,3,114.53243,117.0
213,126,0,115.80807,116.0
213,127,3,115.40267,115.0
213,128,2,115.01894,114.0
213,129,0,111.48409,113.0
213,130,2,109.08878,112.0
213,131,2,108.856865,111.0
213,132,2,94.714485,110.0
213,133,1,100.404594,109.0
213,134,0,115.60902,108.0
213,135,2,107.46849,107.0
213,136,0,108.29995,106.0
213,137,0,93.34664,105.0
213,138,0,88.51124,104.0
213,139,1,114.015564,103.0
213,140,5,106.34736,102.0
213,141,0,110.50344,101.0
213,142,0,104.56832,100.0
213,143,0,102.69776,99.0
213,144,4,86.78907,98.0
213,145,1,95.003914,97.0
213,146,5,92.17885,96.0
213,147,4,100.88535,95.0
213,148,5,94.56901,94.0
213,149,4,105.33755,93.0
213,150,2,87.64674,92.0
213,151,4,65.0651,91.0
213,152,3,79.693054,90.0
213,153,2,48.832382,89.0
213,154,1,74.37748,88.0
213,155,3,87.302216,87.0
213,156,5,83.881355,86.0
213,157,2,79.29605,85.0
213,158,0,94.68986,84.0
213,159,4,89.26586,83.0
214,36,4,117.27387,125.0
214,37,1,120.14478,125.0
214,38,0,115.464516,125.0
214,39,5,115.994446,125.0
214,40,5,104.59432,125.0
214,41,0,106.199974,125.0
214,42,5,89.26789,125.0
214,43,4,84.13122,125.0
214,44,0,84.915504,125.0
214,45,5,83.33912,125.0
214,46,2,112.699486,125.0
214,47,3,117.58909,125.0
214,48,4,118.87547,125.0
214,49,5,120.93307,125.0
214,50,0,120.89323,125.0
214,51,4,120.85977,125.0
214,52,3,122.101494,125.0
214,53,1,119.45564,125.0
214,54,0,118.66123,125.0
214,55,1,119.19953,125.0
214,56,5,121.07247,125.0
214,57,0,118.495995,125.0
214,58,3,115.28065,125.0
214,59,1,109.74084,125.0
214,60,4,116.70428,125.0
214,61,2,120.51027,125.0
214,62,0,122.23792,125.0
214,63,3,123.12316,125.0
214,64,4,118.44512,125.0
214,65,3,123.956696,125.0
214,66,5,115.83036,125.0
214,67,4,105.72921,125.0
214,68,1,120.49056,125.0
214,69,0,113.01191,125.0
214,70,3,115.90937,125.0
214,71,1,106.585266,125.0
214,72,0,112.48217,125.0
214,73,2,110.04993,125.0
214,74,5,105.08221,125.0
214,75,5,108.89038,125.0
215,36,2,112.62234,125.0
215,37,2,114.86111,125.0
215,38,0,117.845406,125.0
215,39,0,121.77975,125.0
215,40,4,118.27016,125.0
215,41,4,126.7585,125.0
215,42,4,115.57884,125.0
215,43,4,86.980446,125.0
215,44,3,89.06855,125.0
215,45,0,118.648895,125.0
215,46,2,104.04121,125.0
215,47,4,109.730835,125.0
215,48,0,99.522865,124.0
215,49,3,118.1208,123.0
215,50,5,115.36108,122.0
215,51,1,107.18696,121.0
215,52,0,110.66365,120.0
215,53,3,118.28098,119.0
215,54,5,118.70974,118.0
215,55,2,113.06121,117.0
215,56,4,110.46744,116.0
215,57,3,109.493904,115.0
215,58,3,102.480316,114.0
215,59,2,100.39651,113.0
215,60,3,101.35154,112.0
215,61,0,110.01412,111.0
215,62,3,111.19805,110.0
215,63,5,109.11915,109.0
215,64,2,91.589645,108.0
215,65,5,115.54247,107.0
215,66,0,113.45922,106.0
215,67,4,109.701775,105.0
215,68,5,113.01487,104.0
215,69,3,107.71633,103.0
215,70,2,98.11921,102.0
215,71,0,114.974014,101.0
216,36,0,116.09365,125.0
216,37,0,127.028595,125.0
216,38,0,120.329506,125.0
216,39,0,121.3465,125.0
216,40,2,125.466545,125.0
216,41,3,122.26873,125.0
216,42,1,121.89011,125.0
216,43,4,125.462135,125.0
216,44,0,125.067345,125.0
216,45,5,125.57797,125.0
216,46,3,121.3228,125.0
216,47,1,123.04104,125.0
216,48,0,119.88538,125.0
216,49,5,122.39657,125.0
216,50,0,113.545906,125.0
216,51,1,103.24132,125.0
216,52,5,111.37315,125.0
216,53,3,117.24952,125.0
216,54,1,122.722145,125.0
216,55,0,116.741615,125.0
216,56,1,119.6932,125.0
216,57,5,120.04691,124.0
216,58,4,121.08915,123.0
216,59,4,119.40301,122.0
216,60,0,114.05602,121.0
216,61,2,114.43123,120.0
216,62,2,107.158676,119.0
216,63,3,110.68932,118.0
216,64,3,102.67594,117.0
216,65,4,92.19146,116.0
216,66,4,73.920334,115.0
216,67,3,53.966885,114.0
216,68,3,63.143356,113.0
216,69,0,82.55333,112.0
216,70,5,108.96658,111.0
216,71,5,96.66122,110.0
216,72,3,83.5811,109.0
216,73,0,111.99259,108.0
216,74,3,110.92637,107.0
216,75,2,110.95433,106.0
216,76,2,96.63032,105.0
216,77,3,93.45575,104.0
216,78,4,96.667725,103.0
216,79,2,71.78876,102.0
216,80,0,98.36109,101.0
216,81,4,110.32668,100.0
216,82,5,106.962036,99.0
216,83,3,106.37621,98.0
216,84,1,115.084465,97.0
216,85,5,125.23663,96.0
216,86,5,127.0536,95.0
216,87,5,118.64918,94.0
216,88,4,120.60101,93.0
216,89,5,114.348045,92.0
216,90,0,114.75156,91.0
216,91,0,97.592354,90.0
216,92,5,104.08866,89.0
216,93,0,66.69861,88.0
216,94,4,103.66154,87.0
216,95,2,104.6861,86.0
216,96,4,81.243515,85.0
216,97,2,91.44724,84.0
216,98,1,85.05413,83.0
216,99,5,91.872856,82.0
216,100,2,90.26782,81.0
217,36,4,83.61083,99.0
217,37,5,90.26747,98.0
217,38,0,98.00529,97.0
217,39,5,92.49427,96.0
217,40,0,96.05325,95.0
217,41,2,99.90742,94.0
217,42,0,107.57531,93.0
217,43,5,120.67729,92.0
217,44,1,104.82731,91.0
217,45,3,101.42667,90.0
217,46,5,76.52289,89.0
217,47,0,60.031116,88.0
217,48,4,102.268486,87.0
217,49,1,98.28925,86.0
219,36,2,116.05787,125.0
219,37,4,120.127464,125.0
219,38,0,117.47335,125.0
219,39,4,121.703156,125.0
219,40,4,119.152306,125.0
219,41,5,126.11316,125.0
219,42,0,118.36541,125.0
219,43,0,119.523895,125.0
219,44,2,119.048836,125.0
219,45,2,121.39173,125.0
219,46,1,121.417076,125.0
219,47,3,118.25359,125.0
219,48,4,120.89733,125.0
219,49,2,125.94285,125.0
219,50,4,128.44014,125.0
219,51,5,123.25303,125.0
219,52,0,125.99894,125.0
219,53,4,124.84722,125.0
219,54,5,118.560814,125.0
219,55,2,114.41277,125.0
219,56,2,99.8021,125.0
219,57,4,93.04054,125.0
219,58,5,103.02232,125.0
219,59,0,92.71015,125.0
219,60,3,111.5388,125.0
219,61,0,113.32749,125.0
219,62,1,103.783936,125.0
219,63,4,99.905785,125.0
219,64,2,118.49297,125.0
219,65,3,111.438065,125.0
219,66,4,107.09908,125.0
219,67,2,115.00843,125.0
219,68,0,122.39657,125.0
219,69,0,115.62254,125.0
219,70,2,122.72011,125.0
219,71,1,116.29821,125.0
219,72,0,120.45125,125.0
219,73,0,122.09054,125.0
219,74,0,116.266045,125.0
219,75,0,110.387566,125.0
219,76,4,118.46522,125.0
219,77,5,116.984795,125.0
219,78,0,104.4466,125.0
219,79,2,115.19905,125.0
219,80,2,123.00758,125.0
219,81,1,123.84551,125.0
219,82,4,126.9606,125.0
219,83,1,112.667015,125.0
219,84,3,106.59389,125.0
219,85,0,109.03701,125.0
219,86,3,115.94083,125.0
219,87,5,119.96766,125.0
219,88,0,116.98732,125.0
219,89,2,123.78037,125.0
219,90,0,121.63541,125.0
219,91,5,121.57827,125.0
219,92,1,119.41305,125.0
219,93,0,116.00185,125.0
219,94,5,109.816605,125.0
219,95,1,114.53596,125.0
219,96,1,112.60257,125.0
219,97,0,102.65111,125.0
219,98,5,92.33012,125.0
219,99,4,108.98158,125.0
219,100,5,101.71662,125.0
219,101,0,106.58617,125.0
219,102,1,110.17942,125.0
219,103,5,114.18478,125.0
219,104,5,101.13129,125.0
219,105,3,97.902245,125.0
219,106,5,109.01513,125.0
219,107,2,111.35855,125.0
219,108,2,108.55422,125.0
219,109,1,113.56077,125.0
219,110,5,104.55297,124.0
219,111,2,111.102974,123.0
219,112,2,103.007484,122.0
219,113,2,98.3496,121.0
219,114,3,106.88918,120.0
219,115,5,107.60376,119.0
219,116,0,96.533615,118.0
219,117,5,90.87203,117.0
219,118,4,72.93035,116.0
219,119,2,62.779587,115.0
219,120,0,68.60467,114.0
219,121,0,72.20309,113.0
219,122,0,72.271675,112.0
219,123,1,78.62061,111.0
219,124,4,74.40516,110.0
219,125,1,63.79847,109.0
219,126,5,77.66897,108.0
219,127,3,76.740036,107.0
219,128,5,87.09177,106.0
219,129,0,65.3046,105.0
219,130,5,68.84152,104.0
219,131,3,54.63894,103.0
219,132,4,55.674076,102.0
219,133,2,61.36922,101.0
219,134,1,56.724937,100.0
219,135,1,59.061344,99.0
219,136,1,71.59182,98.0
219,137,0,46.734634,97.0
219,138,1,45.05612,96.0
219,139,0,41.266773,95.0
219,140,0,37.760513,94.0
219,141,5,34.25199,93.0
219,142,3,35.875168,92.0
219,143,4,47.302254,91.0
219,144,1,54.639786,90.0
219,145,2,65.42014,89.0
219,146,0,57.083515,88.0
219,147,0,59.694595,87.0
219,148,4,68.09514,86.0
219,149,0,63.340233,85.0
219,150,0,57.732716,84.0
219,151,0,61.233646,83.0
219,152,3,58.933426,82.0
219,153,0,60.562355,81.0
219,154,5,51.18004,80.0
219,155,0,56.069077,79.0
219,156,1,47.6882,78.0
219,157,3,41.097767,77.0
219,158,4,56.87772,76.0
219,159,1,63.694775,75.0
219,160,0,57.782455,74.0
219,161,4,62.979225,73.0
220,36,0,114.04901,125.0
220,37,3,109.5494,125.0
220,38,0,120.74661,125.0
220,39,4,111.49103,125.0
220,40,0,120.16042,125.0
220,41,2,119.10207,125.0
220,42,3,121.71155,125.0
220,43,2,111.99302,125.0
220,44,0,109.75001,125.0
220,45,1,117.10819,125.0
220,46,2,107.475334,125.0
220,47,1,100.75959,125.0
220,48,0,91.87671,125.0
220,49,2,98.2992,125.0
220,50,2,94.0326,125.0
220,51,5,89.543816,124.0
220,52,1,86.58116,123.0
220,53,0,100.81451,122.0
220,54,0,89.53355,121.0
221,36,3,107.558205,125.0
221,37,2,104.90131,125.0
221,38,2,98.509186,125.0
221,39,2,104.43685,125.0
221,40,4,101.080055,125.0
221,41,4,120.755226,125.0
221,42,2,117.237656,125.0
221,43,3,116.40821,125.0
221,44,5,114.33228,125.0
221,45,1,118.33216,125.0
221,46,2,119.30849,125.0
221,47,0,120.4596,125.0
221,48,4,120.94634,125.0
221,49,3,114.81356,125.0
221,50,1,118.525246,125.0
221,51,0,111.177025,125.0
221,52,0,108.343025,125.0
221,53,0,108.939064,125.0
221,54,1,105.83095,125.0
221,55,0,111.96842,125.0
222,36,2,98.45609,125.0
222,37,0,105.30413,125.0
222,38,4,107.51638,125.0
222,39,0,113.212906,125.0
222,40,4,109.57235,125.0
222,41,2,111.05338,125.0
222,42,4,107.38761,125.0
222,43,3,105.1654,125.0
222,44,5,113.23,125.0
222,45,2,110.90587,125.0
222,46,1,107.858665,125.0
222,47,0,106.99601,125.0
222,48,5,103.50749,125.0
222,49,2,94.647316,125.0
222,50,4,92.00133,125.0
222,51,3,86.979195,125.0
222,52,4,99.162865,125.0
222,53,1,89.91036,125.0
222,54,2,99.34077,125.0
222,55,0,94.30971,125.0
222,56,5,99.77656,125.0
222,57,5,87.76252,125.0
222,58,3,84.57726,125.0
222,59,0,109.42666,125.0
222,60,0,93.00721,125.0
222,61,0,88.34436,125.0
222,62,1,98.569405,125.0
222,63,5,92.66201,125.0
222,64,4,103.33571,125.0
222,65,5,104.36826,125.0
222,66,2,119.4029,125.0
222,67,4,123.17957,125.0
222,68,1,121.13918,125.0
222,69,3,110.39371,125.0
222,70,0,107.59187,125.0
222,71,0,101.72725,125.0
222,72,5,109.46682,125.0
222,73,0,90.80544,125.0
222,74,0,96.164894,125.0
222,75,0,62.031387,125.0
222,76,1,113.19475,125.0
222,77,5,102.63239,125.0
222,78,5,115.16689,125.0
222,79,3,107.23144,125.0
222,80,1,115.25383,125.0
222,81,2,117.6769,125.0
222,82,0,119.4588,125.0
222,83,5,114.41845,125.0
222,84,5,118.33332,125.0
222,85,0,123.76951,125.0
222,86,0,117.8077,125.0
222,87,0,123.26627,125.0
222,88,3,119.20463,125.0
222,89,3,119.5714,125.0
222,90,2,119.39345,125.0
222,91,3,108.76993,125.0
222,92,0,119.51182,125.0
222,93,2,119.89626,125.0
222,94,3,96.72483,125.0
222,95,3,91.672,125.0
222,96,1,105.74957,125.0
222,97,0,96.37153,125.0
222,98,5,115.439285,125.0
222,99,4,115.49732,125.0
222,100,3,120.35926,125.0
222,101,1,117.528114,125.0
222,102,3,114.443886,125.0
222,103,3,79.80381,125.0
222,104,1,96.049706,125.0
222,105,3,81.091194,125.0
222,106,0,99.37054,125.0
222,107,4,91.70756,125.0
222,108,1,102.79363,125.0
222,109,5,100.33027,125.0
222,110,2,112.4585,125.0
222,111,2,100.916176,125.0
222,112,0,114.54773,125.0
222,113,5,116.00915,125.0
222,114,1,114.19651,125.0
222,115,4,112.88877,125.0
222,116,1,93.92817,125.0
222,117,1,88.1616,125.0
222,118,0,103.7381,125.0
222,119,5,97.72135,125.0
222,120,0,92.9775,125.0
222,121,4,70.64144,125.0
222,122,0,75.550934,125.0
222,123,0,69.17086,125.0
222,124,0,73.62899,125.0
222,125,4,93.07067,125.0
222,126,1,80.46014,125.0
222,127,5,110.07317,125.0
222,128,1,97.740074,125.0
222,129,2,92.95364,125.0
222,130,4,91.990486,125.0
222,131,1,96.85009,124.0
222,132,5,103.89976,123.0
222,133,2,100.30412,122.0
222,134,4,96.147285,121.0
222,135,4,81.08988,120.0
222,136,4,61.130062,119.0
222,137,2,74.98829,118.0
222,138,5,89.30073,117.0
222,139,1,104.760605,116.0
222,140,0,113.684944,115.0
222,141,1,109.99058,114.0
222,142,1,108.37897,113.0
222,143,0,104.60145,112.0
222,144,4,109.36289,111.0
222,145,5,107.72861,110.0
222,146,5,101.3332,109.0
222,147,2,96.76891,108.0
222,148,0,95.048004,107.0
222,149,5,86.86448,106.0
222,150,4,89.807816,105.0
222,151,0,94.57863,104.0
222,152,5,103.5731,103.0
222,153,0,104.5792,102.0
222,154,4,116.06374,101.0
222,155,1,118.67743,100.0
222,156,5,120.0134,99.0
222,157,2,121.473015,98.0
222,158,4,111.76935,97.0
222,159,4,111.609344,96.0
222,160,0,117.33701,95.0
222,161,2,124.26229,94.0
222,162,1,117.03566,93.0
222,163,5,124.67721,92.0
222,164,0,112.12364,91.0
222,165,0,115.32681,90.0
222,166,4,115.25267,89.0
222,167,0,117.49414,88.0
222,168,2,111.20301,87.0
222,169,3,105.53207,86.0
222,170,1,115.78562,85.0
222,171,0,113.097145,84.0
222,172,3,113.74146,83.0
222,173,1,101.782684,82.0
222,174,3,101.29616,81.0
222,175,5,101.67336,80.0
222,176,2,88.19288,79.0
222,177,1,95.988335,78.0
222,178,3,83.233604,77.0
222,179,3,78.74268,76.0
222,180,1,108.04576,75.0
224,36,3,83.13426,125.0
224,37,5,82.26048,125.0
224,38,4,89.3292,125.0
224,39,0,86.34115,125.0
224,40,2,76.66337,125.0
224,41,0,62.178444,125.0
224,42,4,88.83754,125.0
224,43,1,100.54978,125.0
225,36,0,122.985664,125.0
225,37,0,116.7194,125.0
225,38,5,120.05445,125.0
225,39,3,124.672874,125.0
225,40,4,123.10035,125.0
225,41,4,117.1315,125.0
225,42,5,116.23742,125.0
225,43,1,111.17838,125.0
225,44,2,119.27854,125.0
225,45,0,117.8487,125.0
225,46,1,117.7936,125.0
225,47,3,117.48304,125.0
225,48,5,108.90926,125.0
225,49,3,118.410545,125.0
225,50,3,115.59374,125.0
225,51,3,115.51121,125.0
225,52,0,122.28928,125.0
225,53,5,120.69213,124.0
225,54,0,105.99498,123.0
225,55,4,112.89176,122.0
225,56,3,114.26138,121.0
225,57,3,111.06122,120.0
225,58,3,110.661194,119.0
225,59,0,102.52447,118.0
225,60,1,115.182144,117.0
225,61,5,107.38738,116.0
225,62,1,101.303856,115.0
225,63,4,105.156555,114.0
225,64,1,104.98408,113.0
225,65,0,94.98075,112.0
225,66,0,95.95957,111.0
225,67,0,109.23377,110.0
225,68,3,108.02206,109.0
225,69,0,114.707664,108.0
225,70,0,113.43248,107.0
225,71,2,105.70619,106.0
225,72,1,105.61669,105.0
225,73,0,76.753075,104.0
225,74,5,87.59362,103.0
225,75,1,102.28933,102.0
225,76,1,120.10816,101.0
225,77,5,112.46876,100.0
225,78,0,103.01347,99.0
225,79,3,101.6089,98.0
225,80,1,102.508644,97.0
225,81,2,103.98306,96.0
225,82,0,97.998924,95.0
225,83,4,99.439705,94.0
225,84,1,101.335075,93.0
225,85,5,95.571175,92.0
225,86,2,104.97408,91.0
225,87,0,118.992004,90.0
225,88,0,124.09446,89.0
225,89,3,123.80202,88.0
225,90,0,123.39605,87.0
225,91,4,115.11869,86.0
225,92,0,122.101845,85.0
225,93,5,115.05967,84.0
225,94,4,116.799446,83.0
225,95,3,111.0508,82.0
225,96,4,102.50968,81.0
225,97,0,111.64206,80.0
225,98,0,104.08071,79.0
225,99,0,105.7131,78.0
225,100,0,95.47396,77.0
225,101,3,97.86745,76.0
225,102,0,88.700356,75.0
225,103,2,80.09911,74.0
225,104,1,72.661766,73.0
225,105,4,76.48897,72.0
225,106,4,59.512016,71.0
225,107,2,73.93568,70.0
225,108,4,61.585106,69.0
225,109,4,70.94574,68.0
225,110,3,60.05136,67.0
225,111,0,80.62994,66.0
225,112,0,75.95809,65.0
225,113,4,79.24102,64.0
225,114,5,91.757286,63.0
225,115,0,101.27334,62.0
225,116,1,95.81069,61.0
225,117,0,94.94865,60.0
225,118,0,84.576614,59.0
225,119,1,95.223045,58.0
225,120,0,89.34629,57.0
225,121,1,81.24685,56.0
225,122,4,87.15359,55.0
225,123,0,78.08969,54.0
225,124,2,75.566475,53.0
225,125,3,80.49042,52.0
225,126,2,93.748,51.0
225,127,2,64.454575,50.0
225,128,0,84.23246,49.0
225,129,0,70.99857,48.0
225,130,0,80.35721,47.0
225,131,1,80.61338,46.0
225,132,5,87.09663,45.0
225,133,1,82.674416,44.0
225,134,3,73.3214,43.0
225,135,3,94.30683,42.0
225,136,3,84.39941,41.0
225,137,2,85.75732,40.0
225,138,0,90.658035,39.0
225,139,1,81.502754,38.0
225,140,0,80.66651,37.0
225,141,3,101.69092,36.0
225,142,0,112.709724,35.0
225,143,5,110.21477,34.0
225,144,3,103.78208,33.0
225,145,3,107.889656,32.0
225,146,4,89.30495,31.0
225,147,0,106.74144,30.0
225,148,0,106.05783,29.0
225,149,2,114.35734,28.0
225,150,2,102.6744,27.0
225,151,2,96.654945,26.0
225,152,3,90.22828,25.0
225,153,5,91.00187,24.0
225,154,5,88.01681,23.0
225,155,1,82.90582,22.0
225,156,4,68.65802,21.0
225,157,5,58.43885,20.0
225,158,5,55.87928,19.0
225,159,5,49.43461,18.0
225,160,5,44.771255,17.0
225,161,0,58.91284,16.0
225,162,4,62.92465,15.0
225,163,0,59.630917,14.0
225,164,0,45.429535,13.0
225,165,0,36.167465,12.0
225,166,1,39.128677,11.0
226,36,2,110.47739,125.0
226,37,0,94.65722,125.0
226,38,1,100.16632,125.0
226,39,0,103.365074,125.0
226,40,2,111.70759,125.0
226,41,4,115.50579,125.0
226,42,0,119.86548,125.0
226,43,2,113.61016,125.0
226,44,0,107.940254,125.0
226,45,5,116.833015,125.0
226,46,2,111.47881,125.0
226,47,0,117.67261,125.0
226,48,1,120.279335,125.0
226,49,1,120.01661,125.0
226,50,0,114.86587,125.0
226,51,0,110.30242,125.0
226,52,1,110.869415,125.0
226,53,3,110.061424,125.0
226,54,1,102.48708,125.0
226,55,5,115.480316,125.0
226,56,5,108.64105,125.0
226,57,2,111.78198,125.0
226,58,3,103.623985,125.0
226,59,0,116.12235,125.0
226,60,2,115.03441,125.0
226,61,4,108.58339,125.0
226,62,2,109.87378,125.0
226,63,2,94.02635,125.0
226,64,2,96.82144,125.0
226,65,0,120.16979,125.0
226,66,4,94.71281,125.0
226,67,5,109.77364,125.0
226,68,0,114.921104,125.0
226,69,5,114.36051,125.0
226,70,0,123.06536,125.0
226,71,3,124.47601,125.0
226,72,2,117.307205,125.0
226,73,3,113.07991,125.0
226,74,4,114.95751,125.0
226,75,4,121.19363,125.0
226,76,0,115.85801,125.0
226,77,4,86.49,125.0
226,78,4,74.56328,125.0
226,79,3,75.309975,125.0
226,80,5,87.881096,125.0
226,81,2,87.22604,125.0
226,82,5,99.63305,125.0
226,83,0,111.66381,125.0
226,84,3,111.99762,125.0
226,85,4,102.13019,125.0
226,86,4,106.25552,125.0
226,87,3,109.27128,125.0
226,88,5,116.43633,125.0
226,89,4,96.97995,125.0
226,90,0,109.10739,125.0
226,91,1,114.15423,125.0
226,92,3,116.0372,125.0
226,93,5,114.77315,125.0
226,94,0,110.11164,125.0
226,95,3,106.19445,125.0
226,96,0,93.31948,125.0
226,97,0,89.55631,125.0
226,98,2,105.753365,125.0
226,99,3,92.856895,125.0
226,100,1,111.71192,125.0
226,101,1,116.75474,125.0
226,102,3,103.772736,125.0
226,103,5,112.7877,125.0
226,104,2,112.20977,125.0
226,105,5,93.52064,125.0
226,106,4,102.991165,125.0
226,107,3,99.6634,125.0
226,108,1,109.06477,125.0
226,109,2,109.066246,125.0
226,110,4,111.06754,125.0
226,111,0,115.985916,125.0
226,112,3,117.39132,125.0
226,113,4,114.75359,125.0
226,114,1,102.26391,125.0
226,115,1,111.51072,125.0
226,116,0,118.28626,125.0
226,117,3,122.45758,125.0
226,118,0,119.154945,125.0
226,119,0,114.624016,125.0
226,120,1,122.156944,125.0
226,121,4,124.62624,125.0
226,122,1,120.08927,125.0
226,123,1,118.01301,125.0
226,124,0,117.96105,125.0
226,125,1,108.57262,125.0
226,126,0,110.46987,125.0
226,127,3,107.10821,125.0
226,128,1,115.04606,125.0
226,129,0,113.21863,125.0
226,130,4,109.58535,125.0
226,131,4,104.55024,125.0
226,132,2,104.47407,125.0
226,133,2,109.87623,125.0
226,134,4,108.115105,125.0
226,135,4,113.76262,125.0
226,136,1,110.7111,125.0
226,137,4,108.83408,125.0
226,138,0,110.82171,125.0
226,139,5,105.67794,125.0
226,140,0,118.355385,125.0
226,141,1,105.923256,125.0
226,142,1,103.606674,125.0
226,143,0,105.5615,125.0
226,144,0,107.72351,125.0
226,145,4,106.12261,125.0
226,146,0,96.57112,125.0
226,147,0,105.41326,125.0
226,148,0,106.02353,125.0
226,149,0,102.75347,124.0
226,150,4,105.62226,123.0
226,151,4,101.61197,122.0
226,152,2,111.06797,121.0
226,153,1,115.53803,120.0
226,154,4,115.76014,119.0
226,155,5,114.4369,118.0
226,156,2,118.46464,117.0
226,157,5,120.51473,116.0
226,158,4,121.433014,115.0
226,159,1,115.4332,114.0
226,160,0,119.92634,113.0
226,161,0,116.27539,112.0
226,162,4,122.39319,111.0
226,163,0,109.303085,110.0
226,164,4,112.18721,109.0
226,165,0,113.15615,108.0
227,36,3,116.2053,125.0
227,37,2,115.06046,125.0
227,38,5,123.45414,125.0
227,39,5,121.40699,125.0
227,40,2,120.61858,125.0
227,41,4,118.25097,125.0
227,42,0,114.07136,125.0
227,43,2,113.82734,125.0
227,44,0,116.708664,125.0
227,45,0,120.92696,125.0
227,46,5,116.20828,125.0
227,47,4,113.7243,125.0
227,48,5,119.351814,125.0
227,49,4,118.77542,125.0
227,50,1,118.601234,125.0
227,51,5,117.88084,125.0
227,52,3,118.809906,125.0
227,53,2,105.40031,125.0
227,54,2,104.071236,125.0
227,55,5,109.39658,125.0
227,56,0,123.10905,125.0
227,57,4,109.80598,125.0
227,58,0,116.8016,125.0
227,59,0,129.30418,125.0
227,60,4,118.02459,125.0
227,61,2,121.22453,125.0
227,62,0,117.45688,125.0
227,63,2,112.45973,125.0
227,64,0,122.92991,125.0
227,65,4,117.87371,125.0
227,66,1,119.172455,125.0
227,67,3,121.551674,125.0
227,68,5,123.12187,125.0
227,69,5,122.10439,125.0
227,70,1,123.43716,124.0
227,71,1,117.75303,123.0
227,72,2,104.00365,122.0
227,73,1,108.69761,121.0
227,74,1,106.350746,120.0
227,75,1,113.00099,119.0
227,76,0,113.5581,118.0
227,77,1,107.23377,117.0
227,78,0,114.38461,116.0
227,79,1,125.79729,115.0
227,80,0,116.61501,114.0
227,81,0,95.17007,113.0
227,82,4,106.13766,112.0
227,83,1,115.92269,111.0
227,84,3,113.34014,110.0
227,85,1,114.193924,109.0
227,86,2,115.82959,108.0
227,87,4,118.437325,107.0
227,88,3,102.966736,106.0
227,89,1,109.960236,105.0
227,90,3,103.84086,104.0
227,91,1,96.14864,103.0
227,92,0,96.75692,102.0
227,93,5,101.382286,101.0
227,94,3,97.51779,100.0
227,95,5,115.63857,99.0
227,96,0,113.309326,98.0
227,97,2,121.38552,97.0
227,98,3,116.20733,96.0
227,99,0,110.07639,95.0
227,100,2,110.22827,94.0
227,101,0,118.56905,93.0
227,102,3,105.93882,92.0
227,103,1,114.64317,91.0
227,104,1,109.22009,90.0
227,105,5,116.10294,89.0
227,106,1,118.97174,88.0
227,107,1,117.152405,87.0
227,108,2,106.9525,86.0
227,109,4,103.827194,85.0
227,110,4,104.010056,84.0
227,111,3,109.78802,83.0
227,112,2,104.28335,82.0
227,113,0,105.90918,81.0
227,114,4,95.460686,80.0
227,115,5,91.46084,79.0
227,116,3,96.35125,78.0
227,117,3,109.03959,77.0
227,118,5,96.48264,76.0
227,119,5,84.27067,75.0
227,120,0,84.60409,74.0
227,121,5,101.69163,73.0
227,122,5,113.13802,72.0
227,123,4,114.39793,71.0
227,124,4,109.89272,70.0
227,125,5,102.881935,69.0
227,126,0,100.36044,68.0
227,127,0,90.61187,67.0
227,128,2,88.57369,66.0
227,129,2,90.466606,65.0
227,130,4,67.6993,64.0
227,131,2,73.30447,63.0
227,132,4,74.01501,62.0
227,133,4,74.84335,61.0
227,134,2,83.82082,60.0
227,135,0,89.93682,59.0
227,136,0,78.09514,58.0
227,137,4,81.731636,57.0
227,138,1,82.28794,56.0
227,139,5,102.36274,55.0
227,140,3,108.56453,54.0
227,141,2,105.81105,53.0
227,142,4,100.15716,52.0
227,143,3,97.14175,51.0
227,144,4,91.462555,50.0
227,145,0,86.83797,49.0
227,146,4,72.832245,48.0
227,147,0,72.01015,47.0
227,148,2,79.51711,46.0
227,149,1,71.0604,45.0
227,150,1,69.229485,44.0
227,151,4,68.769844,43.0
227,152,1,71.174416,42.0
227,153,1,80.33421,41.0
227,154,2,63.556786,40.0
227,155,2,76.89593,39.0
227,156,2,71.742805,38.0
227,157,1,73.50329,37.0
227,158,5,86.211365,36.0
227,159,2,66.619255,35.0
227,160,2,62.44262,34.0
227,161,1,66.69357,33.0
227,162,4,62.399483,32.0
227,163,5,52.041313,31.0
227,164,0,61.71541,30.0
227,165,3,74.61143,29.0
227,166,0,69.0548,28.0
227,167,1,56.316505,27.0
227,168,2,66.419304,26.0
227,169,0,63.59191,25.0
227,170,0,62.12523,24.0
227,171,4,60.175514,23.0
227,172,2,51.876198,22.0
227,173,2,49.469467,21.0
227,174,1,44.544987,20.0
227,175,2,54.725227,19.0
227,176,0,50.539825,18.0
227,177,2,63.268326,17.0
227,178,4,69.26266,16.0
227,179,2,63.69483,15.0
227,180,0,56.950478,14.0
228,36,2,119.66021,125.0
228,37,5,124.13098,125.0
228,38,5,125.46151,125.0
228,39,4,125.941505,125.0
228,40,0,126.577065,125.0
228,41,1,120.8245,125.0
228,42,0,124.14148,125.0
228,43,5,122.81672,125.0
228,44,0,118.48254,125.0
229,36,0,64.20435,125.0
229,37,2,99.09667,125.0
229,38,4,96.656235,125.0
229,39,5,103.1115,125.0
229,40,0,83.809006,125.0
229,41,3,93.39214,125.0
229,42,4,110.64597,125.0
229,43,4,116.15252,125.0
229,44,0,109.7759,125.0
229,45,4,121.676476,125.0
229,46,0,104.32889,124.0
229,47,0,108.99064,123.0
229,48,3,110.63019,122.0
229,49,2,100.74468,121.0
229,50,1,119.0521,120.0
229,51,4,116.321304,119.0
229,52,1,121.693214,118.0
229,53,4,109.11434,117.0
229,54,3,110.37438,116.0
229,55,2,121.40847,115.0
229,56,5,118.48522,114.0
229,57,1,110.35172,113.0
229,58,3,111.1429,112.0
229,59,4,99.97245,111.0
229,60,1,99.71888,110.0
229,61,2,84.543915,109.0
229,62,0,104.18553,108.0
229,63,5,102.79532,107.0
229,64,0,110.0608,106.0
229,65,0,105.79546,105.0
229,66,2,98.78454,104.0
229,67,2,113.50553,103.0
229,68,0,116.282295,102.0
229,69,3,111.67923,101.0
229,70,4,118.40532,100.0
229,71,5,118.70446,99.0
229,72,4,103.48497,98.0
229,73,0,101.58023,97.0
229,74,0,105.88675,96.0
229,75,0,110.92679,95.0
229,76,1,105.91397,94.0
229,77,5,87.11532,93.0
229,78,0,92.70956,92.0
229,79,5,89.931435,91.0
229,80,5,86.03365,90.0
229,81,2,90.83015,89.0
229,82,5,83.07719,88.0
229,83,4,90.35471,87.0
229,84,5,87.85851,86.0
229,85,0,94.07847,85.0
229,86,0,93.091805,84.0
229,87,0,100.28842,83.0
229,88,4,110.156456,82.0
229,89,2,116.3127,81.0
229,90,2,116.00461,80.0
229,91,2,117.313896,79.0
229,92,0,115.918915,78.0
229,93,4,117.662025,77.0
229,94,0,112.583305,76.0
229,95,1,106.685875,75.0
229,96,0,106.711975,74.0
229,97,5,102.773346,73.0
229,98,5,110.90689,72.0
229,99,5,109.95729,71.0
229,100,4,113.352806,70.0
229,101,2,120.12999,69.0
229,102,3,114.12469,68.0
229,103,3,101.24352,67.0
229,104,1,101.51388,66.0
229,105,3,89.328545,65.0
229,106,5,99.35377,64.0
229,107,3,81.710594,63.0
229,108,4,89.54102,62.0
229,109,5,84.11166,61.0
230,36,5,121.25055,125.0
230,37,0,122.217415,125.0
230,38,2,125.33091,125.0
230,39,1,122.93531,125.0
230,40,0,119.56395,125.0
230,41,1,120.42528,125.0
230,42,1,119.61967,125.0
230,43,3,122.42047,125.0
230,44,0,114.106834,125.0
230,45,2,115.45724,125.0
230,46,1,113.559715,125.0
230,47,0,117.094086,125.0
230,48,5,124.0055,125.0
230,49,2,116.936264,125.0
230,50,1,118.94655,125.0
230,51,0,106.44582,125.0
230,52,1,110.268974,125.0
230,53,5,116.52533,125.0
230,54,1,106.546936,125.0
230,55,5,114.82657,125.0
230,56,5,105.34888,125.0
230,57,2,109.01336,125.0
230,58,5,98.37298,125.0
230,59,4,120.9049,125.0
230,60,0,125.59135,125.0
230,61,3,121.130325,125.0
230,62,2,119.03432,125.0
230,63,0,121.62271,125.0
230,64,0,114.412895,125.0
230,65,0,113.205185,125.0
230,66,4,120.44637,125.0
230,67,0,115.204094,125.0
230,68,0,115.75686,125.0
230,69,0,112.08419,125.0
230,70,2,108.56425,125.0
230,71,5,114.05262,125.0
230,72,5,99.39496,125.0
230,73,3,76.11678,125.0
230,74,4,91.84039,125.0
230,75,5,96.81068,125.0
230,76,0,88.63312,125.0
230,77,5,91.35702,125.0
230,78,3,88.80422,125.0
230,79,3,61.315727,125.0
230,80,2,78.43754,125.0
230,81,1,88.670235,125.0
230,82,3,76.80523,125.0
230,83,0,81.74073,125.0
230,84,0,68.426186,125.0
230,85,5,80.23375,125.0
230,86,5,89.487816,124.0
230,87,2,104.37714,123.0
230,88,3,96.30296,122.0
230,89,1,78.63383,121.0
230,90,4,65.76833,120.0
230,91,0,74.53298,119.0
230,92,1,58.89808,118.0
230,93,5,51.010933,117.0
230,94,0,62.555943,116.0
230,95,0,72.67887,115.0
230,96,2,71.47737,114.0
230,97,4,70.07843,113.0
230,98,5,75.01916,112.0
230,99,1,76.788864,111.0
230,100,0,84.932396,110.0
230,101,5,89.16261,109.0
230,102,5,90.6908,108.0
230,103,1,103.80873,107.0
230,104,1,81.621826,106.0
230,105,5,75.53741,105.0
230,106,4,75.83723,104.0
230,107,3,86.00634,103.0
230,108,1,81.08995,102.0
230,109,3,71.405594,101.0
230,110,2,67.41987,100.0
230,111,0,75.130714,99.0
230,112,4,76.88654,98.0
230,113,4,81.71555,97.0
230,114,0,85.56916,96.0
230,115,2,80.645256,95.0
230,116,0,86.56698,94.0
230,117,1,80.85489,93.0
230,118,2,81.03552,92.0
230,119,0,99.70229,91.0
230,120,2,97.48785,90.0
230,121,1,88.883545,89.0
230,122,2,86.62605,88.0
230,123,3,73.25902,87.0
230,124,4,68.55262,86.0
230,125,3,53.67806,85.0
231,36,3,126.65324,125.0
231,37,4,125.76746,125.0
231,38,0,119.381035,125.0
231,39,2,116.25521,125.0
231,40,1,117.32351,125.0
231,41,3,119.3381,125.0
231,42,3,117.86617,125.0
231,43,0,122.12564,125.0
231,44,1,119.234276,125.0
231,45,5,115.68537,125.0
231,46,3,98.13877,125.0
231,47,0,69.53086,125.0
231,48,0,78.52116,125.0
231,49,3,83.20729,125.0
231,50,2,73.481255,125.0
231,51,2,107.483315,125.0
231,52,0,108.46914,125.0
231,53,1,118.24525,125.0
231,54,0,109.440346,125.0
231,55,4,117.301186,125.0
231,56,0,111.07581,125.0
231,57,0,117.12462,125.0
231,58,0,95.739586,125.0
231,59,4,111.75367,125.0
231,60,5,101.95197,125.0
231,61,2,114.03479,125.0
231,62,5,93.78251,125.0
231,63,1,90.22443,125.0
231,64,4,88.83349,125.0
231,65,4,83.634636,125.0
231,66,0,68.60372,125.0
231,67,0,82.34423,125.0
231,68,5,103.93363,125.0
231,69,2,106.24931,125.0
231,70,4,104.003815,125.0
231,71,1,98.532906,124.0
231,72,0,106.87252,123.0
231,73,1,107.61266,122.0
231,74,0,104.16412,121.0
231,75,0,99.45954,120.0
231,76,3,104.80474,119.0
231,77,4,104.09642,118.0
231,78,4,108.064224,117.0
231,79,0,109.01804,116.0
231,80,2,108.36152,115.0
231,81,1,109.02102,114.0
231,82,0,111.083725,113.0
231,83,5,112.91523,112.0
231,84,0,106.34375,111.0
231,85,0,117.10294,110.0
231,86,4,106.686,109.0
231,87,4,102.12243,108.0
231,88,3,101.49613,107.0
231,89,5,105.59768,106.0
231,90,0,96.98817,105.0
231,91,4,104.55928,104.0
231,92,0,113.30234,103.0
231,93,1,110.36544,102.0
231,94,2,112.384445,101.0
231,95,0,119.48536,100.0
231,96,4,114.484215,99.0
231,97,0,109.17895,98.0
231,98,4,112.659645,97.0
231,99,1,112.92434,96.0
231,100,0,122.93272,95.0
231,101,4,118.34494,94.0
231,102,0,121.99268,93.0
231,103,5,109.243645,92.0
231,104,0,106.39879,91.0
231,105,0,99.74942,90.0
231,106,4,105.32089,89.0
231,107,3,108.991325,88.0
231,108,2,107.79013,87.0
231,109,0,102.7941,86.0
231,110,3,84.79633,85.0
231,111,5,88.822914,84.0
231,112,4,96.420555,83.0
231,113,1,91.49096,82.0
231,114,0,92.06043,81.0
231,115,0,89.52239,80.0
231,116,3,76.03884,79.0
231,117,0,77.792145,78.0
231,118,0,69.6195,77.0
231,119,4,87.974754,76.0
231,120,0,85.94477,75.0
231,121,0,83.99886,74.0
231,122,1,84.78865,73.0
231,123,2,103.13882,72.0
231,124,0,87.26414,71.0
231,125,5,81.412636,70.0
231,126,4,83.74128,69.0
231,127,2,91.925804,68.0
231,128,5,78.137856,67.0
231,129,3,78.32311,66.0
231,130,4,80.39587,65.0
231,131,0,73.38776,64.0
231,132,5,74.48495,63.0
231,133,2,61.891556,62.0
231,134,2,65.80696,61.0
231,135,3,72.51553,60.0
231,136,4,53.508938,59.0
231,137,0,52.353615,58.0
231,138,5,51.36432,57.0
231,139,3,46.769806,56.0
231,140,4,61.877316,55.0
231,141,3,66.583405,54.0
231,142,5,63.74953,53.0
231,143,4,65.203064,52.0
231,144,4,56.21597,51.0
231,145,4,49.45172,50.0
231,146,1,50.141205,49.0
231,147,5,45.967102,48.0
231,148,0,54.997818,47.0
231,149,0,50.10588,46.0
231,150,3,45.551918,45.0
231,151,2,50.837387,44.0
231,152,0,49.03651,43.0
231,153,3,45.724396,42.0
231,154,0,41.39141,41.0
231,155,2,38.231895,40.0
231,156,2,37.888077,39.0
231,157,3,34.803925,38.0
231,158,0,25.59898,37.0
231,159,4,27.293453,36.0
231,160,4,26.521069,35.0
231,161,0,28.644264,34.0
231,162,1,26.086449,33.0
231,163,0,26.927805,32.0
231,164,2,20.508738,31.0
231,165,4,24.467007,30.0
231,166,3,21.672346,29.0
231,167,4,22.448845,28.0
231,168,0,20.051144,27.0
231,169,1,23.365126,26.0
231,170,3,23.625462,25.0
231,171,0,19.144144,24.0
231,172,2,18.53801,23.0
231,173,0,18.053654,22.0
231,174,5,16.34124,21.0
231,175,2,18.24454,20.0
231,176,5,14.411248,19.0
231,177,0,16.482464,18.0
231,178,1,12.455011,17.0
231,179,4,11.689157,16.0
231,180,2,13.121634,15.0
231,181,5,13.870713,14.0
231,182,3,10.745036,13.0
231,183,2,11.207073,12.0
231,184,4,11.759303,11.0
231,185,1,11.5811825,10.0
231,186,3,10.708215,9.0
231,187,0,10.45087,8.0
232,36,0,117.4414,125.0
232,37,5,113.92609,125.0
232,38,2,121.99608,125.0
232,39,4,104.65198,125.0
232,40,1,116.583916,125.0
232,41,2,112.02022,125.0
232,42,0,120.249504,125.0
232,43,4,115.363716,125.0
232,44,0,110.38113,125.0
232,45,1,107.972115,125.0
232,46,0,107.7247,125.0
232,47,5,97.836494,125.0
232,48,4,96.575516,125.0
232,49,1,90.14834,125.0
232,50,4,80.6339,125.0
232,51,3,106.155525,125.0
232,52,0,102.859764,125.0
232,53,0,102.5996,125.0
232,54,5,107.79705,125.0
232,55,1,112.349785,125.0
232,56,4,115.468315,125.0
232,57,2,120.864746,125.0
232,58,4,116.64018,125.0
232,59,3,114.105896,125.0
232,60,3,117.605415,125.0
232,61,2,114.97905,125.0
232,62,0,117.4881,125.0
232,63,0,119.62853,125.0
232,64,4,113.6627,125.0
232,65,5,116.71978,125.0
232,66,4,125.33462,125.0
232,67,3,119.175545,125.0
232,68,1,120.10987,125.0
232,69,2,114.60134,125.0
232,70,5,115.81792,125.0
232,71,5,126.306946,125.0
232,72,0,123.446594,125.0
232,73,2,118.286575,125.0
232,74,4,121.83158,125.0
232,75,3,111.21391,125.0
232,76,0,105.532364,125.0
232,77,1,115.28377,125.0
232,78,1,124.66326,125.0
232,79,0,131.88036,125.0
232,80,5,116.31644,125.0
232,81,3,101.66746,125.0
232,82,1,99.93973,125.0
232,83,1,101.52367,125.0
232,84,1,109.754944,125.0
232,85,1,112.7248,125.0
232,86,3,109.61931,125.0
232,87,0,96.93367,125.0
232,88,4,95.23826,125.0
232,89,0,90.30251,125.0
232,90,5,87.22654,125.0
232,91,0,85.15599,125.0
232,92,2,105.36447,125.0
232,93,3,96.46204,125.0
232,94,3,88.56175,125.0
232,95,4,81.65613,125.0
232,96,0,119.58788,125.0
232,97,4,113.76595,125.0
232,98,3,111.83392,125.0
232,99,1,109.83527,125.0
232,100,2,112.558754,125.0
232,101,0,119.00258,125.0
232,102,1,118.54542,125.0
232,103,5,122.55291,125.0
232,104,3,116.61196,125.0
232,105,0,114.36207,125.0
232,106,0,121.54182,125.0
232,107,4,115.35321,125.0
232,108,0,124.613625,125.0
232,109,1,115.84441,125.0
232,110,4,105.45927,125.0
232,111,3,110.59046,125.0
232,112,5,117.551834,125.0
232,113,2,111.208466,125.0
232,114,0,118.56218,125.0
232,115,4,114.749954,125.0
232,116,3,117.76052,125.0
232,117,1,107.84396,125.0
232,118,1,104.415306,125.0
232,119,0,104.58627,125.0
232,120,5,107.43325,125.0
232,121,5,105.460045,125.0
232,122,5,115.296936,125.0
232,123,3,104.17603,125.0
232,124,3,115.22376,125.0
232,125,2,117.57258,125.0
232,126,1,113.344215,125.0
232,127,5,104.73675,125.0
232,128,0,94.64071,125.0
232,129,4,106.90442,125.0
232,130,1,105.38008,125.0
232,131,4,95.49753,125.0
232,132,0,104.23239,125.0
232,133,2,101.385185,125.0
232,134,0,113.19526,125.0
232,135,0,104.283806,125.0
232,136,0,111.39144,124.0
232,137,3,107.30928,123.0
232,138,0,106.440094,122.0
232,139,4,92.6596,121.0
232,140,5,83.340126,120.0
232,141,2,81.51278,119.0
232,142,1,85.8176,118.0
232,143,1,83.04543,117.0
232,144,2,89.227425,116.0
232,145,0,84.3268,115.0
232,146,5,82.97049,114.0
232,147,2,96.996574,113.0
232,148,1,93.47723,112.0
232,149,0,89.10793,111.0
232,150,2,83.18624,110.0
232,151,0,69.88129,109.0
232,152,3,76.60505,108.0
232,153,4,72.90436,107.0
232,154,3,69.206535,106.0
232,155,2,66.71589,105.0
232,156,1,70.747505,104.0
232,157,5,65.55132,103.0
232,158,3,78.46759,102.0
232,159,5,56.610535,101.0
233,36,1,109.49118,125.0
233,37,3,110.14558,125.0
233,38,4,116.331276,125.0
233,39,5,124.863914,125.0
233,40,2,113.932076,125.0
234,36,4,113.88393,125.0
234,37,3,112.25963,125.0
234,38,5,118.98551,125.0
234,39,2,121.411644,125.0
234,40,0,121.45139,125.0
234,41,4,125.01477,125.0
234,42,1,131.05272,125.0
234,43,0,130.236,125.0
234,44,3,119.965294,125.0
234,45,0,121.65429,125.0
234,46,4,112.19693,125.0
234,47,5,114.5522,125.0
234,48,5,113.88162,125.0
234,49,1,121.71162,125.0
234,50,0,120.16952,125.0
234,51,5,113.20094,125.0
234,52,1,104.18484,125.0
234,53,5,111.67127,125.0
234,54,5,95.59739,125.0
234,55,0,96.89809,125.0
234,56,5,104.64138,125.0
234,57,0,87.27247,125.0
234,58,4,115.8731,125.0
234,59,0,110.04188,125.0
234,60,0,98.31222,125.0
234,61,1,108.77175,125.0
234,62,0,82.805336,125.0
234,63,0,68.55996,125.0
234,64,0,56.746742,125.0
234,65,3,71.04125,125.0
234,66,2,95.3119,125.0
234,67,4,122.33688,125.0
234,68,2,124.698555,125.0
234,69,4,121.49334,125.0
234,70,0,119.87569,125.0
234,71,2,116.30236,125.0
234,72,0,109.731026,125.0
234,73,1,110.74091,125.0
234,74,0,105.94494,125.0
234,75,5,107.05553,125.0
234,76,0,121.846016,125.0
234,77,1,114.082405,125.0
234,78,5,116.1164,125.0
234,79,3,109.41308,125.0
234,80,4,110.27091,125.0
234,81,2,112.54789,125.0
234,82,0,106.32656,125.0
234,83,2,108.20629,125.0
234,84,5,111.799965,125.0
234,85,1,115.63298,125.0
234,86,5,115.94236,125.0
234,87,2,119.77921,125.0
234,88,2,120.94714,125.0
234,89,0,119.3752,125.0
234,90,3,121.73531,125.0
234,91,1,124.611015,125.0
234,92,2,123.11993,125.0
234,93,0,128.13753,125.0
234,94,0,116.278496,125.0
234,95,1,123.16665,125.0
234,96,0,122.546844,125.0
234,97,1,127.63177,125.0
234,98,4,124.33584,125.0
234,99,0,123.533195,125.0
234,100,2,110.66665,125.0
234,101,2,113.532265,125.0
234,102,5,110.57806,125.0
234,103,3,98.990166,125.0
234,104,1,84.85475,125.0
234,105,0,90.22943,125.0
234,106,3,85.25553,125.0
234,107,3,104.14237,125.0
234,108,0,95.0123,125.0
234,109,0,90.51913,125.0
234,110,2,104.28521,125.0
234,111,2,111.990395,125.0
234,112,0,110.78509,124.0
234,113,0,108.126045,123.0
234,114,2,97.993645,122.0
234,115,2,112.295456,121.0
234,116,1,116.34747,120.0
234,117,4,116.824165,119.0
234,118,1,124.11736,118.0
234,119,1,115.58484,117.0
234,120,2,111.13016,116.0
234,121,2,109.25158,115.0
234,122,0,102.894966,114.0
234,123,2,84.36807,113.0
234,124,4,74.63221,112.0
234,125,1,65.555534,111.0
234,126,0,96.776115,110.0
234,127,0,99.65151,109.0
234,128,2,97.98483,108.0
234,129,0,112.195854,107.0
234,130,4,104.44572,106.0
234,131,4,101.707726,105.0
234,132,4,85.0223,104.0
234,133,3,89.21078,103.0
234,134,3,84.151596,102.0
234,135,2,92.963295,101.0
234,136,4,84.875374,100.0
234,137,0,100.22232,99.0
234,138,2,103.92281,98.0
234,139,1,108.741356,97.0
234,140,4,99.58819,96.0
234,141,1,102.90327,95.0
234,142,3,114.44568,94.0
234,143,3,113.091286,93.0
234,144,2,111.4198,92.0
234,145,0,107.88831,91.0
234,146,4,116.48248,90.0
234,147,3,117.60793,89.0
235,36,3,111.38792,125.0
235,37,4,109.63797,125.0
235,38,5,117.96792,125.0
235,39,3,113.14652,125.0
235,40,4,109.78981,125.0
235,41,5,107.04234,125.0
235,42,5,111.73843,125.0
235,43,2,116.74502,125.0
235,44,3,106.70764,125.0
235,45,0,104.66021,125.0
235,46,2,115.45572,125.0
235,47,0,92.67726,125.0
235,48,0,112.825966,125.0
235,49,4,116.23556,125.0
235,50,2,108.46017,125.0
235,51,5,109.95496,125.0
235,52,0,107.120026,125.0
235,53,5,111.02957,125.0
235,54,2,116.102486,125.0
235,55,4,112.12643,125.0
235,56,1,108.67902,125.0
235,57,5,104.58855,125.0
235,58,1,111.8495,125.0
235,59,2,110.483444,125.0
235,60,1,97.74119,125.0
235,61,0,97.37443,125.0
235,62,3,107.323845,125.0
235,63,4,93.97022,125.0
235,64,5,79.88764,125.0
235,65,0,79.56272,125.0
235,66,4,71.0817,125.0
235,67,0,86.5537,125.0
235,68,5,94.98895,125.0
235,69,3,102.598274,125.0
235,70,5,116.725235,125.0
235,71,0,115.020256,125.0
235,72,5,114.30161,125.0
235,73,2,111.284836,125.0
235,74,2,123.69279,125.0
235,75,0,118.59372,125.0
235,76,2,122.985146,125.0
235,77,3,121.31389,125.0
235,78,2,114.856285,125.0
235,79,4,123.28068,125.0
235,80,1,116.42495,125.0
235,81,5,120.59837,125.0
235,82,5,121.32348,125.0
235,83,1,114.77012,125.0
235,84,1,123.06947,125.0
235,85,0,124.79874,125.0
235,86,3,121.70255,125.0
235,87,3,117.20878,125.0
235,88,0,118.90832,125.0
235,89,5,122.382706,125.0
235,90,0,105.00878,125.0
235,91,4,107.396484,125.0
235,92,2,112.83529,125.0
235,93,2,109.602455,125.0
235,94,0,107.764656,125.0
235,95,3,119.110634,125.0
235,96,2,107.722565,125.0
235,97,5,119.46571,125.0
235,98,4,124.78686,125.0
235,99,5,124.4648,125.0
235,100,1,120.72061,125.0
235,101,0,120.245384,125.0
235,102,2,114.642525,125.0
236,36,3,104.01197,125.0
236,37,1,124.08466,125.0
236,38,3,118.7222,125.0
236,39,4,117.34049,125.0
236,40,2,123.13372,125.0
236,41,1,121.70343,125.0
236,42,2,118.11341,125.0
236,43,2,124.59174,125.0
236,44,5,118.47123,125.0
236,45,0,122.390816,125.0
236,46,4,118.41718,125.0
236,47,5,125.26559,125.0
236,48,4,107.77124,125.0
236,49,1,100.98945,125.0
236,50,2,108.36965,125.0
236,51,0,111.517136,125.0
236,52,1,116.748405,125.0
236,53,0,119.011696,125.0
236,54,2,115.15537,125.0
236,55,5,120.11573,125.0
236,56,5,112.53825,125.0
236,57,3,101.21317,125.0
236,58,3,98.25713,125.0
236,59,2,114.81201,125.0
236,60,3,116.54929,125.0
236,61,3,112.695564,125.0
236,62,0,81.290474,125.0
236,63,2,95.01159,125.0
236,64,2,85.97422,125.0
236,65,3,91.606735,125.0
236,66,1,106.370895,125.0
236,67,5,94.78501,125.0
236,68,0,98.44676,125.0
236,69,2,115.40469,125.0
236,70,2,106.27617,125.0
236,71,3,106.00575,125.0
236,72,2,98.470024,125.0
236,73,0,101.936485,125.0
236,74,4,112.9108,125.0
236,75,0,110.9971,125.0
236,76,3,110.20397,125.0
236,77,0,110.03533,125.0
236,78,4,117.43155,125.0
236,79,2,120.30329,125.0
236,80,1,119.61856,125.0
236,81,0,112.0635,125.0
236,82,5,121.098915,125.0
236,83,5,106.15881,125.0
236,84,0,105.18548,125.0
236,85,4,121.13377,125.0
236,86,5,122.31693,125.0
236,87,0,112.39743,125.0
236,88,5,102.42431,125.0
236,89,5,99.28176,125.0
236,90,1,92.51474,125.0
236,91,0,78.14062,125.0
236,92,1,69.86503,125.0
236,93,0,75.88837,125.0
236,94,0,88.49674,125.0
236,95,1,89.64272,125.0
236,96,5,84.65807,125.0
236,97,2,113.22682,125.0
236,98,2,105.80198,125.0
236,99,5,113.89777,125.0
236,100,0,109.54069,125.0
236,101,0,115.389336,125.0
236,102,1,117.03191,125.0
236,103,1,112.88172,125.0
236,104,4,116.09513,125.0
236,105,4,116.85979,125.0
236,106,0,120.14601,125.0
236,107,1,118.42747,125.0
236,108,3,120.938515,125.0
236,109,2,118.60552,125.0
236,110,4,127.55485,125.0
236,111,2,121.07112,125.0
236,112,4,108.4347,125.0
236,113,5,120.26734,125.0
236,114,0,123.59809,125.0
236,115,4,101.70521,125.0
236,116,4,90.09315,125.0
236,117,4,66.503586,125.0
236,118,3,84.58255,125.0
236,119,0,102.245125,125.0
236,120,4,82.7803,125.0
236,121,0,98.05199,125.0
236,122,2,98.48791,125.0
236,123,0,103.897835,125.0
236,124,1,110.85059,125.0
236,125,1,107.85304,125.0
236,126,2,84.11096,125.0
236,127,2,88.759155,125.0
236,128,1,81.02033,125.0
236,129,5,81.63496,125.0
236,130,5,97.961266,125.0
236,131,1,106.52311,125.0
236,132,0,92.78775,125.0
236,133,0,92.16398,125.0
236,134,4,95.601364,125.0
236,135,4,74.147,125.0
236,136,1,87.20073,125.0
236,137,4,91.60154,125.0
236,138,3,89.27702,125.0
236,139,1,83.59515,125.0
236,140,4,87.40298,125.0
236,141,0,85.951645,125.0
236,142,3,102.38888,125.0
236,143,3,100.24412,125.0
236,144,3,86.09864,125.0
236,145,3,88.21722,125.0
236,146,2,87.2317,125.0
236,147,4,99.78305,125.0
236,148,0,98.04814,125.0
236,149,5,101.44994,125.0
236,150,0,108.753136,125.0
236,151,0,113.02477,125.0
236,152,0,112.50158,125.0
236,153,1,113.493385,125.0
236,154,3,111.03243,125.0
236,155,1,99.95081,125.0
236,156,0,95.11632,125.0
236,157,0,82.52621,125.0
236,158,4,94.392555,125.0
236,159,4,90.68665,125.0
236,160,0,107.52071,125.0
236,161,4,98.184814,125.0
236,162,5,93.44605,124.0
236,163,5,96.45922,123.0
236,164,2,113.82226,122.0
236,165,3,97.220795,121.0
236,166,3,97.12059,120.0
236,167,2,98.751274,119.0
236,168,0,95.38246,118.0
236,169,4,100.86132,117.0
236,170,1,114.0388,116.0
236,171,3,116.040855,115.0
236,172,1,109.93299,114.0
236,173,0,109.51465,113.0
236,174,5,101.24177,112.0
236,175,1,79.46094,111.0
236,176,1,83.39556,110.0
236,177,0,84.806465,109.0
236,178,0,103.28858,108.0
236,179,4,85.94384,107.0
236,180,0,94.8781,106.0
236,181,0,82.3559,105.0
236,182,2,88.72146,104.0
236,183,0,93.6377,103.0
236,184,4,91.84047,102.0
236,185,1,87.2322,101.0
236,186,0,93.36378,100.0
236,187,0,96.730095,99.0
236,188,0,93.05554,98.0
236,189,0,92.589676,97.0
236,190,3,81.49206,96.0
236,191,4,85.26382,95.0
236,192,0,91.661476,94.0
236,193,4,90.59063,93.0
236,194,0,90.40807,92.0
236,195,2,88.524155,91.0
236,196,2,68.87406,90.0
236,197,3,75.45137,89.0
236,198,3,84.773186,88.0
236,199,3,92.327515,87.0
236,200,4,84.19135,86.0
236,201,0,84.04311,85.0
236,202,0,75.18626,84.0
236,203,5,75.08308,83.0
236,204,5,65.392365,82.0
236,205,0,75.01809,81.0
236,206,0,66.99683,80.0
236,207,4,63.39741,79.0
236,208,2,74.5508,78.0
236,209,5,78.318184,77.0
236,210,2,66.17889,76.0
236,211,1,49.055695,75.0
236,212,4,39.24724,74.0
236,213,2,38.603035,73.0
236,214,1,41.646103,72.0
236,215,4,33.11076,71.0
236,216,4,50.954624,70.0
236,217,0,54.6969,69.0
236,218,4,45.969444,68.0
236,219,5,43.283543,67.0
236,220,1,40.3414,66.0
236,221,1,45.87432,65.0
236,222,3,54.705795,64.0
236,223,5,52.43171,63.0
236,224,5,57.740616,62.0
236,225,0,45.73625,61.0
236,226,3,51.96683,60.0
236,227,0,48.74838,59.0
236,228,0,46.25107,58.0
236,229,0,38.49137,57.0
236,230,4,38.73371,56.0
236,231,1,34.419655,55.0
236,232,2,40.276947,54.0
236,233,2,42.140457,53.0
236,234,1,34.17475,52.0
236,235,5,35.11172,51.0
236,236,2,37.595284,50.0
236,237,3,32.568085,49.0
236,238,0,32.886124,48.0
236,239,2,37.5991,47.0
236,240,0,32.177994,46.0
236,241,1,31.101486,45.0
236,242,5,28.950697,44.0
236,243,3,23.948517,43.0
236,244,0,28.603184,42.0
236,245,0,30.745447,41.0
236,246,0,29.306438,40.0
236,247,3,26.108236,39.0
236,248,0,28.685566,38.0
236,249,1,27.01669,37.0
236,250,4,36.059387,36.0
236,251,5,25.14669,35.0
236,252,0,32.7733,34.0
236,253,4,24.753714,33.0
236,254,4,28.381916,32.0
236,255,0,27.855171,31.0
236,256,5,26.528004,30.0
236,257,2,25.967648,29.0
236,258,2,19.42144,28.0
236,259,0,20.66067,27.0
236,260,5,17.454927,26.0
236,261,5,12.344678,25.0
236,262,5,13.151471,24.0
236,263,0,18.233608,23.0
236,264,1,14.174611,22.0
236,265,5,14.411587,21.0
236,266,5,15.406608,20.0
236,267,4,12.87337,19.0
236,268,0,13.933866,18.0
236,269,0,15.826005,17.0
236,270,0,16.434298,16.0
236,271,4,15.285738,15.0
236,272,5,14.704036,14.0
236,273,3,14.5369215,13.0
236,274,3,14.964065,12.0
237,36,0,106.92343,125.0
237,37,2,116.97395,125.0
237,38,0,115.95641,125.0
237,39,0,117.689095,125.0
237,40,2,119.65719,125.0
237,41,5,118.96837,125.0
237,42,1,117.991875,125.0
237,43,2,115.31451,125.0
237,44,1,115.64446,125.0
237,45,3,113.30665,125.0
237,46,4,107.75434,125.0
237,47,0,113.921104,125.0
237,48,0,116.32642,125.0
237,49,4,113.52314,125.0
237,50,5,122.28852,125.0
237,51,5,119.75198,125.0
237,52,0,122.427605,125.0
237,53,4,121.73371,125.0
237,54,1,125.58439,125.0
237,55,4,120.81103,125.0
237,56,5,109.2006,125.0
237,57,3,121.78542,125.0
237,58,5,114.66466,125.0
237,59,1,112.98908,125.0
237,60,1,113.8202,125.0
237,61,1,100.91329,125.0
237,62,0,110.62763,125.0
237,63,1,109.8505,125.0
237,64,2,112.29547,125.0
237,65,2,110.41317,125.0
237,66,3,116.8217,125.0
237,67,3,118.80726,125.0
237,68,3,109.702324,125.0
237,69,5,107.81101,125.0
237,70,3,96.17693,125.0
237,71,3,106.447495,125.0
237,72,4,109.487656,125.0
237,73,4,117.84545,125.0
237,74,1,122.77856,125.0
237,75,4,120.71932,125.0
237,76,5,118.1875,125.0
237,77,4,112.666046,125.0
237,78,1,115.79383,125.0
237,79,0,116.26226,125.0
237,80,2,125.23643,125.0
237,81,5,123.448425,125.0
237,82,3,113.91586,125.0
237,83,3,113.45523,125.0
237,84,2,118.458694,125.0
237,85,3,97.590096,125.0
237,86,3,89.58088,125.0
237,87,5,110.540306,125.0
237,88,5,103.758896,125.0
237,89,2,103.541985,125.0
237,90,3,115.57787,125.0
237,91,2,112.4112,125.0
237,92,5,108.26926,125.0
237,93,4,114.41122,125.0
237,94,1,120.1892,125.0
237,95,0,124.808525,125.0
237,96,2,121.44427,125.0
237,97,3,110.38236,125.0
237,98,3,119.12974,125.0
237,99,5,119.59509,125.0
237,100,0,117.6895,125.0
237,101,2,113.64139,125.0
237,102,4,116.67589,125.0
237,103,2,108.782104,125.0
237,104,0,107.05729,125.0
237,105,0,111.28977,125.0
237,106,4,107.86692,125.0
237,107,3,113.41773,125.0
237,108,0,114.51252,125.0
237,109,0,123.87717,125.0
237,110,4,121.9894,125.0
237,111,0,113.28666,125.0
237,112,4,106.18569,125.0
237,113,0,105.14651,125.0
237,114,0,94.21262,125.0
237,115,5,91.98828,125.0
237,116,3,106.52853,125.0
237,117,0,109.02619,125.0
237,118,1,104.28595,125.0
237,119,3,110.62169,125.0
237,120,3,107.17989,125.0
237,121,5,115.6964,125.0
237,122,0,115.16019,125.0
237,123,3,98.238396,125.0
237,124,5,110.23292,125.0
237,125,0,103.24314,125.0
237,126,1,101.991356,125.0
237,127,2,120.25503,125.0
237,128,0,113.011955,125.0
237,129,4,120.66294,125.0
237,130,1,116.85725,125.0
237,131,0,117.07823,125.0
237,132,1,118.90672,125.0
237,133,0,118.54488,125.0
237,134,1,120.01439,125.0
237,135,1,109.10894,125.0
237,136,3,112.235115,125.0
237,137,2,120.70423,125.0
237,138,3,119.67235,125.0
237,139,1,115.95562,125.0
237,140,0,111.16929,125.0
237,141,4,103.74807,125.0
237,142,1,104.065125,125.0
237,143,3,108.55542,125.0
237,144,0,104.23553,125.0
237,145,3,105.99609,125.0
237,146,1,110.11303,125.0
237,147,2,116.26046,125.0
237,148,4,104.58817,125.0
237,149,4,66.39767,125.0
237,150,3,83.61204,125.0
237,151,5,108.46916,125.0
237,152,2,107.02891,125.0
237,153,3,108.28345,125.0
237,154,0,118.99215,125.0
237,155,1,112.087555,125.0
237,156,4,115.36382,125.0
237,157,0,124.277916,125.0
237,158,0,118.04246,125.0
237,159,2,114.45353,125.0
237,160,4,111.92472,125.0
237,161,0,116.385704,125.0
237,162,1,120.82394,125.0
237,163,5,117.17696,125.0
237,164,0,116.175865,125.0
237,165,5,110.14234,125.0
237,166,1,103.31832,125.0
237,167,4,103.2398,125.0
237,168,4,93.33381,125.0
237,169,5,86.76215,125.0
237,170,0,82.42477,125.0
237,171,4,89.07375,125.0
237,172,2,101.158195,125.0
237,173,2,99.93799,124.0
237,174,5,106.28025,123.0
237,175,5,113.98911,122.0
237,176,5,115.761284,121.0
237,177,1,99.539604,120.0
237,178,4,90.72401,119.0
237,179,5,106.65164,118.0
237,180,2,110.3454,117.0
237,181,3,113.72944,116.0
237,182,1,117.4595,115.0
237,183,2,118.13412,114.0
237,184,1,118.120155,113.0
237,185,1,112.94327,112.0
237,186,1,113.099915,111.0
237,187,1,107.00709,110.0
237,188,3,109.07595,109.0
237,189,3,99.59446,108.0
237,190,0,111.225365,107.0
237,191,5,102.60397,106.0
237,192,5,109.66429,105.0
237,193,2,111.18708,104.0
237,194,0,112.59183,103.0
237,195,2,106.04344,102.0
237,196,0,115.2481,101.0
237,197,0,93.547356,100.0
237,198,5,91.10316,99.0
237,199,3,87.53765,98.0
237,200,3,67.44139,97.0
237,201,2,64.30868,96.0
237,202,2,75.46441,95.0
237,203,2,90.65007,94.0
237,204,0,100.55302,93.0
237,205,4,107.26098,92.0
237,206,2,91.90632,91.0
237,207,4,101.92196,90.0
237,208,3,89.20994,89.0
237,209,2,74.92195,88.0
237,210,2,80.24352,87.0
237,211,4,76.53916,86.0
237,212,3,97.6108,85.0
237,213,5,98.55172,84.0
237,214,0,93.8122,83.0
237,215,1,103.80838,82.0
237,216,4,102.978096,81.0
237,217,1,105.525444,80.0
237,218,4,87.606064,79.0
237,219,4,76.310585,78.0
237,220,4,58.83444,77.0
237,221,4,44.882645,76.0
237,222,4,32.519775,75.0
237,223,0,45.85684,74.0
237,224,3,59.18399,73.0
237,225,5,81.0324,72.0
237,226,0,84.92045,71.0
237,227,1,81.58515,70.0
237,228,4,78.888466,69.0
237,229,0,84.491356,68.0
237,230,2,90.24763,67.0
237,231,0,112.65079,66.0
237,232,0,108.44949,65.0
237,233,3,102.77119,64.0
237,234,1,88.37841,63.0
237,235,2,100.05236,62.0
238,36,4,110.004524,125.0
238,37,3,112.483505,125.0
238,38,3,102.39105,125.0
238,39,1,121.818794,125.0
238,40,0,117.2866,125.0
238,41,0,120.957054,125.0
238,42,0,124.85861,125.0
238,43,5,122.46296,125.0
238,44,2,115.648445,125.0
238,45,2,111.86824,125.0
238,46,2,114.13282,125.0
238,47,0,124.31715,125.0
238,48,1,117.99744,125.0
238,49,4,123.93813,125.0
238,50,3,122.108055,125.0
238,51,2,114.09774,125.0
238,52,1,100.11656,125.0
238,53,2,89.26882,125.0
238,54,0,110.069336,125.0
238,55,4,109.26694,125.0
238,56,0,119.98796,125.0
238,57,3,122.13244,125.0
238,58,0,122.84545,125.0
238,59,0,129.07535,125.0
238,60,5,120.30368,125.0
238,61,0,115.96259,125.0
238,62,4,116.55121,125.0
238,63,4,121.91191,125.0
238,64,5,118.53043,125.0
238,65,1,122.79153,125.0
238,66,3,110.339874,125.0
238,67,0,114.276085,125.0
238,68,0,110.800835,125.0
238,69,0,124.536934,125.0
238,70,5,119.92387,125.0
238,71,2,117.14823,125.0
238,72,3,118.25527,125.0
238,73,5,118.76065,125.0
238,74,3,112.565956,125.0
238,75,3,108.17588,125.0
238,76,4,104.73859,125.0
238,77,3,98.42356,125.0
238,78,1,92.670105,125.0
238,79,5,92.21657,125.0
238,80,5,105.309685,125.0
238,81,0,106.64312,125.0
238,82,4,116.17752,125.0
238,83,5,113.967995,125.0
238,84,0,114.32849,125.0
238,85,5,111.15272,125.0
238,86,2,116.66416,125.0
238,87,5,113.886375,125.0
238,88,3,113.07477,125.0
238,89,3,114.16778,125.0
238,90,3,113.95078,125.0
238,91,4,103.5013,125.0
238,92,1,114.12828,125.0
238,93,2,109.765465,125.0
238,94,2,111.19135,125.0
239,36,2,104.15009,125.0
239,37,4,115.94993,125.0
239,38,0,117.58283,125.0
239,39,0,124.79175,125.0
239,40,0,106.24265,125.0
239,41,2,122.56642,125.0
239,42,4,123.24207,125.0
239,43,3,120.99828,125.0
239,44,4,125.195786,125.0
239,45,4,113.87577,125.0
239,46,0,119.86385,125.0
239,47,1,126.278366,125.0
239,48,2,111.05706,125.0
239,49,0,110.37199,125.0
239,50,0,113.11128,125.0
239,51,1,115.17286,125.0
239,52,0,111.72666,125.0
239,53,5,104.76683,125.0
239,54,1,106.206154,125.0
239,55,1,118.825226,125.0
239,56,3,109.57339,125.0
239,57,1,122.40944,125.0
239,58,5,120.04351,125.0
239,59,4,121.94233,125.0
239,60,1,118.82114,125.0
239,61,3,113.99275,125.0
239,62,3,119.046646,125.0
239,63,1,123.24122,125.0
239,64,0,120.85642,125.0
239,65,5,122.675385,125.0
239,66,4,120.64498,125.0
239,67,5,120.568825,125.0
239,68,0,118.92601,125.0
239,69,3,119.34016,125.0
239,70,4,124.52131,125.0
239,71,2,129.12115,125.0
239,72,5,119.197136,125.0
239,73,0,117.55267,125.0
239,74,1,115.063515,125.0
239,75,0,123.44105,125.0
239,76,2,124.294586,125.0
239,77,1,121.966286,125.0
239,78,5,116.946846,125.0
239,79,0,120.57103,125.0
239,80,2,117.933914,125.0
239,81,1,116.715004,125.0
239,82,0,122.92495,125.0
239,83,0,122.581215,124.0
239,84,0,123.07456,123.0
239,85,5,121.27924,122.0
239,86,2,122.207565,121.0
239,87,3,120.582504,120.0
239,88,0,112.206474,119.0
239,89,2,111.82158,118.0
239,90,2,108.44044,117.0
239,91,0,118.645096,116.0
239,92,1,116.44693,115.0
239,93,3,121.87717,114.0
239,94,5,113.55285,113.0
239,95,2,106.16618,112.0
239,96,3,89.68917,111.0
239,97,2,110.53062,110.0
239,98,5,104.381935,109.0
239,99,0,110.30973,108.0
239,100,1,114.4493,107.0
239,101,2,119.87783,106.0
239,102,0,118.74305,105.0
239,103,0,114.82072,104.0
239,104,3,114.17898,103.0
239,105,2,115.71699,102.0
239,106,5,111.779655,101.0
240,36,0,90.919624,125.0
240,37,1,110.802055,125.0
240,38,3,115.97965,125.0
240,39,0,119.410446,125.0
240,40,1,117.4891,125.0
240,41,5,119.18166,125.0
240,42,4,120.23037,125.0
240,43,4,114.226906,125.0
240,44,4,108.68506,125.0
240,45,2,103.2636,125.0
240,46,1,121.038124,125.0
240,47,1,116.29848,124.0
240,48,2,110.98744,123.0
240,49,3,110.2197,122.0
240,50,0,109.22984,121.0
241,36,1,47.559467,125.0
241,37,1,50.464165,125.0
241,38,1,66.50954,125.0
241,39,0,50.978245,125.0
241,40,4,36.59809,125.0
241,41,5,54.386024,125.0
241,42,4,56.960747,125.0
241,43,2,50.346626,125.0
241,44,4,48.29242,125.0
242,36,2,105.27365,125.0
242,37,0,102.8646,125.0
242,38,4,110.3254,125.0
242,39,1,111.46273,125.0
242,40,2,109.256226,125.0
242,41,3,111.571495,125.0
242,42,1,115.82305,125.0
242,43,2,118.2942,125.0
242,44,2,116.62361,125.0
242,45,5,114.98571,125.0
242,46,1,112.91542,125.0
242,47,4,117.478264,125.0
242,48,1,114.40177,125.0
242,49,1,118.5941,125.0
242,50,4,106.27748,125.0
242,51,4,91.4325,125.0
242,52,3,77.541275,125.0
242,53,3,95.17684,125.0
242,54,4,87.965,125.0
242,55,1,91.68462,125.0
242,56,5,92.78318,125.0
242,57,2,74.55497,125.0
242,58,2,94.9051,125.0
242,59,2,96.22611,125.0
242,60,1,105.07844,125.0
242,61,3,107.02331,125.0
242,62,2,99.51428,125.0
242,63,0,105.22585,125.0
242,64,5,113.39213,125.0
242,65,1,118.50192,125.0
242,66,0,117.50693,125.0
242,67,5,108.73713,125.0
242,68,3,113.85034,125.0
242,69,1,111.08892,125.0
242,70,0,113.02387,125.0
242,71,0,84.021904,125.0
242,72,2,88.99801,125.0
242,73,5,86.99412,125.0
242,74,2,85.93488,125.0
242,75,5,99.79569,125.0
242,76,3,107.660736,125.0
242,77,2,101.08973,125.0
242,78,0,98.48896,125.0
242,79,0,83.78321,125.0
242,80,1,85.03095,125.0
242,81,3,82.00599,125.0
242,82,0,81.172905,125.0
242,83,2,100.33085,125.0
242,84,4,120.1995,125.0
242,85,3,110.9199,125.0
242,86,3,112.0159,125.0
242,87,1,107.32807,124.0
242,88,4,102.70725,123.0
242,89,2,111.88538,122.0
242,90,0,104.16804,121.0
242,91,2,100.73902,120.0
242,92,0,107.375725,119.0
242,93,4,103.71287,118.0
242,94,1,90.180046,117.0
242,95,0,107.8852,116.0
242,96,4,101.778755,115.0
242,97,4,86.82784,114.0
242,98,0,76.88352,113.0
242,99,1,61.604168,112.0
242,100,0,96.58124,111.0
242,101,0,104.68463,110.0
242,102,2,104.089294,109.0
242,103,4,98.62522,108.0
242,104,4,97.6273,107.0
242,105,3,103.57087,106.0
242,106,1,104.011215,105.0
242,107,0,111.677475,104.0
242,108,0,100.702354,103.0
242,109,0,112.702576,102.0
242,110,2,113.83847,101.0
242,111,3,118.2756,100.0
242,112,2,111.56644,99.0
242,113,3,113.33991,98.0
242,114,2,110.49142,97.0
242,115,1,110.17278,96.0
242,116,5,104.05775,95.0
242,117,0,111.2355,94.0
242,118,3,107.776054,93.0
242,119,4,115.01117,92.0
242,120,3,99.05927,91.0
242,121,3,95.1108,90.0
242,122,1,90.45706,89.0
242,123,0,66.15914,88.0
242,124,0,91.01807,87.0
242,125,0,86.534676,86.0
242,126,0,81.365364,85.0
242,127,4,92.39361,84.0
242,128,1,112.7152,83.0
242,129,3,108.09292,82.0
242,130,2,104.628456,81.0
242,131,5,117.94593,80.0
242,132,0,116.97645,79.0
242,133,0,118.19145,78.0
242,134,1,113.84113,77.0
242,135,5,103.609604,76.0
242,136,0,96.765594,75.0
242,137,0,64.88176,74.0
242,138,3,80.52204,73.0
242,139,1,85.5597,72.0
242,140,3,98.30981,71.0
242,141,4,91.66507,70.0
242,142,4,90.46194,69.0
242,143,3,84.24767,68.0
242,144,0,97.69708,67.0
242,145,4,70.69652,66.0
242,146,3,89.82328,65.0
242,147,5,87.830864,64.0
242,148,4,77.32273,63.0
242,149,3,75.51702,62.0
242,150,5,78.6254,61.0
242,151,0,87.65731,60.0
242,152,5,94.676735,59.0
242,153,3,92.82423,58.0
242,154,2,95.4301,57.0
242,155,3,88.232216,56.0
242,156,5,84.873665,55.0
242,157,0,96.695625,54.0
242,158,5,99.49163,53.0
242,159,5,111.08818,52.0
242,160,3,103.704254,51.0
242,161,3,105.77975,50.0
242,162,3,93.64594,49.0
242,163,2,88.01856,48.0
242,164,2,78.75354,47.0
242,165,5,66.54392,46.0
242,166,4,71.35911,45.0
242,167,5,53.841774,44.0
242,168,2,50.155098,43.0
242,169,3,54.140472,42.0
242,170,0,72.201035,41.0
242,171,0,64.21017,40.0
242,172,1,58.128937,39.0
242,173,4,49.1812,38.0
242,174,1,57.41738,37.0
242,175,5,55.58591,36.0
242,176,4,72.197014,35.0
242,177,0,71.58321,34.0
242,178,0,67.31226,33.0
242,179,0,68.45249,32.0
242,180,3,75.5904,31.0
242,181,1,68.79146,30.0
242,182,4,56.21434,29.0
242,183,0,65.71571,28.0
242,184,5,56.113205,27.0
242,185,0,40.457603,26.0
242,186,5,44.242905,25.0
242,187,4,35.678005,24.0
242,188,0,35.239563,23.0
242,189,2,41.137802,22.0
242,190,5,34.27392,21.0
242,191,0,41.949745,20.0
242,192,0,39.941353,19.0
242,193,1,40.504154,18.0
242,194,5,43.614914,17.0
243,36,3,100.82621,125.0
243,37,2,116.83373,125.0
243,38,4,113.34855,125.0
243,39,4,113.31301,125.0
243,40,5,117.866844,125.0
244,36,5,50.73147,125.0
244,37,5,63.53383,125.0
244,38,1,66.832405,125.0
244,39,0,44.703575,125.0
244,40,0,57.718494,125.0
244,41,0,35.982994,125.0
244,42,4,88.387726,125.0
244,43,5,103.985954,125.0
244,44,4,107.41392,125.0
244,45,2,113.86195,125.0
244,46,4,111.8038,125.0
244,47,2,112.366615,125.0
244,48,2,95.60909,125.0
244,49,3,92.64156,125.0
245,36,4,110.938,125.0
245,37,1,122.738945,125.0
245,38,3,113.97718,125.0
245,39,4,111.71316,125.0
245,40,3,111.02134,125.0
245,41,3,106.54891,125.0
245,42,0,109.52398,125.0
245,43,3,111.1709,125.0
245,44,5,116.18909,125.0
245,45,5,119.10932,125.0
245,46,4,119.62213,125.0
245,47,1,120.89394,125.0
245,48,3,119.6347,125.0
245,49,2,114.63877,125.0
245,50,4,120.16783,125.0
245,51,0,120.34937,125.0
245,52,0,102.741356,125.0
245,53,0,99.06438,125.0
245,54,5,115.03588,125.0
245,55,0,120.12507,125.0
245,56,4,112.01427,125.0
245,57,5,110.808876,125.0
245,58,1,116.6195,125.0
245,59,0,119.43336,125.0
245,60,3,117.90029,125.0
245,61,2,119.22853,125.0
245,62,0,108.89362,125.0
245,63,1,111.80962,125.0
245,64,0,116.68238,125.0
245,65,1,107.50237,125.0
245,66,0,88.05451,125.0
245,67,1,73.05628,125.0
245,68,4,96.32898,125.0
245,69,0,100.92539,125.0
245,70,3,120.66013,125.0
245,71,2,120.06727,125.0
245,72,1,124.24619,125.0
245,73,4,114.42315,125.0
245,74,2,114.10613,125.0
245,75,0,115.18284,125.0
245,76,2,116.30591,125.0
245,77,1,106.667915,125.0
245,78,0,116.40513,125.0
245,79,5,126.60636,125.0
245,80,0,123.55212,125.0
245,81,0,126.11227,125.0
245,82,3,121.68895,125.0
245,83,5,125.183235,125.0
245,84,5,124.526924,125.0
245,85,1,114.19316,125.0
245,86,0,125.93963,125.0
245,87,3,127.26861,125.0
245,88,0,124.564415,125.0
245,89,1,123.12209,125.0
245,90,0,115.218124,125.0
245,91,3,118.505135,125.0
245,92,4,125.61468,125.0
245,93,0,122.084816,125.0
245,94,4,121.190125,125.0
245,95,1,115.2029,125.0
245,96,1,107.642845,125.0
245,97,1,114.89269,125.0
245,98,1,115.71247,125.0
245,99,3,117.86106,125.0
245,100,4,126.163795,125.0
245,101,0,116.3189,125.0
245,102,5,109.15401,125.0
245,103,3,122.01834,125.0
245,104,0,108.88264,125.0
245,105,2,110.8,125.0
245,106,5,112.83457,125.0
245,107,5,112.18675,125.0
245,108,0,117.227234,125.0
245,109,5,122.70838,125.0
245,110,2,108.34406,125.0
245,111,4,113.98813,125.0
245,112,1,102.78025,125.0
245,113,3,103.61991,125.0
245,114,2,100.37184,125.0
245,115,5,110.19845,125.0
245,116,5,112.72024,125.0
245,117,1,118.36477,125.0
245,118,1,120.92379,125.0
245,119,0,121.768456,125.0
245,120,0,121.12356,125.0
245,121,4,118.709854,125.0
245,122,2,118.76646,125.0
245,123,3,118.65135,125.0
245,124,2,117.35671,125.0
245,125,4,121.40482,125.0
245,126,1,117.86362,125.0
245,127,0,125.22048,125.0
245,128,3,116.47275,125.0
245,129,3,108.67047,125.0
245,130,5,99.39617,125.0
245,131,5,102.35254,125.0
245,132,5,109.01798,125.0
245,133,0,107.30772,125.0
245,134,3,105.871895,125.0
245,135,5,109.529816,125.0
245,136,4,115.587715,125.0
245,137,0,106.74359,125.0
245,138,4,106.945496,125.0
245,139,2,106.57534,125.0
245,140,4,104.77817,125.0
245,141,2,108.619354,125.0
245,142,4,112.516396,125.0
245,143,0,121.08965,125.0
245,144,3,125.890785,125.0
245,145,4,122.42544,125.0
245,146,2,111.160866,125.0
245,147,0,103.86368,125.0
245,148,0,115.55239,125.0
245,149,4,109.14974,125.0
245,150,3,106.53306,125.0
245,151,5,105.903114,125.0
245,152,0,116.26353,125.0
245,153,2,95.403915,125.0
245,154,5,104.13317,125.0
245,155,0,78.310165,125.0
245,156,3,60.992165,125.0
245,157,3,55.161648,124.0
245,158,5,59.42832,123.0
245,159,4,70.282364,122.0
245,160,5,76.12484,121.0
245,161,0,75.52397,120.0
245,162,4,82.147606,119.0
245,163,2,88.510704,118.0
245,164,5,89.94895,117.0
245,165,4,86.77165,116.0
245,166,2,86.02799,115.0
245,167,3,80.543175,114.0
245,168,3,70.71319,113.0
245,169,0,71.23684,112.0
245,170,0,70.295975,111.0
245,171,4,79.02801,110.0
245,172,0,67.84098,109.0
245,173,0,79.53748,108.0
245,174,4,80.769035,107.0
245,175,3,73.79303,106.0
245,176,3,90.95121,105.0
245,177,0,70.78983,104.0
245,178,0,78.4947,103.0
245,179,2,85.57771,102.0
245,180,4,99.3124,101.0
245,181,5,106.73082,100.0
245,182,0,102.197365,99.0
245,183,0,108.46436,98.0
245,184,2,93.535515,97.0
245,185,4,84.800606,96.0
245,186,5,79.825134,95.0
245,187,5,91.79312,94.0
245,188,2,95.144264,93.0
245,189,0,91.371284,92.0
245,190,1,90.156364,91.0
245,191,1,92.23258,90.0
245,192,0,79.56051,89.0
245,193,0,77.16271,88.0
245,194,0,83.95735,87.0
245,195,3,73.25054,86.0
245,196,1,77.51025,85.0
245,197,0,67.571175,84.0
245,198,0,67.78922,83.0
245,199,5,71.78989,82.0
245,200,0,63.42662,81.0
245,201,5,71.17519,80.0
245,202,3,68.01754,79.0
245,203,2,86.894226,78.0
245,204,3,82.23287,77.0
245,205,2,84.115166,76.0
245,206,0,83.991936,75.0
245,207,5,68.11829,74.0
245,208,0,60.773846,73.0
245,209,4,66.41434,72.0
245,210,0,54.122253,71.0
245,211,2,39.70436,70.0
245,212,2,44.5383,69.0
245,213,1,40.670853,68.0
245,214,5,38.0634,67.0
245,215,4,41.546974,66.0
245,216,4,28.680674,65.0
245,217,4,23.70758,64.0
245,218,2,27.511591,63.0
245,219,0,26.86663,62.0
245,220,4,25.404566,61.0
245,221,4,12.78953,60.0
245,222,0,17.819931,59.0
245,223,1,25.979406,58.0
245,224,0,27.974266,57.0
245,225,0,32.81177,56.0
245,226,3,33.34485,55.0
245,227,2,38.469357,54.0
245,228,5,37.365456,53.0
245,229,3,33.940903,52.0
245,230,0,39.38481,51.0
245,231,2,37.899197,50.0
245,232,0,34.693245,49.0
245,233,1,33.37939,48.0
245,234,0,36.715347,47.0
245,235,0,38.16887,46.0
245,236,4,35.030136,45.0
245,237,0,29.45663,44.0
245,238,5,30.267147,43.0
245,239,4,31.052456,42.0
245,240,0,31.376348,41.0
245,241,5,29.7263,40.0
245,242,4,27.42347,39.0
245,243,5,34.1261,38.0
245,244,0,29.518,37.0
245,245,4,29.613333,36.0
245,246,3,23.362232,35.0
245,247,3,25.111961,34.0
245,248,1,22.618187,33.0
245,249,5,23.464458,32.0
245,250,2,21.653439,31.0
245,251,0,18.63881,30.0
245,252,4,18.555538,29.0
245,253,4,15.021859,28.0
245,254,2,13.72672,27.0
245,255,1,10.491313,26.0
245,256,0,15.130977,25.0
245,257,1,9.529298,24.0
245,258,0,15.831533,23.0
245,259,4,12.884389,22.0
245,260,0,15.297793,21.0
245,261,5,15.599011,20.0
245,262,1,16.789846,19.0
245,263,5,16.960531,18.0
245,264,1,17.385996,17.0
245,265,3,13.002085,16.0
246,36,2,115.708534,125.0
246,37,3,85.97771,125.0
246,38,1,112.307274,125.0
246,39,0,107.5944,125.0
246,40,1,111.23429,125.0
246,41,0,115.40913,125.0
246,42,5,108.083305,125.0
246,43,5,116.039314,125.0
246,44,4,112.8684,125.0
246,45,4,100.65935,125.0
246,46,2,94.80385,125.0
246,47,5,112.13606,125.0
246,48,1,112.862564,125.0
246,49,5,115.479164,125.0
246,50,4,114.50936,125.0
246,51,0,120.67562,125.0
246,52,0,118.11613,125.0
246,53,5,117.10395,125.0
246,54,0,115.03844,125.0
246,55,0,113.02394,125.0
246,56,5,110.764,125.0
246,57,2,113.57786,125.0
246,58,0,114.29493,125.0
246,59,5,117.38253,125.0
246,60,0,109.92603,125.0
246,61,4,112.75824,125.0
246,62,3,112.14683,125.0
246,63,0,114.533615,125.0
246,64,5,78.24236,125.0
246,65,0,91.155846,125.0
246,66,0,80.3404,125.0
246,67,1,90.223564,125.0
246,68,0,108.762314,125.0
246,69,5,112.4483,125.0
246,70,2,122.53889,125.0
246,71,2,122.93287,125.0
246,72,3,117.439255,125.0
246,73,0,112.16324,125.0
246,74,5,118.24522,125.0
246,75,3,110.56063,125.0
246,76,0,100.07231,125.0
246,77,4,107.8982,125.0
246,78,4,118.13982,125.0
246,79,4,109.50405,125.0
246,80,1,108.34691,125.0
247,36,2,118.18479,125.0
247,37,3,109.15984,125.0
247,38,1,111.63902,125.0
247,39,1,111.53903,125.0
247,40,4,119.120865,125.0
247,41,4,124.215546,125.0
247,42,1,118.70159,125.0
247,43,2,123.20588,125.0
247,44,5,117.62418,125.0
247,45,0,117.314095,125.0
247,46,0,116.30031,125.0
247,47,0,106.89127,125.0
247,48,4,114.070244,125.0
247,49,0,117.972336,125.0
247,50,2,115.41498,125.0
247,51,5,114.388466,125.0
247,52,5,109.81255,125.0
247,53,3,121.02367,125.0
247,54,2,118.11599,125.0
247,55,4,121.249855,125.0
247,56,1,118.92432,125.0
247,57,4,121.92782,125.0
247,58,0,118.792595,125.0
247,59,2,119.24208,125.0
247,60,0,118.48931,125.0
247,61,5,111.22442,125.0
247,62,0,109.56605,125.0
247,63,2,113.0785,125.0
247,64,0,112.037384,125.0
247,65,3,109.10661,125.0
247,66,1,116.62505,125.0
247,67,1,105.38125,125.0
247,68,1,111.19452,125.0
247,69,4,118.663536,125.0
247,70,1,118.86605,125.0
247,71,2,123.82752,125.0
247,72,3,121.52355,125.0
247,73,3,92.205696,125.0
247,74,5,112.396225,125.0
247,75,5,113.11486,125.0
247,76,4,107.71642,125.0
247,77,1,98.540276,125.0
247,78,5,111.73089,125.0
247,79,0,111.06712,125.0
247,80,0,120.830925,125.0
247,81,4,117.70364,125.0
247,82,0,116.132866,125.0
247,83,4,124.17745,125.0
247,84,4,124.842155,125.0
247,85,3,116.00182,125.0
247,86,2,126.114975,125.0
247,87,5,118.50091,125.0
248,36,0,123.17344,125.0
248,37,3,108.76635,125.0
248,38,3,105.012695,125.0
248,39,4,109.04863,125.0
248,40,3,110.412224,125.0
248,41,5,120.78747,125.0
248,42,3,112.9883,125.0
248,43,1,112.97625,125.0
248,44,0,119.19651,125.0
248,45,4,101.85082,125.0
248,46,1,108.00613,125.0
248,47,5,112.20682,125.0
248,48,5,112.38369,125.0
248,49,5,107.395355,125.0
248,50,2,111.388214,125.0
248,51,2,104.19129,125.0
248,52,4,97.417656,125.0
248,53,1,80.53985,125.0
248,54,0,93.60886,125.0
248,55,5,99.52776,125.0
248,56,2,102.6572,125.0
248,57,5,99.413216,125.0
248,58,0,113.284325,125.0
248,59,4,98.06965,125.0
248,60,0,107.2744,125.0
248,61,0,82.912346,125.0
248,62,1,102.58909,125.0
248,63,1,91.30346,125.0
248,64,0,97.14104,125.0
248,65,5,94.7814,125.0
248,66,5,95.52374,125.0
248,67,5,76.925285,125.0
248,68,0,74.86204,125.0
248,69,5,47.138256,125.0
248,70,0,59.66603,125.0
248,71,2,87.61295,125.0
248,72,0,87.26303,125.0
248,73,4,99.86279,125.0
248,74,5,109.571434,125.0
248,75,4,110.46108,125.0
248,76,2,114.3792,125.0
248,77,2,96.51125,125.0
248,78,3,119.261734,125.0
248,79,0,118.61324,125.0
248,80,5,109.564064,125.0
248,81,3,98.18009,125.0
248,82,2,91.23001,125.0
248,83,0,92.09789,125.0
248,84,0,98.76795,125.0
248,85,0,85.097046,125.0
248,86,2,94.128494,125.0
248,87,5,95.48721,125.0
248,88,2,97.96558,125.0
248,89,2,78.8936,125.0
248,90,2,73.44029,125.0
248,91,4,70.4501,125.0
248,92,3,58.062042,125.0
248,93,2,53.896355,125.0
248,94,0,68.57211,124.0
248,95,0,83.57646,123.0
248,96,3,85.15797,122.0
248,97,3,93.44974,121.0
248,98,0,102.6337,120.0
248,99,0,105.44593,119.0
248,100,1,107.068306,118.0
248,101,0,111.57482,117.0
248,102,1,114.95815,116.0
248,103,2,110.92467,115.0
248,104,4,108.56701,114.0
248,105,3,113.18737,113.0
248,106,2,120.78138,112.0
248,107,1,114.4584,111.0
248,108,0,124.53744,110.0
248,109,4,121.44373,109.0
248,110,4,106.27793,108.0
248,111,0,95.0046,107.0
248,112,3,78.61265,106.0
248,113,1,70.22019,105.0
248,114,3,75.80392,104.0
248,115,2,76.96487,103.0
248,116,1,69.318756,102.0
248,117,0,71.38924,101.0
248,118,3,54.36035,100.0
248,119,0,63.74845,99.0
248,120,4,59.93231,98.0
248,121,4,54.68286,97.0
248,122,3,54.6576,96.0
248,123,2,64.42057,95.0
248,124,1,62.43483,94.0
248,125,4,60.107857,93.0
248,126,1,55.099167,92.0
248,127,0,60.05973,91.0
248,128,1,50.015797,90.0
248,129,2,50.893505,89.0
248,130,0,54.2344,88.0
248,131,3,60.75002,87.0
248,132,4,52.415848,86.0
248,133,5,50.842957,85.0
248,134,3,45.68229,84.0
248,135,3,50.77797,83.0
248,136,0,39.871315,82.0
248,137,0,45.864464,81.0
248,138,1,41.07041,80.0
248,139,1,51.437057,79.0
248,140,3,50.85395,78.0
248,141,1,44.539536,77.0
248,142,1,50.666946,76.0
248,143,0,44.462387,75.0
248,144,4,42.599968,74.0
248,145,2,43.93199,73.0
248,146,4,70.45715,72.0
248,147,1,56.04245,71.0
248,148,0,55.66426,70.0
248,149,0,42.720062,69.0
248,150,4,57.84093,68.0
248,151,2,57.523605,67.0
248,152,0,65.57133,66.0
248,153,0,61.54827,65.0
248,154,0,58.25878,64.0
248,155,1,44.312084,63.0
248,156,5,35.35589,62.0
248,157,2,47.584236,61.0
248,158,5,40.30478,60.0
248,159,0,28.55742,59.0
248,160,4,38.296318,58.0
248,161,1,37.421368,57.0
248,162,1,33.165688,56.0
249,36,2,110.660835,111.0
250,36,3,116.88665,125.0
250,37,4,114.6997,125.0
250,38,2,109.65297,125.0
250,39,4,68.34708,125.0
250,40,0,105.17564,125.0
250,41,0,114.68316,125.0
250,42,5,122.23918,125.0
250,43,0,118.60456,125.0
250,44,3,115.865654,125.0
250,45,2,118.324715,125.0
250,46,3,118.06571,125.0
250,47,5,112.052124,125.0
250,48,1,118.17478,125.0
250,49,5,123.2762,125.0
250,50,1,123.82308,125.0
250,51,2,123.34347,125.0
250,52,4,121.97265,125.0
250,53,5,122.09217,125.0
250,54,0,124.46019,125.0
250,55,5,122.98792,125.0
250,56,0,125.8965,125.0
250,57,3,127.17971,125.0
250,58,5,123.36797,125.0
250,59,2,121.49868,125.0
250,60,0,125.512764,125.0
250,61,5,115.68508,125.0
250,62,4,125.35537,125.0
250,63,5,124.35903,125.0
250,64,3,125.64419,125.0
250,65,4,124.02219,125.0
250,66,0,124.16943,125.0
250,67,0,123.406456,125.0
250,68,4,121.38943,125.0
250,69,0,114.323616,125.0
250,70,4,117.94192,125.0
250,71,3,120.6042,125.0
250,72,5,119.9172,125.0
250,73,5,125.12156,125.0
250,74,3,126.10616,125.0
250,75,2,123.53829,125.0
250,76,4,122.52607,125.0
250,77,5,120.18386,125.0
250,78,5,120.55933,125.0
250,79,3,122.60642,125.0
250,80,0,117.38871,125.0
250,81,0,118.48568,125.0
250,82,1,123.59017,125.0
250,83,2,119.97318,125.0
250,84,3,118.651184,125.0
250,85,4,112.949715,125.0
250,86,4,116.83705,125.0
250,87,5,114.94837,125.0
250,88,2,95.34733,125.0
250,89,2,94.22462,125.0
250,90,0,109.28258,125.0
250,91,0,128.32616,125.0
250,92,3,120.4898,125.0
250,93,1,121.97314,125.0
250,94,1,107.8209,125.0
250,95,5,105.29275,125.0
250,96,4,104.748314,125.0
250,97,3,100.95068,125.0
250,98,4,111.10373,125.0
250,99,3,118.47946,125.0
250,100,3,114.04215,125.0
250,101,1,110.98266,125.0
250,102,2,110.894585,125.0
250,103,1,122.47906,125.0
250,104,2,116.13591,125.0
250,105,1,116.00127,125.0
250,106,1,113.95026,125.0
250,107,0,120.382095,125.0
250,108,1,113.71238,125.0
250,109,2,108.24775,125.0
250,110,4,93.75378,125.0
250,111,2,107.94393,125.0
250,112,2,89.557396,125.0
250,113,1,100.77621,125.0
250,114,1,104.82112,125.0
250,115,3,118.2358,125.0
250,116,0,122.78158,125.0
250,117,5,116.01542,125.0
250,118,1,118.479935,125.0
250,119,2,123.970924,125.0
250,120,0,121.72384,125.0
250,121,5,126.40013,125.0
250,122,3,115.80225,125.0
250,123,1,113.53006,125.0
250,124,5,115.831,125.0
250,125,2,106.35354,125.0
250,126,1,100.53328,125.0
250,127,3,107.91121,125.0
250,128,0,115.8589,125.0
250,129,1,100.8648,125.0
250,130,2,100.26828,125.0
250,131,5,101.38748,125.0
250,132,3,111.84904,125.0
250,133,4,96.92255,124.0
250,134,2,99.21198,123.0
250,135,3,91.391495,122.0
250,136,3,92.77782,121.0
250,137,2,98.41503,120.0
250,138,2,107.59147,119.0
250,139,2,113.02461,118.0
250,140,5,99.670586,117.0
250,141,4,95.69718,116.0
250,142,2,93.463196,115.0
250,143,4,104.104836,114.0
250,144,1,99.50178,113.0
250,145,0,102.2533,112.0
250,146,3,81.96439,111.0
250,147,2,66.52363,110.0
250,148,1,57.497623,109.0
250,149,0,55.092407,108.0
250,150,3,64.8139,107.0
250,151,0,56.78196,106.0
250,152,3,59.453957,105.0
250,153,1,63.99975,104.0
250,154,2,73.91659,103.0
250,155,0,74.86483,102.0
250,156,0,71.191826,101.0
250,157,0,70.52355,100.0
250,158,5,63.5488,99.0
250,159,3,60.568863,98.0
250,160,4,86.20519,97.0
250,161,2,89.040726,96.0
250,162,1,96.49583,95.0
250,163,3,81.1043,94.0
250,164,3,76.62462,93.0
250,165,4,78.92026,92.0
250,166,3,79.54444,91.0
250,167,1,72.32209,90.0
250,168,2,83.23864,89.0
250,169,0,89.34255,88.0
250,170,4,83.440636,87.0
250,171,5,79.868004,86.0
250,172,1,84.253075,85.0
250,173,0,84.663765,84.0
250,174,0,83.758484,83.0
250,175,0,86.23469,82.0
250,176,0,78.571144,81.0
250,177,4,74.15615,80.0
250,178,5,70.835846,79.0
250,179,2,67.033485,78.0
250,180,3,52.044533,77.0
250,181,1,56.643867,76.0
250,182,2,64.559715,75.0
250,183,5,57.169254,74.0
250,184,3,45.2492,73.0
250,185,0,43.558216,72.0
250,186,0,43.147865,71.0
250,187,1,38.263336,70.0
250,188,4,31.553898,69.0
250,189,2,37.269814,68.0
250,190,5,39.38011,67.0
250,191,0,45.27172,66.0
250,192,0,39.329266,65.0
250,193,1,31.914818,64.0
250,194,1,23.016132,63.0
250,195,0,23.306639,62.0
250,196,4,27.644947,61.0
250,197,4,39.718758,60.0
250,198,3,37.450317,59.0
250,199,0,35.04216,58.0
250,200,5,34.554478,57.0
250,201,3,36.482475,56.0
250,202,2,36.864563,55.0
250,203,0,31.948421,54.0
250,204,5,31.530346,53.0
250,205,4,28.973427,52.0
250,206,4,34.909134,51.0
250,207,5,32.153786,50.0
250,208,5,29.173782,49.0
250,209,5,23.658285,48.0
250,210,0,27.724709,47.0
250,211,3,26.647741,46.0
250,212,4,29.397022,45.0
250,213,1,23.390684,44.0
250,214,4,34.437454,43.0
250,215,4,33.518166,42.0
250,216,3,31.28658,41.0
250,217,0,31.977325,40.0
250,218,5,35.79816,39.0
250,219,0,36.63373,38.0
250,220,0,34.124023,37.0
250,221,4,40.306686,36.0
250,222,4,35.41516,35.0
250,223,5,40.914246,34.0
250,224,2,34.801414,33.0
250,225,5,34.590683,32.0
250,226,0,32.80886,31.0
250,227,2,35.073036,30.0
250,228,0,34.340744,29.0
250,229,4,44.115356,28.0
250,230,3,35.880993,27.0
250,231,4,34.97638,26.0
250,232,3,28.017786,25.0
250,233,2,31.304783,24.0
250,234,1,29.575092,23.0
251,36,0,112.16209,112.0
251,37,2,106.529,111.0
251,38,4,108.53627,110.0
251,39,2,98.80583,109.0
251,40,0,108.33662,108.0
251,41,3,102.760826,107.0
251,42,0,113.133125,106.0
251,43,0,105.44742,105.0
251,44,1,103.03658,104.0
251,45,0,96.47775,103.0
251,46,4,105.38078,102.0
251,47,0,102.74546,101.0
251,48,4,110.067314,100.0
251,49,4,101.2486,99.0
251,50,2,113.17979,98.0
251,51,4,109.71958,97.0
251,52,4,94.240524,96.0
251,53,1,92.58286,95.0
251,54,3,113.4652,94.0
251,55,0,113.41195,93.0
251,56,4,113.51031,92.0
251,57,3,111.70135,91.0
251,58,1,120.516624,90.0
251,59,0,120.73789,89.0
251,60,4,109.97929,88.0
251,61,2,104.88144,87.0
251,62,3,106.39768,86.0
251,63,0,115.27389,85.0
251,64,3,110.519295,84.0
252,36,0,111.536896,125.0
252,37,5,122.57095,125.0
252,38,4,127.44263,125.0
252,39,2,98.9826,125.0
252,40,0,108.181435,125.0
252,41,0,112.83535,125.0
252,42,0,121.763054,125.0
252,43,5,108.25529,125.0
252,44,0,112.470604,125.0
252,45,2,107.5663,125.0
252,46,2,120.059135,125.0
252,47,2,114.972115,125.0
252,48,0,116.00671,125.0
252,49,3,126.264496,125.0
252,50,2,112.606995,125.0
252,51,3,110.404366,125.0
252,52,5,109.04897,125.0
252,53,2,108.92309,125.0
252,54,0,119.26764,125.0
252,55,0,110.57038,125.0
252,56,4,121.65115,125.0
252,57,0,121.44228,125.0
252,58,5,119.14089,125.0
252,59,5,121.17307,125.0
252,60,3,108.42577,125.0
252,61,3,118.08797,125.0
252,62,2,114.7687,125.0
252,63,0,110.44043,125.0
252,64,0,122.96267,125.0
252,65,1,111.2338,125.0
252,66,0,106.08868,125.0
252,67,0,102.207985,125.0
252,68,1,112.21705,125.0
252,69,0,106.965065,125.0
252,70,5,116.189,125.0
252,71,4,100.81451,125.0
252,72,1,119.40304,125.0
252,73,3,122.32006,125.0
252,74,4,112.00115,125.0
252,75,1,114.78687,125.0
252,76,1,97.83221,125.0
252,77,0,102.75408,125.0
252,78,3,97.086914,125.0
252,79,0,103.40014,125.0
252,80,3,107.33637,125.0
252,81,1,114.844444,125.0
252,82,5,114.750725,125.0
252,83,5,112.67745,125.0
252,84,0,113.562294,125.0
252,85,0,117.144005,125.0
252,86,5,115.81541,125.0
252,87,0,115.345055,125.0
252,88,0,113.603294,125.0
252,89,5,115.530334,125.0
252,90,1,112.74224,125.0
252,91,0,112.39373,125.0
252,92,3,97.35738,125.0
252,93,5,88.62959,125.0
252,94,2,100.18057,125.0
252,95,2,101.46461,125.0
252,96,0,110.97623,125.0
252,97,3,108.75675,125.0
252,98,1,114.024086,125.0
252,99,5,104.72439,125.0
252,100,4,106.35902,125.0
252,101,2,105.035164,125.0
252,102,0,109.74389,125.0
252,103,3,100.15568,125.0
252,104,1,105.067444,125.0
252,105,0,99.88215,125.0
252,106,1,111.31156,125.0
252,107,3,116.0156,125.0
252,108,0,107.920494,125.0
252,109,4,106.11526,125.0
252,110,2,91.01498,125.0
252,111,5,100.53334,125.0
252,112,3,96.75984,125.0
252,113,2,105.126396,125.0
252,114,0,108.90618,125.0
252,115,4,90.98633,125.0
252,116,0,106.38253,125.0
252,117,0,103.691734,125.0
252,118,2,92.24355,125.0
252,119,2,93.47706,125.0
252,120,2,84.35438,125.0
252,121,5,92.74352,125.0
252,122,4,96.640434,125.0
252,123,3,114.79577,125.0
252,124,0,112.03153,125.0
252,125,4,114.467896,125.0
252,126,4,104.71472,125.0
252,127,1,101.44424,125.0
252,128,2,108.082115,125.0
252,129,1,109.00243,125.0
252,130,5,110.682945,125.0
252,131,0,108.22796,125.0
252,132,2,111.60587,125.0
252,133,3,109.41813,125.0
252,134,1,120.34664,125.0
252,135,0,115.460495,125.0
252,136,5,118.26362,125.0
252,137,1,113.37281,124.0
252,138,5,110.053535,123.0
252,139,0,123.147835,122.0
252,140,1,118.76956,121.0
252,141,1,114.45025,120.0
252,142,1,101.42068,119.0
252,143,2,119.361565,118.0
252,144,3,114.887596,117.0
252,145,0,116.352554,116.0
252,146,0,100.96608,115.0
252,147,5,100.55204,114.0
252,148,0,98.397606,113.0
252,149,5,96.212166,112.0
252,150,0,83.095116,111.0
252,151,3,101.1572,110.0
252,152,1,90.73241,109.0
252,153,4,114.26574,108.0
252,154,0,102.212,107.0
252,155,3,119.71218,106.0
252,156,2,117.88601,105.0
252,157,0,123.51117,104.0
252,158,4,121.32335,103.0
252,159,1,121.02496,102.0
252,160,2,114.96565,101.0
252,161,0,115.775085,100.0
252,162,3,107.319435,99.0
252,163,5,108.820724,98.0
252,164,0,99.47942,97.0
252,165,2,101.764,96.0
252,166,0,94.04701,95.0
252,167,1,94.10532,94.0
252,168,1,92.48738,93.0
252,169,4,74.65479,92.0
252,170,3,70.552574,91.0
252,171,0,77.1581,90.0
252,172,5,97.95162,89.0
252,173,2,98.560036,88.0
252,174,2,84.52122,87.0
252,175,5,84.529594,86.0
252,176,0,82.058235,85.0
252,177,4,71.818596,84.0
252,178,3,71.534775,83.0
252,179,3,64.81603,82.0
252,180,3,72.2584,81.0
252,181,4,73.18261,80.0
252,182,1,82.48042,79.0
252,183,4,87.03065,78.0
252,184,3,99.174,77.0
252,185,0,112.89933,76.0
252,186,4,108.60676,75.0
252,187,5,110.57328,74.0
252,188,1,104.73669,73.0
252,189,1,87.79323,72.0
252,190,1,104.95537,71.0
252,191,5,96.311134,70.0
252,192,3,99.392395,69.0
252,193,4,92.81699,68.0
252,194,0,86.22196,67.0
252,195,4,83.70679,66.0
252,196,4,72.12562,65.0
252,197,5,71.562965,64.0
252,198,0,103.776184,63.0
252,199,2,93.33751,62.0
252,200,5,98.86832,61.0
252,201,0,97.89105,60.0
252,202,4,102.44149,59.0
252,203,0,105.53052,58.0
252,204,2,104.76303,57.0
252,205,0,88.315285,56.0
252,206,0,109.77265,55.0
252,207,5,90.22981,54.0
252,208,3,94.80823,53.0
252,209,1,87.4809,52.0
252,210,3,78.188545,51.0
252,211,3,62.445393,50.0
252,212,2,55.11978,49.0
252,213,1,65.87676,48.0
252,214,2,47.00023,47.0
252,215,3,48.659172,46.0
252,216,0,41.749546,45.0
252,217,2,43.970055,44.0
252,218,0,66.97641,43.0
252,219,4,78.0608,42.0
252,220,0,71.5147,41.0
252,221,0,70.83286,40.0
252,222,0,60.740524,39.0
252,223,2,75.48882,38.0
252,224,5,50.2518,37.0
252,225,5,52.709938,36.0
252,226,0,49.76421,35.0
252,227,5,55.954887,34.0
252,228,1,58.996033,33.0
252,229,3,54.688263,32.0
252,230,3,60.20278,31.0
252,231,0,66.032486,30.0
252,232,4,66.7369,29.0
252,233,5,68.7586,28.0
252,234,3,72.32452,27.0
252,235,1,79.24592,26.0
252,236,4,83.84904,25.0
252,237,1,74.58923,24.0
252,238,4,61.284187,23.0
252,239,5,65.7711,22.0
252,240,2,55.526527,21.0
252,241,4,64.19946,20.0
252,242,1,51.561737,19.0
252,243,0,58.866554,18.0
252,244,4,49.84985,17.0
252,245,4,53.309433,16.0
252,246,1,41.274193,15.0
252,247,0,51.921646,14.0
252,248,0,42.436325,13.0
252,249,1,49.8714,12.0
253,36,3,124.58169,125.0
253,37,1,120.250175,125.0
253,38,0,123.43512,125.0
253,39,2,122.78658,125.0
253,40,4,126.28459,125.0
253,41,0,113.8864,125.0
253,42,3,122.1724,125.0
253,43,3,120.99683,125.0
253,44,0,124.87519,125.0
253,45,2,113.85642,125.0
253,46,4,99.527534,125.0
253,47,0,106.37151,125.0
253,48,3,100.03774,125.0
253,49,4,86.813934,125.0
253,50,0,103.369194,125.0
253,51,1,113.27166,125.0
253,52,5,117.572975,125.0
253,53,4,108.67215,125.0
253,54,0,117.460106,125.0
253,55,1,113.22558,125.0
253,56,2,114.74969,125.0
253,57,0,114.71993,125.0
253,58,3,119.925354,124.0
253,59,1,122.38016,123.0
253,60,2,121.0903,122.0
253,61,3,115.53287,121.0
253,62,0,105.88349,120.0
253,63,0,118.907326,119.0
253,64,2,115.337456,118.0
253,65,1,120.9269,117.0
253,66,5,115.04949,116.0
253,67,0,117.91846,115.0
253,68,0,108.31035,114.0
253,69,4,106.05802,113.0
253,70,3,112.00777,112.0
253,71,4,107.24259,111.0
253,72,2,122.81344,110.0
253,73,4,116.77095,109.0
253,74,0,113.00703,108.0
253,75,4,116.70812,107.0
253,76,1,103.36898,106.0
253,77,4,99.647606,105.0
253,78,0,101.614525,104.0
253,79,5,109.54815,103.0
253,80,4,119.34244,102.0
253,81,0,111.404785,101.0
253,82,4,102.9927,100.0
253,83,0,101.40288,99.0
253,84,3,104.51988,98.0
253,85,4,101.43266,97.0
253,86,2,107.09112,96.0
253,87,3,114.18604,95.0
253,88,5,115.828705,94.0
253,89,4,102.6134,93.0
253,90,2,102.953156,92.0
253,91,5,88.59293,91.0
253,92,1,91.019295,90.0
253,93,5,113.09324,89.0
253,94,1,106.52256,88.0
253,95,2,119.441414,87.0
253,96,0,114.7324,86.0
253,97,0,111.203514,85.0
253,98,4,109.467064,84.0
253,99,5,111.27184,83.0
253,100,4,116.327415,82.0
253,101,2,113.34073,81.0
253,102,0,113.0404,80.0
253,103,4,107.11547,79.0
253,104,1,116.17396,78.0
253,105,1,115.08825,77.0
253,106,4,103.1641,76.0
253,107,0,111.681046,75.0
253,108,5,109.42487,74.0
253,109,0,108.54583,73.0
253,110,0,92.83401,72.0
253,111,5,98.09722,71.0
253,112,5,102.20838,70.0
253,113,4,92.4191,69.0
253,114,3,105.9319,68.0
253,115,0,114.49694,67.0
253,116,4,115.97497,66.0
253,117,2,116.02056,65.0
253,118,4,110.82455,64.0
253,119,5,107.09522,63.0
253,120,5,117.09395,62.0
253,121,0,113.51801,61.0
253,122,4,119.23091,60.0
253,123,0,114.20968,59.0
253,124,0,113.59742,58.0
253,125,3,88.178116,57.0
253,126,4,94.770035,56.0
253,127,4,89.697014,55.0
253,128,4,96.46381,54.0
253,129,2,84.07252,53.0
253,130,4,65.06291,52.0
253,131,1,70.76532,51.0
253,132,2,63.151085,50.0
253,133,3,89.938896,49.0
253,134,3,71.22771,48.0
253,135,4,76.083755,47.0
253,136,2,68.401855,46.0
253,137,1,79.316,45.0
253,138,3,85.87367,44.0
253,139,4,65.81238,43.0
254,36,2,118.65572,125.0
254,37,5,122.43425,125.0
254,38,0,123.3382,125.0
254,39,5,116.1574,125.0
254,40,5,119.98034,125.0
254,41,1,108.56327,125.0
254,42,4,111.00927,125.0
254,43,0,114.68738,125.0
254,44,0,108.325035,125.0
254,45,3,105.89937,125.0
254,46,2,107.714134,125.0
254,47,1,114.00394,125.0
254,48,0,105.46211,125.0
254,49,2,109.87852,125.0
254,50,1,109.66479,125.0
254,51,4,112.59724,125.0
254,52,1,112.3482,125.0
254,53,5,113.41302,125.0
254,54,0,110.289894,125.0
254,55,1,112.75959,124.0
254,56,5,111.48605,123.0
254,57,0,114.53466,122.0
254,58,3,122.868614,121.0
254,59,0,123.54838,120.0
254,60,2,119.47771,119.0
254,61,3,124.472145,118.0
254,62,4,125.88444,117.0
254,63,4,125.27317,116.0
254,64,4,122.236725,115.0
254,65,5,119.71346,114.0
254,66,5,123.56486,113.0
254,67,5,121.72262,112.0
254,68,3,112.313515,111.0
254,69,5,113.41138,110.0
254,70,5,108.457436,109.0
254,71,4,105.866875,108.0
254,72,5,106.902054,107.0
254,73,1,105.475746,106.0
254,74,1,121.75396,105.0
254,75,1,105.29369,104.0
254,76,2,104.36945,103.0
254,77,0,106.958855,102.0
254,78,5,101.08343,101.0
254,79,3,104.42855,100.0
254,80,2,108.21383,99.0
254,81,1,102.84887,98.0
254,82,3,116.13939,97.0
254,83,4,117.653984,96.0
254,84,0,114.31742,95.0
254,85,1,107.861595,94.0
254,86,2,103.231346,93.0
254,87,2,82.04663,92.0
254,88,1,87.08113,91.0
254,89,2,65.02361,90.0
254,90,2,70.2567,89.0
254,91,0,88.12272,88.0
254,92,4,89.89492,87.0
254,93,1,103.92582,86.0
254,94,4,90.95205,85.0
254,95,2,90.70423,84.0
254,96,0,90.2142,83.0
254,97,1,93.24567,82.0
254,98,0,90.330574,81.0
254,99,2,83.52247,80.0
254,100,1,94.207306,79.0
254,101,5,106.41968,78.0
254,102,4,86.86976,77.0
254,103,5,87.07656,76.0
254,104,5,87.04818,75.0
254,105,1,85.66722,74.0
254,106,0,84.55456,73.0
254,107,3,77.97118,72.0
254,108,3,87.20614,71.0
254,109,5,77.309235,70.0
254,110,5,69.09919,69.0
254,111,3,62.359306,68.0
254,112,3,73.46531,67.0
254,113,1,69.91059,66.0
254,114,1,59.01151,65.0
254,115,5,42.839455,64.0
254,116,2,54.845016,63.0
254,117,4,52.56322,62.0
254,118,0,47.483192,61.0
254,119,0,42.355618,60.0
254,120,4,45.401344,59.0
254,121,3,40.949986,58.0
254,122,3,47.798504,57.0
254,123,4,41.21988,56.0
254,124,4,40.661625,55.0
254,125,0,34.096832,54.0
254,126,2,41.16701,53.0
254,127,0,38.832714,52.0
254,128,0,35.732582,51.0
254,129,0,40.216415,50.0
254,130,0,32.87245,49.0
254,131,0,29.626438,48.0
255,36,0,108.77148,125.0
255,37,3,111.51192,125.0
255,38,0,109.24204,125.0
255,39,2,115.27364,125.0
255,40,2,111.138115,125.0
255,41,0,105.94247,125.0
255,42,0,104.57726,125.0
255,43,3,99.25885,125.0
255,44,1,104.754684,125.0
255,45,3,106.76144,125.0
255,46,0,114.75614,125.0
255,47,0,117.744965,125.0
255,48,5,109.175095,125.0
255,49,0,98.27865,125.0
255,50,0,107.90923,125.0
255,51,2,109.3854,125.0
255,52,5,114.49404,125.0
255,53,1,125.28353,125.0
255,54,0,102.49696,125.0
255,55,5,89.02162,125.0
255,56,2,113.89093,125.0
255,57,0,117.07763,125.0
255,58,0,113.01881,125.0
255,59,3,118.78986,125.0
255,60,0,124.72523,125.0
255,61,3,118.47727,125.0
255,62,1,116.429436,125.0
255,63,3,117.491875,125.0
255,64,2,120.3402,125.0
255,65,5,108.83814,125.0
255,66,5,112.71076,125.0
255,67,0,117.83619,125.0
255,68,0,121.22183,125.0
255,69,1,113.58466,125.0
255,70,3,114.420334,125.0
255,71,0,106.538086,125.0
255,72,4,106.101875,125.0
255,73,5,111.360085,125.0
255,74,1,107.2554,125.0
255,75,1,94.18645,125.0
255,76,2,92.254326,125.0
255,77,3,105.66718,125.0
255,78,0,96.35788,125.0
255,79,2,101.71136,125.0
255,80,3,115.01335,125.0
255,81,3,104.34692,125.0
255,82,3,115.02171,125.0
255,83,4,115.38442,125.0
255,84,2,102.17849,125.0
255,85,1,104.77758,125.0
255,86,5,112.80949,125.0
255,87,3,103.14753,125.0
255,88,5,110.67489,125.0
255,89,0,116.16927,125.0
255,90,2,116.68484,125.0
255,91,5,119.4445,125.0
255,92,3,118.9345,125.0
255,93,5,124.33303,125.0
255,94,0,110.39565,125.0
255,95,2,106.6872,125.0
255,96,1,116.70984,125.0
255,97,5,117.39332,125.0
255,98,3,124.422714,125.0
255,99,4,118.23589,125.0
255,100,2,119.06431,125.0
255,101,4,113.12514,125.0
255,102,4,98.536964,125.0
255,103,0,107.23778,125.0
255,104,4,107.51795,125.0
255,105,1,111.98515,125.0
255,106,5,106.755226,125.0
255,107,5,99.5005,125.0
255,108,0,90.22893,125.0
255,109,2,89.843445,125.0
255,110,3,108.660286,125.0
255,111,5,114.931526,125.0
255,112,5,94.0559,125.0
255,113,5,104.05711,125.0
255,114,3,102.79077,125.0
255,115,5,89.263794,125.0
255,116,4,82.862404,125.0
255,117,5,106.31272,125.0
255,118,0,97.839264,125.0
255,119,3,105.068214,125.0
255,120,4,108.45478,125.0
255,121,4,108.71396,125.0
255,122,2,113.41775,125.0
255,123,0,119.843544,125.0
255,124,2,116.83943,125.0
255,125,0,118.16207,125.0
255,126,5,125.77802,125.0
255,127,0,128.72165,125.0
255,128,2,124.957985,125.0
255,129,1,123.30518,125.0
255,130,2,124.71584,125.0
255,131,4,119.74983,125.0
255,132,1,121.17942,125.0
255,133,4,119.06344,125.0
255,134,3,115.83284,125.0
255,135,0,121.27293,125.0
255,136,4,118.59666,125.0
255,137,0,110.91158,125.0
255,138,1,103.731224,125.0
255,139,2,107.00823,125.0
255,140,0,110.24561,125.0
255,141,4,109.76922,125.0
255,142,1,106.54703,125.0
255,143,3,112.21484,125.0
255,144,4,113.5568,125.0
255,145,0,122.65801,125.0
255,146,2,122.334564,125.0
255,147,1,119.95465,125.0
255,148,2,122.926994,124.0
255,149,4,119.15013,123.0
255,150,0,116.629005,122.0
256,36,4,107.29365,125.0
256,37,3,113.39959,125.0
256,38,0,123.64212,125.0
256,39,5,122.09689,125.0
256,40,0,129.91832,125.0
256,41,2,120.77577,125.0
256,42,0,116.555435,125.0
256,43,4,124.963196,125.0
256,44,4,124.14942,125.0
256,45,5,121.54286,125.0
256,46,1,124.39179,125.0
256,47,0,123.37808,125.0
256,48,2,114.53339,125.0
256,49,4,126.26771,125.0
256,50,3,111.821175,125.0
256,51,2,115.198296,125.0
256,52,0,112.6484,125.0
256,53,1,107.20669,125.0
256,54,0,110.98033,125.0
256,55,0,109.85488,125.0
256,56,0,108.34525,125.0
256,57,0,93.74645,125.0
256,58,0,104.20437,125.0
256,59,2,92.395996,125.0
257,36,3,118.29249,125.0
257,37,4,110.216286,125.0
257,38,1,112.48075,125.0
257,39,0,111.63703,125.0
257,40,1,117.92538,125.0
257,41,3,125.28962,125.0
257,42,0,114.81599,125.0
257,43,2,112.72729,125.0
257,44,2,111.67503,125.0
257,45,4,115.3551,125.0
257,46,1,106.37499,125.0
257,47,2,109.18415,125.0
257,48,3,118.33259,125.0
257,49,0,114.85881,125.0
257,50,1,115.50187,125.0
257,51,1,112.54835,125.0
257,52,2,114.130196,125.0
257,53,0,99.141846,125.0
257,54,3,114.58248,125.0
257,55,3,108.28547,125.0
257,56,1,118.22071,125.0
257,57,0,105.79136,125.0
257,58,4,115.92837,125.0
257,59,0,120.218285,125.0
257,60,0,120.16231,125.0
257,61,0,104.15489,125.0
257,62,5,120.68365,125.0
257,63,2,118.905235,125.0
257,64,5,121.38647,125.0
257,65,0,118.14526,125.0
257,66,0,105.60853,125.0
257,67,4,94.43547,125.0
257,68,1,109.66796,125.0
257,69,0,115.33492,125.0
257,70,3,113.48239,125.0
257,71,4,116.47071,125.0
257,72,2,114.42942,125.0
257,73,3,108.62664,125.0
257,74,2,112.742744,125.0
257,75,5,117.40472,125.0
257,76,4,117.95995,125.0
257,77,1,116.352066,125.0
257,78,1,122.289925,125.0
257,79,3,123.4898,125.0
257,80,0,120.492165,125.0
257,81,4,117.628075,125.0
257,82,0,118.55147,125.0
257,83,2,101.028015,125.0
257,84,2,101.37006,125.0
257,85,0,92.87737,125.0
257,86,1,101.538086,125.0
257,87,5,94.73928,125.0
257,88,5,91.75727,125.0
257,89,0,91.338585,125.0
257,90,4,93.50558,125.0
257,91,4,102.5821,125.0
257,92,5,94.790825,125.0
257,93,1,102.47235,125.0
257,94,1,105.91645,125.0
257,95,1,115.87185,125.0
257,96,3,119.438034,125.0
257,97,1,119.37701,125.0
257,98,5,116.9781,125.0
257,99,3,108.6537,125.0
257,100,4,118.076385,125.0
257,101,0,116.63619,125.0
257,102,2,127.68861,125.0
257,103,1,119.43983,125.0
257,104,3,125.44262,125.0
257,105,0,122.61124,125.0
257,106,1,119.14079,125.0
257,107,2,122.35757,125.0
257,108,1,125.77769,125.0
257,109,3,111.487206,125.0
257,110,1,115.38787,125.0
257,111,3,123.04711,125.0
257,112,5,116.92755,125.0
257,113,2,107.96281,125.0
257,114,5,107.97372,125.0
257,115,5,95.705826,125.0
257,116,2,100.31492,125.0
257,117,0,111.30871,125.0
257,118,0,101.82044,125.0
257,119,2,83.55706,125.0
257,120,5,94.72744,125.0
257,121,4,86.952065,125.0
257,122,1,89.979324,125.0
257,123,0,88.3407,125.0
257,124,1,91.29203,125.0
257,125,3,84.01855,125.0
257,126,1,107.38669,125.0
257,127,0,91.55394,125.0
257,128,3,98.150604,125.0
257,129,2,101.79032,125.0
257,130,2,108.383446,125.0
257,131,1,101.8013,124.0
257,132,3,92.301186,123.0
257,133,0,88.508705,122.0
257,134,2,100.51978,121.0
257,135,1,108.94159,120.0
257,136,0,97.93984,119.0
257,137,4,102.603226,118.0
257,138,2,116.72683,117.0
257,139,0,110.95486,116.0
257,140,1,99.578415,115.0
257,141,4,99.6171,114.0
257,142,4,101.63948,113.0
257,143,4,104.93726,112.0
257,144,2,100.15708,111.0
257,145,2,87.92373,110.0
257,146,2,58.070057,109.0
257,147,0,92.66826,108.0
257,148,1,100.96834,107.0
257,149,4,96.78385,106.0
257,150,4,86.47349,105.0
257,151,5,112.90386,104.0
257,152,5,105.70696,103.0
257,153,5,95.057915,102.0
257,154,1,88.61611,101.0
257,155,0,77.55048,100.0
257,156,4,92.406876,99.0
257,157,2,90.232544,98.0
257,158,4,90.59596,97.0
257,159,1,87.689095,96.0
257,160,0,85.551796,95.0
257,161,2,97.95629,94.0
257,162,2,104.88437,93.0
257,163,4,105.235344,92.0
257,164,5,112.297646,91.0
257,165,5,116.850334,90.0
257,166,4,113.29867,89.0
257,167,4,106.06713,88.0
257,168,3,87.542175,87.0
257,169,1,91.36621,86.0
257,170,3,77.71247,85.0
257,171,3,76.19422,84.0
257,172,0,51.233467,83.0
257,173,5,56.899616,82.0
257,174,5,48.3065,81.0
257,175,3,29.341944,80.0
257,176,3,28.908234,79.0
257,177,5,23.626286,78.0
257,178,1,19.359274,77.0
257,179,5,35.254128,76.0
257,180,3,30.909035,75.0
257,181,0,42.046097,74.0
257,182,2,45.711094,73.0
257,183,3,39.960083,72.0
257,184,0,34.95555,71.0
257,185,3,19.612915,70.0
257,186,3,18.23814,69.0
257,187,3,15.574852,68.0
257,188,4,18.71316,67.0
257,189,3,14.150971,66.0
257,190,5,27.393269,65.0
257,191,4,25.103836,64.0
257,192,0,35.853348,63.0
257,193,5,35.794136,62.0
257,194,3,40.279457,61.0
257,195,3,37.94262,60.0
257,196,5,37.814682,59.0
257,197,0,38.420677,58.0
257,198,5,42.332367,57.0
257,199,5,38.94357,56.0
258,36,5,106.468925,125.0
258,37,2,113.783104,125.0
258,38,0,109.1121,125.0
258,39,4,114.25298,125.0
258,40,2,115.12667,125.0
258,41,2,115.601494,125.0
258,42,4,116.2494,125.0
258,43,0,120.14193,125.0
258,44,4,118.959816,125.0
258,45,2,118.45562,125.0
258,46,5,118.04914,125.0
258,47,5,112.815926,125.0
258,48,0,118.11535,125.0
258,49,1,111.67823,125.0
258,50,1,112.63477,125.0
258,51,5,122.23932,125.0
258,52,3,113.69021,125.0
258,53,0,120.441765,125.0
258,54,0,107.876564,125.0
258,55,1,115.86141,125.0
258,56,3,117.381966,125.0
258,57,2,115.89838,125.0
258,58,2,116.07815,125.0
258,59,0,118.81078,125.0
258,60,1,107.305084,125.0
258,61,2,117.42281,125.0
258,62,1,111.33506,125.0
258,63,4,115.83814,125.0
258,64,1,114.58776,125.0
258,65,3,107.17922,125.0
258,66,0,110.28176,125.0
258,67,0,110.76371,125.0
258,68,1,112.36085,125.0
258,69,5,108.751076,125.0
258,70,2,119.11031,125.0
258,71,0,111.05453,125.0
258,72,0,106.56543,125.0
258,73,0,105.154564,125.0
258,74,2,120.76975,125.0
258,75,2,117.68278,125.0
258,76,0,113.10471,125.0
258,77,5,103.79035,125.0
258,78,5,120.78208,125.0
258,79,0,120.47346,125.0
258,80,3,107.33062,125.0
258,81,1,95.74239,125.0
258,82,0,106.96954,125.0
258,83,3,95.501045,125.0
258,84,2,107.48958,125.0
258,85,0,104.5023,125.0
258,86,3,88.35457,125.0
258,87,3,104.10331,125.0
258,88,0,91.54516,125.0
258,89,2,75.53882,125.0
258,90,1,78.25652,125.0
258,91,0,95.53477,125.0
258,92,0,101.12551,125.0
258,93,1,108.251915,125.0
258,94,4,93.3968,125.0
258,95,1,92.660194,125.0
258,96,5,86.06462,125.0
258,97,0,92.742485,125.0
258,98,4,96.71022,125.0
259,36,4,106.03422,125.0
259,37,2,118.53988,125.0
259,38,0,115.533394,125.0
259,39,3,112.3226,125.0
259,40,4,102.285576,125.0
259,41,2,120.23954,125.0
259,42,4,120.00023,125.0
259,43,2,108.86501,125.0
259,44,1,117.66785,125.0
259,45,0,106.12515,125.0
259,46,1,114.52321,125.0
259,47,5,96.776276,125.0
259,48,2,97.987526,125.0
259,49,0,92.33082,125.0
259,50,1,79.45936,124.0
259,51,0,88.84989,123.0
259,52,0,91.91032,122.0
259,53,1,94.773155,121.0
259,54,4,110.09254,120.0
259,55,3,110.60215,119.0
259,56,5,110.332054,118.0
259,57,5,118.98466,117.0
259,58,0,113.249916,116.0
259,59,4,112.172356,115.0
259,60,3,111.877235,114.0
259,61,3,113.230034,113.0
259,62,5,116.70287,112.0
259,63,0,117.68468,111.0
259,64,1,111.81922,110.0
259,65,5,119.01414,109.0
259,66,4,115.756294,108.0
259,67,3,103.52938,107.0
259,68,4,104.10584,106.0
259,69,4,90.28834,105.0
259,70,4,87.46574,104.0
259,71,2,92.919586,103.0
259,72,5,70.63699,102.0
259,73,3,74.09111,101.0
259,74,4,59.773926,100.0
259,75,0,77.37185,99.0
259,76,0,54.69663,98.0
259,77,5,71.71764,97.0
259,78,4,67.78661,96.0
259,79,0,85.592155,95.0
259,80,0,77.185844,94.0
259,81,0,79.227776,93.0
259,82,1,72.451805,92.0
259,83,0,74.48173,91.0
259,84,0,88.313835,90.0
259,85,5,91.67957,89.0
259,86,4,107.92853,88.0
259,87,4,94.93083,87.0
259,88,4,92.76026,86.0
259,89,3,93.146614,85.0
259,90,0,87.00454,84.0
259,91,4,83.99812,83.0
259,92,0,89.61504,82.0
259,93,2,95.44009,81.0
259,94,2,73.12893,80.0
259,95,3,79.23124,79.0
259,96,0,71.227455,78.0
259,97,3,75.2542,77.0
259,98,1,74.00918,76.0
259,99,0,75.957954,75.0
259,100,3,76.52443,74.0
259,101,3,68.216835,73.0
259,102,4,72.9678,72.0
259,103,1,48.9383,71.0
259,104,1,50.581467,70.0
259,105,1,53.975845,69.0
259,106,5,47.533844,68.0
259,107,2,52.428116,67.0
259,108,0,50.423157,66.0
259,109,0,43.999634,65.0
259,110,0,44.98905,64.0
259,111,4,52.613033,63.0
259,112,5,50.157692,62.0
259,113,4,46.17874,61.0
259,114,3,44.970936,60.0
259,115,3,46.16991,59.0
259,116,5,40.573627,58.0
259,117,1,43.90223,57.0
259,118,4,50.95486,56.0
259,119,5,47.687912,55.0
259,120,0,47.971992,54.0
259,121,0,40.98317,53.0
259,122,4,46.127735,52.0
259,123,0,42.191658,51.0
